 *************************************************************************************

Ro-vibrational Energy Levels and Transitions for Carbon Monoxide, up to v= 10 and J= 60

 Data taken from Li et al., 2015.  Accessed 2021. URL: https://ui.adsabs.harvard.edu/abs/2015ApJS..216...15L/abstract

                      Level Name     g       E(cm^-1)    10^15 Hz       eV       Lam(A)      ID        ARAD        GAM2        GAM4
 *************************************************************************************

15-Apr-2021                                        !Date Created
671                                                !Number of energy levels
113030.071                                         !Ionization energy
1.0                                                !Screened nuclear charge
7260                                               !Number of transitions

Rovibration_vJ|0[0]                1.0         0.0000     3.38857   14.014    8.847E+02       1   0.000E+00   0.000E+00   0.000E+00
Rovibration_vJ|0[1]                3.0         3.8450     3.38845   14.014    8.847E+02       2   7.207E-08   0.000E+00   0.000E+00
Rovibration_vJ|0[2]                5.0        11.5350     3.38822   14.013    8.848E+02       3   6.914E-07   0.000E+00   0.000E+00
Rovibration_vJ|0[3]                7.0        23.0695     3.38788   14.011    8.849E+02       4   2.497E-06   0.000E+00   0.000E+00
Rovibration_vJ|0[4]                9.0        38.4481     3.38742   14.009    8.850E+02       5   6.129E-06   0.000E+00   0.000E+00
Rovibration_vJ|0[5]               11.0        57.6704     3.38684   14.007    8.852E+02       6   1.222E-05   0.000E+00   0.000E+00
Rovibration_vJ|0[6]               13.0        80.7354     3.38615   14.004    8.853E+02       7   2.138E-05   0.000E+00   0.000E+00
Rovibration_vJ|0[7]               15.0       107.6424     3.38534   14.001    8.856E+02       8   3.423E-05   0.000E+00   0.000E+00
Rovibration_vJ|0[8]               17.0       138.3903     3.38442   13.997    8.858E+02       9   5.135E-05   0.000E+00   0.000E+00
Rovibration_vJ|0[9]               19.0       172.9780     3.38338   13.993    8.861E+02      10   7.330E-05   0.000E+00   0.000E+00
Rovibration_vJ|0[10]              21.0       211.4041     3.38223   13.988    8.864E+02      11   1.006E-04   0.000E+00   0.000E+00
Rovibration_vJ|0[11]              23.0       253.6672     3.38097   13.983    8.867E+02      12   1.339E-04   0.000E+00   0.000E+00
Rovibration_vJ|0[12]              25.0       299.7655     3.37958   13.977    8.871E+02      13   1.735E-04   0.000E+00   0.000E+00
Rovibration_vJ|0[13]              27.0       349.6975     3.37809   13.971    8.875E+02      14   2.200E-04   0.000E+00   0.000E+00
Rovibration_vJ|0[14]              29.0       403.4611     3.37647   13.964    8.879E+02      15   2.738E-04   0.000E+00   0.000E+00
Rovibration_vJ|0[15]              31.0       461.0544     3.37475   13.957    8.883E+02      16   3.353E-04   0.000E+00   0.000E+00
Rovibration_vJ|0[16]              33.0       522.4751     3.37291   13.949    8.888E+02      17   4.048E-04   0.000E+00   0.000E+00
Rovibration_vJ|0[17]              35.0       587.7208     3.37095   13.941    8.893E+02      18   4.827E-04   0.000E+00   0.000E+00
Rovibration_vJ|0[18]              37.0       656.7891     3.36888   13.933    8.899E+02      19   5.692E-04   0.000E+00   0.000E+00
Rovibration_vJ|0[19]              39.0       729.6774     3.36669   13.924    8.905E+02      20   6.646E-04   0.000E+00   0.000E+00
Rovibration_vJ|0[20]              41.0       806.3827     3.36440   13.914    8.911E+02      21   7.690E-04   0.000E+00   0.000E+00
Rovibration_vJ|0[21]              43.0       886.9023     3.36198   13.904    8.917E+02      22   8.826E-04   0.000E+00   0.000E+00
Rovibration_vJ|0[22]              45.0       971.2331     3.35945   13.894    8.924E+02      23   1.005E-03   0.000E+00   0.000E+00
Rovibration_vJ|0[23]              47.0      1059.3717     3.35681   13.883    8.931E+02      24   1.138E-03   0.000E+00   0.000E+00
Rovibration_vJ|0[24]              49.0      1151.3149     3.35405   13.871    8.938E+02      25   1.279E-03   0.000E+00   0.000E+00
Rovibration_vJ|0[25]              51.0      1247.0591     3.35118   13.859    8.946E+02      26   1.430E-03   0.000E+00   0.000E+00
Rovibration_vJ|0[26]              53.0      1346.6007     3.34820   13.847    8.954E+02      27   1.590E-03   0.000E+00   0.000E+00
Rovibration_vJ|0[27]              55.0      1449.9358     3.34510   13.834    8.962E+02      28   1.758E-03   0.000E+00   0.000E+00
Rovibration_vJ|0[28]              57.0      1557.0605     3.34189   13.821    8.971E+02      29   1.936E-03   0.000E+00   0.000E+00
Rovibration_vJ|0[29]              59.0      1667.9707     3.33857   13.807    8.980E+02      30   2.122E-03   0.000E+00   0.000E+00
Rovibration_vJ|0[30]              61.0      1782.6622     3.33513   13.793    8.989E+02      31   2.316E-03   0.000E+00   0.000E+00
Rovibration_vJ|0[31]              63.0      1901.1306     3.33158   13.778    8.999E+02      32   2.518E-03   0.000E+00   0.000E+00
Rovibration_vJ|0[32]              65.0      2023.3713     3.32791   13.763    9.008E+02      33   2.727E-03   0.000E+00   0.000E+00
Rovibration_vJ|1[0]                1.0      2143.2711     3.32432   13.748    9.018E+02      34   3.546E+01   0.000E+00   0.000E+00
Rovibration_vJ|1[1]                3.0      2147.0811     3.32420   13.748    9.018E+02      35   3.546E+01   0.000E+00   0.000E+00
Rovibration_vJ|0[33]              67.0      2149.3796     3.32413   13.748    9.019E+02      36   2.943E-03   0.000E+00   0.000E+00
Rovibration_vJ|1[2]                5.0      2154.7010     3.32397   13.747    9.019E+02      37   3.546E+01   0.000E+00   0.000E+00
Rovibration_vJ|1[3]                7.0      2166.1305     3.32363   13.745    9.020E+02      38   3.546E+01   0.000E+00   0.000E+00
Rovibration_vJ|1[4]                9.0      2181.3692     3.32317   13.744    9.021E+02      39   3.546E+01   0.000E+00   0.000E+00
Rovibration_vJ|1[5]               11.0      2200.4164     3.32260   13.741    9.023E+02      40   3.545E+01   0.000E+00   0.000E+00
Rovibration_vJ|1[6]               13.0      2223.2714     3.32192   13.738    9.025E+02      41   3.545E+01   0.000E+00   0.000E+00
Rovibration_vJ|1[7]               15.0      2249.9333     3.32112   13.735    9.027E+02      42   3.545E+01   0.000E+00   0.000E+00
Rovibration_vJ|0[34]              69.0      2279.1508     3.32024   13.731    9.029E+02      43   3.165E-03   0.000E+00   0.000E+00
Rovibration_vJ|1[8]               17.0      2280.4012     3.32021   13.731    9.029E+02      44   3.545E+01   0.000E+00   0.000E+00
Rovibration_vJ|1[9]               19.0      2314.6738     3.31918   13.727    9.032E+02      45   3.543E+01   0.000E+00   0.000E+00
Rovibration_vJ|1[10]              21.0      2352.7499     3.31804   13.722    9.035E+02      46   3.543E+01   0.000E+00   0.000E+00
Rovibration_vJ|1[11]              23.0      2394.6278     3.31678   13.717    9.039E+02      47   3.543E+01   0.000E+00   0.000E+00
Rovibration_vJ|0[35]              71.0      2412.6799     3.31624   13.715    9.040E+02      48   3.393E-03   0.000E+00   0.000E+00
Rovibration_vJ|1[12]              25.0      2440.3061     3.31541   13.711    9.042E+02      49   3.543E+01   0.000E+00   0.000E+00
Rovibration_vJ|1[13]              27.0      2489.7830     3.31393   13.705    9.046E+02      50   3.541E+01   0.000E+00   0.000E+00
Rovibration_vJ|1[14]              29.0      2543.0566     3.31233   13.699    9.051E+02      51   3.541E+01   0.000E+00   0.000E+00
Rovibration_vJ|0[36]              73.0      2549.9617     3.31212   13.698    9.051E+02      52   3.626E-03   0.000E+00   0.000E+00
Rovibration_vJ|1[15]              31.0      2600.1247     3.31062   13.692    9.055E+02      53   3.540E+01   0.000E+00   0.000E+00
Rovibration_vJ|1[16]              33.0      2660.9853     3.30880   13.684    9.060E+02      54   3.540E+01   0.000E+00   0.000E+00
Rovibration_vJ|0[37]              75.0      2690.9910     3.30790   13.680    9.063E+02      55   3.863E-03   0.000E+00   0.000E+00
Rovibration_vJ|1[17]              35.0      2725.6359     3.30686   13.676    9.066E+02      56   3.539E+01   0.000E+00   0.000E+00
Rovibration_vJ|1[18]              37.0      2794.0741     3.30481   13.668    9.071E+02      57   3.538E+01   0.000E+00   0.000E+00
Rovibration_vJ|0[38]              77.0      2835.7624     3.30356   13.662    9.075E+02      58   4.103E-03   0.000E+00   0.000E+00
Rovibration_vJ|1[19]              39.0      2866.2973     3.30264   13.659    9.077E+02      59   3.537E+01   0.000E+00   0.000E+00
Rovibration_vJ|1[20]              41.0      2942.3025     3.30036   13.649    9.084E+02      60   3.536E+01   0.000E+00   0.000E+00
Rovibration_vJ|0[39]              79.0      2984.2703     3.29910   13.644    9.087E+02      61   4.346E-03   0.000E+00   0.000E+00
Rovibration_vJ|1[21]              43.0      3022.0870     3.29797   13.639    9.090E+02      62   3.534E+01   0.000E+00   0.000E+00
Rovibration_vJ|1[22]              45.0      3105.6476     3.29546   13.629    9.097E+02      63   3.533E+01   0.000E+00   0.000E+00
Rovibration_vJ|0[40]              81.0      3136.5091     3.29454   13.625    9.100E+02      64   4.591E-03   0.000E+00   0.000E+00
Rovibration_vJ|1[23]              47.0      3192.9811     3.29285   13.618    9.104E+02      65   3.532E+01   0.000E+00   0.000E+00
Rovibration_vJ|1[24]              49.0      3284.0842     3.29012   13.607    9.112E+02      66   3.532E+01   0.000E+00   0.000E+00
Rovibration_vJ|0[41]              83.0      3292.4730     3.28986   13.606    9.113E+02      67   4.837E-03   0.000E+00   0.000E+00
Rovibration_vJ|1[25]              51.0      3378.9532     3.28727   13.595    9.120E+02      68   3.530E+01   0.000E+00   0.000E+00
Rovibration_vJ|0[42]              85.0      3452.1559     3.28508   13.586    9.126E+02      69   5.084E-03   0.000E+00   0.000E+00
Rovibration_vJ|1[26]              53.0      3477.5847     3.28431   13.583    9.128E+02      70   3.529E+01   0.000E+00   0.000E+00
Rovibration_vJ|1[27]              55.0      3579.9746     3.28124   13.570    9.137E+02      71   3.527E+01   0.000E+00   0.000E+00
Rovibration_vJ|0[43]              87.0      3615.5517     3.28018   13.566    9.140E+02      72   5.329E-03   0.000E+00   0.000E+00
Rovibration_vJ|1[28]              57.0      3686.1192     3.27806   13.557    9.145E+02      73   3.526E+01   0.000E+00   0.000E+00
Rovibration_vJ|0[44]              89.0      3782.6542     3.27517   13.545    9.153E+02      74   5.572E-03   0.000E+00   0.000E+00
Rovibration_vJ|1[29]              59.0      3796.0143     3.27477   13.543    9.155E+02      75   3.525E+01   0.000E+00   0.000E+00
Rovibration_vJ|1[30]              61.0      3909.6556     3.27136   13.529    9.164E+02      76   3.523E+01   0.000E+00   0.000E+00
Rovibration_vJ|0[45]              91.0      3953.4570     3.27005   13.524    9.168E+02      77   5.812E-03   0.000E+00   0.000E+00
Rovibration_vJ|1[31]              63.0      4027.0388     3.26784   13.515    9.174E+02      78   3.521E+01   0.000E+00   0.000E+00
Rovibration_vJ|0[46]              93.0      4127.9534     3.26482   13.502    9.183E+02      79   6.049E-03   0.000E+00   0.000E+00
Rovibration_vJ|1[32]              65.0      4148.1594     3.26421   13.500    9.184E+02      80   3.519E+01   0.000E+00   0.000E+00
Rovibration_vJ|2[0]                1.0      4260.0622     3.26086   13.486    9.194E+02      81   6.922E+01   0.000E+00   0.000E+00
Rovibration_vJ|2[1]                3.0      4263.8372     3.26074   13.485    9.194E+02      82   6.922E+01   0.000E+00   0.000E+00
Rovibration_vJ|2[2]                5.0      4271.3871     3.26052   13.484    9.195E+02      83   6.922E+01   0.000E+00   0.000E+00
Rovibration_vJ|1[33]              67.0      4273.0125     3.26047   13.484    9.195E+02      84   3.518E+01   0.000E+00   0.000E+00
Rovibration_vJ|2[3]                7.0      4282.7116     3.26018   13.483    9.196E+02      85   6.921E+01   0.000E+00   0.000E+00
Rovibration_vJ|2[4]                9.0      4297.8102     3.25972   13.481    9.197E+02      86   6.921E+01   0.000E+00   0.000E+00
Rovibration_vJ|0[47]              95.0      4306.1369     3.25947   13.480    9.198E+02      87   6.280E-03   0.000E+00   0.000E+00
Rovibration_vJ|2[5]               11.0      4316.6824     3.25916   13.479    9.198E+02      88   6.920E+01   0.000E+00   0.000E+00
Rovibration_vJ|2[6]               13.0      4339.3274     3.25848   13.476    9.200E+02      89   6.920E+01   0.000E+00   0.000E+00
Rovibration_vJ|2[7]               15.0      4365.7443     3.25769   13.473    9.203E+02      90   6.919E+01   0.000E+00   0.000E+00
Rovibration_vJ|2[8]               17.0      4395.9321     3.25678   13.469    9.205E+02      91   6.919E+01   0.000E+00   0.000E+00
Rovibration_vJ|1[34]              69.0      4401.5936     3.25661   13.468    9.206E+02      92   3.516E+01   0.000E+00   0.000E+00
Rovibration_vJ|2[9]               19.0      4429.8897     3.25576   13.465    9.208E+02      93   6.918E+01   0.000E+00   0.000E+00
Rovibration_vJ|2[10]              21.0      4467.6157     3.25463   13.460    9.211E+02      94   6.917E+01   0.000E+00   0.000E+00
Rovibration_vJ|0[48]              97.0      4488.0006     3.25402   13.458    9.213E+02      95   6.505E-03   0.000E+00   0.000E+00
Rovibration_vJ|2[11]              23.0      4509.1086     3.25339   13.455    9.215E+02      96   6.915E+01   0.000E+00   0.000E+00
Rovibration_vJ|1[35]              71.0      4533.8974     3.25265   13.452    9.217E+02      97   3.514E+01   0.000E+00   0.000E+00
Rovibration_vJ|2[12]              25.0      4554.3669     3.25203   13.449    9.219E+02      98   6.914E+01   0.000E+00   0.000E+00
Rovibration_vJ|2[13]              27.0      4603.3887     3.25056   13.443    9.223E+02      99   6.913E+01   0.000E+00   0.000E+00
Rovibration_vJ|2[14]              29.0      4656.1722     3.24898   13.437    9.227E+02     100   6.912E+01   0.000E+00   0.000E+00
Rovibration_vJ|1[36]              73.0      4669.9191     3.24857   13.435    9.228E+02     101   3.513E+01   0.000E+00   0.000E+00
Rovibration_vJ|0[49]              99.0      4673.5375     3.24846   13.435    9.229E+02     102   6.723E-03   0.000E+00   0.000E+00
Rovibration_vJ|2[15]              31.0      4712.7153     3.24729   13.430    9.232E+02     103   6.911E+01   0.000E+00   0.000E+00
Rovibration_vJ|2[16]              33.0      4773.0158     3.24548   13.422    9.237E+02     104   6.909E+01   0.000E+00   0.000E+00
Rovibration_vJ|1[37]              75.0      4809.6532     3.24438   13.418    9.240E+02     105   3.511E+01   0.000E+00   0.000E+00
Rovibration_vJ|2[17]              35.0      4837.0714     3.24356   13.414    9.243E+02     106   6.908E+01   0.000E+00   0.000E+00
Rovibration_vJ|0[50]             101.0      4862.7405     3.24279   13.411    9.245E+02     107   6.932E-03   0.000E+00   0.000E+00
Rovibration_vJ|2[18]              37.0      4904.8795     3.24152   13.406    9.249E+02     108   6.906E+01   0.000E+00   0.000E+00
Rovibration_vJ|1[38]              77.0      4953.0944     3.24008   13.400    9.253E+02     109   3.508E+01   0.000E+00   0.000E+00
Rovibration_vJ|2[19]              39.0      4976.4376     3.23938   13.397    9.255E+02     110   6.904E+01   0.000E+00   0.000E+00
Rovibration_vJ|2[20]              41.0      5051.7427     3.23712   13.388    9.261E+02     111   6.902E+01   0.000E+00   0.000E+00
Rovibration_vJ|0[51]             103.0      5055.6023     3.23701   13.387    9.261E+02     112   7.132E-03   0.000E+00   0.000E+00
Rovibration_vJ|1[39]              79.0      5100.2372     3.23567   13.382    9.265E+02     113   3.506E+01   0.000E+00   0.000E+00
Rovibration_vJ|2[21]              43.0      5130.7921     3.23475   13.378    9.268E+02     114   6.899E+01   0.000E+00   0.000E+00
Rovibration_vJ|2[22]              45.0      5213.5827     3.23227   13.368    9.275E+02     115   6.897E+01   0.000E+00   0.000E+00
Rovibration_vJ|1[40]              81.0      5251.0758     3.23115   13.363    9.278E+02     116   3.505E+01   0.000E+00   0.000E+00
Rovibration_vJ|0[52]             105.0      5252.1155     3.23112   13.363    9.278E+02     117   7.321E-03   0.000E+00   0.000E+00
Rovibration_vJ|2[23]              47.0      5300.1111     3.22968   13.357    9.282E+02     118   6.895E+01   0.000E+00   0.000E+00
Rovibration_vJ|2[24]              49.0      5390.3740     3.22697   13.346    9.290E+02     119   6.893E+01   0.000E+00   0.000E+00
Rovibration_vJ|1[41]              83.0      5405.6044     3.22651   13.344    9.292E+02     120   3.502E+01   0.000E+00   0.000E+00
Rovibration_vJ|0[53]             107.0      5452.2726     3.22511   13.338    9.296E+02     121   7.498E-03   0.000E+00   0.000E+00
Rovibration_vJ|2[25]              51.0      5484.3680     3.22415   13.334    9.298E+02     122   6.890E+01   0.000E+00   0.000E+00
Rovibration_vJ|1[42]              85.0      5563.8171     3.22177   13.324    9.305E+02     123   3.500E+01   0.000E+00   0.000E+00
Rovibration_vJ|2[26]              53.0      5582.0893     3.22122   13.322    9.307E+02     124   6.887E+01   0.000E+00   0.000E+00
Rovibration_vJ|0[54]             109.0      5656.0659     3.21900   13.313    9.313E+02     125   7.662E-03   0.000E+00   0.000E+00
Rovibration_vJ|2[27]              55.0      5683.5342     3.21818   13.309    9.316E+02     126   6.884E+01   0.000E+00   0.000E+00
Rovibration_vJ|1[43]              87.0      5725.7077     3.21692   13.304    9.319E+02     127   3.498E+01   0.000E+00   0.000E+00
Rovibration_vJ|2[28]              57.0      5788.6987     3.21503   13.296    9.325E+02     128   6.881E+01   0.000E+00   0.000E+00
Rovibration_vJ|0[55]             111.0      5863.4876     3.21279   13.287    9.331E+02     129   7.812E-03   0.000E+00   0.000E+00
Rovibration_vJ|1[44]              89.0      5891.2700     3.21195   13.284    9.334E+02     130   3.495E+01   0.000E+00   0.000E+00
Rovibration_vJ|2[29]              59.0      5897.5787     3.21176   13.283    9.334E+02     131   6.879E+01   0.000E+00   0.000E+00
Rovibration_vJ|2[30]              61.0      6010.1699     3.20839   13.269    9.344E+02     132   6.876E+01   0.000E+00   0.000E+00
Rovibration_vJ|1[45]              91.0      6060.4976     3.20688   13.263    9.348E+02     133   3.493E+01   0.000E+00   0.000E+00
Rovibration_vJ|0[56]             113.0      6074.5296     3.20646   13.261    9.350E+02     134   7.947E-03   0.000E+00   0.000E+00
Rovibration_vJ|2[31]              63.0      6126.4679     3.20490   13.254    9.354E+02     135   6.873E+01   0.000E+00   0.000E+00
Rovibration_vJ|1[46]              93.0      6233.3838     3.20170   13.241    9.364E+02     136   3.491E+01   0.000E+00   0.000E+00
Rovibration_vJ|2[32]              65.0      6246.4683     3.20130   13.240    9.365E+02     137   6.870E+01   0.000E+00   0.000E+00
Rovibration_vJ|0[57]             115.0      6289.1839     3.20002   13.234    9.368E+02     138   8.066E-03   0.000E+00   0.000E+00
Rovibration_vJ|3[0]                1.0      6350.4391     3.19819   13.227    9.374E+02     139   1.013E+02   0.000E+00   0.000E+00
Rovibration_vJ|3[1]                3.0      6354.1791     3.19808   13.226    9.374E+02     140   1.013E+02   0.000E+00   0.000E+00
Rovibration_vJ|3[2]                5.0      6361.6590     3.19785   13.225    9.375E+02     141   1.013E+02   0.000E+00   0.000E+00
Rovibration_vJ|2[33]              67.0      6370.1664     3.19760   13.224    9.376E+02     142   6.866E+01   0.000E+00   0.000E+00
Rovibration_vJ|3[3]                7.0      6372.8785     3.19752   13.224    9.376E+02     143   1.013E+02   0.000E+00   0.000E+00
Rovibration_vJ|3[4]                9.0      6387.8371     3.19707   13.222    9.377E+02     144   1.013E+02   0.000E+00   0.000E+00
Rovibration_vJ|3[5]               11.0      6406.5342     3.19651   13.220    9.379E+02     145   1.013E+02   0.000E+00   0.000E+00
Rovibration_vJ|1[47]              95.0      6409.9220     3.19640   13.219    9.379E+02     146   3.487E+01   0.000E+00   0.000E+00
Rovibration_vJ|3[6]               13.0      6428.9692     3.19583   13.217    9.381E+02     147   1.013E+02   0.000E+00   0.000E+00
Rovibration_vJ|3[7]               15.0      6455.1411     3.19505   13.214    9.383E+02     148   1.013E+02   0.000E+00   0.000E+00
Rovibration_vJ|3[8]               17.0      6485.0490     3.19415   13.210    9.386E+02     149   1.013E+02   0.000E+00   0.000E+00
Rovibration_vJ|2[34]              69.0      6497.5573     3.19378   13.208    9.387E+02     150   6.863E+01   0.000E+00   0.000E+00
Rovibration_vJ|0[58]             117.0      6507.4423     3.19348   13.207    9.388E+02     151   8.168E-03   0.000E+00   0.000E+00
Rovibration_vJ|3[9]               19.0      6518.6915     3.19314   13.206    9.389E+02     152   1.013E+02   0.000E+00   0.000E+00
Rovibration_vJ|3[10]              21.0      6556.0675     3.19202   13.201    9.392E+02     153   1.013E+02   0.000E+00   0.000E+00
Rovibration_vJ|1[48]              97.0      6590.1055     3.19100   13.197    9.395E+02     154   3.485E+01   0.000E+00   0.000E+00
Rovibration_vJ|3[11]              23.0      6597.1754     3.19079   13.196    9.396E+02     155   1.012E+02   0.000E+00   0.000E+00
Rovibration_vJ|2[35]              71.0      6628.6360     3.18985   13.192    9.398E+02     156   6.859E+01   0.000E+00   0.000E+00
Rovibration_vJ|3[12]              25.0      6642.0137     3.18945   13.190    9.400E+02     157   1.012E+02   0.000E+00   0.000E+00
Rovibration_vJ|3[13]              27.0      6690.5805     3.18799   13.184    9.404E+02     158   1.012E+02   0.000E+00   0.000E+00
Rovibration_vJ|0[59]             119.0      6729.2962     3.18683   13.180    9.407E+02     159   8.251E-03   0.000E+00   0.000E+00
Rovibration_vJ|3[14]              29.0      6742.8739     3.18642   13.178    9.408E+02     160   1.012E+02   0.000E+00   0.000E+00
Rovibration_vJ|2[36]              73.0      6763.3975     3.18581   13.175    9.410E+02     161   6.856E+01   0.000E+00   0.000E+00
Rovibration_vJ|1[49]              99.0      6773.9271     3.18549   13.174    9.411E+02     162   3.482E+01   0.000E+00   0.000E+00
Rovibration_vJ|3[15]              31.0      6798.8920     3.18474   13.171    9.413E+02     163   1.012E+02   0.000E+00   0.000E+00
Rovibration_vJ|3[16]              33.0      6858.6325     3.18295   13.164    9.419E+02     164   1.011E+02   0.000E+00   0.000E+00
Rovibration_vJ|2[37]              75.0      6901.8365     3.18166   13.158    9.423E+02     165   6.851E+01   0.000E+00   0.000E+00
Rovibration_vJ|3[17]              35.0      6922.0930     3.18105   13.156    9.424E+02     166   1.011E+02   0.000E+00   0.000E+00
Rovibration_vJ|0[60]             121.0      6954.7373     3.18007   13.152    9.427E+02     167   8.316E-03   0.000E+00   0.000E+00
Rovibration_vJ|1[50]             101.0      6961.3798     3.17987   13.151    9.428E+02     168   3.479E+01   0.000E+00   0.000E+00
Rovibration_vJ|3[18]              37.0      6989.2711     3.17904   13.147    9.430E+02     169   1.011E+02   0.000E+00   0.000E+00
Rovibration_vJ|2[38]              77.0      7043.9475     3.17740   13.141    9.435E+02     170   6.847E+01   0.000E+00   0.000E+00
Rovibration_vJ|3[19]              39.0      7060.1642     3.17691   13.139    9.437E+02     171   1.011E+02   0.000E+00   0.000E+00
Rovibration_vJ|3[20]              41.0      7134.7693     3.17467   13.129    9.443E+02     172   1.010E+02   0.000E+00   0.000E+00
Rovibration_vJ|1[51]             103.0      7152.4563     3.17414   13.127    9.445E+02     173   3.477E+01   0.000E+00   0.000E+00
Rovibration_vJ|2[39]              79.0      7189.7251     3.17303   13.123    9.448E+02     174   6.843E+01   0.000E+00   0.000E+00
Rovibration_vJ|3[21]              43.0      7213.0837     3.17233   13.120    9.450E+02     175   1.010E+02   0.000E+00   0.000E+00
Rovibration_vJ|3[22]              45.0      7295.1041     3.16987   13.110    9.458E+02     176   1.010E+02   0.000E+00   0.000E+00
Rovibration_vJ|2[40]              81.0      7339.1636     3.16855   13.104    9.462E+02     177   6.838E+01   0.000E+00   0.000E+00
Rovibration_vJ|1[52]             105.0      7347.1492     3.16831   13.103    9.462E+02     178   3.474E+01   0.000E+00   0.000E+00
Rovibration_vJ|3[23]              47.0      7380.8275     3.16730   13.099    9.465E+02     179   1.009E+02   0.000E+00   0.000E+00
Rovibration_vJ|3[24]              49.0      7470.2504     3.16462   13.088    9.473E+02     180   1.009E+02   0.000E+00   0.000E+00
Rovibration_vJ|2[41]              83.0      7492.2570     3.16396   13.085    9.475E+02     181   6.835E+01   0.000E+00   0.000E+00
Rovibration_vJ|1[53]             107.0      7545.4509     3.16236   13.078    9.480E+02     182   3.470E+01   0.000E+00   0.000E+00
Rovibration_vJ|3[25]              51.0      7563.3694     3.16183   13.076    9.482E+02     183   1.009E+02   0.000E+00   0.000E+00
Rovibration_vJ|2[42]              85.0      7648.9995     3.15926   13.066    9.489E+02     184   6.829E+01   0.000E+00   0.000E+00
Rovibration_vJ|3[26]              53.0      7660.1806     3.15892   13.064    9.490E+02     185   1.008E+02   0.000E+00   0.000E+00
Rovibration_vJ|1[54]             109.0      7747.3539     3.15631   13.053    9.498E+02     186   3.467E+01   0.000E+00   0.000E+00
Rovibration_vJ|3[27]              55.0      7760.6805     3.15591   13.052    9.499E+02     187   1.008E+02   0.000E+00   0.000E+00
Rovibration_vJ|2[43]              87.0      7809.3849     3.15445   13.046    9.504E+02     188   6.825E+01   0.000E+00   0.000E+00
Rovibration_vJ|3[28]              57.0      7864.8649     3.15279   13.039    9.509E+02     189   1.007E+02   0.000E+00   0.000E+00
Rovibration_vJ|1[55]             111.0      7952.8501     3.15015   13.028    9.517E+02     190   3.464E+01   0.000E+00   0.000E+00
Rovibration_vJ|3[29]              59.0      7972.7298     3.14955   13.026    9.519E+02     191   1.007E+02   0.000E+00   0.000E+00
Rovibration_vJ|2[44]              89.0      7973.4069     3.14953   13.025    9.519E+02     192   6.820E+01   0.000E+00   0.000E+00
Rovibration_vJ|3[30]              61.0      8084.2709     3.14621   13.012    9.529E+02     193   1.006E+02   0.000E+00   0.000E+00
Rovibration_vJ|2[45]              91.0      8141.0592     3.14451   13.005    9.534E+02     194   6.815E+01   0.000E+00   0.000E+00
Rovibration_vJ|1[56]             113.0      8161.9318     3.14388   13.002    9.536E+02     195   3.461E+01   0.000E+00   0.000E+00
Rovibration_vJ|3[31]              63.0      8199.4839     3.14275   12.997    9.539E+02     196   1.006E+02   0.000E+00   0.000E+00
Rovibration_vJ|2[46]              93.0      8312.3352     3.13937   12.983    9.549E+02     197   6.810E+01   0.000E+00   0.000E+00
Rovibration_vJ|3[32]              65.0      8318.3642     3.13919   12.983    9.550E+02     198   1.005E+02   0.000E+00   0.000E+00
Rovibration_vJ|1[57]             115.0      8374.5906     3.13751   12.976    9.555E+02     199   3.458E+01   0.000E+00   0.000E+00
Rovibration_vJ|4[0]                1.0      8414.4693     3.13631   12.971    9.559E+02     200   1.319E+02   0.000E+00   0.000E+00
Rovibration_vJ|4[1]                3.0      8418.1743     3.13620   12.970    9.559E+02     201   1.319E+02   0.000E+00   0.000E+00
Rovibration_vJ|4[2]                5.0      8425.5842     3.13598   12.969    9.560E+02     202   1.319E+02   0.000E+00   0.000E+00
Rovibration_vJ|4[3]                7.0      8436.6987     3.13564   12.968    9.561E+02     203   1.318E+02   0.000E+00   0.000E+00
Rovibration_vJ|3[33]              67.0      8440.9072     3.13552   12.967    9.561E+02     204   1.005E+02   0.000E+00   0.000E+00
Rovibration_vJ|4[4]                9.0      8451.5173     3.13520   12.966    9.562E+02     205   1.318E+02   0.000E+00   0.000E+00
Rovibration_vJ|4[5]               11.0      8470.0395     3.13464   12.964    9.564E+02     206   1.318E+02   0.000E+00   0.000E+00
Rovibration_vJ|2[47]              95.0      8487.2282     3.13413   12.962    9.565E+02     207   6.805E+01   0.000E+00   0.000E+00
Rovibration_vJ|4[6]               13.0      8492.2645     3.13398   12.961    9.566E+02     208   1.318E+02   0.000E+00   0.000E+00
Rovibration_vJ|4[7]               15.0      8518.1914     3.13320   12.958    9.568E+02     209   1.318E+02   0.000E+00   0.000E+00
Rovibration_vJ|4[8]               17.0      8547.8193     3.13231   12.954    9.571E+02     210   1.318E+02   0.000E+00   0.000E+00
Rovibration_vJ|3[34]              69.0      8567.1080     3.13173   12.952    9.573E+02     211   1.004E+02   0.000E+00   0.000E+00
Rovibration_vJ|4[9]               19.0      8581.1468     3.13131   12.950    9.574E+02     212   1.318E+02   0.000E+00   0.000E+00
Rovibration_vJ|1[58]             117.0      8590.8185     3.13102   12.949    9.575E+02     213   3.454E+01   0.000E+00   0.000E+00
Rovibration_vJ|4[10]              21.0      8618.1728     3.13020   12.945    9.577E+02     214   1.317E+02   0.000E+00   0.000E+00
Rovibration_vJ|4[11]              23.0      8658.8958     3.12898   12.940    9.581E+02     215   1.317E+02   0.000E+00   0.000E+00
Rovibration_vJ|2[48]              97.0      8665.7313     3.12878   12.940    9.582E+02     216   6.799E+01   0.000E+00   0.000E+00
Rovibration_vJ|3[35]              71.0      8696.9616     3.12784   12.936    9.585E+02     217   1.004E+02   0.000E+00   0.000E+00
Rovibration_vJ|4[12]              25.0      8703.3140     3.12765   12.935    9.585E+02     218   1.317E+02   0.000E+00   0.000E+00
Rovibration_vJ|4[13]              27.0      8751.4258     3.12621   12.929    9.590E+02     219   1.317E+02   0.000E+00   0.000E+00
Rovibration_vJ|4[14]              29.0      8803.2293     3.12465   12.923    9.594E+02     220   1.317E+02   0.000E+00   0.000E+00
Rovibration_vJ|1[59]             119.0      8810.6070     3.12443   12.922    9.595E+02     221   3.451E+01   0.000E+00   0.000E+00
Rovibration_vJ|3[36]              73.0      8830.4630     3.12384   12.919    9.597E+02     222   1.003E+02   0.000E+00   0.000E+00
Rovibration_vJ|2[49]              99.0      8847.8376     3.12332   12.917    9.599E+02     223   6.794E+01   0.000E+00   0.000E+00
Rovibration_vJ|4[15]              31.0      8858.7224     3.12299   12.916    9.600E+02     224   1.316E+02   0.000E+00   0.000E+00
Rovibration_vJ|4[16]              33.0      8917.9029     3.12122   12.908    9.605E+02     225   1.316E+02   0.000E+00   0.000E+00
Rovibration_vJ|3[37]              75.0      8967.6068     3.11973   12.902    9.610E+02     226   1.003E+02   0.000E+00   0.000E+00
Rovibration_vJ|4[17]              35.0      8980.7685     3.11933   12.901    9.611E+02     227   1.316E+02   0.000E+00   0.000E+00
Rovibration_vJ|2[50]             101.0      9033.5399     3.11775   12.894    9.616E+02     228   6.788E+01   0.000E+00   0.000E+00
Rovibration_vJ|1[60]             121.0      9033.9475     3.11774   12.894    9.616E+02     229   2.268E+01   0.000E+00   0.000E+00
Rovibration_vJ|4[18]              37.0      9047.3166     3.11734   12.892    9.617E+02     230   1.315E+02   0.000E+00   0.000E+00
Rovibration_vJ|3[38]              77.0      9108.3878     3.11551   12.885    9.623E+02     231   1.002E+02   0.000E+00   0.000E+00
Rovibration_vJ|4[19]              39.0      9117.5446     3.11523   12.884    9.623E+02     232   1.315E+02   0.000E+00   0.000E+00
Rovibration_vJ|4[20]              41.0      9191.4498     3.11302   12.874    9.630E+02     233   1.314E+02   0.000E+00   0.000E+00
Rovibration_vJ|2[51]             103.0      9222.8311     3.11208   12.871    9.633E+02     234   6.782E+01   0.000E+00   0.000E+00
Rovibration_vJ|3[39]              79.0      9252.8002     3.11118   12.867    9.636E+02     235   1.001E+02   0.000E+00   0.000E+00
Rovibration_vJ|4[21]              43.0      9269.0292     3.11069   12.865    9.637E+02     236   1.314E+02   0.000E+00   0.000E+00
Rovibration_vJ|4[22]              45.0      9350.2797     3.10825   12.855    9.645E+02     237   1.314E+02   0.000E+00   0.000E+00
Rovibration_vJ|3[40]              81.0      9400.8385     3.10674   12.848    9.650E+02     238   1.001E+02   0.000E+00   0.000E+00
Rovibration_vJ|2[52]             105.0      9415.7036     3.10629   12.847    9.651E+02     239   6.776E+01   0.000E+00   0.000E+00
Rovibration_vJ|4[23]              47.0      9435.1981     3.10571   12.844    9.653E+02     240   1.313E+02   0.000E+00   0.000E+00
Rovibration_vJ|4[24]              49.0      9523.7810     3.10305   12.833    9.661E+02     241   1.313E+02   0.000E+00   0.000E+00
Rovibration_vJ|3[41]              83.0      9552.4967     3.10219   12.830    9.664E+02     242   1.000E+02   0.000E+00   0.000E+00
Rovibration_vJ|2[53]             107.0      9612.1499     3.10040   12.822    9.669E+02     243   6.771E+01   0.000E+00   0.000E+00
Rovibration_vJ|4[25]              51.0      9616.0249     3.10029   12.822    9.670E+02     244   1.312E+02   0.000E+00   0.000E+00
Rovibration_vJ|3[42]              85.0      9707.7690     3.09754   12.810    9.678E+02     245   9.995E+01   0.000E+00   0.000E+00
Rovibration_vJ|4[26]              53.0      9711.9262     3.09741   12.810    9.679E+02     246   1.312E+02   0.000E+00   0.000E+00
Rovibration_vJ|4[27]              55.0      9811.4810     3.09443   12.798    9.688E+02     247   1.311E+02   0.000E+00   0.000E+00
Rovibration_vJ|2[54]             109.0      9812.1624     3.09441   12.797    9.688E+02     248   6.764E+01   0.000E+00   0.000E+00
Rovibration_vJ|3[43]              87.0      9866.6492     3.09277   12.791    9.693E+02     249   9.986E+01   0.000E+00   0.000E+00
Rovibration_vJ|4[28]              57.0      9914.6854     3.09133   12.785    9.698E+02     250   1.310E+02   0.000E+00   0.000E+00
Rovibration_vJ|2[55]             111.0     10015.7332     3.08830   12.772    9.707E+02     251   6.758E+01   0.000E+00   0.000E+00
Rovibration_vJ|4[29]              59.0     10021.5353     3.08813   12.771    9.708E+02     252   1.310E+02   0.000E+00   0.000E+00
Rovibration_vJ|3[44]              89.0     10029.1311     3.08790   12.771    9.709E+02     253   9.980E+01   0.000E+00   0.000E+00
Rovibration_vJ|4[30]              61.0     10132.0265     3.08482   12.758    9.718E+02     254   1.309E+02   0.000E+00   0.000E+00
Rovibration_vJ|3[45]              91.0     10195.2081     3.08292   12.750    9.724E+02     255   9.973E+01   0.000E+00   0.000E+00
Rovibration_vJ|2[56]             113.0     10222.8543     3.08210   12.747    9.727E+02     256   6.750E+01   0.000E+00   0.000E+00
Rovibration_vJ|4[31]              63.0     10246.1544     3.08140   12.744    9.729E+02     257   1.309E+02   0.000E+00   0.000E+00
Rovibration_vJ|4[32]              65.0     10363.9147     3.07787   12.729    9.740E+02     258   1.308E+02   0.000E+00   0.000E+00
Rovibration_vJ|3[46]              93.0     10364.8738     3.07784   12.729    9.740E+02     259   9.964E+01   0.000E+00   0.000E+00
Rovibration_vJ|2[57]             115.0     10433.5176     3.07578   12.720    9.747E+02     260   6.744E+01   0.000E+00   0.000E+00
Rovibration_vJ|5[0]                1.0     10452.2222     3.07522   12.718    9.749E+02     261   1.609E+02   0.000E+00   0.000E+00
Rovibration_vJ|5[1]                3.0     10455.8922     3.07511   12.718    9.749E+02     262   1.608E+02   0.000E+00   0.000E+00
Rovibration_vJ|5[2]                5.0     10463.2321     3.07489   12.717    9.750E+02     263   1.608E+02   0.000E+00   0.000E+00
Rovibration_vJ|5[3]                7.0     10474.2416     3.07456   12.715    9.751E+02     264   1.608E+02   0.000E+00   0.000E+00
Rovibration_vJ|4[33]              67.0     10485.3027     3.07423   12.714    9.752E+02     265   1.307E+02   0.000E+00   0.000E+00
Rovibration_vJ|5[4]                9.0     10488.9202     3.07412   12.714    9.752E+02     266   1.608E+02   0.000E+00   0.000E+00
Rovibration_vJ|5[5]               11.0     10507.2674     3.07357   12.711    9.754E+02     267   1.608E+02   0.000E+00   0.000E+00
Rovibration_vJ|5[6]               13.0     10529.2825     3.07291   12.709    9.756E+02     268   1.608E+02   0.000E+00   0.000E+00
Rovibration_vJ|3[47]              95.0     10538.1215     3.07264   12.707    9.757E+02     269   9.956E+01   0.000E+00   0.000E+00
Rovibration_vJ|5[7]               15.0     10554.9644     3.07214   12.705    9.758E+02     270   1.608E+02   0.000E+00   0.000E+00
Rovibration_vJ|5[8]               17.0     10584.3123     3.07126   12.702    9.761E+02     271   1.608E+02   0.000E+00   0.000E+00
Rovibration_vJ|4[34]              69.0     10610.3134     3.07048   12.698    9.764E+02     272   1.307E+02   0.000E+00   0.000E+00
Rovibration_vJ|5[9]               19.0     10617.3249     3.07027   12.698    9.764E+02     273   1.607E+02   0.000E+00   0.000E+00
Rovibration_vJ|2[58]             117.0     10647.7149     3.06936   12.694    9.767E+02     274   6.737E+01   0.000E+00   0.000E+00
Rovibration_vJ|5[10]              21.0     10654.0010     3.06917   12.693    9.768E+02     275   1.607E+02   0.000E+00   0.000E+00
Rovibration_vJ|5[11]              23.0     10694.3389     3.06796   12.688    9.772E+02     276   1.607E+02   0.000E+00   0.000E+00
Rovibration_vJ|3[48]              97.0     10714.9443     3.06734   12.686    9.774E+02     277   9.948E+01   0.000E+00   0.000E+00
Rovibration_vJ|5[12]              25.0     10738.3373     3.06664   12.683    9.776E+02     278   1.606E+02   0.000E+00   0.000E+00
Rovibration_vJ|4[35]              71.0     10738.9420     3.06662   12.683    9.776E+02     279   1.306E+02   0.000E+00   0.000E+00
Rovibration_vJ|5[13]              27.0     10785.9941     3.06521   12.677    9.780E+02     280   1.606E+02   0.000E+00   0.000E+00
Rovibration_vJ|5[14]              29.0     10837.3077     3.06367   12.670    9.785E+02     281   1.606E+02   0.000E+00   0.000E+00
Rovibration_vJ|2[59]             119.0     10865.4377     3.06283   12.667    9.788E+02     282   6.730E+01   0.000E+00   0.000E+00
Rovibration_vJ|4[36]              73.0     10871.1833     3.06266   12.666    9.789E+02     283   1.305E+02   0.000E+00   0.000E+00
Rovibration_vJ|5[15]              31.0     10892.2759     3.06203   12.664    9.791E+02     284   1.605E+02   0.000E+00   0.000E+00
Rovibration_vJ|3[49]              99.0     10895.3352     3.06193   12.663    9.791E+02     285   9.940E+01   0.000E+00   0.000E+00
Rovibration_vJ|5[16]              33.0     10950.8964     3.06027   12.656    9.796E+02     286   1.605E+02   0.000E+00   0.000E+00
Rovibration_vJ|4[37]              75.0     11007.0321     3.05859   12.649    9.802E+02     287   1.304E+02   0.000E+00   0.000E+00
Rovibration_vJ|5[17]              35.0     11013.1671     3.05840   12.649    9.802E+02     288   1.605E+02   0.000E+00   0.000E+00
Rovibration_vJ|5[18]              37.0     11079.0852     3.05643   12.640    9.809E+02     289   1.604E+02   0.000E+00   0.000E+00
Rovibration_vJ|3[50]             101.0     11079.2872     3.05642   12.640    9.809E+02     290   9.931E+01   0.000E+00   0.000E+00
Rovibration_vJ|2[60]             121.0     11086.6776     3.05620   12.639    9.809E+02     291   4.424E+01   0.000E+00   0.000E+00
Rovibration_vJ|4[38]              77.0     11146.4829     3.05441   12.632    9.815E+02     292   1.303E+02   0.000E+00   0.000E+00
Rovibration_vJ|5[19]              39.0     11148.6484     3.05434   12.632    9.815E+02     293   1.604E+02   0.000E+00   0.000E+00
Rovibration_vJ|5[20]              41.0     11221.8536     3.05215   12.623    9.822E+02     294   1.603E+02   0.000E+00   0.000E+00
Rovibration_vJ|3[51]             103.0     11266.7929     3.05080   12.617    9.827E+02     295   9.923E+01   0.000E+00   0.000E+00
Rovibration_vJ|4[39]              79.0     11289.5302     3.05012   12.614    9.829E+02     296   1.302E+02   0.000E+00   0.000E+00
Rovibration_vJ|5[21]              43.0     11298.6981     3.04984   12.613    9.830E+02     297   1.603E+02   0.000E+00   0.000E+00
Rovibration_vJ|5[22]              45.0     11379.1786     3.04743   12.603    9.838E+02     298   1.602E+02   0.000E+00   0.000E+00
Rovibration_vJ|4[40]              81.0     11436.1684     3.04572   12.596    9.843E+02     299   1.302E+02   0.000E+00   0.000E+00
Rovibration_vJ|3[52]             105.0     11457.8450     3.04507   12.593    9.845E+02     300   9.913E+01   0.000E+00   0.000E+00
Rovibration_vJ|5[23]              47.0     11463.2921     3.04491   12.593    9.846E+02     301   1.601E+02   0.000E+00   0.000E+00
Rovibration_vJ|5[24]              49.0     11551.0351     3.04228   12.582    9.854E+02     302   1.601E+02   0.000E+00   0.000E+00
Rovibration_vJ|4[41]              83.0     11586.3915     3.04122   12.577    9.858E+02     303   1.301E+02   0.000E+00   0.000E+00
Rovibration_vJ|5[25]              51.0     11642.4041     3.03954   12.571    9.863E+02     304   1.600E+02   0.000E+00   0.000E+00
Rovibration_vJ|3[53]             107.0     11652.4359     3.03924   12.569    9.864E+02     305   9.904E+01   0.000E+00   0.000E+00
Rovibration_vJ|5[26]              53.0     11737.3955     3.03669   12.559    9.872E+02     306   1.600E+02   0.000E+00   0.000E+00
Rovibration_vJ|4[42]              85.0     11740.1936     3.03661   12.558    9.873E+02     307   1.300E+02   0.000E+00   0.000E+00
Rovibration_vJ|5[27]              55.0     11836.0053     3.03373   12.547    9.882E+02     308   1.599E+02   0.000E+00   0.000E+00
Rovibration_vJ|3[54]             109.0     11850.5578     3.03330   12.545    9.883E+02     309   9.894E+01   0.000E+00   0.000E+00
Rovibration_vJ|4[43]              87.0     11897.5686     3.03189   12.539    9.888E+02     310   1.299E+02   0.000E+00   0.000E+00
Rovibration_vJ|5[28]              57.0     11938.2298     3.03067   12.534    9.892E+02     311   1.598E+02   0.000E+00   0.000E+00
Rovibration_vJ|5[29]              59.0     12044.0648     3.02750   12.521    9.902E+02     312   1.597E+02   0.000E+00   0.000E+00
Rovibration_vJ|3[55]             111.0     12052.2031     3.02725   12.520    9.903E+02     313   9.885E+01   0.000E+00   0.000E+00
Rovibration_vJ|4[44]              89.0     12058.5102     3.02706   12.519    9.904E+02     314   1.298E+02   0.000E+00   0.000E+00
Rovibration_vJ|5[30]              61.0     12153.5059     3.02422   12.507    9.913E+02     315   1.597E+02   0.000E+00   0.000E+00
Rovibration_vJ|4[45]              91.0     12223.0121     3.02213   12.499    9.920E+02     316   1.297E+02   0.000E+00   0.000E+00
Rovibration_vJ|3[56]             113.0     12257.3636     3.02110   12.494    9.923E+02     317   9.876E+01   0.000E+00   0.000E+00
Rovibration_vJ|5[31]              63.0     12266.5490     3.02083   12.493    9.924E+02     318   1.596E+02   0.000E+00   0.000E+00
Rovibration_vJ|5[32]              65.0     12383.1893     3.01733   12.479    9.936E+02     319   1.595E+02   0.000E+00   0.000E+00
Rovibration_vJ|4[46]              93.0     12391.0675     3.01709   12.478    9.936E+02     320   1.296E+02   0.000E+00   0.000E+00
Rovibration_vJ|6[0]                1.0     12463.7686     3.01491   12.469    9.944E+02     321   1.883E+02   0.000E+00   0.000E+00
Rovibration_vJ|3[57]             115.0     12466.0312     3.01485   12.468    9.944E+02     322   9.865E+01   0.000E+00   0.000E+00
Rovibration_vJ|6[1]                3.0     12467.4037     3.01481   12.468    9.944E+02     323   1.884E+02   0.000E+00   0.000E+00
Rovibration_vJ|6[2]                5.0     12474.6736     3.01459   12.467    9.945E+02     324   1.883E+02   0.000E+00   0.000E+00
Rovibration_vJ|6[3]                7.0     12485.5781     3.01426   12.466    9.946E+02     325   1.883E+02   0.000E+00   0.000E+00
Rovibration_vJ|6[4]                9.0     12500.1168     3.01382   12.464    9.947E+02     326   1.883E+02   0.000E+00   0.000E+00
Rovibration_vJ|5[33]              67.0     12503.4223     3.01373   12.464    9.948E+02     327   1.594E+02   0.000E+00   0.000E+00
Rovibration_vJ|6[5]               11.0     12518.2890     3.01328   12.462    9.949E+02     328   1.883E+02   0.000E+00   0.000E+00
Rovibration_vJ|6[6]               13.0     12540.0941     3.01263   12.459    9.951E+02     329   1.883E+02   0.000E+00   0.000E+00
Rovibration_vJ|4[47]              95.0     12562.6699     3.01195   12.456    9.953E+02     330   1.295E+02   0.000E+00   0.000E+00
Rovibration_vJ|6[7]               15.0     12565.5311     3.01186   12.456    9.954E+02     331   1.882E+02   0.000E+00   0.000E+00
Rovibration_vJ|6[8]               17.0     12594.5991     3.01099   12.452    9.957E+02     332   1.882E+02   0.000E+00   0.000E+00
Rovibration_vJ|5[34]              69.0     12627.2430     3.01001   12.448    9.960E+02     333   1.593E+02   0.000E+00   0.000E+00
Rovibration_vJ|6[9]               19.0     12627.2968     3.01001   12.448    9.960E+02     334   1.882E+02   0.000E+00   0.000E+00
Rovibration_vJ|6[10]              21.0     12663.6229     3.00892   12.444    9.963E+02     335   1.882E+02   0.000E+00   0.000E+00
Rovibration_vJ|3[58]             117.0     12678.1978     3.00849   12.442    9.965E+02     336   9.854E+01   0.000E+00   0.000E+00
Rovibration_vJ|6[11]              23.0     12703.5760     3.00772   12.439    9.967E+02     337   1.881E+02   0.000E+00   0.000E+00
Rovibration_vJ|4[48]              97.0     12737.8124     3.00670   12.435    9.971E+02     338   1.294E+02   0.000E+00   0.000E+00
Rovibration_vJ|6[12]              25.0     12747.1544     3.00642   12.434    9.972E+02     339   1.881E+02   0.000E+00   0.000E+00
Rovibration_vJ|5[35]              71.0     12754.6466     3.00619   12.433    9.972E+02     340   1.592E+02   0.000E+00   0.000E+00
Rovibration_vJ|6[13]              27.0     12794.3564     3.00500   12.428    9.976E+02     341   1.881E+02   0.000E+00   0.000E+00
Rovibration_vJ|6[14]              29.0     12845.1800     3.00348   12.421    9.982E+02     342   1.880E+02   0.000E+00   0.000E+00
Rovibration_vJ|5[36]              73.0     12885.6279     3.00227   12.416    9.986E+02     343   1.591E+02   0.000E+00   0.000E+00
Rovibration_vJ|3[59]             119.0     12893.8548     3.00202   12.415    9.986E+02     344   9.843E+01   0.000E+00   0.000E+00
Rovibration_vJ|6[15]              31.0     12899.6233     3.00185   12.415    9.987E+02     345   1.880E+02   0.000E+00   0.000E+00
Rovibration_vJ|4[49]              99.0     12916.4880     3.00134   12.413    9.989E+02     346   1.293E+02   0.000E+00   0.000E+00
Rovibration_vJ|6[16]              33.0     12957.6840     3.00011   12.407    9.993E+02     347   1.879E+02   0.000E+00   0.000E+00
Rovibration_vJ|6[17]              35.0     13019.3598     2.99826   12.400    9.999E+02     348   1.879E+02   0.000E+00   0.000E+00
Rovibration_vJ|5[37]              75.0     13020.1816     2.99823   12.400    9.999E+02     349   1.590E+02   0.000E+00   0.000E+00
Rovibration_vJ|6[18]              37.0     13084.6481     2.99630   12.392    1.001E+03     350   1.878E+02   0.000E+00   0.000E+00
Rovibration_vJ|4[50]             101.0     13098.6895     2.99588   12.390    1.001E+03     351   1.291E+02   0.000E+00   0.000E+00
Rovibration_vJ|3[60]             121.0     13112.9939     2.99545   12.388    1.001E+03     352   6.472E+01   0.000E+00   0.000E+00
Rovibration_vJ|6[19]              39.0     13153.5463     2.99424   12.383    1.001E+03     353   1.877E+02   0.000E+00   0.000E+00
Rovibration_vJ|5[38]              77.0     13158.3024     2.99409   12.383    1.001E+03     354   1.589E+02   0.000E+00   0.000E+00
Rovibration_vJ|6[20]              41.0     13226.0517     2.99206   12.374    1.002E+03     355   1.877E+02   0.000E+00   0.000E+00
Rovibration_vJ|4[51]             103.0     13284.4098     2.99031   12.367    1.003E+03     356   1.290E+02   0.000E+00   0.000E+00
Rovibration_vJ|5[39]              79.0     13299.9847     2.98984   12.365    1.003E+03     357   1.588E+02   0.000E+00   0.000E+00
Rovibration_vJ|6[21]              43.0     13302.1613     2.98978   12.365    1.003E+03     358   1.876E+02   0.000E+00   0.000E+00
Rovibration_vJ|6[22]              45.0     13381.8721     2.98739   12.355    1.004E+03     359   1.876E+02   0.000E+00   0.000E+00
Rovibration_vJ|5[40]              81.0     13445.2228     2.98549   12.347    1.004E+03     360   1.587E+02   0.000E+00   0.000E+00
Rovibration_vJ|6[23]              47.0     13465.1807     2.98489   12.345    1.004E+03     361   1.875E+02   0.000E+00   0.000E+00
Rovibration_vJ|4[52]             105.0     13473.6414     2.98464   12.343    1.004E+03     362   1.289E+02   0.000E+00   0.000E+00
Rovibration_vJ|6[24]              49.0     13552.0838     2.98229   12.334    1.005E+03     363   1.874E+02   0.000E+00   0.000E+00
Rovibration_vJ|5[41]              83.0     13594.0108     2.98103   12.329    1.006E+03     364   1.586E+02   0.000E+00   0.000E+00
Rovibration_vJ|6[25]              51.0     13642.5780     2.97957   12.323    1.006E+03     365   1.873E+02   0.000E+00   0.000E+00
Rovibration_vJ|4[53]             107.0     13666.3768     2.97886   12.320    1.006E+03     366   1.288E+02   0.000E+00   0.000E+00
Rovibration_vJ|6[26]              53.0     13736.6595     2.97675   12.311    1.007E+03     367   1.873E+02   0.000E+00   0.000E+00
Rovibration_vJ|5[42]              85.0     13746.3428     2.97646   12.310    1.007E+03     368   1.585E+02   0.000E+00   0.000E+00
Rovibration_vJ|6[27]              55.0     13834.3245     2.97383   12.299    1.008E+03     369   1.872E+02   0.000E+00   0.000E+00
Rovibration_vJ|4[54]             109.0     13862.6082     2.97298   12.295    1.008E+03     370   1.287E+02   0.000E+00   0.000E+00
Rovibration_vJ|5[43]              87.0     13902.2127     2.97179   12.290    1.009E+03     371   1.584E+02   0.000E+00   0.000E+00
Rovibration_vJ|6[28]              57.0     13935.5691     2.97079   12.286    1.009E+03     372   1.871E+02   0.000E+00   0.000E+00
Rovibration_vJ|6[29]              59.0     14040.3892     2.96765   12.273    1.010E+03     373   1.870E+02   0.000E+00   0.000E+00
Rovibration_vJ|5[44]              89.0     14061.6142     2.96701   12.271    1.010E+03     374   1.582E+02   0.000E+00   0.000E+00
Rovibration_vJ|4[55]             111.0     14062.3277     2.96699   12.270    1.010E+03     375   1.285E+02   0.000E+00   0.000E+00
Rovibration_vJ|6[30]              61.0     14148.7805     2.96440   12.260    1.011E+03     376   1.869E+02   0.000E+00   0.000E+00
Rovibration_vJ|5[45]              91.0     14224.5408     2.96213   12.250    1.012E+03     377   1.581E+02   0.000E+00   0.000E+00
Rovibration_vJ|6[31]              63.0     14260.7387     2.96104   12.246    1.012E+03     378   1.868E+02   0.000E+00   0.000E+00
Rovibration_vJ|4[56]             113.0     14265.5276     2.96090   12.245    1.013E+03     379   1.284E+02   0.000E+00   0.000E+00
Rovibration_vJ|6[32]              65.0     14376.2591     2.95758   12.232    1.014E+03     380   1.867E+02   0.000E+00   0.000E+00
Rovibration_vJ|5[46]              93.0     14390.9860     2.95714   12.230    1.014E+03     381   1.580E+02   0.000E+00   0.000E+00
Rovibration_vJ|7[0]                1.0     14449.1813     2.95539   12.223    1.014E+03     382   2.161E+02   0.000E+00   0.000E+00
Rovibration_vJ|7[1]                3.0     14452.7814     2.95528   12.222    1.014E+03     383   2.160E+02   0.000E+00   0.000E+00
Rovibration_vJ|7[2]                5.0     14459.9813     2.95507   12.221    1.015E+03     384   2.160E+02   0.000E+00   0.000E+00
Rovibration_vJ|7[3]                7.0     14470.7809     2.95475   12.220    1.015E+03     385   2.161E+02   0.000E+00   0.000E+00
Rovibration_vJ|4[57]             115.0     14472.1995     2.95470   12.220    1.015E+03     386   1.283E+02   0.000E+00   0.000E+00
Rovibration_vJ|7[4]                9.0     14485.1796     2.95431   12.218    1.015E+03     387   2.160E+02   0.000E+00   0.000E+00
Rovibration_vJ|6[33]              67.0     14495.3372     2.95401   12.217    1.015E+03     388   1.866E+02   0.000E+00   0.000E+00
Rovibration_vJ|7[5]               11.0     14503.1769     2.95377   12.216    1.015E+03     389   2.160E+02   0.000E+00   0.000E+00
Rovibration_vJ|7[6]               13.0     14524.7721     2.95313   12.213    1.015E+03     390   2.160E+02   0.000E+00   0.000E+00
Rovibration_vJ|7[7]               15.0     14549.9642     2.95237   12.210    1.015E+03     391   2.160E+02   0.000E+00   0.000E+00
Rovibration_vJ|5[47]              95.0     14560.9431     2.95204   12.209    1.016E+03     392   1.578E+02   0.000E+00   0.000E+00
Rovibration_vJ|7[8]               17.0     14578.7522     2.95151   12.206    1.016E+03     393   2.159E+02   0.000E+00   0.000E+00
Rovibration_vJ|7[9]               19.0     14611.1350     2.95054   12.202    1.016E+03     394   2.159E+02   0.000E+00   0.000E+00
Rovibration_vJ|6[34]              69.0     14617.9681     2.95033   12.202    1.016E+03     395   1.865E+02   0.000E+00   0.000E+00
Rovibration_vJ|7[10]              21.0     14647.1113     2.94946   12.198    1.016E+03     396   2.159E+02   0.000E+00   0.000E+00
Rovibration_vJ|4[58]             117.0     14682.3352     2.94840   12.194    1.017E+03     397   1.281E+02   0.000E+00   0.000E+00
Rovibration_vJ|7[11]              23.0     14686.6795     2.94827   12.193    1.017E+03     398   2.158E+02   0.000E+00   0.000E+00
Rovibration_vJ|7[12]              25.0     14729.8381     2.94698   12.188    1.017E+03     399   2.158E+02   0.000E+00   0.000E+00
Rovibration_vJ|5[48]              97.0     14734.4053     2.94684   12.187    1.017E+03     400   1.577E+02   0.000E+00   0.000E+00
Rovibration_vJ|6[35]              71.0     14744.1467     2.94655   12.186    1.017E+03     401   1.864E+02   0.000E+00   0.000E+00
Rovibration_vJ|7[13]              27.0     14776.5852     2.94558   12.182    1.018E+03     402   2.157E+02   0.000E+00   0.000E+00
Rovibration_vJ|7[14]              29.0     14826.9191     2.94407   12.176    1.018E+03     403   2.157E+02   0.000E+00   0.000E+00
Rovibration_vJ|6[36]              73.0     14873.8681     2.94266   12.170    1.019E+03     404   1.863E+02   0.000E+00   0.000E+00
Rovibration_vJ|7[15]              31.0     14880.8375     2.94245   12.169    1.019E+03     405   2.156E+02   0.000E+00   0.000E+00
Rovibration_vJ|4[59]             119.0     14895.9264     2.94200   12.167    1.019E+03     406   1.280E+02   0.000E+00   0.000E+00
Rovibration_vJ|5[49]              99.0     14911.3655     2.94154   12.165    1.019E+03     407   1.576E+02   0.000E+00   0.000E+00
Rovibration_vJ|7[16]              33.0     14938.3384     2.94073   12.162    1.019E+03     408   2.156E+02   0.000E+00   0.000E+00
Rovibration_vJ|7[17]              35.0     14999.4194     2.93890   12.154    1.020E+03     409   2.156E+02   0.000E+00   0.000E+00
Rovibration_vJ|6[37]              75.0     15007.1269     2.93867   12.153    1.020E+03     410   1.861E+02   0.000E+00   0.000E+00
Rovibration_vJ|7[18]              37.0     15064.0779     2.93696   12.146    1.021E+03     411   2.155E+02   0.000E+00   0.000E+00
Rovibration_vJ|5[50]             101.0     15091.8167     2.93613   12.143    1.021E+03     412   1.574E+02   0.000E+00   0.000E+00
Rovibration_vJ|4[60]             121.0     15112.9645     2.93549   12.140    1.021E+03     413   8.413E+01   0.000E+00   0.000E+00
Rovibration_vJ|7[19]              39.0     15132.3114     2.93491   12.138    1.021E+03     414   2.154E+02   0.000E+00   0.000E+00
Rovibration_vJ|6[38]              77.0     15143.9177     2.93457   12.136    1.022E+03     415   1.860E+02   0.000E+00   0.000E+00
Rovibration_vJ|7[20]              41.0     15204.1170     2.93276   12.129    1.022E+03     416   2.153E+02   0.000E+00   0.000E+00
Rovibration_vJ|5[51]             103.0     15275.7515     2.93061   12.120    1.023E+03     417   1.573E+02   0.000E+00   0.000E+00
Rovibration_vJ|7[21]              43.0     15279.4918     2.93050   12.120    1.023E+03     418   2.152E+02   0.000E+00   0.000E+00
Rovibration_vJ|6[39]              79.0     15284.2350     2.93036   12.119    1.023E+03     419   1.858E+02   0.000E+00   0.000E+00
Rovibration_vJ|7[22]              45.0     15358.4327     2.92813   12.110    1.024E+03     420   2.152E+02   0.000E+00   0.000E+00
Rovibration_vJ|6[40]              81.0     15428.0731     2.92605   12.101    1.025E+03     421   1.857E+02   0.000E+00   0.000E+00
Rovibration_vJ|7[23]              47.0     15440.9366     2.92566   12.100    1.025E+03     422   2.151E+02   0.000E+00   0.000E+00
Rovibration_vJ|5[52]             105.0     15463.1626     2.92499   12.097    1.025E+03     423   1.571E+02   0.000E+00   0.000E+00
Rovibration_vJ|7[24]              49.0     15527.0000     2.92308   12.089    1.026E+03     424   2.150E+02   0.000E+00   0.000E+00
Rovibration_vJ|6[41]              83.0     15575.4261     2.92163   12.083    1.026E+03     425   1.856E+02   0.000E+00   0.000E+00
Rovibration_vJ|7[25]              51.0     15616.6194     2.92039   12.078    1.027E+03     426   2.149E+02   0.000E+00   0.000E+00
Rovibration_vJ|5[53]             107.0     15654.0424     2.91927   12.073    1.027E+03     427   1.570E+02   0.000E+00   0.000E+00
Rovibration_vJ|7[26]              53.0     15709.7911     2.91760   12.066    1.028E+03     428   2.148E+02   0.000E+00   0.000E+00
Rovibration_vJ|6[42]              85.0     15726.2881     2.91711   12.064    1.028E+03     429   1.854E+02   0.000E+00   0.000E+00
Rovibration_vJ|7[27]              55.0     15806.5114     2.91470   12.054    1.029E+03     430   2.147E+02   0.000E+00   0.000E+00
Rovibration_vJ|5[54]             109.0     15848.3832     2.91345   12.049    1.029E+03     431   1.568E+02   0.000E+00   0.000E+00
Rovibration_vJ|6[43]              87.0     15880.6528     2.91248   12.045    1.029E+03     432   1.853E+02   0.000E+00   0.000E+00
Rovibration_vJ|7[28]              57.0     15906.7762     2.91170   12.042    1.030E+03     433   2.146E+02   0.000E+00   0.000E+00
Rovibration_vJ|7[29]              59.0     16010.5815     2.90858   12.029    1.031E+03     434   2.145E+02   0.000E+00   0.000E+00
Rovibration_vJ|6[44]              89.0     16038.5142     2.90775   12.025    1.031E+03     435   1.851E+02   0.000E+00   0.000E+00
Rovibration_vJ|5[55]             111.0     16046.1772     2.90752   12.025    1.031E+03     436   1.567E+02   0.000E+00   0.000E+00
Rovibration_vJ|7[30]              61.0     16117.9231     2.90536   12.016    1.032E+03     437   2.144E+02   0.000E+00   0.000E+00
Rovibration_vJ|6[45]              91.0     16199.8656     2.90291   12.005    1.033E+03     438   1.851E+02   0.000E+00   0.000E+00
Rovibration_vJ|7[31]              63.0     16228.7965     2.90204   12.002    1.033E+03     439   2.143E+02   0.000E+00   0.000E+00
Rovibration_vJ|5[56]             113.0     16247.4162     2.90148   12.000    1.033E+03     440   1.565E+02   0.000E+00   0.000E+00
Rovibration_vJ|7[32]              65.0     16343.1971     2.89861   11.988    1.034E+03     441   2.141E+02   0.000E+00   0.000E+00
Rovibration_vJ|6[46]              93.0     16364.7007     2.89797   11.985    1.034E+03     442   1.849E+02   0.000E+00   0.000E+00
Rovibration_vJ|8[0]                1.0     16408.5346     2.89665   11.980    1.035E+03     443   2.409E+02   0.000E+00   0.000E+00
Rovibration_vJ|8[1]                3.0     16412.0997     2.89655   11.979    1.035E+03     444   2.410E+02   0.000E+00   0.000E+00
Rovibration_vJ|8[2]                5.0     16419.2297     2.89633   11.978    1.035E+03     445   2.409E+02   0.000E+00   0.000E+00
Rovibration_vJ|8[3]                7.0     16429.9243     2.89601   11.977    1.035E+03     446   2.409E+02   0.000E+00   0.000E+00
Rovibration_vJ|8[4]                9.0     16444.1831     2.89558   11.975    1.035E+03     447   2.409E+02   0.000E+00   0.000E+00
Rovibration_vJ|5[57]             115.0     16452.0924     2.89535   11.974    1.035E+03     448   1.563E+02   0.000E+00   0.000E+00
Rovibration_vJ|7[33]              67.0     16461.1204     2.89508   11.973    1.036E+03     449   2.140E+02   0.000E+00   0.000E+00
Rovibration_vJ|8[5]               11.0     16462.0055     2.89505   11.973    1.036E+03     450   2.410E+02   0.000E+00   0.000E+00
Rovibration_vJ|8[6]               13.0     16483.3907     2.89441   11.970    1.036E+03     451   2.409E+02   0.000E+00   0.000E+00
Rovibration_vJ|8[7]               15.0     16508.3380     2.89366   11.967    1.036E+03     452   2.409E+02   0.000E+00   0.000E+00
Rovibration_vJ|6[47]              95.0     16533.0125     2.89292   11.964    1.036E+03     453   1.847E+02   0.000E+00   0.000E+00
Rovibration_vJ|8[8]               17.0     16536.8462     2.89281   11.964    1.036E+03     454   2.409E+02   0.000E+00   0.000E+00
Rovibration_vJ|8[9]               19.0     16568.9141     2.89184   11.960    1.037E+03     455   2.408E+02   0.000E+00   0.000E+00
Rovibration_vJ|7[34]              69.0     16582.5615     2.89144   11.958    1.037E+03     456   2.139E+02   0.000E+00   0.000E+00
Rovibration_vJ|8[10]              21.0     16604.5405     2.89078   11.955    1.037E+03     457   2.407E+02   0.000E+00   0.000E+00
Rovibration_vJ|8[11]              23.0     16643.7239     2.88960   11.950    1.037E+03     458   2.406E+02   0.000E+00   0.000E+00
Rovibration_vJ|5[58]             117.0     16660.1972     2.88911   11.948    1.038E+03     459   1.561E+02   0.000E+00   0.000E+00
Rovibration_vJ|8[12]              25.0     16686.4627     2.88832   11.945    1.038E+03     460   2.406E+02   0.000E+00   0.000E+00
Rovibration_vJ|6[48]              97.0     16704.7944     2.88777   11.943    1.038E+03     461   1.846E+02   0.000E+00   0.000E+00
Rovibration_vJ|7[35]              71.0     16707.5153     2.88769   11.943    1.038E+03     462   2.138E+02   0.000E+00   0.000E+00
Rovibration_vJ|8[13]              27.0     16732.7551     2.88693   11.939    1.038E+03     463   2.406E+02   0.000E+00   0.000E+00
Rovibration_vJ|8[14]              29.0     16782.5992     2.88544   11.933    1.039E+03     464   2.406E+02   0.000E+00   0.000E+00
Rovibration_vJ|7[36]              73.0     16835.9768     2.88384   11.927    1.040E+03     465   2.136E+02   0.000E+00   0.000E+00
Rovibration_vJ|8[15]              31.0     16835.9929     2.88384   11.927    1.040E+03     466   2.404E+02   0.000E+00   0.000E+00
Rovibration_vJ|5[59]             119.0     16871.7225     2.88277   11.922    1.040E+03     467   1.560E+02   0.000E+00   0.000E+00
Rovibration_vJ|6[49]              99.0     16880.0394     2.88252   11.921    1.040E+03     468   1.844E+02   0.000E+00   0.000E+00
Rovibration_vJ|8[16]              33.0     16892.9340     2.88213   11.920    1.040E+03     469   2.404E+02   0.000E+00   0.000E+00
Rovibration_vJ|8[17]              35.0     16953.4202     2.88032   11.912    1.041E+03     470   2.404E+02   0.000E+00   0.000E+00
Rovibration_vJ|7[37]              75.0     16967.9408     2.87988   11.910    1.041E+03     471   2.135E+02   0.000E+00   0.000E+00
Rovibration_vJ|8[18]              37.0     17017.4491     2.87840   11.904    1.042E+03     472   2.403E+02   0.000E+00   0.000E+00
Rovibration_vJ|6[50]             101.0     17058.7402     2.87716   11.899    1.042E+03     473   1.842E+02   0.000E+00   0.000E+00
Rovibration_vJ|8[19]              39.0     17085.0178     2.87637   11.896    1.042E+03     474   2.402E+02   0.000E+00   0.000E+00
Rovibration_vJ|5[60]             121.0     17086.6595     2.87632   11.896    1.042E+03     475   1.025E+02   0.000E+00   0.000E+00
Rovibration_vJ|7[38]              77.0     17103.4017     2.87582   11.893    1.042E+03     476   2.134E+02   0.000E+00   0.000E+00
Rovibration_vJ|8[20]              41.0     17156.1237     2.87424   11.887    1.043E+03     477   2.400E+02   0.000E+00   0.000E+00
Rovibration_vJ|8[21]              43.0     17230.7639     2.87200   11.878    1.044E+03     478   2.400E+02   0.000E+00   0.000E+00
Rovibration_vJ|6[51]             103.0     17240.8896     2.87170   11.876    1.044E+03     479   1.840E+02   0.000E+00   0.000E+00
Rovibration_vJ|7[39]              79.0     17242.3542     2.87166   11.876    1.044E+03     480   2.132E+02   0.000E+00   0.000E+00
Rovibration_vJ|8[22]              45.0     17308.9351     2.86966   11.868    1.045E+03     481   2.399E+02   0.000E+00   0.000E+00
Rovibration_vJ|7[40]              81.0     17384.7923     2.86739   11.859    1.046E+03     482   2.130E+02   0.000E+00   0.000E+00
Rovibration_vJ|8[23]              47.0     17390.6343     2.86721   11.858    1.046E+03     483   2.398E+02   0.000E+00   0.000E+00
Rovibration_vJ|6[52]             105.0     17426.4802     2.86614   11.853    1.046E+03     484   1.839E+02   0.000E+00   0.000E+00
Rovibration_vJ|8[24]              49.0     17475.8580     2.86465   11.847    1.047E+03     485   2.397E+02   0.000E+00   0.000E+00
Rovibration_vJ|7[41]              83.0     17530.7104     2.86301   11.840    1.047E+03     486   2.129E+02   0.000E+00   0.000E+00
Rovibration_vJ|8[25]              51.0     17564.6028     2.86199   11.836    1.047E+03     487   2.396E+02   0.000E+00   0.000E+00
Rovibration_vJ|6[53]             107.0     17615.5045     2.86047   11.830    1.048E+03     488   1.837E+02   0.000E+00   0.000E+00
Rovibration_vJ|8[26]              53.0     17656.8648     2.85923   11.825    1.049E+03     489   2.395E+02   0.000E+00   0.000E+00
Rovibration_vJ|7[42]              85.0     17680.1024     2.85853   11.822    1.049E+03     490   2.127E+02   0.000E+00   0.000E+00
Rovibration_vJ|8[27]              55.0     17752.6405     2.85636   11.813    1.050E+03     491   2.394E+02   0.000E+00   0.000E+00
Rovibration_vJ|6[54]             109.0     17807.9547     2.85470   11.806    1.050E+03     492   1.834E+02   0.000E+00   0.000E+00
Rovibration_vJ|7[43]              87.0     17832.9621     2.85395   11.803    1.050E+03     493   2.126E+02   0.000E+00   0.000E+00
Rovibration_vJ|8[28]              57.0     17851.9256     2.85338   11.801    1.051E+03     494   2.392E+02   0.000E+00   0.000E+00
Rovibration_vJ|8[29]              59.0     17954.7163     2.85030   11.788    1.052E+03     495   2.392E+02   0.000E+00   0.000E+00
Rovibration_vJ|7[44]              89.0     17989.2834     2.84926   11.784    1.052E+03     496   2.124E+02   0.000E+00   0.000E+00
Rovibration_vJ|6[55]             111.0     18003.8229     2.84883   11.782    1.052E+03     497   1.832E+02   0.000E+00   0.000E+00
Rovibration_vJ|8[30]              61.0     18061.0082     2.84711   11.775    1.053E+03     498   2.390E+02   0.000E+00   0.000E+00
Rovibration_vJ|7[45]              91.0     18149.0598     2.84447   11.764    1.054E+03     499   2.122E+02   0.000E+00   0.000E+00
Rovibration_vJ|8[31]              63.0     18170.7969     2.84382   11.761    1.054E+03     500   2.389E+02   0.000E+00   0.000E+00
Rovibration_vJ|6[56]             113.0     18203.1013     2.84285   11.757    1.055E+03     501   1.831E+02   0.000E+00   0.000E+00
Rovibration_vJ|8[32]              65.0     18284.0779     2.84043   11.747    1.055E+03     502   2.388E+02   0.000E+00   0.000E+00
Rovibration_vJ|7[46]              93.0     18312.2847     2.83958   11.744    1.056E+03     503   2.120E+02   0.000E+00   0.000E+00
Rovibration_vJ|9[0]                1.0     18341.9044     2.83869   11.740    1.056E+03     504   2.645E+02   0.000E+00   0.000E+00
Rovibration_vJ|9[1]                3.0     18345.4345     2.83859   11.739    1.056E+03     505   2.645E+02   0.000E+00   0.000E+00
Rovibration_vJ|9[2]                5.0     18352.4945     2.83837   11.739    1.056E+03     506   2.644E+02   0.000E+00   0.000E+00
Rovibration_vJ|9[3]                7.0     18363.0842     2.83806   11.737    1.056E+03     507   2.644E+02   0.000E+00   0.000E+00
Rovibration_vJ|9[4]                9.0     18377.2031     2.83763   11.736    1.056E+03     508   2.644E+02   0.000E+00   0.000E+00
Rovibration_vJ|9[5]               11.0     18394.8506     2.83710   11.733    1.057E+03     509   2.644E+02   0.000E+00   0.000E+00
Rovibration_vJ|8[33]              67.0     18400.8465     2.83692   11.733    1.057E+03     510   2.386E+02   0.000E+00   0.000E+00
Rovibration_vJ|6[57]             115.0     18405.7815     2.83678   11.732    1.057E+03     511   1.829E+02   0.000E+00   0.000E+00
Rovibration_vJ|9[6]               13.0     18416.0260     2.83647   11.731    1.057E+03     512   2.643E+02   0.000E+00   0.000E+00
Rovibration_vJ|9[7]               15.0     18440.7284     2.83573   11.728    1.057E+03     513   2.643E+02   0.000E+00   0.000E+00
Rovibration_vJ|9[8]               17.0     18468.9568     2.83488   11.724    1.058E+03     514   2.644E+02   0.000E+00   0.000E+00
Rovibration_vJ|7[47]              95.0     18478.9514     2.83458   11.723    1.058E+03     515   2.118E+02   0.000E+00   0.000E+00
Rovibration_vJ|9[9]               19.0     18500.7100     2.83393   11.720    1.058E+03     516   2.643E+02   0.000E+00   0.000E+00
Rovibration_vJ|8[34]              69.0     18521.0978     2.83332   11.718    1.058E+03     517   2.385E+02   0.000E+00   0.000E+00
Rovibration_vJ|9[10]              21.0     18535.9866     2.83287   11.716    1.058E+03     518   2.642E+02   0.000E+00   0.000E+00
Rovibration_vJ|9[11]              23.0     18574.7853     2.83171   11.711    1.059E+03     519   2.642E+02   0.000E+00   0.000E+00
Rovibration_vJ|6[58]             117.0     18611.8555     2.83060   11.706    1.059E+03     520   1.826E+02   0.000E+00   0.000E+00
Rovibration_vJ|9[12]              25.0     18617.1043     2.83044   11.706    1.059E+03     521   2.640E+02   0.000E+00   0.000E+00
Rovibration_vJ|8[35]              71.0     18644.8270     2.82961   11.702    1.059E+03     522   2.383E+02   0.000E+00   0.000E+00
Rovibration_vJ|7[48]              97.0     18649.0531     2.82948   11.702    1.060E+03     523   2.117E+02   0.000E+00   0.000E+00
Rovibration_vJ|9[13]              27.0     18662.9420     2.82907   11.700    1.060E+03     524   2.641E+02   0.000E+00   0.000E+00
Rovibration_vJ|9[14]              29.0     18712.2963     2.82759   11.694    1.060E+03     525   2.639E+02   0.000E+00   0.000E+00
Rovibration_vJ|9[15]              31.0     18765.1654     2.82600   11.687    1.061E+03     526   2.639E+02   0.000E+00   0.000E+00
Rovibration_vJ|8[36]              73.0     18772.0288     2.82580   11.687    1.061E+03     527   2.382E+02   0.000E+00   0.000E+00
Rovibration_vJ|6[59]             119.0     18821.3147     2.82432   11.680    1.061E+03     528   1.825E+02   0.000E+00   0.000E+00
Rovibration_vJ|9[16]              33.0     18821.5468     2.82431   11.680    1.061E+03     529   2.638E+02   0.000E+00   0.000E+00
Rovibration_vJ|7[49]              99.0     18822.5828     2.82428   11.680    1.061E+03     530   2.114E+02   0.000E+00   0.000E+00
Rovibration_vJ|9[17]              35.0     18881.4384     2.82252   11.673    1.062E+03     531   2.637E+02   0.000E+00   0.000E+00
Rovibration_vJ|8[37]              75.0     18902.6980     2.82188   11.670    1.062E+03     532   2.380E+02   0.000E+00   0.000E+00
Rovibration_vJ|9[18]              37.0     18944.8376     2.82062   11.665    1.063E+03     533   2.637E+02   0.000E+00   0.000E+00
Rovibration_vJ|7[50]             101.0     18999.5333     2.81898   11.658    1.063E+03     534   2.113E+02   0.000E+00   0.000E+00
Rovibration_vJ|9[19]              39.0     19011.7418     2.81861   11.657    1.064E+03     535   2.636E+02   0.000E+00   0.000E+00
Rovibration_vJ|6[60]             121.0     19034.1506     2.81794   11.654    1.064E+03     536   1.199E+02   0.000E+00   0.000E+00
Rovibration_vJ|8[38]              77.0     19036.8292     2.81786   11.654    1.064E+03     537   2.378E+02   0.000E+00   0.000E+00
Rovibration_vJ|9[20]              41.0     19082.1481     2.81650   11.648    1.064E+03     538   2.635E+02   0.000E+00   0.000E+00
Rovibration_vJ|9[21]              43.0     19156.0536     2.81428   11.639    1.065E+03     539   2.634E+02   0.000E+00   0.000E+00
Rovibration_vJ|8[39]              79.0     19174.4168     2.81373   11.637    1.065E+03     540   2.376E+02   0.000E+00   0.000E+00
Rovibration_vJ|7[51]             103.0     19179.8973     2.81357   11.636    1.066E+03     541   2.110E+02   0.000E+00   0.000E+00
Rovibration_vJ|9[22]              45.0     19233.4553     2.81196   11.629    1.066E+03     542   2.633E+02   0.000E+00   0.000E+00
Rovibration_vJ|9[23]              47.0     19314.3499     2.80954   11.619    1.067E+03     543   2.632E+02   0.000E+00   0.000E+00
Rovibration_vJ|8[40]              81.0     19315.4552     2.80950   11.619    1.067E+03     544   2.375E+02   0.000E+00   0.000E+00
Rovibration_vJ|7[52]             105.0     19363.6675     2.80806   11.613    1.068E+03     545   2.108E+02   0.000E+00   0.000E+00
Rovibration_vJ|9[24]              49.0     19398.7341     2.80701   11.609    1.068E+03     546   2.631E+02   0.000E+00   0.000E+00
Rovibration_vJ|8[41]              83.0     19459.9384     2.80517   11.601    1.069E+03     547   2.373E+02   0.000E+00   0.000E+00
Rovibration_vJ|9[25]              51.0     19486.6043     2.80437   11.598    1.069E+03     548   2.630E+02   0.000E+00   0.000E+00
Rovibration_vJ|7[53]             107.0     19550.8363     2.80245   11.590    1.070E+03     549   2.106E+02   0.000E+00   0.000E+00
Rovibration_vJ|9[26]              53.0     19577.9568     2.80164   11.587    1.070E+03     550   2.629E+02   0.000E+00   0.000E+00
Rovibration_vJ|8[42]              85.0     19607.8605     2.80074   11.583    1.070E+03     551   2.371E+02   0.000E+00   0.000E+00
Rovibration_vJ|9[27]              55.0     19672.7879     2.79879   11.575    1.071E+03     552   2.627E+02   0.000E+00   0.000E+00
Rovibration_vJ|7[54]             109.0     19741.3958     2.79674   11.566    1.072E+03     553   2.104E+02   0.000E+00   0.000E+00
Rovibration_vJ|8[43]              87.0     19759.2154     2.79620   11.564    1.072E+03     554   2.369E+02   0.000E+00   0.000E+00
Rovibration_vJ|9[28]              57.0     19771.0935     2.79585   11.563    1.072E+03     555   2.626E+02   0.000E+00   0.000E+00
Rovibration_vJ|9[29]              59.0     19872.8696     2.79279   11.550    1.073E+03     556   2.625E+02   0.000E+00   0.000E+00
Rovibration_vJ|8[44]              89.0     19913.9967     2.79156   11.545    1.074E+03     557   2.367E+02   0.000E+00   0.000E+00
Rovibration_vJ|7[55]             111.0     19935.3384     2.79092   11.542    1.074E+03     558   2.102E+02   0.000E+00   0.000E+00
Rovibration_vJ|9[30]              61.0     19978.1120     2.78964   11.537    1.075E+03     559   2.623E+02   0.000E+00   0.000E+00
Rovibration_vJ|8[45]              91.0     20072.1981     2.78682   11.525    1.076E+03     560   2.365E+02   0.000E+00   0.000E+00
Rovibration_vJ|9[31]              63.0     20086.8162     2.78638   11.524    1.076E+03     561   2.621E+02   0.000E+00   0.000E+00
Rovibration_vJ|7[56]             113.0     20132.6560     2.78501   11.518    1.076E+03     562   2.100E+02   0.000E+00   0.000E+00
Rovibration_vJ|9[32]              65.0     20198.9776     2.78302   11.510    1.077E+03     563   2.620E+02   0.000E+00   0.000E+00
Rovibration_vJ|8[46]              93.0     20233.8130     2.78197   11.505    1.078E+03     564   2.363E+02   0.000E+00   0.000E+00
Rovibration_vJ|10[0]               1.0     20249.3682     2.78151   11.503    1.078E+03     565   2.867E+02   0.000E+00   0.000E+00
Rovibration_vJ|10[1]               3.0     20252.8634     2.78140   11.503    1.078E+03     566   2.866E+02   0.000E+00   0.000E+00
Rovibration_vJ|10[2]               5.0     20259.8534     2.78119   11.502    1.078E+03     567   2.867E+02   0.000E+00   0.000E+00
Rovibration_vJ|10[3]               7.0     20270.3382     2.78088   11.501    1.078E+03     568   2.866E+02   0.000E+00   0.000E+00
Rovibration_vJ|10[4]               9.0     20284.3172     2.78046   11.499    1.078E+03     569   2.866E+02   0.000E+00   0.000E+00
Rovibration_vJ|10[5]              11.0     20301.7899     2.77994   11.497    1.078E+03     570   2.866E+02   0.000E+00   0.000E+00
Rovibration_vJ|9[33]              67.0     20314.5916     2.77955   11.495    1.079E+03     571   2.619E+02   0.000E+00   0.000E+00
Rovibration_vJ|10[6]              13.0     20322.7555     2.77931   11.494    1.079E+03     572   2.865E+02   0.000E+00   0.000E+00
Rovibration_vJ|7[57]             115.0     20333.3405     2.77899   11.493    1.079E+03     573   2.097E+02   0.000E+00   0.000E+00
Rovibration_vJ|10[7]              15.0     20347.2131     2.77857   11.491    1.079E+03     574   2.866E+02   0.000E+00   0.000E+00
Rovibration_vJ|10[8]              17.0     20375.1617     2.77774   11.488    1.079E+03     575   2.865E+02   0.000E+00   0.000E+00
Rovibration_vJ|8[47]              95.0     20398.8346     2.77703   11.485    1.080E+03     576   2.361E+02   0.000E+00   0.000E+00
Rovibration_vJ|10[9]              19.0     20406.6001     2.77679   11.484    1.080E+03     577   2.864E+02   0.000E+00   0.000E+00
Rovibration_vJ|9[34]              69.0     20433.6534     2.77598   11.481    1.080E+03     578   2.617E+02   0.000E+00   0.000E+00
Rovibration_vJ|10[10]             21.0     20441.5270     2.77575   11.480    1.080E+03     579   2.864E+02   0.000E+00   0.000E+00
Rovibration_vJ|10[11]             23.0     20479.9410     2.77459   11.475    1.080E+03     580   2.863E+02   0.000E+00   0.000E+00
Rovibration_vJ|10[12]             25.0     20521.8403     2.77334   11.470    1.081E+03     581   2.862E+02   0.000E+00   0.000E+00
Rovibration_vJ|7[58]             117.0     20537.3835     2.77287   11.468    1.081E+03     582   2.095E+02   0.000E+00   0.000E+00
Rovibration_vJ|9[35]              71.0     20556.1580     2.77231   11.465    1.081E+03     583   2.615E+02   0.000E+00   0.000E+00
Rovibration_vJ|10[13]             27.0     20567.2234     2.77198   11.464    1.082E+03     584   2.862E+02   0.000E+00   0.000E+00
Rovibration_vJ|8[48]              97.0     20567.2562     2.77198   11.464    1.082E+03     585   2.359E+02   0.000E+00   0.000E+00
Rovibration_vJ|10[14]             29.0     20616.0881     2.77051   11.458    1.082E+03     586   2.861E+02   0.000E+00   0.000E+00
Rovibration_vJ|10[15]             31.0     20668.4326     2.76894   11.451    1.083E+03     587   2.860E+02   0.000E+00   0.000E+00
Rovibration_vJ|9[36]              73.0     20682.1002     2.76853   11.450    1.083E+03     588   2.614E+02   0.000E+00   0.000E+00
Rovibration_vJ|10[16]             33.0     20724.2545     2.76727   11.445    1.083E+03     589   2.859E+02   0.000E+00   0.000E+00
Rovibration_vJ|8[49]              99.0     20739.0707     2.76683   11.443    1.084E+03     590   2.357E+02   0.000E+00   0.000E+00
Rovibration_vJ|7[59]             119.0     20744.7767     2.76665   11.442    1.084E+03     591   2.092E+02   0.000E+00   0.000E+00
Rovibration_vJ|10[17]             35.0     20783.5515     2.76549   11.437    1.084E+03     592   2.859E+02   0.000E+00   0.000E+00
Rovibration_vJ|9[37]              75.0     20811.4748     2.76466   11.434    1.084E+03     593   2.611E+02   0.000E+00   0.000E+00
Rovibration_vJ|10[18]             37.0     20846.3211     2.76361   11.429    1.085E+03     594   2.858E+02   0.000E+00   0.000E+00
Rovibration_vJ|10[19]             39.0     20912.5608     2.76162   11.421    1.086E+03     595   2.857E+02   0.000E+00   0.000E+00
Rovibration_vJ|8[50]             101.0     20914.2709     2.76157   11.421    1.086E+03     596   2.355E+02   0.000E+00   0.000E+00
Rovibration_vJ|9[38]              77.0     20944.2763     2.76067   11.417    1.086E+03     597   2.610E+02   0.000E+00   0.000E+00
Rovibration_vJ|7[60]             121.0     20955.5115     2.76034   11.416    1.086E+03     598   1.375E+02   0.000E+00   0.000E+00
Rovibration_vJ|10[20]             41.0     20982.2676     2.75953   11.413    1.086E+03     599   2.856E+02   0.000E+00   0.000E+00
Rovibration_vJ|10[21]             43.0     21055.4387     2.75734   11.403    1.087E+03     600   2.855E+02   0.000E+00   0.000E+00
Rovibration_vJ|9[39]              79.0     21080.4993     2.75659   11.400    1.088E+03     601   2.608E+02   0.000E+00   0.000E+00
Rovibration_vJ|8[51]             103.0     21092.8497     2.75622   11.399    1.088E+03     602   2.352E+02   0.000E+00   0.000E+00
Rovibration_vJ|10[22]             45.0     21132.0709     2.75504   11.394    1.088E+03     603   2.854E+02   0.000E+00   0.000E+00
Rovibration_vJ|10[23]             47.0     21212.1611     2.75264   11.384    1.089E+03     604   2.853E+02   0.000E+00   0.000E+00
Rovibration_vJ|9[40]              81.0     21220.1380     2.75240   11.383    1.089E+03     605   2.606E+02   0.000E+00   0.000E+00
Rovibration_vJ|8[52]             105.0     21274.7995     2.75077   11.376    1.090E+03     606   2.349E+02   0.000E+00   0.000E+00
Rovibration_vJ|10[24]             49.0     21295.7058     2.75014   11.374    1.090E+03     607   2.851E+02   0.000E+00   0.000E+00
Rovibration_vJ|9[41]              83.0     21363.1865     2.74812   11.365    1.091E+03     608   2.604E+02   0.000E+00   0.000E+00
Rovibration_vJ|10[25]             51.0     21382.7015     2.74753   11.363    1.091E+03     609   2.850E+02   0.000E+00   0.000E+00
Rovibration_vJ|8[53]             107.0     21460.1127     2.74521   11.353    1.092E+03     610   2.347E+02   0.000E+00   0.000E+00
Rovibration_vJ|10[26]             53.0     21473.1446     2.74482   11.352    1.092E+03     611   2.849E+02   0.000E+00   0.000E+00
Rovibration_vJ|9[42]              85.0     21509.6389     2.74372   11.347    1.093E+03     612   2.602E+02   0.000E+00   0.000E+00
Rovibration_vJ|10[27]             55.0     21567.0313     2.74200   11.340    1.093E+03     613   2.848E+02   0.000E+00   0.000E+00
Rovibration_vJ|8[54]             109.0     21648.7818     2.73955   11.330    1.094E+03     614   2.345E+02   0.000E+00   0.000E+00
Rovibration_vJ|9[43]              87.0     21659.4889     2.73923   11.329    1.094E+03     615   2.599E+02   0.000E+00   0.000E+00
Rovibration_vJ|10[28]             57.0     21664.3575     2.73909   11.328    1.094E+03     616   2.846E+02   0.000E+00   0.000E+00
Rovibration_vJ|10[29]             59.0     21765.1193     2.73607   11.315    1.096E+03     617   2.845E+02   0.000E+00   0.000E+00
Rovibration_vJ|9[44]              89.0     21812.7305     2.73464   11.310    1.096E+03     618   2.597E+02   0.000E+00   0.000E+00
Rovibration_vJ|8[55]             111.0     21840.7987     2.73380   11.306    1.097E+03     619   2.342E+02   0.000E+00   0.000E+00
Rovibration_vJ|10[30]             61.0     21869.3122     2.73294   11.303    1.097E+03     620   2.842E+02   0.000E+00   0.000E+00
Rovibration_vJ|9[45]              91.0     21969.3570     2.72994   11.290    1.098E+03     621   2.595E+02   0.000E+00   0.000E+00
Rovibration_vJ|10[31]             63.0     21976.9319     2.72972   11.289    1.098E+03     622   2.842E+02   0.000E+00   0.000E+00
Rovibration_vJ|8[56]             113.0     22036.1556     2.72794   11.282    1.099E+03     623   2.339E+02   0.000E+00   0.000E+00
Rovibration_vJ|10[32]             65.0     22087.9740     2.72639   11.275    1.100E+03     624   2.839E+02   0.000E+00   0.000E+00
Rovibration_vJ|9[46]              93.0     22129.3620     2.72515   11.270    1.100E+03     625   2.592E+02   0.000E+00   0.000E+00
Rovibration_vJ|10[33]             67.0     22202.4336     2.72296   11.261    1.101E+03     626   2.837E+02   0.000E+00   0.000E+00
Rovibration_vJ|8[57]             115.0     22234.8442     2.72198   11.257    1.101E+03     627   2.337E+02   0.000E+00   0.000E+00
Rovibration_vJ|9[47]              95.0     22292.7386     2.72025   11.250    1.102E+03     628   2.590E+02   0.000E+00   0.000E+00
Rovibration_vJ|10[34]             69.0     22320.3060     2.71942   11.247    1.102E+03     629   2.836E+02   0.000E+00   0.000E+00
Rovibration_vJ|8[58]             117.0     22436.8563     2.71593   11.232    1.104E+03     630   2.334E+02   0.000E+00   0.000E+00
Rovibration_vJ|10[35]             71.0     22441.5861     2.71579   11.232    1.104E+03     631   2.834E+02   0.000E+00   0.000E+00
Rovibration_vJ|9[48]              97.0     22459.4802     2.71525   11.229    1.104E+03     632   2.588E+02   0.000E+00   0.000E+00
Rovibration_vJ|10[36]             73.0     22566.2688     2.71205   11.216    1.105E+03     633   2.832E+02   0.000E+00   0.000E+00
Rovibration_vJ|9[49]              99.0     22629.5796     2.71015   11.208    1.106E+03     634   2.585E+02   0.000E+00   0.000E+00
Rovibration_vJ|8[59]             119.0     22642.1835     2.70977   11.207    1.106E+03     635   2.331E+02   0.000E+00   0.000E+00
Rovibration_vJ|10[37]             75.0     22694.3490     2.70821   11.200    1.107E+03     636   2.830E+02   0.000E+00   0.000E+00
Rovibration_vJ|9[50]             101.0     22803.0297     2.70495   11.187    1.108E+03     637   2.582E+02   0.000E+00   0.000E+00
Rovibration_vJ|10[38]             77.0     22825.8210     2.70427   11.184    1.109E+03     638   2.828E+02   0.000E+00   0.000E+00
Rovibration_vJ|8[60]             121.0     22850.8171     2.70352   11.181    1.109E+03     639   1.532E+02   0.000E+00   0.000E+00
Rovibration_vJ|10[39]             79.0     22960.6795     2.70022   11.167    1.110E+03     640   2.825E+02   0.000E+00   0.000E+00
Rovibration_vJ|9[51]             103.0     22979.8232     2.69965   11.165    1.110E+03     641   2.580E+02   0.000E+00   0.000E+00
Rovibration_vJ|10[40]             81.0     23098.9186     2.69608   11.150    1.112E+03     642   2.823E+02   0.000E+00   0.000E+00
Rovibration_vJ|9[52]             105.0     23159.9527     2.69425   11.143    1.113E+03     643   2.577E+02   0.000E+00   0.000E+00
Rovibration_vJ|10[41]             83.0     23240.5326     2.69183   11.133    1.114E+03     644   2.822E+02   0.000E+00   0.000E+00
Rovibration_vJ|9[53]             107.0     23343.4106     2.68875   11.120    1.115E+03     645   2.575E+02   0.000E+00   0.000E+00
Rovibration_vJ|10[42]             85.0     23385.5153     2.68749   11.115    1.116E+03     646   2.819E+02   0.000E+00   0.000E+00
Rovibration_vJ|9[54]             109.0     23530.1891     2.68315   11.097    1.117E+03     647   2.572E+02   0.000E+00   0.000E+00
Rovibration_vJ|10[43]             87.0     23533.8608     2.68304   11.096    1.117E+03     648   2.816E+02   0.000E+00   0.000E+00
Rovibration_vJ|10[44]             89.0     23685.5626     2.67849   11.077    1.119E+03     649   2.814E+02   0.000E+00   0.000E+00
Rovibration_vJ|9[55]             111.0     23720.2805     2.67745   11.073    1.120E+03     650   2.569E+02   0.000E+00   0.000E+00
Rovibration_vJ|10[45]             91.0     23840.6144     2.67384   11.058    1.121E+03     651   2.812E+02   0.000E+00   0.000E+00
Rovibration_vJ|9[56]             113.0     23913.6767     2.67165   11.049    1.122E+03     652   2.566E+02   0.000E+00   0.000E+00
Rovibration_vJ|10[46]             93.0     23999.0096     2.66909   11.038    1.123E+03     653   2.809E+02   0.000E+00   0.000E+00
Rovibration_vJ|9[57]             115.0     24110.3696     2.66576   11.025    1.125E+03     654   2.563E+02   0.000E+00   0.000E+00
Rovibration_vJ|10[47]             95.0     24160.7414     2.66425   11.018    1.125E+03     655   2.807E+02   0.000E+00   0.000E+00
Rovibration_vJ|9[58]             117.0     24310.3508     2.65976   11.000    1.127E+03     656   2.559E+02   0.000E+00   0.000E+00
Rovibration_vJ|10[48]             97.0     24325.8030     2.65930   10.998    1.127E+03     657   2.804E+02   0.000E+00   0.000E+00
Rovibration_vJ|10[49]             99.0     24494.1875     2.65425   10.977    1.129E+03     658   2.800E+02   0.000E+00   0.000E+00
Rovibration_vJ|9[59]             119.0     24513.6120     2.65367   10.975    1.130E+03     659   2.557E+02   0.000E+00   0.000E+00
Rovibration_vJ|10[50]            101.0     24665.8875     2.64910   10.956    1.132E+03     660   2.798E+02   0.000E+00   0.000E+00
Rovibration_vJ|9[60]             121.0     24720.1445     2.64748   10.949    1.132E+03     661   1.681E+02   0.000E+00   0.000E+00
Rovibration_vJ|10[51]            103.0     24840.8959     2.64386   10.934    1.134E+03     662   2.795E+02   0.000E+00   0.000E+00
Rovibration_vJ|10[52]            105.0     25019.2052     2.63851   10.912    1.136E+03     663   2.792E+02   0.000E+00   0.000E+00
Rovibration_vJ|10[53]            107.0     25200.8078     2.63307   10.889    1.139E+03     664   2.789E+02   0.000E+00   0.000E+00
Rovibration_vJ|10[54]            109.0     25385.6960     2.62752   10.867    1.141E+03     665   2.786E+02   0.000E+00   0.000E+00
Rovibration_vJ|10[55]            111.0     25573.8619     2.62188   10.843    1.143E+03     666   2.783E+02   0.000E+00   0.000E+00
Rovibration_vJ|10[56]            113.0     25765.2975     2.61614   10.819    1.146E+03     667   2.779E+02   0.000E+00   0.000E+00
Rovibration_vJ|10[57]            115.0     25959.9947     2.61031   10.795    1.148E+03     668   2.776E+02   0.000E+00   0.000E+00
Rovibration_vJ|10[58]            117.0     26157.9451     2.60437   10.771    1.151E+03     669   2.773E+02   0.000E+00   0.000E+00
Rovibration_vJ|10[59]            119.0     26359.1403     2.59834   10.746    1.154E+03     670   2.769E+02   0.000E+00   0.000E+00
Rovibration_vJ|10[60]            121.0     26563.5717     2.59221   10.721    1.157E+03     671   1.819E+02   0.000E+00   0.000E+00


 ****************************************************************************************

 oscillator strengths

 ****************************************************************************************

  Transition                                                      f           A          Lam(A)      i-j    Trans. #

Rovibration_vJ|0[0]         -Rovibration_vJ|0[1]             2.1925E-08  7.2070E-08   2.601E+07       1-   2        1
Rovibration_vJ|0[0]         -Rovibration_vJ|1[1]             1.1659E-05  1.1950E+01   4.657E+04       1-  35        2
Rovibration_vJ|0[0]         -Rovibration_vJ|2[1]             8.6264E-08  3.4870E-01   2.345E+04       1-  82        3
Rovibration_vJ|0[0]         -Rovibration_vJ|3[1]             5.1375E-10  4.6120E-03   1.574E+04       1- 140        4
Rovibration_vJ|0[0]         -Rovibration_vJ|4[1]             1.7663E-12  2.7830E-05   1.188E+04       1- 201        5
Rovibration_vJ|0[0]         -Rovibration_vJ|5[1]             4.3978E-15  1.0690E-07   9.564E+03       1- 262        6
Rovibration_vJ|0[0]         -Rovibration_vJ|6[1]             2.8131E-15  9.7220E-08   8.021E+03       1- 323        7
Rovibration_vJ|0[0]         -Rovibration_vJ|7[1]             1.2732E-16  5.9130E-09   6.919E+03       1- 383        8
Rovibration_vJ|0[0]         -Rovibration_vJ|8[1]             1.2567E-16  7.5260E-09   6.093E+03       1- 444        9
Rovibration_vJ|0[0]         -Rovibration_vJ|9[1]             2.2985E-16  1.7200E-08   5.451E+03       1- 505       10
Rovibration_vJ|0[0]         -Rovibration_vJ|10[1]            1.1107E-16  1.0130E-08   4.938E+03       1- 566       11
Rovibration_vJ|0[1]         -Rovibration_vJ|0[2]             2.9214E-08  6.9140E-07   1.300E+07       2-   3       12
Rovibration_vJ|0[1]         -Rovibration_vJ|1[0]             3.8715E-06  3.5460E+01   4.674E+04       2-  34       13
Rovibration_vJ|0[1]         -Rovibration_vJ|1[2]             7.7884E-06  1.4420E+01   4.649E+04       2-  37       14
Rovibration_vJ|0[1]         -Rovibration_vJ|2[0]             2.8414E-08  1.0300E+00   2.350E+04       2-  81       15
Rovibration_vJ|0[1]         -Rovibration_vJ|2[2]             5.7871E-08  4.2180E-01   2.343E+04       2-  83       16
Rovibration_vJ|0[1]         -Rovibration_vJ|3[0]             1.6699E-10  1.3460E-02   1.576E+04       2- 139       17
Rovibration_vJ|0[1]         -Rovibration_vJ|3[2]             3.4684E-10  5.6110E-03   1.573E+04       2- 141       18
Rovibration_vJ|0[1]         -Rovibration_vJ|4[0]             5.5068E-13  7.7950E-05   1.189E+04       2- 200       19
Rovibration_vJ|0[1]         -Rovibration_vJ|4[2]             1.2175E-12  3.4560E-05   1.187E+04       2- 202       20
Rovibration_vJ|0[1]         -Rovibration_vJ|5[0]             1.7958E-15  3.9230E-07   9.571E+03       2- 261       21
Rovibration_vJ|0[1]         -Rovibration_vJ|5[2]             2.6220E-15  1.1480E-07   9.561E+03       2- 263       22
Rovibration_vJ|0[1]         -Rovibration_vJ|6[0]             9.8144E-16  3.0490E-07   8.026E+03       2- 321       23
Rovibration_vJ|0[1]         -Rovibration_vJ|6[2]             1.8316E-15  1.1400E-07   8.019E+03       2- 324       24
Rovibration_vJ|0[1]         -Rovibration_vJ|7[0]             4.4161E-17  1.8440E-08   6.923E+03       2- 382       25
Rovibration_vJ|0[1]         -Rovibration_vJ|7[2]             8.3384E-17  6.9740E-09   6.917E+03       2- 384       26
Rovibration_vJ|0[1]         -Rovibration_vJ|8[0]             4.1521E-17  2.2360E-08   6.096E+03       2- 443       27
Rovibration_vJ|0[1]         -Rovibration_vJ|8[2]             8.3973E-17  9.0560E-09   6.092E+03       2- 445       28
Rovibration_vJ|0[1]         -Rovibration_vJ|9[0]             7.6397E-17  5.1410E-08   5.453E+03       2- 504       29
Rovibration_vJ|0[1]         -Rovibration_vJ|9[2]             1.5333E-16  2.0660E-08   5.450E+03       2- 506       30
Rovibration_vJ|0[1]         -Rovibration_vJ|10[0]            3.6905E-17  3.0270E-08   4.939E+03       2- 565       31
Rovibration_vJ|0[1]         -Rovibration_vJ|10[2]            7.4173E-17  1.2180E-08   4.937E+03       2- 567       32
Rovibration_vJ|0[2]         -Rovibration_vJ|0[3]             3.9392E-08  2.4970E-06   8.670E+06       3-   4       33
Rovibration_vJ|0[2]         -Rovibration_vJ|1[1]             4.6371E-06  2.3510E+01   4.683E+04       3-  35       34
Rovibration_vJ|0[2]         -Rovibration_vJ|1[3]             7.0260E-06  1.5540E+01   4.641E+04       3-  38       35
Rovibration_vJ|0[2]         -Rovibration_vJ|2[1]             3.3892E-08  6.8130E-01   2.352E+04       3-  82       36
Rovibration_vJ|0[2]         -Rovibration_vJ|2[3]             5.2394E-08  4.5540E-01   2.341E+04       3-  85       37
Rovibration_vJ|0[2]         -Rovibration_vJ|3[1]             1.9791E-10  8.8510E-03   1.577E+04       3- 140       38
Rovibration_vJ|0[2]         -Rovibration_vJ|3[3]             3.1613E-10  6.0950E-03   1.572E+04       3- 143       39
Rovibration_vJ|0[2]         -Rovibration_vJ|4[1]             6.3882E-13  5.0190E-05   1.190E+04       3- 201       40
Rovibration_vJ|0[2]         -Rovibration_vJ|4[3]             1.1322E-12  3.8290E-05   1.187E+04       3- 203       41
Rovibration_vJ|0[2]         -Rovibration_vJ|5[1]             2.3658E-15  2.8690E-07   9.575E+03       3- 262       42
Rovibration_vJ|0[2]         -Rovibration_vJ|5[3]             2.0937E-15  1.0920E-07   9.558E+03       3- 264       43
Rovibration_vJ|0[2]         -Rovibration_vJ|6[1]             1.2042E-15  2.0770E-07   8.028E+03       3- 323       44
Rovibration_vJ|0[2]         -Rovibration_vJ|6[3]             1.6092E-15  1.1930E-07   8.017E+03       3- 325       45
Rovibration_vJ|0[2]         -Rovibration_vJ|7[1]             5.4174E-17  1.2560E-08   6.925E+03       3- 383       46
Rovibration_vJ|0[2]         -Rovibration_vJ|7[3]             7.3838E-17  7.3550E-09   6.916E+03       3- 385       47
Rovibration_vJ|0[2]         -Rovibration_vJ|8[1]             4.9494E-17  1.4800E-08   6.097E+03       3- 444       48
Rovibration_vJ|0[2]         -Rovibration_vJ|8[3]             7.5651E-17  9.7160E-09   6.091E+03       3- 446       49
Rovibration_vJ|0[2]         -Rovibration_vJ|9[1]             9.1495E-17  3.4190E-08   5.454E+03       3- 505       50
Rovibration_vJ|0[2]         -Rovibration_vJ|9[3]             1.3804E-16  2.2150E-08   5.449E+03       3- 507       51
Rovibration_vJ|0[2]         -Rovibration_vJ|10[1]            4.4261E-17  2.0160E-08   4.940E+03       3- 566       52
Rovibration_vJ|0[2]         -Rovibration_vJ|10[3]            6.6942E-17  1.3090E-08   4.936E+03       3- 568       53
Rovibration_vJ|0[3]         -Rovibration_vJ|0[4]             4.9952E-08  6.1290E-06   6.503E+06       4-   5       54
Rovibration_vJ|0[3]         -Rovibration_vJ|1[2]             4.9585E-06  2.1040E+01   4.691E+04       4-  37       55
Rovibration_vJ|0[3]         -Rovibration_vJ|1[4]             6.7034E-06  1.6200E+01   4.633E+04       4-  39       56
Rovibration_vJ|0[3]         -Rovibration_vJ|2[2]             3.6098E-08  6.0840E-01   2.354E+04       4-  83       57
Rovibration_vJ|0[3]         -Rovibration_vJ|2[4]             5.0210E-08  4.7600E-01   2.339E+04       4-  86       58
Rovibration_vJ|0[3]         -Rovibration_vJ|3[2]             2.0941E-10  7.8570E-03   1.578E+04       4- 141       59
Rovibration_vJ|0[3]         -Rovibration_vJ|3[4]             3.0495E-10  6.4090E-03   1.571E+04       4- 144       60
Rovibration_vJ|0[3]         -Rovibration_vJ|4[2]             6.6145E-13  4.3610E-05   1.190E+04       4- 202       61
Rovibration_vJ|0[3]         -Rovibration_vJ|4[4]             1.1144E-12  4.1070E-05   1.186E+04       4- 205       62
Rovibration_vJ|0[3]         -Rovibration_vJ|5[2]             2.7686E-15  2.8180E-07   9.578E+03       4- 263       63
Rovibration_vJ|0[3]         -Rovibration_vJ|5[4]             1.7554E-15  9.9750E-08   9.555E+03       4- 266       64
Rovibration_vJ|0[3]         -Rovibration_vJ|6[2]             1.3192E-15  1.9100E-07   8.031E+03       4- 324       65
Rovibration_vJ|0[3]         -Rovibration_vJ|6[4]             1.4957E-15  1.2080E-07   8.015E+03       4- 326       66
Rovibration_vJ|0[3]         -Rovibration_vJ|7[2]             5.9394E-17  1.1560E-08   6.927E+03       4- 384       67
Rovibration_vJ|0[3]         -Rovibration_vJ|7[4]             6.9285E-17  7.5180E-09   6.915E+03       4- 387       68
Rovibration_vJ|0[3]         -Rovibration_vJ|8[2]             5.2620E-17  1.3210E-08   6.099E+03       4- 445       69
Rovibration_vJ|0[3]         -Rovibration_vJ|8[4]             7.2054E-17  1.0080E-08   6.090E+03       4- 447       70
Rovibration_vJ|0[3]         -Rovibration_vJ|9[2]             9.7788E-17  3.0680E-08   5.456E+03       4- 506       71
Rovibration_vJ|0[3]         -Rovibration_vJ|9[4]             1.3143E-16  2.2970E-08   5.448E+03       4- 508       72
Rovibration_vJ|0[3]         -Rovibration_vJ|10[2]            4.7433E-17  1.8140E-08   4.941E+03       4- 567       73
Rovibration_vJ|0[3]         -Rovibration_vJ|10[4]            6.3998E-17  1.3630E-08   4.936E+03       4- 569       74
Rovibration_vJ|0[4]         -Rovibration_vJ|0[5]             6.0600E-08  1.2220E-05   5.202E+06       5-   6       75
Rovibration_vJ|0[4]         -Rovibration_vJ|1[3]             5.1308E-06  1.9920E+01   4.700E+04       5-  38       76
Rovibration_vJ|0[4]         -Rovibration_vJ|1[5]             6.5271E-06  1.6650E+01   4.625E+04       5-  40       77
Rovibration_vJ|0[4]         -Rovibration_vJ|2[3]             3.7214E-08  5.7490E-01   2.356E+04       5-  85       78
Rovibration_vJ|0[4]         -Rovibration_vJ|2[5]             4.9114E-08  4.9060E-01   2.337E+04       5-  88       79
Rovibration_vJ|0[4]         -Rovibration_vJ|3[3]             2.1449E-10  7.3810E-03   1.579E+04       5- 143       80
Rovibration_vJ|0[4]         -Rovibration_vJ|3[5]             3.0025E-10  6.6450E-03   1.570E+04       5- 145       81
Rovibration_vJ|0[4]         -Rovibration_vJ|4[3]             6.6278E-13  4.0090E-05   1.191E+04       5- 203       82
Rovibration_vJ|0[4]         -Rovibration_vJ|4[5]             1.1191E-12  4.3420E-05   1.186E+04       5- 206       83
Rovibration_vJ|0[4]         -Rovibration_vJ|5[3]             3.1221E-15  2.9160E-07   9.582E+03       5- 264       84
Rovibration_vJ|0[4]         -Rovibration_vJ|5[5]             1.4868E-15  8.8930E-08   9.552E+03       5- 267       85
Rovibration_vJ|0[4]         -Rovibration_vJ|6[3]             1.3976E-15  1.8570E-07   8.034E+03       5- 325       86
Rovibration_vJ|0[4]         -Rovibration_vJ|6[5]             1.4189E-15  1.2060E-07   8.013E+03       5- 328       87
Rovibration_vJ|0[4]         -Rovibration_vJ|7[3]             6.3091E-17  1.1270E-08   6.929E+03       5- 385       88
Rovibration_vJ|0[4]         -Rovibration_vJ|7[5]             6.6479E-17  7.5910E-09   6.913E+03       5- 389       89
Rovibration_vJ|0[4]         -Rovibration_vJ|8[3]             5.4031E-17  1.2450E-08   6.101E+03       5- 446       90
Rovibration_vJ|0[4]         -Rovibration_vJ|8[5]             6.9902E-17  1.0290E-08   6.089E+03       5- 450       91
Rovibration_vJ|0[4]         -Rovibration_vJ|9[3]             1.0112E-16  2.9120E-08   5.457E+03       5- 507       92
Rovibration_vJ|0[4]         -Rovibration_vJ|9[5]             1.2774E-16  2.3490E-08   5.448E+03       5- 509       93
Rovibration_vJ|0[4]         -Rovibration_vJ|10[3]            4.9196E-17  1.7270E-08   4.943E+03       5- 568       94
Rovibration_vJ|0[4]         -Rovibration_vJ|10[5]            6.2431E-17  1.3990E-08   4.935E+03       5- 570       95
Rovibration_vJ|0[5]         -Rovibration_vJ|0[6]             7.1204E-08  2.1380E-05   4.336E+06       6-   7       96
Rovibration_vJ|0[5]         -Rovibration_vJ|1[4]             5.2382E-06  1.9260E+01   4.709E+04       6-  39       97
Rovibration_vJ|0[5]         -Rovibration_vJ|1[6]             6.4224E-06  1.7000E+01   4.618E+04       6-  41       98
Rovibration_vJ|0[5]         -Rovibration_vJ|2[4]             3.7838E-08  5.5460E-01   2.358E+04       6-  86       99
Rovibration_vJ|0[5]         -Rovibration_vJ|2[6]             4.8516E-08  5.0200E-01   2.336E+04       6-  89      100
Rovibration_vJ|0[5]         -Rovibration_vJ|3[4]             2.1666E-10  7.0780E-03   1.580E+04       6- 144      101
Rovibration_vJ|0[5]         -Rovibration_vJ|3[6]             2.9859E-10  6.8410E-03   1.570E+04       6- 147      102
Rovibration_vJ|0[5]         -Rovibration_vJ|4[4]             6.5494E-13  3.7620E-05   1.191E+04       6- 205      103
Rovibration_vJ|0[5]         -Rovibration_vJ|4[6]             1.1349E-12  4.5570E-05   1.186E+04       6- 208      104
Rovibration_vJ|0[5]         -Rovibration_vJ|5[4]             3.4585E-15  3.0680E-07   9.587E+03       6- 266      105
Rovibration_vJ|0[5]         -Rovibration_vJ|5[6]             1.2571E-15  7.7800E-08   9.550E+03       6- 268      106
Rovibration_vJ|0[5]         -Rovibration_vJ|6[4]             1.4602E-15  1.8430E-07   8.037E+03       6- 326      107
Rovibration_vJ|0[5]         -Rovibration_vJ|6[6]             1.3577E-15  1.1940E-07   8.011E+03       6- 329      108
Rovibration_vJ|0[5]         -Rovibration_vJ|7[4]             6.6177E-17  1.1230E-08   6.931E+03       6- 387      109
Rovibration_vJ|0[5]         -Rovibration_vJ|7[6]             6.4506E-17  7.6200E-09   6.912E+03       6- 390      110
Rovibration_vJ|0[5]         -Rovibration_vJ|8[4]             5.4680E-17  1.1970E-08   6.103E+03       6- 447      111
Rovibration_vJ|0[5]         -Rovibration_vJ|8[6]             6.8427E-17  1.0420E-08   6.088E+03       6- 451      112
Rovibration_vJ|0[5]         -Rovibration_vJ|9[4]             1.0307E-16  2.8200E-08   5.459E+03       6- 508      113
Rovibration_vJ|0[5]         -Rovibration_vJ|9[6]             1.2528E-16  2.3830E-08   5.447E+03       6- 512      114
Rovibration_vJ|0[5]         -Rovibration_vJ|10[4]            5.0370E-17  1.6800E-08   4.944E+03       6- 569      115
Rovibration_vJ|0[5]         -Rovibration_vJ|10[6]            6.1565E-17  1.4270E-08   4.935E+03       6- 572      116
Rovibration_vJ|0[6]         -Rovibration_vJ|0[7]             8.1787E-08  3.4230E-05   3.717E+06       7-   8      117
Rovibration_vJ|0[6]         -Rovibration_vJ|1[5]             5.3079E-06  1.8800E+01   4.718E+04       7-  40      118
Rovibration_vJ|0[6]         -Rovibration_vJ|1[7]             6.3526E-06  1.7280E+01   4.610E+04       7-  42      119
Rovibration_vJ|0[6]         -Rovibration_vJ|2[5]             3.8191E-08  5.4020E-01   2.361E+04       7-  88      120
Rovibration_vJ|0[6]         -Rovibration_vJ|2[7]             4.8189E-08  5.1150E-01   2.334E+04       7-  90      121
Rovibration_vJ|0[6]         -Rovibration_vJ|3[5]             2.1731E-10  6.8550E-03   1.581E+04       7- 145      122
Rovibration_vJ|0[6]         -Rovibration_vJ|3[7]             2.9856E-10  7.0130E-03   1.569E+04       7- 148      123
Rovibration_vJ|0[6]         -Rovibration_vJ|4[5]             6.4220E-13  3.5630E-05   1.192E+04       7- 206      124
Rovibration_vJ|0[6]         -Rovibration_vJ|4[7]             1.1569E-12  4.7610E-05   1.185E+04       7- 209      125
Rovibration_vJ|0[6]         -Rovibration_vJ|5[5]             3.7889E-15  3.2470E-07   9.591E+03       7- 267      126
Rovibration_vJ|0[6]         -Rovibration_vJ|5[7]             1.0542E-15  6.6860E-08   9.547E+03       7- 270      127
Rovibration_vJ|0[6]         -Rovibration_vJ|6[5]             1.5138E-15  1.8460E-07   8.040E+03       7- 328      128
Rovibration_vJ|0[6]         -Rovibration_vJ|6[7]             1.3062E-15  1.1770E-07   8.010E+03       7- 331      129
Rovibration_vJ|0[6]         -Rovibration_vJ|7[5]             6.9036E-17  1.1320E-08   6.934E+03       7- 389      130
Rovibration_vJ|0[6]         -Rovibration_vJ|7[7]             6.3035E-17  7.6290E-09   6.911E+03       7- 391      131
Rovibration_vJ|0[6]         -Rovibration_vJ|8[5]             5.4837E-17  1.1600E-08   6.105E+03       7- 450      132
Rovibration_vJ|0[6]         -Rovibration_vJ|8[7]             6.7241E-17  1.0490E-08   6.087E+03       7- 452      133
Rovibration_vJ|0[6]         -Rovibration_vJ|9[5]             1.0427E-16  2.7570E-08   5.460E+03       7- 509      134
Rovibration_vJ|0[6]         -Rovibration_vJ|9[7]             1.2347E-16  2.4060E-08   5.447E+03       7- 513      135
Rovibration_vJ|0[6]         -Rovibration_vJ|10[5]            5.1190E-17  1.6500E-08   4.945E+03       7- 570      136
Rovibration_vJ|0[6]         -Rovibration_vJ|10[7]            6.1026E-17  1.4490E-08   4.934E+03       7- 574      137
Rovibration_vJ|0[7]         -Rovibration_vJ|0[8]             9.2284E-08  5.1350E-05   3.252E+06       8-   9      138
Rovibration_vJ|0[7]         -Rovibration_vJ|1[6]             5.3558E-06  1.8450E+01   4.727E+04       8-  41      139
Rovibration_vJ|0[7]         -Rovibration_vJ|1[8]             6.3056E-06  1.7520E+01   4.602E+04       8-  44      140
Rovibration_vJ|0[7]         -Rovibration_vJ|2[6]             3.8390E-08  5.2910E-01   2.363E+04       8-  89      141
Rovibration_vJ|0[7]         -Rovibration_vJ|2[8]             4.8027E-08  5.1980E-01   2.332E+04       8-  91      142
Rovibration_vJ|0[7]         -Rovibration_vJ|3[6]             2.1704E-10  6.6750E-03   1.582E+04       8- 147      143
Rovibration_vJ|0[7]         -Rovibration_vJ|3[8]             2.9953E-10  7.1700E-03   1.568E+04       8- 149      144
Rovibration_vJ|0[7]         -Rovibration_vJ|4[6]             6.2690E-13  3.3920E-05   1.193E+04       8- 208      145
Rovibration_vJ|0[7]         -Rovibration_vJ|4[8]             1.1830E-12  4.9600E-05   1.185E+04       8- 210      146
Rovibration_vJ|0[7]         -Rovibration_vJ|5[6]             4.1200E-15  3.4440E-07   9.595E+03       8- 268      147
Rovibration_vJ|0[7]         -Rovibration_vJ|5[8]             8.7276E-16  5.6380E-08   9.545E+03       8- 271      148
Rovibration_vJ|0[7]         -Rovibration_vJ|6[6]             1.5619E-15  1.8580E-07   8.043E+03       8- 329      149
Rovibration_vJ|0[7]         -Rovibration_vJ|6[8]             1.2608E-15  1.1570E-07   8.008E+03       8- 332      150
Rovibration_vJ|0[7]         -Rovibration_vJ|7[6]             7.1762E-17  1.1480E-08   6.936E+03       8- 390      151
Rovibration_vJ|0[7]         -Rovibration_vJ|7[8]             6.1898E-17  7.6290E-09   6.910E+03       8- 393      152
Rovibration_vJ|0[7]         -Rovibration_vJ|8[6]             5.4702E-17  1.1290E-08   6.107E+03       8- 451      153
Rovibration_vJ|0[7]         -Rovibration_vJ|8[8]             6.6221E-17  1.0520E-08   6.087E+03       8- 454      154
Rovibration_vJ|0[7]         -Rovibration_vJ|9[6]             1.0497E-16  2.7080E-08   5.462E+03       8- 512      155
Rovibration_vJ|0[7]         -Rovibration_vJ|9[8]             1.2206E-16  2.4220E-08   5.446E+03       8- 514      156
Rovibration_vJ|0[7]         -Rovibration_vJ|10[6]            5.1857E-17  1.6310E-08   4.947E+03       8- 572      157
Rovibration_vJ|0[7]         -Rovibration_vJ|10[8]            6.0763E-17  1.4690E-08   4.934E+03       8- 575      158
Rovibration_vJ|0[8]         -Rovibration_vJ|0[9]             1.0267E-07  7.3300E-05   2.891E+06       9-  10      159
Rovibration_vJ|0[8]         -Rovibration_vJ|1[7]             5.3908E-06  1.8170E+01   4.736E+04       9-  42      160
Rovibration_vJ|0[8]         -Rovibration_vJ|1[9]             6.2690E-06  1.7720E+01   4.595E+04       9-  45      161
Rovibration_vJ|0[8]         -Rovibration_vJ|2[7]             3.8492E-08  5.2000E-01   2.366E+04       9-  90      162
Rovibration_vJ|0[8]         -Rovibration_vJ|2[9]             4.7974E-08  5.2730E-01   2.330E+04       9-  93      163
Rovibration_vJ|0[8]         -Rovibration_vJ|3[7]             2.1619E-10  6.5210E-03   1.583E+04       9- 148      164
Rovibration_vJ|0[8]         -Rovibration_vJ|3[9]             3.0117E-10  7.3170E-03   1.567E+04       9- 152      165
Rovibration_vJ|0[8]         -Rovibration_vJ|4[7]             6.1016E-13  3.2390E-05   1.193E+04       9- 209      166
Rovibration_vJ|0[8]         -Rovibration_vJ|4[9]             1.2122E-12  5.1570E-05   1.184E+04       9- 212      167
Rovibration_vJ|0[8]         -Rovibration_vJ|5[7]             4.4535E-15  3.6530E-07   9.600E+03       9- 270      168
Rovibration_vJ|0[8]         -Rovibration_vJ|5[9]             7.1016E-16  4.6540E-08   9.543E+03       9- 273      169
Rovibration_vJ|0[8]         -Rovibration_vJ|6[7]             1.6069E-15  1.8760E-07   8.047E+03       9- 331      170
Rovibration_vJ|0[8]         -Rovibration_vJ|6[9]             1.2182E-15  1.1340E-07   8.007E+03       9- 334      171
Rovibration_vJ|0[8]         -Rovibration_vJ|7[7]             7.4518E-17  1.1700E-08   6.939E+03       9- 391      172
Rovibration_vJ|0[8]         -Rovibration_vJ|7[9]             6.1012E-17  7.6270E-09   6.910E+03       9- 394      173
Rovibration_vJ|0[8]         -Rovibration_vJ|8[7]             5.4300E-17  1.1000E-08   6.109E+03       9- 452      174
Rovibration_vJ|0[8]         -Rovibration_vJ|8[9]             6.5232E-17  1.0510E-08   6.086E+03       9- 455      175
Rovibration_vJ|0[8]         -Rovibration_vJ|9[7]             1.0536E-16  2.6680E-08   5.464E+03       9- 513      176
Rovibration_vJ|0[8]         -Rovibration_vJ|9[9]             1.2086E-16  2.4320E-08   5.446E+03       9- 516      177
Rovibration_vJ|0[8]         -Rovibration_vJ|10[7]            5.2408E-17  1.6180E-08   4.948E+03       9- 574      178
Rovibration_vJ|0[8]         -Rovibration_vJ|10[9]            6.0652E-17  1.4870E-08   4.934E+03       9- 577      179
Rovibration_vJ|0[9]         -Rovibration_vJ|0[10]            1.1289E-07  1.0060E-04   2.602E+06      10-  11      180
Rovibration_vJ|0[9]         -Rovibration_vJ|1[8]             5.4154E-06  1.7930E+01   4.745E+04      10-  44      181
Rovibration_vJ|0[9]         -Rovibration_vJ|1[10]            6.2459E-06  1.7910E+01   4.588E+04      10-  46      182
Rovibration_vJ|0[9]         -Rovibration_vJ|2[8]             3.8519E-08  5.1210E-01   2.368E+04      10-  91      183
Rovibration_vJ|0[9]         -Rovibration_vJ|2[10]            4.7993E-08  5.3420E-01   2.328E+04      10-  94      184
Rovibration_vJ|0[9]         -Rovibration_vJ|3[8]             2.1500E-10  6.3860E-03   1.584E+04      10- 149      185
Rovibration_vJ|0[9]         -Rovibration_vJ|3[10]            3.0331E-10  7.4580E-03   1.567E+04      10- 153      186
Rovibration_vJ|0[9]         -Rovibration_vJ|4[8]             5.9268E-13  3.0990E-05   1.194E+04      10- 210      187
Rovibration_vJ|0[9]         -Rovibration_vJ|4[10]            1.2437E-12  5.3530E-05   1.184E+04      10- 214      188
Rovibration_vJ|0[9]         -Rovibration_vJ|5[8]             4.7915E-15  3.8720E-07   9.605E+03      10- 271      189
Rovibration_vJ|0[9]         -Rovibration_vJ|5[10]            5.6490E-16  3.7450E-08   9.541E+03      10- 275      190
Rovibration_vJ|0[9]         -Rovibration_vJ|6[8]             1.6500E-15  1.8980E-07   8.050E+03      10- 332      191
Rovibration_vJ|0[9]         -Rovibration_vJ|6[10]            1.1778E-15  1.1090E-07   8.006E+03      10- 335      192
Rovibration_vJ|0[9]         -Rovibration_vJ|7[8]             7.7241E-17  1.1950E-08   6.942E+03      10- 393      193
Rovibration_vJ|0[9]         -Rovibration_vJ|7[10]            6.0324E-17  7.6270E-09   6.909E+03      10- 396      194
Rovibration_vJ|0[9]         -Rovibration_vJ|8[8]             5.3750E-17  1.0730E-08   6.111E+03      10- 454      195
Rovibration_vJ|0[9]         -Rovibration_vJ|8[10]            6.4317E-17  1.0480E-08   6.086E+03      10- 457      196
Rovibration_vJ|0[9]         -Rovibration_vJ|9[8]             1.0551E-16  2.6330E-08   5.466E+03      10- 514      197
Rovibration_vJ|0[9]         -Rovibration_vJ|9[10]            1.1980E-16  2.4380E-08   5.446E+03      10- 518      198
Rovibration_vJ|0[9]         -Rovibration_vJ|10[8]            5.2915E-17  1.6100E-08   4.950E+03      10- 575      199
Rovibration_vJ|0[9]         -Rovibration_vJ|10[10]           6.0623E-17  1.5030E-08   4.934E+03      10- 579      200
Rovibration_vJ|0[10]        -Rovibration_vJ|0[11]            1.2309E-07  1.3390E-04   2.366E+06      11-  12      201
Rovibration_vJ|0[10]        -Rovibration_vJ|1[9]             5.4303E-06  1.7710E+01   4.755E+04      11-  45      202
Rovibration_vJ|0[10]        -Rovibration_vJ|1[11]            6.2283E-06  1.8080E+01   4.580E+04      11-  47      203
Rovibration_vJ|0[10]        -Rovibration_vJ|2[9]             3.8500E-08  5.0510E-01   2.371E+04      11-  93      204
Rovibration_vJ|0[10]        -Rovibration_vJ|2[11]            4.8067E-08  5.4070E-01   2.327E+04      11-  96      205
Rovibration_vJ|0[10]        -Rovibration_vJ|3[9]             2.1351E-10  6.2620E-03   1.585E+04      11- 152      206
Rovibration_vJ|0[10]        -Rovibration_vJ|3[11]            3.0578E-10  7.5940E-03   1.566E+04      11- 155      207
Rovibration_vJ|0[10]        -Rovibration_vJ|4[9]             5.7488E-13  2.9690E-05   1.195E+04      11- 212      208
Rovibration_vJ|0[10]        -Rovibration_vJ|4[11]            1.2773E-12  5.5510E-05   1.184E+04      11- 215      209
Rovibration_vJ|0[10]        -Rovibration_vJ|5[9]             5.1346E-15  4.0990E-07   9.610E+03      11- 273      210
Rovibration_vJ|0[10]        -Rovibration_vJ|5[11]            4.3630E-16  2.9200E-08   9.539E+03      11- 276      211
Rovibration_vJ|0[10]        -Rovibration_vJ|6[9]             1.6921E-15  1.9230E-07   8.054E+03      11- 334      212
Rovibration_vJ|0[10]        -Rovibration_vJ|6[11]            1.1406E-15  1.0840E-07   8.005E+03      11- 337      213
Rovibration_vJ|0[10]        -Rovibration_vJ|7[9]             8.0069E-17  1.2240E-08   6.945E+03      11- 394      214
Rovibration_vJ|0[10]        -Rovibration_vJ|7[11]            5.9799E-17  7.6310E-09   6.908E+03      11- 398      215
Rovibration_vJ|0[10]        -Rovibration_vJ|8[9]             5.3026E-17  1.0460E-08   6.113E+03      11- 455      216
Rovibration_vJ|0[10]        -Rovibration_vJ|8[11]            6.3363E-17  1.0420E-08   6.086E+03      11- 458      217
Rovibration_vJ|0[10]        -Rovibration_vJ|9[9]             1.0543E-16  2.6000E-08   5.468E+03      11- 516      218
Rovibration_vJ|0[10]        -Rovibration_vJ|9[11]            1.1881E-16  2.4400E-08   5.446E+03      11- 519      219
Rovibration_vJ|0[10]        -Rovibration_vJ|10[9]            5.3346E-17  1.6040E-08   4.952E+03      11- 577      220
Rovibration_vJ|0[10]        -Rovibration_vJ|10[11]           6.0713E-17  1.5190E-08   4.934E+03      11- 580      221
Rovibration_vJ|0[11]        -Rovibration_vJ|0[12]            1.3304E-07  1.7350E-04   2.169E+06      12-  13      222
Rovibration_vJ|0[11]        -Rovibration_vJ|1[10]            5.4428E-06  1.7520E+01   4.764E+04      12-  46      223
Rovibration_vJ|0[11]        -Rovibration_vJ|1[12]            6.2164E-06  1.8240E+01   4.573E+04      12-  49      224
Rovibration_vJ|0[11]        -Rovibration_vJ|2[10]            3.8450E-08  4.9880E-01   2.373E+04      12-  94      225
Rovibration_vJ|0[11]        -Rovibration_vJ|2[12]            4.8175E-08  5.4680E-01   2.325E+04      12-  98      226
Rovibration_vJ|0[11]        -Rovibration_vJ|3[10]            2.1187E-10  6.1480E-03   1.587E+04      12- 153      227
Rovibration_vJ|0[11]        -Rovibration_vJ|3[12]            3.0857E-10  7.7280E-03   1.565E+04      12- 157      228
Rovibration_vJ|0[11]        -Rovibration_vJ|4[10]            5.5681E-13  2.8460E-05   1.196E+04      12- 214      229
Rovibration_vJ|0[11]        -Rovibration_vJ|4[12]            1.3124E-12  5.7500E-05   1.183E+04      12- 218      230
Rovibration_vJ|0[11]        -Rovibration_vJ|5[10]            5.4833E-15  4.3330E-07   9.615E+03      12- 275      231
Rovibration_vJ|0[11]        -Rovibration_vJ|5[12]            3.2420E-16  2.1870E-08   9.538E+03      12- 278      232
Rovibration_vJ|0[11]        -Rovibration_vJ|6[10]            1.7323E-15  1.9490E-07   8.058E+03      12- 335      233
Rovibration_vJ|0[11]        -Rovibration_vJ|6[12]            1.1035E-15  1.0570E-07   8.004E+03      12- 339      234
Rovibration_vJ|0[11]        -Rovibration_vJ|7[10]            8.3053E-17  1.2570E-08   6.948E+03      12- 396      235
Rovibration_vJ|0[11]        -Rovibration_vJ|7[12]            5.9425E-17  7.6420E-09   6.908E+03      12- 399      236
Rovibration_vJ|0[11]        -Rovibration_vJ|8[10]            5.2224E-17  1.0200E-08   6.116E+03      12- 457      237
Rovibration_vJ|0[11]        -Rovibration_vJ|8[12]            6.2337E-17  1.0330E-08   6.085E+03      12- 460      238
Rovibration_vJ|0[11]        -Rovibration_vJ|9[10]            1.0525E-16  2.5700E-08   5.470E+03      12- 518      239
Rovibration_vJ|0[11]        -Rovibration_vJ|9[12]            1.1791E-16  2.4400E-08   5.446E+03      12- 521      240
Rovibration_vJ|0[11]        -Rovibration_vJ|10[10]           5.3739E-17  1.6000E-08   4.953E+03      12- 579      241
Rovibration_vJ|0[11]        -Rovibration_vJ|10[12]           6.0851E-17  1.5340E-08   4.934E+03      12- 581      242
Rovibration_vJ|0[12]        -Rovibration_vJ|0[13]            1.4287E-07  2.2000E-04   2.003E+06      13-  14      243
Rovibration_vJ|0[12]        -Rovibration_vJ|1[11]            5.4530E-06  1.7350E+01   4.774E+04      13-  47      244
Rovibration_vJ|0[12]        -Rovibration_vJ|1[13]            6.2049E-06  1.8380E+01   4.566E+04      13-  50      245
Rovibration_vJ|0[12]        -Rovibration_vJ|2[11]            3.8369E-08  4.9290E-01   2.376E+04      13-  96      246
Rovibration_vJ|0[12]        -Rovibration_vJ|2[13]            4.8317E-08  5.5270E-01   2.324E+04      13-  99      247
Rovibration_vJ|0[12]        -Rovibration_vJ|3[11]            2.1010E-10  6.0410E-03   1.588E+04      13- 155      248
Rovibration_vJ|0[12]        -Rovibration_vJ|3[13]            3.1156E-10  7.8590E-03   1.565E+04      13- 158      249
Rovibration_vJ|0[12]        -Rovibration_vJ|4[11]            5.3887E-13  2.7300E-05   1.196E+04      13- 215      250
Rovibration_vJ|0[12]        -Rovibration_vJ|4[13]            1.3492E-12  5.9520E-05   1.183E+04      13- 219      251
Rovibration_vJ|0[12]        -Rovibration_vJ|5[11]            5.8389E-15  4.5740E-07   9.620E+03      13- 276      252
Rovibration_vJ|0[12]        -Rovibration_vJ|5[13]            2.2838E-16  1.5510E-08   9.536E+03      13- 280      253
Rovibration_vJ|0[12]        -Rovibration_vJ|6[11]            1.7723E-15  1.9770E-07   8.062E+03      13- 337      254
Rovibration_vJ|0[12]        -Rovibration_vJ|6[13]            1.0683E-15  1.0300E-07   8.003E+03      13- 341      255
Rovibration_vJ|0[12]        -Rovibration_vJ|7[11]            8.6094E-17  1.2920E-08   6.951E+03      13- 398      256
Rovibration_vJ|0[12]        -Rovibration_vJ|7[13]            5.9171E-17  7.6590E-09   6.908E+03      13- 402      257
Rovibration_vJ|0[12]        -Rovibration_vJ|8[11]            5.1277E-17  9.9310E-09   6.118E+03      13- 458      258
Rovibration_vJ|0[12]        -Rovibration_vJ|8[13]            6.1337E-17  1.0230E-08   6.085E+03      13- 463      259
Rovibration_vJ|0[12]        -Rovibration_vJ|9[11]            1.0494E-16  2.5410E-08   5.472E+03      13- 519      260
Rovibration_vJ|0[12]        -Rovibration_vJ|9[13]            1.1697E-16  2.4360E-08   5.446E+03      13- 524      261
Rovibration_vJ|0[12]        -Rovibration_vJ|10[11]           5.4156E-17  1.5990E-08   4.955E+03      13- 580      262
Rovibration_vJ|0[12]        -Rovibration_vJ|10[13]           6.1017E-17  1.5480E-08   4.934E+03      13- 584      263
Rovibration_vJ|0[13]        -Rovibration_vJ|0[14]            1.5253E-07  2.7380E-04   1.860E+06      14-  15      264
Rovibration_vJ|0[13]        -Rovibration_vJ|1[12]            5.4596E-06  1.7190E+01   4.783E+04      14-  49      265
Rovibration_vJ|0[13]        -Rovibration_vJ|1[14]            6.1989E-06  1.8520E+01   4.559E+04      14-  51      266
Rovibration_vJ|0[13]        -Rovibration_vJ|2[12]            3.8270E-08  4.8740E-01   2.378E+04      14-  98      267
Rovibration_vJ|0[13]        -Rovibration_vJ|2[14]            4.8492E-08  5.5850E-01   2.322E+04      14- 100      268
Rovibration_vJ|0[13]        -Rovibration_vJ|3[12]            2.0822E-10  5.9390E-03   1.589E+04      14- 157      269
Rovibration_vJ|0[13]        -Rovibration_vJ|3[14]            3.1474E-10  7.9890E-03   1.564E+04      14- 160      270
Rovibration_vJ|0[13]        -Rovibration_vJ|4[12]            5.2118E-13  2.6200E-05   1.197E+04      14- 218      271
Rovibration_vJ|0[13]        -Rovibration_vJ|4[14]            1.3873E-12  6.1570E-05   1.183E+04      14- 220      272
Rovibration_vJ|0[13]        -Rovibration_vJ|5[12]            6.1996E-15  4.8200E-07   9.626E+03      14- 278      273
Rovibration_vJ|0[13]        -Rovibration_vJ|5[14]            1.4889E-16  1.0170E-08   9.535E+03      14- 281      274
Rovibration_vJ|0[13]        -Rovibration_vJ|6[12]            1.8109E-15  2.0050E-07   8.066E+03      14- 339      275
Rovibration_vJ|0[13]        -Rovibration_vJ|6[14]            1.0334E-15  1.0020E-07   8.003E+03      14- 342      276
Rovibration_vJ|0[13]        -Rovibration_vJ|7[12]            8.9214E-17  1.3290E-08   6.954E+03      14- 399      277
Rovibration_vJ|0[13]        -Rovibration_vJ|7[14]            5.9043E-17  7.6850E-09   6.907E+03      14- 403      278
Rovibration_vJ|0[13]        -Rovibration_vJ|8[12]            5.0238E-17  9.6590E-09   6.121E+03      14- 460      279
Rovibration_vJ|0[13]        -Rovibration_vJ|8[14]            6.0286E-17  1.0110E-08   6.085E+03      14- 464      280
Rovibration_vJ|0[13]        -Rovibration_vJ|9[12]            1.0450E-16  2.5120E-08   5.474E+03      14- 521      281
Rovibration_vJ|0[13]        -Rovibration_vJ|9[14]            1.1605E-16  2.4300E-08   5.446E+03      14- 525      282
Rovibration_vJ|0[13]        -Rovibration_vJ|10[12]           5.4514E-17  1.5980E-08   4.957E+03      14- 581      283
Rovibration_vJ|0[13]        -Rovibration_vJ|10[14]           6.1238E-17  1.5620E-08   4.934E+03      14- 586      284
Rovibration_vJ|0[14]        -Rovibration_vJ|0[15]            1.6200E-07  3.3530E-04   1.736E+06      15-  16      285
Rovibration_vJ|0[14]        -Rovibration_vJ|1[13]            5.4610E-06  1.7030E+01   4.793E+04      15-  50      286
Rovibration_vJ|0[14]        -Rovibration_vJ|1[15]            6.1973E-06  1.8660E+01   4.552E+04      15-  53      287
Rovibration_vJ|0[14]        -Rovibration_vJ|2[13]            3.8156E-08  4.8220E-01   2.381E+04      15-  99      288
Rovibration_vJ|0[14]        -Rovibration_vJ|2[15]            4.8683E-08  5.6410E-01   2.321E+04      15- 103      289
Rovibration_vJ|0[14]        -Rovibration_vJ|3[13]            2.0629E-10  5.8420E-03   1.591E+04      15- 158      290
Rovibration_vJ|0[14]        -Rovibration_vJ|3[15]            3.1812E-10  8.1190E-03   1.564E+04      15- 163      291
Rovibration_vJ|0[14]        -Rovibration_vJ|4[13]            5.0353E-13  2.5140E-05   1.198E+04      15- 219      292
Rovibration_vJ|0[14]        -Rovibration_vJ|4[15]            1.4270E-12  6.3660E-05   1.183E+04      15- 224      293
Rovibration_vJ|0[14]        -Rovibration_vJ|5[13]            6.5674E-15  5.0720E-07   9.632E+03      15- 280      294
Rovibration_vJ|0[14]        -Rovibration_vJ|5[15]            8.6076E-17  5.9090E-09   9.534E+03      15- 284      295
Rovibration_vJ|0[14]        -Rovibration_vJ|6[13]            1.8491E-15  2.0340E-07   8.070E+03      15- 341      296
Rovibration_vJ|0[14]        -Rovibration_vJ|6[15]            9.9991E-16  9.7430E-08   8.002E+03      15- 345      297
Rovibration_vJ|0[14]        -Rovibration_vJ|7[13]            9.2564E-17  1.3700E-08   6.957E+03      15- 402      298
Rovibration_vJ|0[14]        -Rovibration_vJ|7[15]            5.9020E-17  7.7190E-09   6.907E+03      15- 405      299
Rovibration_vJ|0[14]        -Rovibration_vJ|8[13]            4.9112E-17  9.3820E-09   6.124E+03      15- 463      300
Rovibration_vJ|0[14]        -Rovibration_vJ|8[15]            5.9147E-17  9.9660E-09   6.085E+03      15- 466      301
Rovibration_vJ|0[14]        -Rovibration_vJ|9[13]            1.0395E-16  2.4830E-08   5.477E+03      15- 524      302
Rovibration_vJ|0[14]        -Rovibration_vJ|9[15]            1.1508E-16  2.4210E-08   5.446E+03      15- 526      303
Rovibration_vJ|0[14]        -Rovibration_vJ|10[13]           5.4895E-17  1.5990E-08   4.959E+03      15- 584      304
Rovibration_vJ|0[14]        -Rovibration_vJ|10[15]           6.1501E-17  1.5760E-08   4.935E+03      15- 587      305
Rovibration_vJ|0[15]        -Rovibration_vJ|0[16]            1.7125E-07  4.0480E-04   1.628E+06      16-  17      306
Rovibration_vJ|0[15]        -Rovibration_vJ|1[14]            5.4646E-06  1.6890E+01   4.803E+04      16-  51      307
Rovibration_vJ|0[15]        -Rovibration_vJ|1[16]            6.1961E-06  1.8790E+01   4.546E+04      16-  54      308
Rovibration_vJ|0[15]        -Rovibration_vJ|2[14]            3.8028E-08  4.7720E-01   2.384E+04      16- 100      309
Rovibration_vJ|0[15]        -Rovibration_vJ|2[16]            4.8883E-08  5.6950E-01   2.319E+04      16- 104      310
Rovibration_vJ|0[15]        -Rovibration_vJ|3[14]            2.0432E-10  5.7490E-03   1.592E+04      16- 160      311
Rovibration_vJ|0[15]        -Rovibration_vJ|3[16]            3.2161E-10  8.2480E-03   1.563E+04      16- 164      312
Rovibration_vJ|0[15]        -Rovibration_vJ|4[14]            4.8609E-13  2.4120E-05   1.199E+04      16- 220      313
Rovibration_vJ|0[15]        -Rovibration_vJ|4[16]            1.4681E-12  6.5790E-05   1.182E+04      16- 225      314
Rovibration_vJ|0[15]        -Rovibration_vJ|5[14]            6.9403E-15  5.3280E-07   9.637E+03      16- 281      315
Rovibration_vJ|0[15]        -Rovibration_vJ|5[16]            4.0117E-17  2.7660E-09   9.533E+03      16- 286      316
Rovibration_vJ|0[15]        -Rovibration_vJ|6[14]            1.8874E-15  2.0640E-07   8.075E+03      16- 342      317
Rovibration_vJ|0[15]        -Rovibration_vJ|6[16]            9.6685E-16  9.4610E-08   8.002E+03      16- 347      318
Rovibration_vJ|0[15]        -Rovibration_vJ|7[14]            9.6022E-17  1.4130E-08   6.961E+03      16- 403      319
Rovibration_vJ|0[15]        -Rovibration_vJ|7[16]            5.9111E-17  7.7630E-09   6.907E+03      16- 408      320
Rovibration_vJ|0[15]        -Rovibration_vJ|8[14]            4.7909E-17  9.1000E-09   6.127E+03      16- 464      321
Rovibration_vJ|0[15]        -Rovibration_vJ|8[16]            5.7978E-17  9.8090E-09   6.086E+03      16- 469      322
Rovibration_vJ|0[15]        -Rovibration_vJ|9[14]            1.0328E-16  2.4530E-08   5.479E+03      16- 525      323
Rovibration_vJ|0[15]        -Rovibration_vJ|9[16]            1.1409E-16  2.4100E-08   5.446E+03      16- 529      324
Rovibration_vJ|0[15]        -Rovibration_vJ|10[14]           5.5239E-17  1.6000E-08   4.962E+03      16- 586      325
Rovibration_vJ|0[15]        -Rovibration_vJ|10[16]           6.1800E-17  1.5900E-08   4.935E+03      16- 589      326
Rovibration_vJ|0[16]        -Rovibration_vJ|0[17]            1.8030E-07  4.8270E-04   1.533E+06      17-  18      327
Rovibration_vJ|0[16]        -Rovibration_vJ|1[15]            5.4616E-06  1.6740E+01   4.813E+04      17-  53      328
Rovibration_vJ|0[16]        -Rovibration_vJ|1[17]            6.1946E-06  1.8910E+01   4.539E+04      17-  56      329
Rovibration_vJ|0[16]        -Rovibration_vJ|2[15]            3.7899E-08  4.7250E-01   2.386E+04      17- 103      330
Rovibration_vJ|0[16]        -Rovibration_vJ|2[17]            4.9105E-08  5.7490E-01   2.318E+04      17- 106      331
Rovibration_vJ|0[16]        -Rovibration_vJ|3[15]            2.0231E-10  5.6590E-03   1.593E+04      17- 163      332
Rovibration_vJ|0[16]        -Rovibration_vJ|3[17]            3.2523E-10  8.3770E-03   1.563E+04      17- 166      333
Rovibration_vJ|0[16]        -Rovibration_vJ|4[15]            4.6915E-13  2.3150E-05   1.200E+04      17- 224      334
Rovibration_vJ|0[16]        -Rovibration_vJ|4[17]            1.5104E-12  6.7960E-05   1.182E+04      17- 227      335
Rovibration_vJ|0[16]        -Rovibration_vJ|5[15]            7.3198E-15  5.5890E-07   9.643E+03      17- 284      336
Rovibration_vJ|0[16]        -Rovibration_vJ|5[17]            1.1347E-17  7.8540E-10   9.532E+03      17- 288      337
Rovibration_vJ|0[16]        -Rovibration_vJ|6[15]            1.9260E-15  2.0950E-07   8.079E+03      17- 345      338
Rovibration_vJ|0[16]        -Rovibration_vJ|6[17]            9.3455E-16  9.1790E-08   8.002E+03      17- 348      339
Rovibration_vJ|0[16]        -Rovibration_vJ|7[15]            9.9599E-17  1.4580E-08   6.965E+03      17- 405      340
Rovibration_vJ|0[16]        -Rovibration_vJ|7[17]            5.9291E-17  7.8150E-09   6.908E+03      17- 409      341
Rovibration_vJ|0[16]        -Rovibration_vJ|8[15]            4.6627E-17  8.8110E-09   6.130E+03      17- 466      342
Rovibration_vJ|0[16]        -Rovibration_vJ|8[17]            5.6752E-17  9.6360E-09   6.086E+03      17- 470      343
Rovibration_vJ|0[16]        -Rovibration_vJ|9[15]            1.0258E-16  2.4240E-08   5.482E+03      17- 526      344
Rovibration_vJ|0[16]        -Rovibration_vJ|9[17]            1.1313E-16  2.3980E-08   5.447E+03      17- 531      345
Rovibration_vJ|0[16]        -Rovibration_vJ|10[15]           5.5589E-17  1.6020E-08   4.964E+03      17- 587      346
Rovibration_vJ|0[16]        -Rovibration_vJ|10[17]           6.2090E-17  1.6030E-08   4.936E+03      17- 592      347
Rovibration_vJ|0[17]        -Rovibration_vJ|0[18]            1.8910E-07  5.6920E-04   1.448E+06      18-  19      348
Rovibration_vJ|0[17]        -Rovibration_vJ|1[16]            5.4622E-06  1.6610E+01   4.823E+04      18-  54      349
Rovibration_vJ|0[17]        -Rovibration_vJ|1[18]            6.1956E-06  1.9030E+01   4.532E+04      18-  57      350
Rovibration_vJ|0[17]        -Rovibration_vJ|2[16]            3.7750E-08  4.6780E-01   2.389E+04      18- 104      351
Rovibration_vJ|0[17]        -Rovibration_vJ|2[18]            4.9346E-08  5.8030E-01   2.316E+04      18- 108      352
Rovibration_vJ|0[17]        -Rovibration_vJ|3[16]            2.0032E-10  5.5730E-03   1.595E+04      18- 164      353
Rovibration_vJ|0[17]        -Rovibration_vJ|3[18]            3.2896E-10  8.5060E-03   1.562E+04      18- 169      354
Rovibration_vJ|0[17]        -Rovibration_vJ|4[16]            4.5242E-13  2.2210E-05   1.200E+04      18- 225      355
Rovibration_vJ|0[17]        -Rovibration_vJ|4[18]            1.5540E-12  7.0170E-05   1.182E+04      18- 230      356
Rovibration_vJ|0[17]        -Rovibration_vJ|5[16]            7.7050E-15  5.8540E-07   9.650E+03      18- 286      357
Rovibration_vJ|0[17]        -Rovibration_vJ|5[18]            1.4528E-19  1.0090E-11   9.532E+03      18- 289      358
Rovibration_vJ|0[17]        -Rovibration_vJ|6[16]            1.9639E-15  2.1260E-07   8.084E+03      18- 347      359
Rovibration_vJ|0[17]        -Rovibration_vJ|6[18]            9.0278E-16  8.8960E-08   8.002E+03      18- 350      360
Rovibration_vJ|0[17]        -Rovibration_vJ|7[16]            1.0344E-16  1.5070E-08   6.968E+03      18- 408      361
Rovibration_vJ|0[17]        -Rovibration_vJ|7[18]            5.9571E-17  7.8770E-09   6.908E+03      18- 411      362
Rovibration_vJ|0[17]        -Rovibration_vJ|8[16]            4.5283E-17  8.5170E-09   6.133E+03      18- 469      363
Rovibration_vJ|0[17]        -Rovibration_vJ|8[18]            5.5477E-17  9.4490E-09   6.087E+03      18- 472      364
Rovibration_vJ|0[17]        -Rovibration_vJ|9[16]            1.0174E-16  2.3930E-08   5.484E+03      18- 529      365
Rovibration_vJ|0[17]        -Rovibration_vJ|9[18]            1.1207E-16  2.3830E-08   5.447E+03      18- 533      366
Rovibration_vJ|0[17]        -Rovibration_vJ|10[16]           5.5951E-17  1.6050E-08   4.966E+03      18- 589      367
Rovibration_vJ|0[17]        -Rovibration_vJ|10[18]           6.2404E-17  1.6160E-08   4.936E+03      18- 594      368
Rovibration_vJ|0[18]        -Rovibration_vJ|0[19]            1.9768E-07  6.6460E-04   1.372E+06      19-  20      369
Rovibration_vJ|0[18]        -Rovibration_vJ|1[17]            5.4604E-06  1.6480E+01   4.834E+04      19-  56      370
Rovibration_vJ|0[18]        -Rovibration_vJ|1[19]            6.1987E-06  1.9150E+01   4.526E+04      19-  59      371
Rovibration_vJ|0[18]        -Rovibration_vJ|2[17]            3.7607E-08  4.6340E-01   2.392E+04      19- 106      372
Rovibration_vJ|0[18]        -Rovibration_vJ|2[19]            4.9585E-08  5.8550E-01   2.315E+04      19- 110      373
Rovibration_vJ|0[18]        -Rovibration_vJ|3[17]            1.9830E-10  5.4890E-03   1.596E+04      19- 166      374
Rovibration_vJ|0[18]        -Rovibration_vJ|3[19]            3.3282E-10  8.6360E-03   1.562E+04      19- 171      375
Rovibration_vJ|0[18]        -Rovibration_vJ|4[17]            4.3616E-13  2.1310E-05   1.201E+04      19- 227      376
Rovibration_vJ|0[18]        -Rovibration_vJ|4[19]            1.5987E-12  7.2420E-05   1.182E+04      19- 232      377
Rovibration_vJ|0[18]        -Rovibration_vJ|5[17]            8.0960E-15  6.1230E-07   9.656E+03      19- 288      378
Rovibration_vJ|0[18]        -Rovibration_vJ|5[19]            6.9150E-18  4.8170E-10   9.531E+03      19- 293      379
Rovibration_vJ|0[18]        -Rovibration_vJ|6[17]            2.0015E-15  2.1570E-07   8.089E+03      19- 348      380
Rovibration_vJ|0[18]        -Rovibration_vJ|6[19]            8.7142E-16  8.6120E-08   8.002E+03      19- 353      381
Rovibration_vJ|0[18]        -Rovibration_vJ|7[17]            1.0734E-16  1.5570E-08   6.972E+03      19- 409      382
Rovibration_vJ|0[18]        -Rovibration_vJ|7[19]            5.9939E-17  7.9480E-09   6.908E+03      19- 414      383
Rovibration_vJ|0[18]        -Rovibration_vJ|8[17]            4.3877E-17  8.2170E-09   6.136E+03      19- 470      384
Rovibration_vJ|0[18]        -Rovibration_vJ|8[19]            5.4143E-17  9.2470E-09   6.087E+03      19- 474      385
Rovibration_vJ|0[18]        -Rovibration_vJ|9[17]            1.0085E-16  2.3620E-08   5.487E+03      19- 531      386
Rovibration_vJ|0[18]        -Rovibration_vJ|9[19]            1.1098E-16  2.3660E-08   5.448E+03      19- 535      387
Rovibration_vJ|0[18]        -Rovibration_vJ|10[17]           5.6294E-17  1.6080E-08   4.969E+03      19- 592      388
Rovibration_vJ|0[18]        -Rovibration_vJ|10[19]           6.2740E-17  1.6290E-08   4.937E+03      19- 595      389
Rovibration_vJ|0[19]        -Rovibration_vJ|0[20]            2.0599E-07  7.6900E-04   1.304E+06      20-  21      390
Rovibration_vJ|0[19]        -Rovibration_vJ|1[18]            5.4567E-06  1.6350E+01   4.844E+04      20-  57      391
Rovibration_vJ|0[19]        -Rovibration_vJ|1[20]            6.2004E-06  1.9260E+01   4.520E+04      20-  60      392
Rovibration_vJ|0[19]        -Rovibration_vJ|2[18]            3.7450E-08  4.5900E-01   2.395E+04      20- 108      393
Rovibration_vJ|0[19]        -Rovibration_vJ|2[20]            4.9838E-08  5.9070E-01   2.314E+04      20- 111      394
Rovibration_vJ|0[19]        -Rovibration_vJ|3[18]            1.9627E-10  5.4070E-03   1.598E+04      20- 169      395
Rovibration_vJ|0[19]        -Rovibration_vJ|3[20]            3.3680E-10  8.7670E-03   1.561E+04      20- 172      396
Rovibration_vJ|0[19]        -Rovibration_vJ|4[18]            4.2022E-13  2.0440E-05   1.202E+04      20- 230      397
Rovibration_vJ|0[19]        -Rovibration_vJ|4[20]            1.6449E-12  7.4730E-05   1.182E+04      20- 233      398
Rovibration_vJ|0[19]        -Rovibration_vJ|5[18]            8.4919E-15  6.3950E-07   9.662E+03      20- 289      399
Rovibration_vJ|0[19]        -Rovibration_vJ|5[20]            3.2098E-17  2.2420E-09   9.531E+03      20- 294      400
Rovibration_vJ|0[19]        -Rovibration_vJ|6[18]            2.0397E-15  2.1890E-07   8.094E+03      20- 350      401
Rovibration_vJ|0[19]        -Rovibration_vJ|6[20]            8.4073E-16  8.3300E-08   8.002E+03      20- 355      402
Rovibration_vJ|0[19]        -Rovibration_vJ|7[18]            1.1151E-16  1.6110E-08   6.976E+03      20- 411      403
Rovibration_vJ|0[19]        -Rovibration_vJ|7[20]            6.0392E-17  8.0280E-09   6.909E+03      20- 416      404
Rovibration_vJ|0[19]        -Rovibration_vJ|8[18]            4.2419E-17  7.9120E-09   6.140E+03      20- 472      405
Rovibration_vJ|0[19]        -Rovibration_vJ|8[20]            5.2756E-17  9.0320E-09   6.088E+03      20- 477      406
Rovibration_vJ|0[19]        -Rovibration_vJ|9[18]            9.9881E-17  2.3300E-08   5.490E+03      20- 533      407
Rovibration_vJ|0[19]        -Rovibration_vJ|9[20]            1.0982E-16  2.3470E-08   5.449E+03      20- 538      408
Rovibration_vJ|0[19]        -Rovibration_vJ|10[18]           5.6621E-17  1.6110E-08   4.971E+03      20- 594      409
Rovibration_vJ|0[19]        -Rovibration_vJ|10[20]           6.3056E-17  1.6410E-08   4.938E+03      20- 599      410
Rovibration_vJ|0[20]        -Rovibration_vJ|0[21]            2.1404E-07  8.8260E-04   1.242E+06      21-  22      411
Rovibration_vJ|0[20]        -Rovibration_vJ|1[19]            5.4512E-06  1.6220E+01   4.855E+04      21-  59      412
Rovibration_vJ|0[20]        -Rovibration_vJ|1[21]            6.2037E-06  1.9370E+01   4.513E+04      21-  62      413
Rovibration_vJ|0[20]        -Rovibration_vJ|2[19]            3.7297E-08  4.5480E-01   2.398E+04      21- 110      414
Rovibration_vJ|0[20]        -Rovibration_vJ|2[21]            5.0103E-08  5.9590E-01   2.312E+04      21- 114      415
Rovibration_vJ|0[20]        -Rovibration_vJ|3[19]            1.9424E-10  5.3270E-03   1.599E+04      21- 171      416
Rovibration_vJ|0[20]        -Rovibration_vJ|3[21]            3.4089E-10  8.8990E-03   1.561E+04      21- 175      417
Rovibration_vJ|0[20]        -Rovibration_vJ|4[19]            4.0464E-13  1.9600E-05   1.203E+04      21- 232      418
Rovibration_vJ|0[20]        -Rovibration_vJ|4[21]            1.6925E-12  7.7090E-05   1.182E+04      21- 236      419
Rovibration_vJ|0[20]        -Rovibration_vJ|5[19]            8.8940E-15  6.6710E-07   9.669E+03      21- 293      420
Rovibration_vJ|0[20]        -Rovibration_vJ|5[21]            7.6153E-17  5.3320E-09   9.531E+03      21- 297      421
Rovibration_vJ|0[20]        -Rovibration_vJ|6[19]            2.0766E-15  2.2200E-07   8.099E+03      21- 353      422
Rovibration_vJ|0[20]        -Rovibration_vJ|6[21]            8.1031E-16  8.0470E-08   8.003E+03      21- 358      423
Rovibration_vJ|0[20]        -Rovibration_vJ|7[19]            1.1583E-16  1.6670E-08   6.980E+03      21- 414      424
Rovibration_vJ|0[20]        -Rovibration_vJ|7[21]            6.0935E-17  8.1180E-09   6.909E+03      21- 418      425
Rovibration_vJ|0[20]        -Rovibration_vJ|8[19]            4.0905E-17  7.6010E-09   6.143E+03      21- 474      426
Rovibration_vJ|0[20]        -Rovibration_vJ|8[21]            5.1321E-17  8.8050E-09   6.089E+03      21- 478      427
Rovibration_vJ|0[20]        -Rovibration_vJ|9[19]            9.8833E-17  2.2970E-08   5.493E+03      21- 535      428
Rovibration_vJ|0[20]        -Rovibration_vJ|9[21]            1.0862E-16  2.3260E-08   5.450E+03      21- 539      429
Rovibration_vJ|0[20]        -Rovibration_vJ|10[19]           5.6900E-17  1.6130E-08   4.974E+03      21- 595      430
Rovibration_vJ|0[20]        -Rovibration_vJ|10[21]           6.3349E-17  1.6520E-08   4.939E+03      21- 600      431
Rovibration_vJ|0[21]        -Rovibration_vJ|0[22]            2.2172E-07  1.0050E-03   1.186E+06      22-  23      432
Rovibration_vJ|0[21]        -Rovibration_vJ|1[20]            5.4476E-06  1.6100E+01   4.865E+04      22-  60      433
Rovibration_vJ|0[21]        -Rovibration_vJ|1[22]            6.2083E-06  1.9480E+01   4.507E+04      22-  63      434
Rovibration_vJ|0[21]        -Rovibration_vJ|2[20]            3.7142E-08  4.5070E-01   2.401E+04      22- 111      435
Rovibration_vJ|0[21]        -Rovibration_vJ|2[22]            5.0378E-08  6.0110E-01   2.311E+04      22- 115      436
Rovibration_vJ|0[21]        -Rovibration_vJ|3[20]            1.9225E-10  5.2500E-03   1.601E+04      22- 172      437
Rovibration_vJ|0[21]        -Rovibration_vJ|3[22]            3.4504E-10  9.0310E-03   1.561E+04      22- 176      438
Rovibration_vJ|0[21]        -Rovibration_vJ|4[20]            3.8946E-13  1.8790E-05   1.204E+04      22- 233      439
Rovibration_vJ|0[21]        -Rovibration_vJ|4[22]            1.7411E-12  7.9490E-05   1.182E+04      22- 237      440
Rovibration_vJ|0[21]        -Rovibration_vJ|5[20]            9.3012E-15  6.9500E-07   9.676E+03      22- 294      441
Rovibration_vJ|0[21]        -Rovibration_vJ|5[22]            1.3958E-16  9.7940E-09   9.531E+03      22- 298      442
Rovibration_vJ|0[21]        -Rovibration_vJ|6[20]            2.1143E-15  2.2520E-07   8.104E+03      22- 355      443
Rovibration_vJ|0[21]        -Rovibration_vJ|6[22]            7.8042E-16  7.7660E-08   8.003E+03      22- 359      444
Rovibration_vJ|0[21]        -Rovibration_vJ|7[20]            1.2029E-16  1.7250E-08   6.985E+03      22- 416      445
Rovibration_vJ|0[21]        -Rovibration_vJ|7[22]            6.1558E-17  8.2170E-09   6.910E+03      22- 420      446
Rovibration_vJ|0[21]        -Rovibration_vJ|8[20]            3.9354E-17  7.2870E-09   6.147E+03      22- 477      447
Rovibration_vJ|0[21]        -Rovibration_vJ|8[22]            4.9834E-17  8.5660E-09   6.089E+03      22- 481      448
Rovibration_vJ|0[21]        -Rovibration_vJ|9[20]            9.7711E-17  2.2630E-08   5.496E+03      22- 538      449
Rovibration_vJ|0[21]        -Rovibration_vJ|9[22]            1.0735E-16  2.3030E-08   5.451E+03      22- 542      450
Rovibration_vJ|0[21]        -Rovibration_vJ|10[20]           5.7204E-17  1.6160E-08   4.976E+03      22- 599      451
Rovibration_vJ|0[21]        -Rovibration_vJ|10[22]           6.3658E-17  1.6630E-08   4.939E+03      22- 603      452
Rovibration_vJ|0[22]        -Rovibration_vJ|0[23]            2.2938E-07  1.1380E-03   1.135E+06      23-  24      453
Rovibration_vJ|0[22]        -Rovibration_vJ|1[21]            5.4394E-06  1.5970E+01   4.876E+04      23-  62      454
Rovibration_vJ|0[22]        -Rovibration_vJ|1[23]            6.2142E-06  1.9590E+01   4.501E+04      23-  65      455
Rovibration_vJ|0[22]        -Rovibration_vJ|2[21]            3.6978E-08  4.4660E-01   2.404E+04      23- 114      456
Rovibration_vJ|0[22]        -Rovibration_vJ|2[23]            5.0653E-08  6.0620E-01   2.310E+04      23- 118      457
Rovibration_vJ|0[22]        -Rovibration_vJ|3[21]            1.9025E-10  5.1740E-03   1.602E+04      23- 175      458
Rovibration_vJ|0[22]        -Rovibration_vJ|3[23]            3.4931E-10  9.1650E-03   1.560E+04      23- 179      459
Rovibration_vJ|0[22]        -Rovibration_vJ|4[21]            3.7472E-13  1.8010E-05   1.205E+04      23- 236      460
Rovibration_vJ|0[22]        -Rovibration_vJ|4[23]            1.7912E-12  8.1950E-05   1.181E+04      23- 240      461
Rovibration_vJ|0[22]        -Rovibration_vJ|5[21]            9.7137E-15  7.2320E-07   9.683E+03      23- 297      462
Rovibration_vJ|0[22]        -Rovibration_vJ|5[23]            2.2289E-16  1.5670E-08   9.531E+03      23- 301      463
Rovibration_vJ|0[22]        -Rovibration_vJ|6[21]            2.1519E-15  2.2840E-07   8.110E+03      23- 358      464
Rovibration_vJ|0[22]        -Rovibration_vJ|6[23]            7.5102E-16  7.4870E-08   8.004E+03      23- 361      465
Rovibration_vJ|0[22]        -Rovibration_vJ|7[21]            1.2497E-16  1.7860E-08   6.989E+03      23- 418      466
Rovibration_vJ|0[22]        -Rovibration_vJ|7[23]            6.2267E-17  8.3260E-09   6.911E+03      23- 422      467
Rovibration_vJ|0[22]        -Rovibration_vJ|8[21]            3.7758E-17  6.9680E-09   6.150E+03      23- 478      468
Rovibration_vJ|0[22]        -Rovibration_vJ|8[23]            4.8305E-17  8.3170E-09   6.090E+03      23- 483      469
Rovibration_vJ|0[22]        -Rovibration_vJ|9[21]            9.6519E-17  2.2280E-08   5.499E+03      23- 539      470
Rovibration_vJ|0[22]        -Rovibration_vJ|9[23]            1.0601E-16  2.2780E-08   5.452E+03      23- 543      471
Rovibration_vJ|0[22]        -Rovibration_vJ|10[21]           5.7498E-17  1.6190E-08   4.979E+03      23- 600      472
Rovibration_vJ|0[22]        -Rovibration_vJ|10[23]           6.3941E-17  1.6730E-08   4.940E+03      23- 604      473
Rovibration_vJ|0[23]        -Rovibration_vJ|0[24]            2.3648E-07  1.2790E-03   1.088E+06      24-  25      474
Rovibration_vJ|0[23]        -Rovibration_vJ|1[22]            5.4334E-06  1.5850E+01   4.887E+04      24-  63      475
Rovibration_vJ|0[23]        -Rovibration_vJ|1[24]            6.2212E-06  1.9700E+01   4.495E+04      24-  66      476
Rovibration_vJ|0[23]        -Rovibration_vJ|2[22]            3.6813E-08  4.4260E-01   2.407E+04      24- 115      477
Rovibration_vJ|0[23]        -Rovibration_vJ|2[24]            5.0937E-08  6.1130E-01   2.309E+04      24- 119      478
Rovibration_vJ|0[23]        -Rovibration_vJ|3[22]            1.8826E-10  5.1000E-03   1.604E+04      24- 176      479
Rovibration_vJ|0[23]        -Rovibration_vJ|3[24]            3.5367E-10  9.3000E-03   1.560E+04      24- 180      480
Rovibration_vJ|0[23]        -Rovibration_vJ|4[22]            3.6042E-13  1.7260E-05   1.206E+04      24- 237      481
Rovibration_vJ|0[23]        -Rovibration_vJ|4[24]            1.8425E-12  8.4460E-05   1.181E+04      24- 241      482
Rovibration_vJ|0[23]        -Rovibration_vJ|5[22]            1.0132E-14  7.5170E-07   9.690E+03      24- 298      483
Rovibration_vJ|0[23]        -Rovibration_vJ|5[24]            3.2658E-16  2.3000E-08   9.531E+03      24- 302      484
Rovibration_vJ|0[23]        -Rovibration_vJ|6[22]            2.1903E-15  2.3170E-07   8.115E+03      24- 359      485
Rovibration_vJ|0[23]        -Rovibration_vJ|6[24]            7.2197E-16  7.2090E-08   8.005E+03      24- 363      486
Rovibration_vJ|0[23]        -Rovibration_vJ|7[22]            1.2988E-16  1.8500E-08   6.993E+03      24- 420      487
Rovibration_vJ|0[23]        -Rovibration_vJ|7[24]            6.3046E-17  8.4430E-09   6.912E+03      24- 424      488
Rovibration_vJ|0[23]        -Rovibration_vJ|8[22]            3.6134E-17  6.6470E-09   6.154E+03      24- 481      489
Rovibration_vJ|0[23]        -Rovibration_vJ|8[24]            4.6733E-17  8.0580E-09   6.091E+03      24- 485      490
Rovibration_vJ|0[23]        -Rovibration_vJ|9[22]            9.5259E-17  2.1920E-08   5.502E+03      24- 542      491
Rovibration_vJ|0[23]        -Rovibration_vJ|9[24]            1.0465E-16  2.2520E-08   5.453E+03      24- 546      492
Rovibration_vJ|0[23]        -Rovibration_vJ|10[22]           5.7749E-17  1.6210E-08   4.982E+03      24- 603      493
Rovibration_vJ|0[23]        -Rovibration_vJ|10[24]           6.4236E-17  1.6830E-08   4.942E+03      24- 607      494
Rovibration_vJ|0[24]        -Rovibration_vJ|0[25]            2.4341E-07  1.4300E-03   1.044E+06      25-  26      495
Rovibration_vJ|0[24]        -Rovibration_vJ|1[23]            5.4265E-06  1.5730E+01   4.898E+04      25-  65      496
Rovibration_vJ|0[24]        -Rovibration_vJ|1[25]            6.2260E-06  1.9800E+01   4.489E+04      25-  68      497
Rovibration_vJ|0[24]        -Rovibration_vJ|2[23]            3.6651E-08  4.3870E-01   2.410E+04      25- 118      498
Rovibration_vJ|0[24]        -Rovibration_vJ|2[25]            5.1236E-08  6.1650E-01   2.308E+04      25- 122      499
Rovibration_vJ|0[24]        -Rovibration_vJ|3[23]            1.8628E-10  5.0270E-03   1.605E+04      25- 179      500
Rovibration_vJ|0[24]        -Rovibration_vJ|3[25]            3.5812E-10  9.4360E-03   1.560E+04      25- 183      501
Rovibration_vJ|0[24]        -Rovibration_vJ|4[23]            3.4639E-13  1.6530E-05   1.207E+04      25- 240      502
Rovibration_vJ|0[24]        -Rovibration_vJ|4[25]            1.8953E-12  8.7030E-05   1.181E+04      25- 244      503
Rovibration_vJ|0[24]        -Rovibration_vJ|5[23]            1.0555E-14  7.8050E-07   9.697E+03      25- 301      504
Rovibration_vJ|0[24]        -Rovibration_vJ|5[25]            4.5126E-16  3.1830E-08   9.532E+03      25- 304      505
Rovibration_vJ|0[24]        -Rovibration_vJ|6[23]            2.2277E-15  2.3490E-07   8.121E+03      25- 361      506
Rovibration_vJ|0[24]        -Rovibration_vJ|6[25]            6.9333E-16  6.9330E-08   8.006E+03      25- 365      507
Rovibration_vJ|0[24]        -Rovibration_vJ|7[23]            1.3500E-16  1.9170E-08   6.998E+03      25- 422      508
Rovibration_vJ|0[24]        -Rovibration_vJ|7[25]            6.3908E-17  8.5700E-09   6.913E+03      25- 426      509
Rovibration_vJ|0[24]        -Rovibration_vJ|8[23]            3.4484E-17  6.3240E-09   6.158E+03      25- 483      510
Rovibration_vJ|0[24]        -Rovibration_vJ|8[25]            4.5121E-17  7.7900E-09   6.093E+03      25- 487      511
Rovibration_vJ|0[24]        -Rovibration_vJ|9[23]            9.3936E-17  2.1550E-08   5.506E+03      25- 543      512
Rovibration_vJ|0[24]        -Rovibration_vJ|9[25]            1.0318E-16  2.2230E-08   5.454E+03      25- 548      513
Rovibration_vJ|0[24]        -Rovibration_vJ|10[23]           5.7958E-17  1.6220E-08   4.985E+03      25- 604      514
Rovibration_vJ|0[24]        -Rovibration_vJ|10[25]           6.4465E-17  1.6910E-08   4.943E+03      25- 609      515
Rovibration_vJ|0[25]        -Rovibration_vJ|0[26]            2.5001E-07  1.5900E-03   1.005E+06      26-  27      516
Rovibration_vJ|0[25]        -Rovibration_vJ|1[24]            5.4222E-06  1.5620E+01   4.909E+04      26-  66      517
Rovibration_vJ|0[25]        -Rovibration_vJ|1[26]            6.2316E-06  1.9900E+01   4.483E+04      26-  70      518
Rovibration_vJ|0[25]        -Rovibration_vJ|2[24]            3.6490E-08  4.3490E-01   2.414E+04      26- 119      519
Rovibration_vJ|0[25]        -Rovibration_vJ|2[26]            5.1534E-08  6.2160E-01   2.307E+04      26- 124      520
Rovibration_vJ|0[25]        -Rovibration_vJ|3[24]            1.8433E-10  4.9560E-03   1.607E+04      26- 180      521
Rovibration_vJ|0[25]        -Rovibration_vJ|3[26]            3.6264E-10  9.5730E-03   1.559E+04      26- 185      522
Rovibration_vJ|0[25]        -Rovibration_vJ|4[24]            3.3285E-13  1.5830E-05   1.208E+04      26- 241      523
Rovibration_vJ|0[25]        -Rovibration_vJ|4[26]            1.9495E-12  8.9660E-05   1.181E+04      26- 246      524
Rovibration_vJ|0[25]        -Rovibration_vJ|5[24]            1.0981E-14  8.0940E-07   9.705E+03      26- 302      525
Rovibration_vJ|0[25]        -Rovibration_vJ|5[26]            5.9744E-16  4.2200E-08   9.533E+03      26- 306      526
Rovibration_vJ|0[25]        -Rovibration_vJ|6[24]            2.2651E-15  2.3810E-07   8.127E+03      26- 363      527
Rovibration_vJ|0[25]        -Rovibration_vJ|6[26]            6.6508E-16  6.6590E-08   8.007E+03      26- 367      528
Rovibration_vJ|0[25]        -Rovibration_vJ|7[24]            1.4028E-16  1.9860E-08   7.003E+03      26- 424      529
Rovibration_vJ|0[25]        -Rovibration_vJ|7[26]            6.4838E-17  8.7050E-09   6.914E+03      26- 428      530
Rovibration_vJ|0[25]        -Rovibration_vJ|8[24]            3.2809E-17  5.9990E-09   6.162E+03      26- 485      531
Rovibration_vJ|0[25]        -Rovibration_vJ|8[26]            4.3474E-17  7.5140E-09   6.094E+03      26- 489      532
Rovibration_vJ|0[25]        -Rovibration_vJ|9[24]            9.2505E-17  2.1160E-08   5.509E+03      26- 546      533
Rovibration_vJ|0[25]        -Rovibration_vJ|9[26]            1.0168E-16  2.1930E-08   5.455E+03      26- 550      534
Rovibration_vJ|0[25]        -Rovibration_vJ|10[24]           5.8161E-17  1.6230E-08   4.988E+03      26- 607      535
Rovibration_vJ|0[25]        -Rovibration_vJ|10[26]           6.4666E-17  1.6980E-08   4.944E+03      26- 611      536
Rovibration_vJ|0[26]        -Rovibration_vJ|0[27]            2.5613E-07  1.7580E-03   9.677E+05      27-  28      537
Rovibration_vJ|0[26]        -Rovibration_vJ|1[25]            5.4136E-06  1.5500E+01   4.920E+04      27-  68      538
Rovibration_vJ|0[26]        -Rovibration_vJ|1[27]            6.2381E-06  2.0000E+01   4.478E+04      27-  71      539
Rovibration_vJ|0[26]        -Rovibration_vJ|2[25]            3.6324E-08  4.3110E-01   2.417E+04      27- 122      540
Rovibration_vJ|0[26]        -Rovibration_vJ|2[27]            5.1837E-08  6.2670E-01   2.306E+04      27- 126      541
Rovibration_vJ|0[26]        -Rovibration_vJ|3[25]            1.8242E-10  4.8870E-03   1.609E+04      27- 183      542
Rovibration_vJ|0[26]        -Rovibration_vJ|3[27]            3.6727E-10  9.7120E-03   1.559E+04      27- 187      543
Rovibration_vJ|0[26]        -Rovibration_vJ|4[25]            3.1982E-13  1.5160E-05   1.209E+04      27- 244      544
Rovibration_vJ|0[26]        -Rovibration_vJ|4[27]            2.0049E-12  9.2340E-05   1.181E+04      27- 247      545
Rovibration_vJ|0[26]        -Rovibration_vJ|5[25]            1.1414E-14  8.3870E-07   9.713E+03      27- 304      546
Rovibration_vJ|0[26]        -Rovibration_vJ|5[27]            7.6581E-16  5.4160E-08   9.533E+03      27- 308      547
Rovibration_vJ|0[26]        -Rovibration_vJ|6[25]            2.3034E-15  2.4140E-07   8.133E+03      27- 365      548
Rovibration_vJ|0[26]        -Rovibration_vJ|6[27]            6.3720E-16  6.3870E-08   8.008E+03      27- 369      549
Rovibration_vJ|0[26]        -Rovibration_vJ|7[25]            1.4573E-16  2.0570E-08   7.008E+03      27- 426      550
Rovibration_vJ|0[26]        -Rovibration_vJ|7[27]            6.5850E-17  8.8500E-09   6.916E+03      27- 430      551
Rovibration_vJ|0[26]        -Rovibration_vJ|8[25]            3.1115E-17  5.6730E-09   6.166E+03      27- 487      552
Rovibration_vJ|0[26]        -Rovibration_vJ|8[27]            4.1796E-17  7.2310E-09   6.095E+03      27- 491      553
Rovibration_vJ|0[26]        -Rovibration_vJ|9[25]            9.1057E-17  2.0770E-08   5.513E+03      27- 548      554
Rovibration_vJ|0[26]        -Rovibration_vJ|9[27]            1.0010E-16  2.1610E-08   5.457E+03      27- 552      555
Rovibration_vJ|0[26]        -Rovibration_vJ|10[25]           5.8324E-17  1.6230E-08   4.991E+03      27- 609      556
Rovibration_vJ|0[26]        -Rovibration_vJ|10[27]           6.4839E-17  1.7040E-08   4.945E+03      27- 613      557
Rovibration_vJ|0[27]        -Rovibration_vJ|0[28]            2.6212E-07  1.9360E-03   9.335E+05      28-  29      558
Rovibration_vJ|0[27]        -Rovibration_vJ|1[26]            5.4078E-06  1.5390E+01   4.932E+04      28-  70      559
Rovibration_vJ|0[27]        -Rovibration_vJ|1[28]            6.2453E-06  2.0100E+01   4.472E+04      28-  73      560
Rovibration_vJ|0[27]        -Rovibration_vJ|2[26]            3.6162E-08  4.2740E-01   2.420E+04      28- 124      561
Rovibration_vJ|0[27]        -Rovibration_vJ|2[28]            5.2146E-08  6.3180E-01   2.305E+04      28- 128      562
Rovibration_vJ|0[27]        -Rovibration_vJ|3[26]            1.8051E-10  4.8190E-03   1.610E+04      28- 185      563
Rovibration_vJ|0[27]        -Rovibration_vJ|3[28]            3.7197E-10  9.8520E-03   1.559E+04      28- 189      564
Rovibration_vJ|0[27]        -Rovibration_vJ|4[26]            3.0688E-13  1.4500E-05   1.210E+04      28- 246      565
Rovibration_vJ|0[27]        -Rovibration_vJ|4[28]            2.0617E-12  9.5080E-05   1.181E+04      28- 250      566
Rovibration_vJ|0[27]        -Rovibration_vJ|5[26]            1.1850E-14  8.6810E-07   9.721E+03      28- 306      567
Rovibration_vJ|0[27]        -Rovibration_vJ|5[28]            9.5691E-16  6.7750E-08   9.534E+03      28- 311      568
Rovibration_vJ|0[27]        -Rovibration_vJ|6[26]            2.3408E-15  2.4460E-07   8.139E+03      28- 367      569
Rovibration_vJ|0[27]        -Rovibration_vJ|6[28]            6.0976E-16  6.1180E-08   8.009E+03      28- 372      570
Rovibration_vJ|0[27]        -Rovibration_vJ|7[26]            1.5147E-16  2.1320E-08   7.013E+03      28- 428      571
Rovibration_vJ|0[27]        -Rovibration_vJ|7[28]            6.6921E-17  9.0020E-09   6.917E+03      28- 433      572
Rovibration_vJ|0[27]        -Rovibration_vJ|8[26]            2.9414E-17  5.3480E-09   6.170E+03      28- 489      573
Rovibration_vJ|0[27]        -Rovibration_vJ|8[28]            4.0092E-17  6.9420E-09   6.097E+03      28- 494      574
Rovibration_vJ|0[27]        -Rovibration_vJ|9[26]            8.9505E-17  2.0360E-08   5.516E+03      28- 550      575
Rovibration_vJ|0[27]        -Rovibration_vJ|9[28]            9.8454E-17  2.1270E-08   5.458E+03      28- 555      576
Rovibration_vJ|0[27]        -Rovibration_vJ|10[26]           5.8446E-17  1.6220E-08   4.994E+03      28- 611      577
Rovibration_vJ|0[27]        -Rovibration_vJ|10[28]           6.4943E-17  1.7080E-08   4.947E+03      28- 616      578
Rovibration_vJ|0[28]        -Rovibration_vJ|0[29]            2.6769E-07  2.1220E-03   9.016E+05      29-  30      579
Rovibration_vJ|0[28]        -Rovibration_vJ|1[27]            5.3980E-06  1.5270E+01   4.943E+04      29-  71      580
Rovibration_vJ|0[28]        -Rovibration_vJ|1[29]            6.2531E-06  2.0200E+01   4.466E+04      29-  75      581
Rovibration_vJ|0[28]        -Rovibration_vJ|2[27]            3.6004E-08  4.2380E-01   2.423E+04      29- 126      582
Rovibration_vJ|0[28]        -Rovibration_vJ|2[29]            5.2459E-08  6.3690E-01   2.304E+04      29- 131      583
Rovibration_vJ|0[28]        -Rovibration_vJ|3[27]            1.7862E-10  4.7520E-03   1.612E+04      29- 187      584
Rovibration_vJ|0[28]        -Rovibration_vJ|3[29]            3.7674E-10  9.9930E-03   1.559E+04      29- 191      585
Rovibration_vJ|0[28]        -Rovibration_vJ|4[27]            2.9448E-13  1.3870E-05   1.211E+04      29- 247      586
Rovibration_vJ|0[28]        -Rovibration_vJ|4[29]            2.1202E-12  9.7890E-05   1.181E+04      29- 252      587
Rovibration_vJ|0[28]        -Rovibration_vJ|5[27]            1.2291E-14  8.9770E-07   9.729E+03      29- 308      588
Rovibration_vJ|0[28]        -Rovibration_vJ|5[29]            1.1714E-15  8.3020E-08   9.536E+03      29- 312      589
Rovibration_vJ|0[28]        -Rovibration_vJ|6[27]            2.3791E-15  2.4790E-07   8.145E+03      29- 369      590
Rovibration_vJ|0[28]        -Rovibration_vJ|6[29]            5.8274E-16  5.8520E-08   8.011E+03      29- 373      591
Rovibration_vJ|0[28]        -Rovibration_vJ|7[27]            1.5738E-16  2.2090E-08   7.018E+03      29- 430      592
Rovibration_vJ|0[28]        -Rovibration_vJ|7[29]            6.8065E-17  9.1630E-09   6.919E+03      29- 434      593
Rovibration_vJ|0[28]        -Rovibration_vJ|8[27]            2.7708E-17  5.0240E-09   6.175E+03      29- 491      594
Rovibration_vJ|0[28]        -Rovibration_vJ|8[29]            3.8362E-17  6.6470E-09   6.098E+03      29- 495      595
Rovibration_vJ|0[28]        -Rovibration_vJ|9[27]            8.7894E-17  1.9940E-08   5.520E+03      29- 552      596
Rovibration_vJ|0[28]        -Rovibration_vJ|9[29]            9.6725E-17  2.0910E-08   5.460E+03      29- 556      597
Rovibration_vJ|0[28]        -Rovibration_vJ|10[27]           5.8529E-17  1.6200E-08   4.998E+03      29- 613      598
Rovibration_vJ|0[28]        -Rovibration_vJ|10[29]           6.5056E-17  1.7120E-08   4.949E+03      29- 617      599
Rovibration_vJ|0[29]        -Rovibration_vJ|0[30]            2.7291E-07  2.3160E-03   8.719E+05      30-  31      600
Rovibration_vJ|0[29]        -Rovibration_vJ|1[28]            5.3911E-06  1.5160E+01   4.955E+04      30-  73      601
Rovibration_vJ|0[29]        -Rovibration_vJ|1[30]            6.2616E-06  2.0300E+01   4.461E+04      30-  76      602
Rovibration_vJ|0[29]        -Rovibration_vJ|2[28]            3.5842E-08  4.2020E-01   2.427E+04      30- 128      603
Rovibration_vJ|0[29]        -Rovibration_vJ|2[30]            5.2778E-08  6.4200E-01   2.303E+04      30- 132      604
Rovibration_vJ|0[29]        -Rovibration_vJ|3[28]            1.7678E-10  4.6870E-03   1.614E+04      30- 189      605
Rovibration_vJ|0[29]        -Rovibration_vJ|3[30]            3.8177E-10  1.0140E-02   1.559E+04      30- 193      606
Rovibration_vJ|0[29]        -Rovibration_vJ|4[28]            2.8240E-13  1.3260E-05   1.213E+04      30- 250      607
Rovibration_vJ|0[29]        -Rovibration_vJ|4[30]            2.1809E-12  1.0080E-04   1.181E+04      30- 254      608
Rovibration_vJ|0[29]        -Rovibration_vJ|5[28]            1.2735E-14  9.2740E-07   9.737E+03      30- 311      609
Rovibration_vJ|0[29]        -Rovibration_vJ|5[30]            1.4098E-15  1.0000E-07   9.537E+03      30- 315      610
Rovibration_vJ|0[29]        -Rovibration_vJ|6[28]            2.4176E-15  2.5120E-07   8.152E+03      30- 372      611
Rovibration_vJ|0[29]        -Rovibration_vJ|6[30]            5.5614E-16  5.5890E-08   8.012E+03      30- 376      612
Rovibration_vJ|0[29]        -Rovibration_vJ|7[28]            1.6352E-16  2.2890E-08   7.023E+03      30- 433      613
Rovibration_vJ|0[29]        -Rovibration_vJ|7[30]            6.9275E-17  9.3320E-09   6.920E+03      30- 437      614
Rovibration_vJ|0[29]        -Rovibration_vJ|8[28]            2.6001E-17  4.7020E-09   6.179E+03      30- 494      615
Rovibration_vJ|0[29]        -Rovibration_vJ|8[30]            3.6620E-17  6.3490E-09   6.100E+03      30- 498      616
Rovibration_vJ|0[29]        -Rovibration_vJ|9[28]            8.6225E-17  1.9510E-08   5.524E+03      30- 555      617
Rovibration_vJ|0[29]        -Rovibration_vJ|9[30]            9.4963E-17  2.0540E-08   5.461E+03      30- 559      618
Rovibration_vJ|0[29]        -Rovibration_vJ|10[28]           5.8572E-17  1.6170E-08   5.001E+03      30- 616      619
Rovibration_vJ|0[29]        -Rovibration_vJ|10[30]           6.5063E-17  1.7130E-08   4.950E+03      30- 620      620
Rovibration_vJ|0[30]        -Rovibration_vJ|0[31]            2.7779E-07  2.5180E-03   8.441E+05      31-  32      621
Rovibration_vJ|0[30]        -Rovibration_vJ|1[29]            5.3837E-06  1.5050E+01   4.967E+04      31-  75      622
Rovibration_vJ|0[30]        -Rovibration_vJ|1[31]            6.2675E-06  2.0390E+01   4.456E+04      31-  78      623
Rovibration_vJ|0[30]        -Rovibration_vJ|2[29]            3.5676E-08  4.1660E-01   2.430E+04      31- 131      624
Rovibration_vJ|0[30]        -Rovibration_vJ|2[31]            5.3101E-08  6.4710E-01   2.302E+04      31- 135      625
Rovibration_vJ|0[30]        -Rovibration_vJ|3[29]            1.7495E-10  4.6230E-03   1.615E+04      31- 191      626
Rovibration_vJ|0[30]        -Rovibration_vJ|3[31]            3.8656E-10  1.0280E-02   1.558E+04      31- 196      627
Rovibration_vJ|0[30]        -Rovibration_vJ|4[29]            2.7087E-13  1.2680E-05   1.214E+04      31- 252      628
Rovibration_vJ|0[30]        -Rovibration_vJ|4[31]            2.2415E-12  1.0370E-04   1.182E+04      31- 257      629
Rovibration_vJ|0[30]        -Rovibration_vJ|5[29]            1.3184E-14  9.5740E-07   9.745E+03      31- 312      630
Rovibration_vJ|0[30]        -Rovibration_vJ|5[31]            1.6736E-15  1.1880E-07   9.538E+03      31- 318      631
Rovibration_vJ|0[30]        -Rovibration_vJ|6[29]            2.4551E-15  2.5440E-07   8.158E+03      31- 373      632
Rovibration_vJ|0[30]        -Rovibration_vJ|6[31]            5.2993E-16  5.3290E-08   8.014E+03      31- 378      633
Rovibration_vJ|0[30]        -Rovibration_vJ|7[29]            1.6991E-16  2.3720E-08   7.028E+03      31- 434      634
Rovibration_vJ|0[30]        -Rovibration_vJ|7[31]            7.0550E-17  9.5090E-09   6.922E+03      31- 439      635
Rovibration_vJ|0[30]        -Rovibration_vJ|8[29]            2.4301E-17  4.3830E-09   6.184E+03      31- 495      636
Rovibration_vJ|0[30]        -Rovibration_vJ|8[31]            3.4862E-17  6.0470E-09   6.102E+03      31- 500      637
Rovibration_vJ|0[30]        -Rovibration_vJ|9[29]            8.4453E-17  1.9060E-08   5.528E+03      31- 556      638
Rovibration_vJ|0[30]        -Rovibration_vJ|9[31]            9.3074E-17  2.0140E-08   5.463E+03      31- 561      639
Rovibration_vJ|0[30]        -Rovibration_vJ|10[29]           5.8539E-17  1.6120E-08   5.004E+03      31- 617      640
Rovibration_vJ|0[30]        -Rovibration_vJ|10[31]           6.5038E-17  1.7130E-08   4.952E+03      31- 622      641
Rovibration_vJ|0[31]        -Rovibration_vJ|0[32]            2.8228E-07  2.7270E-03   8.181E+05      32-  33      642
Rovibration_vJ|0[31]        -Rovibration_vJ|1[30]            5.3722E-06  1.4930E+01   4.979E+04      32-  76      643
Rovibration_vJ|0[31]        -Rovibration_vJ|1[32]            6.2740E-06  2.0480E+01   4.450E+04      32-  80      644
Rovibration_vJ|0[31]        -Rovibration_vJ|2[30]            3.5516E-08  4.1310E-01   2.434E+04      32- 132      645
Rovibration_vJ|0[31]        -Rovibration_vJ|2[32]            5.3436E-08  6.5230E-01   2.301E+04      32- 137      646
Rovibration_vJ|0[31]        -Rovibration_vJ|3[30]            1.7314E-10  4.5600E-03   1.617E+04      32- 193      647
Rovibration_vJ|0[31]        -Rovibration_vJ|3[32]            3.9176E-10  1.0430E-02   1.558E+04      32- 198      648
Rovibration_vJ|0[31]        -Rovibration_vJ|4[30]            2.5948E-13  1.2110E-05   1.215E+04      32- 254      649
Rovibration_vJ|0[31]        -Rovibration_vJ|4[32]            2.3045E-12  1.0670E-04   1.182E+04      32- 258      650
Rovibration_vJ|0[31]        -Rovibration_vJ|5[30]            1.3636E-14  9.8740E-07   9.754E+03      32- 315      651
Rovibration_vJ|0[31]        -Rovibration_vJ|5[32]            1.9625E-15  1.3940E-07   9.540E+03      32- 319      652
Rovibration_vJ|0[31]        -Rovibration_vJ|6[30]            2.4938E-15  2.5770E-07   8.165E+03      32- 376      653
Rovibration_vJ|0[31]        -Rovibration_vJ|6[32]            5.0420E-16  5.0730E-08   8.016E+03      32- 380      654
Rovibration_vJ|0[31]        -Rovibration_vJ|7[30]            1.7646E-16  2.4570E-08   7.034E+03      32- 437      655
Rovibration_vJ|0[31]        -Rovibration_vJ|7[32]            7.1876E-17  9.6920E-09   6.924E+03      32- 441      656
Rovibration_vJ|0[31]        -Rovibration_vJ|8[30]            2.2613E-17  4.0680E-09   6.188E+03      32- 498      657
Rovibration_vJ|0[31]        -Rovibration_vJ|8[32]            3.3097E-17  5.7430E-09   6.104E+03      32- 502      658
Rovibration_vJ|0[31]        -Rovibration_vJ|9[30]            8.2669E-17  1.8610E-08   5.532E+03      32- 559      659
Rovibration_vJ|0[31]        -Rovibration_vJ|9[32]            9.1196E-17  1.9740E-08   5.465E+03      32- 563      660
Rovibration_vJ|0[31]        -Rovibration_vJ|10[30]           5.8468E-17  1.6060E-08   5.008E+03      32- 620      661
Rovibration_vJ|0[31]        -Rovibration_vJ|10[32]           6.4945E-17  1.7110E-08   4.954E+03      32- 624      662
Rovibration_vJ|0[32]        -Rovibration_vJ|0[33]            2.8642E-07  2.9430E-03   7.936E+05      33-  36      663
Rovibration_vJ|0[32]        -Rovibration_vJ|1[31]            5.3639E-06  1.4820E+01   4.991E+04      33-  78      664
Rovibration_vJ|0[32]        -Rovibration_vJ|1[33]            6.2840E-06  2.0580E+01   4.445E+04      33-  84      665
Rovibration_vJ|0[32]        -Rovibration_vJ|2[31]            3.5353E-08  4.0960E-01   2.437E+04      33- 135      666
Rovibration_vJ|0[32]        -Rovibration_vJ|2[33]            5.3766E-08  6.5740E-01   2.301E+04      33- 142      667
Rovibration_vJ|0[32]        -Rovibration_vJ|3[31]            1.7135E-10  4.4980E-03   1.619E+04      33- 196      668
Rovibration_vJ|0[32]        -Rovibration_vJ|3[33]            3.9698E-10  1.0580E-02   1.558E+04      33- 204      669
Rovibration_vJ|0[32]        -Rovibration_vJ|4[31]            2.4843E-13  1.1560E-05   1.216E+04      33- 257      670
Rovibration_vJ|0[32]        -Rovibration_vJ|4[33]            2.3675E-12  1.0970E-04   1.182E+04      33- 265      671
Rovibration_vJ|0[32]        -Rovibration_vJ|5[31]            1.4098E-14  1.0180E-06   9.763E+03      33- 318      672
Rovibration_vJ|0[32]        -Rovibration_vJ|5[33]            2.2765E-15  1.6180E-07   9.542E+03      33- 327      673
Rovibration_vJ|0[32]        -Rovibration_vJ|6[31]            2.5325E-15  2.6100E-07   8.172E+03      33- 378      674
Rovibration_vJ|0[32]        -Rovibration_vJ|6[33]            4.7885E-16  4.8200E-08   8.018E+03      33- 388      675
Rovibration_vJ|0[32]        -Rovibration_vJ|7[31]            1.8326E-16  2.5450E-08   7.040E+03      33- 439      676
Rovibration_vJ|0[32]        -Rovibration_vJ|7[33]            7.3267E-17  9.8830E-09   6.926E+03      33- 449      677
Rovibration_vJ|0[32]        -Rovibration_vJ|8[31]            2.0948E-17  3.7590E-09   6.193E+03      33- 500      678
Rovibration_vJ|0[32]        -Rovibration_vJ|8[33]            3.1330E-17  5.4380E-09   6.106E+03      33- 510      679
Rovibration_vJ|0[32]        -Rovibration_vJ|9[31]            8.0783E-17  1.8140E-08   5.536E+03      33- 561      680
Rovibration_vJ|0[32]        -Rovibration_vJ|9[33]            8.9190E-17  1.9310E-08   5.467E+03      33- 571      681
Rovibration_vJ|0[32]        -Rovibration_vJ|10[31]           5.8357E-17  1.5990E-08   5.012E+03      33- 622      682
Rovibration_vJ|0[32]        -Rovibration_vJ|10[33]           6.4781E-17  1.7070E-08   4.956E+03      33- 626      683
Rovibration_vJ|1[0]         -Rovibration_vJ|1[1]             1.2796E-08  4.1300E-08   2.625E+07      34-  35      684
Rovibration_vJ|1[0]         -Rovibration_vJ|2[1]             2.2984E-05  2.2980E+01   4.716E+04      34-  82      685
Rovibration_vJ|1[0]         -Rovibration_vJ|3[1]             2.6227E-07  1.0340E+00   2.375E+04      34- 140      686
Rovibration_vJ|1[0]         -Rovibration_vJ|4[1]             2.1589E-09  1.8900E-02   1.594E+04      34- 201      687
Rovibration_vJ|1[0]         -Rovibration_vJ|5[1]             1.0310E-11  1.5840E-04   1.203E+04      34- 262      688
Rovibration_vJ|1[0]         -Rovibration_vJ|6[1]             1.4579E-14  3.4550E-07   9.686E+03      34- 323      689
Rovibration_vJ|1[0]         -Rovibration_vJ|7[1]             1.4737E-14  4.9650E-07   8.124E+03      34- 383      690
Rovibration_vJ|1[0]         -Rovibration_vJ|8[1]             4.0514E-16  1.8340E-08   7.008E+03      34- 444      691
Rovibration_vJ|1[0]         -Rovibration_vJ|9[1]             8.0217E-16  4.6820E-08   6.172E+03      34- 505      692
Rovibration_vJ|1[0]         -Rovibration_vJ|10[1]            7.5248E-16  5.4870E-08   5.522E+03      34- 566      693
Rovibration_vJ|1[1]         -Rovibration_vJ|1[2]             1.7046E-08  3.9610E-07   1.312E+07      35-  37      694
Rovibration_vJ|1[1]         -Rovibration_vJ|2[0]             7.6325E-06  6.8190E+01   4.733E+04      35-  81      695
Rovibration_vJ|1[1]         -Rovibration_vJ|2[2]             1.5354E-05  2.7730E+01   4.707E+04      35-  83      696
Rovibration_vJ|1[1]         -Rovibration_vJ|3[0]             8.6352E-08  3.0530E+00   2.379E+04      35- 139      697
Rovibration_vJ|1[1]         -Rovibration_vJ|3[2]             1.7584E-07  1.2500E+00   2.373E+04      35- 141      698
Rovibration_vJ|1[1]         -Rovibration_vJ|4[0]             7.0214E-10  5.5190E-02   1.596E+04      35- 200      699
Rovibration_vJ|1[1]         -Rovibration_vJ|4[2]             1.4566E-09  2.2980E-02   1.593E+04      35- 202      700
Rovibration_vJ|1[1]         -Rovibration_vJ|5[0]             3.2291E-12  4.4570E-04   1.204E+04      35- 261      701
Rovibration_vJ|1[1]         -Rovibration_vJ|5[2]             7.0886E-12  1.9620E-04   1.202E+04      35- 263      702
Rovibration_vJ|1[1]         -Rovibration_vJ|6[0]             6.3761E-15  1.3580E-06   9.693E+03      35- 321      703
Rovibration_vJ|1[1]         -Rovibration_vJ|6[2]             8.3399E-15  3.5600E-07   9.683E+03      35- 324      704
Rovibration_vJ|1[1]         -Rovibration_vJ|7[0]             5.1842E-15  1.5700E-06   8.129E+03      35- 382      705
Rovibration_vJ|1[1]         -Rovibration_vJ|7[2]             9.5590E-15  5.8000E-07   8.122E+03      35- 384      706
Rovibration_vJ|1[1]         -Rovibration_vJ|8[0]             1.4418E-16  5.8680E-08   7.012E+03      35- 443      707
Rovibration_vJ|1[1]         -Rovibration_vJ|8[2]             2.6189E-16  2.1350E-08   7.007E+03      35- 445      708
Rovibration_vJ|1[1]         -Rovibration_vJ|9[0]             2.6428E-16  1.3870E-07   6.175E+03      35- 504      709
Rovibration_vJ|1[1]         -Rovibration_vJ|9[2]             5.3728E-16  5.6470E-08   6.171E+03      35- 506      710
Rovibration_vJ|1[1]         -Rovibration_vJ|10[0]            2.4964E-16  1.6370E-07   5.524E+03      35- 565      711
Rovibration_vJ|1[1]         -Rovibration_vJ|10[2]            5.0351E-16  6.6110E-08   5.521E+03      35- 567      712
Rovibration_vJ|0[33]        -Rovibration_vJ|0[34]            2.9017E-07  3.1650E-03   7.706E+05      36-  43      713
Rovibration_vJ|0[33]        -Rovibration_vJ|1[32]            5.3552E-06  1.4710E+01   5.003E+04      36-  80      714
Rovibration_vJ|0[33]        -Rovibration_vJ|1[34]            6.2915E-06  2.0670E+01   4.440E+04      36-  92      715
Rovibration_vJ|0[33]        -Rovibration_vJ|2[32]            3.5195E-08  4.0620E-01   2.441E+04      36- 137      716
Rovibration_vJ|0[33]        -Rovibration_vJ|2[34]            5.4109E-08  6.6260E-01   2.300E+04      36- 150      717
Rovibration_vJ|0[33]        -Rovibration_vJ|3[32]            1.6957E-10  4.4370E-03   1.621E+04      36- 198      718
Rovibration_vJ|0[33]        -Rovibration_vJ|3[34]            4.0185E-10  1.0720E-02   1.558E+04      36- 211      719
Rovibration_vJ|0[33]        -Rovibration_vJ|4[32]            2.3796E-13  1.1040E-05   1.217E+04      36- 258      720
Rovibration_vJ|0[33]        -Rovibration_vJ|4[34]            2.4349E-12  1.1290E-04   1.182E+04      36- 272      721
Rovibration_vJ|0[33]        -Rovibration_vJ|5[32]            1.4554E-14  1.0480E-06   9.772E+03      36- 319      722
Rovibration_vJ|0[33]        -Rovibration_vJ|5[34]            2.6186E-15  1.8620E-07   9.544E+03      36- 333      723
Rovibration_vJ|0[33]        -Rovibration_vJ|6[32]            2.5704E-15  2.6420E-07   8.179E+03      36- 380      724
Rovibration_vJ|0[33]        -Rovibration_vJ|6[34]            4.5395E-16  4.5710E-08   8.020E+03      36- 395      725
Rovibration_vJ|0[33]        -Rovibration_vJ|7[32]            1.9023E-16  2.6350E-08   7.045E+03      36- 441      726
Rovibration_vJ|0[33]        -Rovibration_vJ|7[34]            7.4708E-17  1.0080E-08   6.928E+03      36- 456      727
Rovibration_vJ|0[33]        -Rovibration_vJ|8[32]            1.9303E-17  3.4550E-09   6.198E+03      36- 502      728
Rovibration_vJ|0[33]        -Rovibration_vJ|8[34]            2.9568E-17  5.1330E-09   6.108E+03      36- 517      729
Rovibration_vJ|0[33]        -Rovibration_vJ|9[32]            7.8886E-17  1.7670E-08   5.540E+03      36- 563      730
Rovibration_vJ|0[33]        -Rovibration_vJ|9[34]            8.7192E-17  1.8880E-08   5.469E+03      36- 578      731
Rovibration_vJ|0[33]        -Rovibration_vJ|10[32]           5.8171E-17  1.5900E-08   5.015E+03      36- 624      732
Rovibration_vJ|0[33]        -Rovibration_vJ|10[34]           6.4548E-17  1.7010E-08   4.958E+03      36- 629      733
Rovibration_vJ|1[2]         -Rovibration_vJ|1[3]             2.2976E-08  1.4300E-06   8.749E+06      37-  38      734
Rovibration_vJ|1[2]         -Rovibration_vJ|2[1]             9.1419E-06  4.5210E+01   4.741E+04      37-  82      735
Rovibration_vJ|1[2]         -Rovibration_vJ|2[3]             1.3844E-05  2.9870E+01   4.699E+04      37-  85      736
Rovibration_vJ|1[2]         -Rovibration_vJ|3[1]             1.0303E-07  2.0200E+00   2.381E+04      37- 140      737
Rovibration_vJ|1[2]         -Rovibration_vJ|3[3]             1.5913E-07  1.3490E+00   2.371E+04      37- 143      738
Rovibration_vJ|1[2]         -Rovibration_vJ|4[1]             8.3231E-10  3.6300E-02   1.597E+04      37- 201      739
Rovibration_vJ|1[2]         -Rovibration_vJ|4[3]             1.3275E-09  2.4960E-02   1.592E+04      37- 203      740
Rovibration_vJ|1[2]         -Rovibration_vJ|5[1]             3.7555E-12  2.8770E-04   1.205E+04      37- 262      741
Rovibration_vJ|1[2]         -Rovibration_vJ|5[3]             6.5773E-12  2.1690E-04   1.202E+04      37- 264      742
Rovibration_vJ|1[2]         -Rovibration_vJ|6[1]             8.6355E-15  1.0210E-06   9.697E+03      37- 323      743
Rovibration_vJ|1[2]         -Rovibration_vJ|6[3]             6.3501E-15  3.2290E-07   9.680E+03      37- 325      744
Rovibration_vJ|1[2]         -Rovibration_vJ|7[1]             6.3876E-15  1.0740E-06   8.131E+03      37- 383      745
Rovibration_vJ|1[2]         -Rovibration_vJ|7[3]             8.3686E-15  6.0480E-07   8.119E+03      37- 385      746
Rovibration_vJ|1[2]         -Rovibration_vJ|8[1]             1.7909E-16  4.0470E-08   7.014E+03      37- 444      747
Rovibration_vJ|1[2]         -Rovibration_vJ|8[3]             2.2896E-16  2.2230E-08   7.005E+03      37- 446      748
Rovibration_vJ|1[2]         -Rovibration_vJ|9[1]             3.1518E-16  9.1850E-08   6.176E+03      37- 505      749
Rovibration_vJ|1[2]         -Rovibration_vJ|9[3]             4.8559E-16  6.0780E-08   6.170E+03      37- 507      750
Rovibration_vJ|1[2]         -Rovibration_vJ|10[1]            2.9934E-16  1.0900E-07   5.525E+03      37- 566      751
Rovibration_vJ|1[2]         -Rovibration_vJ|10[3]            4.5517E-16  7.1170E-08   5.520E+03      37- 568      752
Rovibration_vJ|1[3]         -Rovibration_vJ|1[4]             2.9127E-08  3.5090E-06   6.562E+06      38-  39      753
Rovibration_vJ|1[3]         -Rovibration_vJ|2[2]             9.7756E-06  4.0460E+01   4.750E+04      38-  83      754
Rovibration_vJ|1[3]         -Rovibration_vJ|2[4]             1.3209E-05  3.1140E+01   4.691E+04      38-  86      755
Rovibration_vJ|1[3]         -Rovibration_vJ|3[2]             1.0975E-07  1.8040E+00   2.383E+04      38- 141      756
Rovibration_vJ|1[3]         -Rovibration_vJ|3[4]             1.5249E-07  1.4100E+00   2.369E+04      38- 144      757
Rovibration_vJ|1[3]         -Rovibration_vJ|4[2]             8.8115E-10  3.2240E-02   1.598E+04      38- 202      758
Rovibration_vJ|1[3]         -Rovibration_vJ|4[4]             1.2798E-09  2.6230E-02   1.591E+04      38- 205      759
Rovibration_vJ|1[3]         -Rovibration_vJ|5[2]             3.8981E-12  2.5060E-04   1.205E+04      38- 263      760
Rovibration_vJ|1[3]         -Rovibration_vJ|5[4]             6.4586E-12  2.3210E-04   1.202E+04      38- 266      761
Rovibration_vJ|1[3]         -Rovibration_vJ|6[2]             1.0369E-14  1.0290E-06   9.701E+03      38- 324      762
Rovibration_vJ|1[3]         -Rovibration_vJ|6[4]             5.0286E-15  2.7860E-07   9.677E+03      38- 326      763
Rovibration_vJ|1[3]         -Rovibration_vJ|7[2]             7.0250E-15  9.9150E-07   8.134E+03      38- 384      764
Rovibration_vJ|1[3]         -Rovibration_vJ|7[4]             7.7503E-15  6.1020E-07   8.118E+03      38- 387      765
Rovibration_vJ|1[3]         -Rovibration_vJ|8[2]             1.9888E-16  3.7730E-08   7.016E+03      38- 445      766
Rovibration_vJ|1[3]         -Rovibration_vJ|8[4]             2.1208E-16  2.2430E-08   7.004E+03      38- 447      767
Rovibration_vJ|1[3]         -Rovibration_vJ|9[2]             3.3532E-16  8.2040E-08   6.178E+03      38- 506      768
Rovibration_vJ|1[3]         -Rovibration_vJ|9[4]             4.6421E-16  6.3290E-08   6.169E+03      38- 508      769
Rovibration_vJ|1[3]         -Rovibration_vJ|10[2]            3.2065E-16  9.8030E-08   5.527E+03      38- 567      770
Rovibration_vJ|1[3]         -Rovibration_vJ|10[4]            4.3581E-16  7.4220E-08   5.519E+03      38- 569      771
Rovibration_vJ|1[4]         -Rovibration_vJ|1[5]             3.5304E-08  6.9900E-06   5.250E+06      39-  40      772
Rovibration_vJ|1[4]         -Rovibration_vJ|2[3]             1.0117E-05  3.8310E+01   4.759E+04      39-  85      773
Rovibration_vJ|1[4]         -Rovibration_vJ|2[5]             1.2868E-05  3.2020E+01   4.683E+04      39-  88      774
Rovibration_vJ|1[4]         -Rovibration_vJ|3[3]             1.1316E-07  1.7050E+00   2.386E+04      39- 143      775
Rovibration_vJ|1[4]         -Rovibration_vJ|3[5]             1.4914E-07  1.4530E+00   2.367E+04      39- 145      776
Rovibration_vJ|1[4]         -Rovibration_vJ|4[3]             9.0264E-10  3.0290E-02   1.599E+04      39- 203      777
Rovibration_vJ|1[4]         -Rovibration_vJ|4[5]             1.2598E-09  2.7190E-02   1.590E+04      39- 206      778
Rovibration_vJ|1[4]         -Rovibration_vJ|5[3]             3.9167E-12  2.3100E-04   1.206E+04      39- 264      779
Rovibration_vJ|1[4]         -Rovibration_vJ|5[5]             6.4734E-12  2.4490E-04   1.201E+04      39- 267      780
Rovibration_vJ|1[4]         -Rovibration_vJ|6[3]             1.1959E-14  1.0890E-06   9.705E+03      39- 325      781
Rovibration_vJ|1[4]         -Rovibration_vJ|6[5]             3.9836E-15  2.3230E-07   9.674E+03      39- 328      782
Rovibration_vJ|1[4]         -Rovibration_vJ|7[3]             7.4759E-15  9.6830E-07   8.137E+03      39- 385      783
Rovibration_vJ|1[4]         -Rovibration_vJ|7[5]             7.3245E-15  6.0690E-07   8.116E+03      39- 389      784
Rovibration_vJ|1[4]         -Rovibration_vJ|8[3]             2.1400E-16  3.7260E-08   7.018E+03      39- 446      785
Rovibration_vJ|1[4]         -Rovibration_vJ|8[5]             2.0090E-16  2.2360E-08   7.002E+03      39- 450      786
Rovibration_vJ|1[4]         -Rovibration_vJ|9[3]             3.4507E-16  7.7490E-08   6.180E+03      39- 507      787
Rovibration_vJ|1[4]         -Rovibration_vJ|9[5]             4.5266E-16  6.4940E-08   6.168E+03      39- 509      788
Rovibration_vJ|1[4]         -Rovibration_vJ|10[3]            3.3277E-16  9.3380E-08   5.528E+03      39- 568      789
Rovibration_vJ|1[4]         -Rovibration_vJ|10[5]            4.2635E-16  7.6400E-08   5.519E+03      39- 570      790
Rovibration_vJ|1[5]         -Rovibration_vJ|1[6]             4.1449E-08  1.2220E-05   4.375E+06      40-  41      791
Rovibration_vJ|1[5]         -Rovibration_vJ|2[4]             1.0328E-05  3.7040E+01   4.768E+04      40-  86      792
Rovibration_vJ|1[5]         -Rovibration_vJ|2[6]             1.2660E-05  3.2690E+01   4.675E+04      40-  89      793
Rovibration_vJ|1[5]         -Rovibration_vJ|3[4]             1.1500E-07  1.6440E+00   2.388E+04      40- 144      794
Rovibration_vJ|1[5]         -Rovibration_vJ|3[6]             1.4735E-07  1.4870E+00   2.365E+04      40- 147      795
Rovibration_vJ|1[5]         -Rovibration_vJ|4[4]             9.1220E-10  2.9060E-02   1.600E+04      40- 205      796
Rovibration_vJ|1[5]         -Rovibration_vJ|4[6]             1.2523E-09  2.7980E-02   1.589E+04      40- 208      797
Rovibration_vJ|1[5]         -Rovibration_vJ|5[4]             3.8799E-12  2.1730E-04   1.206E+04      40- 266      798
Rovibration_vJ|1[5]         -Rovibration_vJ|5[6]             6.5512E-12  2.5650E-04   1.201E+04      40- 268      799
Rovibration_vJ|1[5]         -Rovibration_vJ|6[4]             1.3517E-14  1.1690E-06   9.709E+03      40- 326      800
Rovibration_vJ|1[5]         -Rovibration_vJ|6[6]             3.1041E-15  1.8730E-07   9.671E+03      40- 329      801
Rovibration_vJ|1[5]         -Rovibration_vJ|7[4]             7.8450E-15  9.6520E-07   8.140E+03      40- 387      802
Rovibration_vJ|1[5]         -Rovibration_vJ|7[6]             6.9884E-15  5.9910E-07   8.114E+03      40- 390      803
Rovibration_vJ|1[5]         -Rovibration_vJ|8[4]             2.2732E-16  3.7600E-08   7.021E+03      40- 447      804
Rovibration_vJ|1[5]         -Rovibration_vJ|8[6]             1.9246E-16  2.2160E-08   7.001E+03      40- 451      805
Rovibration_vJ|1[5]         -Rovibration_vJ|9[4]             3.4995E-16  7.4660E-08   6.182E+03      40- 508      806
Rovibration_vJ|1[5]         -Rovibration_vJ|9[6]             4.4553E-16  6.6120E-08   6.167E+03      40- 512      807
Rovibration_vJ|1[5]         -Rovibration_vJ|10[4]            3.4087E-16  9.0880E-08   5.530E+03      40- 569      808
Rovibration_vJ|1[5]         -Rovibration_vJ|10[6]            4.2150E-16  7.8130E-08   5.518E+03      40- 572      809
Rovibration_vJ|1[6]         -Rovibration_vJ|1[7]             4.7574E-08  1.9550E-05   3.751E+06      41-  42      810
Rovibration_vJ|1[6]         -Rovibration_vJ|2[5]             1.0464E-05  3.6150E+01   4.777E+04      41-  88      811
Rovibration_vJ|1[6]         -Rovibration_vJ|2[7]             1.2519E-05  3.3220E+01   4.668E+04      41-  90      812
Rovibration_vJ|1[6]         -Rovibration_vJ|3[5]             1.1613E-07  1.6020E+00   2.390E+04      41- 145      813
Rovibration_vJ|1[6]         -Rovibration_vJ|3[7]             1.4634E-07  1.5150E+00   2.363E+04      41- 148      814
Rovibration_vJ|1[6]         -Rovibration_vJ|4[5]             9.1511E-10  2.8150E-02   1.601E+04      41- 206      815
Rovibration_vJ|1[6]         -Rovibration_vJ|4[7]             1.2520E-09  2.8680E-02   1.589E+04      41- 209      816
Rovibration_vJ|1[6]         -Rovibration_vJ|5[5]             3.8154E-12  2.0640E-04   1.207E+04      41- 267      817
Rovibration_vJ|1[6]         -Rovibration_vJ|5[7]             6.6635E-12  2.6740E-04   1.200E+04      41- 270      818
Rovibration_vJ|1[6]         -Rovibration_vJ|6[5]             1.5093E-14  1.2610E-06   9.713E+03      41- 328      819
Rovibration_vJ|1[6]         -Rovibration_vJ|6[7]             2.3547E-15  1.4560E-07   9.669E+03      41- 331      820
Rovibration_vJ|1[6]         -Rovibration_vJ|7[5]             8.1701E-15  9.7120E-07   8.143E+03      41- 389      821
Rovibration_vJ|1[6]         -Rovibration_vJ|7[7]             6.7009E-15  5.8860E-07   8.112E+03      41- 391      822
Rovibration_vJ|1[6]         -Rovibration_vJ|8[5]             2.3995E-16  3.8350E-08   7.023E+03      41- 450      823
Rovibration_vJ|1[6]         -Rovibration_vJ|8[7]             1.8573E-16  2.1910E-08   7.000E+03      41- 452      824
Rovibration_vJ|1[6]         -Rovibration_vJ|9[5]             3.5216E-16  7.2600E-08   6.184E+03      41- 509      825
Rovibration_vJ|1[6]         -Rovibration_vJ|9[7]             4.4067E-16  6.7000E-08   6.166E+03      41- 513      826
Rovibration_vJ|1[6]         -Rovibration_vJ|10[5]            3.4699E-16  8.9400E-08   5.531E+03      41- 570      827
Rovibration_vJ|1[6]         -Rovibration_vJ|10[7]            4.1935E-16  7.9630E-08   5.518E+03      41- 574      828
Rovibration_vJ|1[7]         -Rovibration_vJ|1[8]             5.3629E-08  2.9300E-05   3.282E+06      42-  44      829
Rovibration_vJ|1[7]         -Rovibration_vJ|2[6]             1.0560E-05  3.5480E+01   4.786E+04      42-  89      830
Rovibration_vJ|1[7]         -Rovibration_vJ|2[8]             1.2426E-05  3.3680E+01   4.660E+04      42-  91      831
Rovibration_vJ|1[7]         -Rovibration_vJ|3[6]             1.1673E-07  1.5690E+00   2.393E+04      42- 147      832
Rovibration_vJ|1[7]         -Rovibration_vJ|3[8]             1.4588E-07  1.5400E+00   2.361E+04      42- 149      833
Rovibration_vJ|1[7]         -Rovibration_vJ|4[6]             9.1429E-10  2.7420E-02   1.602E+04      42- 208      834
Rovibration_vJ|1[7]         -Rovibration_vJ|4[8]             1.2556E-09  2.9310E-02   1.588E+04      42- 210      835
Rovibration_vJ|1[7]         -Rovibration_vJ|5[6]             3.7360E-12  1.9710E-04   1.208E+04      42- 268      836
Rovibration_vJ|1[7]         -Rovibration_vJ|5[8]             6.8001E-12  2.7800E-04   1.200E+04      42- 271      837
Rovibration_vJ|1[7]         -Rovibration_vJ|6[6]             1.6688E-14  1.3600E-06   9.718E+03      42- 329      838
Rovibration_vJ|1[7]         -Rovibration_vJ|6[8]             1.7164E-15  1.0810E-07   9.667E+03      42- 332      839
Rovibration_vJ|1[7]         -Rovibration_vJ|7[6]             8.4708E-15  9.8230E-07   8.147E+03      42- 390      840
Rovibration_vJ|1[7]         -Rovibration_vJ|7[8]             6.4442E-15  5.7650E-07   8.111E+03      42- 393      841
Rovibration_vJ|1[7]         -Rovibration_vJ|8[6]             2.5250E-16  3.9370E-08   7.026E+03      42- 451      842
Rovibration_vJ|1[7]         -Rovibration_vJ|8[8]             1.8013E-16  2.1640E-08   6.999E+03      42- 454      843
Rovibration_vJ|1[7]         -Rovibration_vJ|9[6]             3.5269E-16  7.0940E-08   6.186E+03      42- 512      844
Rovibration_vJ|1[7]         -Rovibration_vJ|9[8]             4.3702E-16  6.7660E-08   6.166E+03      42- 514      845
Rovibration_vJ|1[7]         -Rovibration_vJ|10[6]            3.5201E-16  8.8490E-08   5.533E+03      42- 572      846
Rovibration_vJ|1[7]         -Rovibration_vJ|10[8]            4.1892E-16  8.1000E-08   5.517E+03      42- 575      847
Rovibration_vJ|0[34]        -Rovibration_vJ|0[35]            2.9356E-07  3.3930E-03   7.489E+05      43-  48      848
Rovibration_vJ|0[34]        -Rovibration_vJ|1[33]            5.3462E-06  1.4600E+01   5.015E+04      43-  84      849
Rovibration_vJ|0[34]        -Rovibration_vJ|1[35]            6.2994E-06  2.0760E+01   4.435E+04      43-  97      850
Rovibration_vJ|0[34]        -Rovibration_vJ|2[33]            3.5036E-08  4.0280E-01   2.444E+04      43- 142      851
Rovibration_vJ|0[34]        -Rovibration_vJ|2[35]            5.4447E-08  6.6770E-01   2.299E+04      43- 156      852
Rovibration_vJ|0[34]        -Rovibration_vJ|3[33]            1.6786E-10  4.3780E-03   1.623E+04      43- 204      853
Rovibration_vJ|0[34]        -Rovibration_vJ|3[35]            4.0749E-10  1.0880E-02   1.558E+04      43- 217      854
Rovibration_vJ|0[34]        -Rovibration_vJ|4[33]            2.2763E-13  1.0530E-05   1.219E+04      43- 265      855
Rovibration_vJ|0[34]        -Rovibration_vJ|4[35]            2.5025E-12  1.1610E-04   1.182E+04      43- 279      856
Rovibration_vJ|0[34]        -Rovibration_vJ|5[33]            1.5012E-14  1.0780E-06   9.781E+03      43- 327      857
Rovibration_vJ|0[34]        -Rovibration_vJ|5[35]            2.9873E-15  2.1250E-07   9.546E+03      43- 340      858
Rovibration_vJ|0[34]        -Rovibration_vJ|6[33]            2.6094E-15  2.6750E-07   8.186E+03      43- 388      859
Rovibration_vJ|0[34]        -Rovibration_vJ|6[35]            4.2961E-16  4.3270E-08   8.022E+03      43- 401      860
Rovibration_vJ|0[34]        -Rovibration_vJ|7[33]            1.9745E-16  2.7280E-08   7.051E+03      43- 449      861
Rovibration_vJ|0[34]        -Rovibration_vJ|7[35]            7.6177E-17  1.0280E-08   6.931E+03      43- 462      862
Rovibration_vJ|0[34]        -Rovibration_vJ|8[33]            1.7693E-17  3.1590E-09   6.203E+03      43- 510      863
Rovibration_vJ|0[34]        -Rovibration_vJ|8[35]            2.7808E-17  4.8280E-09   6.110E+03      43- 522      864
Rovibration_vJ|0[34]        -Rovibration_vJ|9[33]            7.6932E-17  1.7190E-08   5.545E+03      43- 571      865
Rovibration_vJ|0[34]        -Rovibration_vJ|9[35]            8.5064E-17  1.8420E-08   5.471E+03      43- 583      866
Rovibration_vJ|0[34]        -Rovibration_vJ|10[33]           5.7909E-17  1.5790E-08   5.019E+03      43- 626      867
Rovibration_vJ|0[34]        -Rovibration_vJ|10[35]           6.4245E-17  1.6930E-08   4.960E+03      43- 631      868
Rovibration_vJ|1[8]         -Rovibration_vJ|1[9]             5.9599E-08  4.1780E-05   2.918E+06      44-  45      869
Rovibration_vJ|1[8]         -Rovibration_vJ|2[7]             1.0628E-05  3.4940E+01   4.795E+04      44-  90      870
Rovibration_vJ|1[8]         -Rovibration_vJ|2[9]             1.2356E-05  3.4070E+01   4.652E+04      44-  93      871
Rovibration_vJ|1[8]         -Rovibration_vJ|3[7]             1.1704E-07  1.5420E+00   2.395E+04      44- 148      872
Rovibration_vJ|1[8]         -Rovibration_vJ|3[9]             1.4570E-07  1.5620E+00   2.359E+04      44- 152      873
Rovibration_vJ|1[8]         -Rovibration_vJ|4[7]             9.1112E-10  2.6800E-02   1.603E+04      44- 209      874
Rovibration_vJ|1[8]         -Rovibration_vJ|4[9]             1.2620E-09  2.9900E-02   1.587E+04      44- 212      875
Rovibration_vJ|1[8]         -Rovibration_vJ|5[7]             3.6457E-12  1.8870E-04   1.209E+04      44- 270      876
Rovibration_vJ|1[8]         -Rovibration_vJ|5[9]             6.9550E-12  2.8850E-04   1.199E+04      44- 273      877
Rovibration_vJ|1[8]         -Rovibration_vJ|6[7]             1.8320E-14  1.4650E-06   9.723E+03      44- 331      878
Rovibration_vJ|1[8]         -Rovibration_vJ|6[9]             1.1821E-15  7.5530E-08   9.665E+03      44- 334      879
Rovibration_vJ|1[8]         -Rovibration_vJ|7[7]             8.7580E-15  9.9670E-07   8.150E+03      44- 391      880
Rovibration_vJ|1[8]         -Rovibration_vJ|7[9]             6.2076E-15  5.6330E-07   8.110E+03      44- 394      881
Rovibration_vJ|1[8]         -Rovibration_vJ|8[7]             2.6517E-16  4.0580E-08   7.028E+03      44- 452      882
Rovibration_vJ|1[8]         -Rovibration_vJ|8[9]             1.7547E-16  2.1380E-08   6.999E+03      44- 455      883
Rovibration_vJ|1[8]         -Rovibration_vJ|9[7]             3.5198E-16  6.9490E-08   6.188E+03      44- 513      884
Rovibration_vJ|1[8]         -Rovibration_vJ|9[9]             4.3402E-16  6.8150E-08   6.165E+03      44- 516      885
Rovibration_vJ|1[8]         -Rovibration_vJ|10[7]            3.5643E-16  8.7950E-08   5.535E+03      44- 574      886
Rovibration_vJ|1[8]         -Rovibration_vJ|10[9]            4.1966E-16  8.2290E-08   5.517E+03      44- 577      887
Rovibration_vJ|1[9]         -Rovibration_vJ|1[10]            6.5479E-08  5.7290E-05   2.626E+06      45-  46      888
Rovibration_vJ|1[9]         -Rovibration_vJ|2[8]             1.0677E-05  3.4480E+01   4.805E+04      45-  91      889
Rovibration_vJ|1[9]         -Rovibration_vJ|2[10]            1.2308E-05  3.4430E+01   4.645E+04      45-  94      890
Rovibration_vJ|1[9]         -Rovibration_vJ|3[8]             1.1715E-07  1.5190E+00   2.398E+04      45- 149      891
Rovibration_vJ|1[9]         -Rovibration_vJ|3[10]            1.4572E-07  1.5820E+00   2.358E+04      45- 153      892
Rovibration_vJ|1[9]         -Rovibration_vJ|4[8]             9.0629E-10  2.6250E-02   1.604E+04      45- 210      893
Rovibration_vJ|1[9]         -Rovibration_vJ|4[10]            1.2707E-09  3.0470E-02   1.586E+04      45- 214      894
Rovibration_vJ|1[9]         -Rovibration_vJ|5[8]             3.5522E-12  1.8110E-04   1.209E+04      45- 271      895
Rovibration_vJ|1[9]         -Rovibration_vJ|5[10]            7.1218E-12  2.9890E-04   1.199E+04      45- 275      896
Rovibration_vJ|1[9]         -Rovibration_vJ|6[8]             1.9992E-14  1.5750E-06   9.728E+03      45- 332      897
Rovibration_vJ|1[9]         -Rovibration_vJ|6[10]            7.4727E-16  4.8300E-08   9.663E+03      45- 335      898
Rovibration_vJ|1[9]         -Rovibration_vJ|7[8]             9.0343E-15  1.0130E-06   8.154E+03      45- 393      899
Rovibration_vJ|1[9]         -Rovibration_vJ|7[10]            5.9868E-15  5.4950E-07   8.109E+03      45- 396      900
Rovibration_vJ|1[9]         -Rovibration_vJ|8[8]             2.7820E-16  4.1950E-08   7.031E+03      45- 454      901
Rovibration_vJ|1[9]         -Rovibration_vJ|8[10]            1.7146E-16  2.1130E-08   6.998E+03      45- 457      902
Rovibration_vJ|1[9]         -Rovibration_vJ|9[8]             3.5046E-16  6.8180E-08   6.190E+03      45- 514      903
Rovibration_vJ|1[9]         -Rovibration_vJ|9[10]            4.3149E-16  6.8520E-08   6.165E+03      45- 518      904
Rovibration_vJ|1[9]         -Rovibration_vJ|10[8]            3.6049E-16  8.7660E-08   5.537E+03      45- 575      905
Rovibration_vJ|1[9]         -Rovibration_vJ|10[10]           4.2138E-16  8.3560E-08   5.517E+03      45- 579      906
Rovibration_vJ|1[10]        -Rovibration_vJ|1[11]            7.1258E-08  7.6110E-05   2.388E+06      46-  47      907
Rovibration_vJ|1[10]        -Rovibration_vJ|2[9]             1.0714E-05  3.4080E+01   4.814E+04      46-  93      908
Rovibration_vJ|1[10]        -Rovibration_vJ|2[11]            1.2271E-05  3.4750E+01   4.637E+04      46-  96      909
Rovibration_vJ|1[10]        -Rovibration_vJ|3[9]             1.1716E-07  1.4990E+00   2.400E+04      46- 152      910
Rovibration_vJ|1[10]        -Rovibration_vJ|3[11]            1.4592E-07  1.6010E+00   2.356E+04      46- 155      911
Rovibration_vJ|1[10]        -Rovibration_vJ|4[9]             9.0036E-10  2.5750E-02   1.606E+04      46- 212      912
Rovibration_vJ|1[10]        -Rovibration_vJ|4[11]            1.2808E-09  3.1020E-02   1.586E+04      46- 215      913
Rovibration_vJ|1[10]        -Rovibration_vJ|5[9]             3.4554E-12  1.7400E-04   1.210E+04      46- 273      914
Rovibration_vJ|1[10]        -Rovibration_vJ|5[11]            7.2988E-12  3.0930E-04   1.199E+04      46- 276      915
Rovibration_vJ|1[10]        -Rovibration_vJ|6[9]             2.1702E-14  1.6890E-06   9.733E+03      46- 334      916
Rovibration_vJ|1[10]        -Rovibration_vJ|6[11]            4.1118E-16  2.6830E-08   9.661E+03      46- 337      917
Rovibration_vJ|1[10]        -Rovibration_vJ|7[9]             9.3065E-15  1.0310E-06   8.158E+03      46- 394      918
Rovibration_vJ|1[10]        -Rovibration_vJ|7[11]            5.7778E-15  5.3530E-07   8.108E+03      46- 398      919
Rovibration_vJ|1[10]        -Rovibration_vJ|8[9]             2.9175E-16  4.3470E-08   7.034E+03      46- 455      920
Rovibration_vJ|1[10]        -Rovibration_vJ|8[11]            1.6803E-16  2.0900E-08   6.997E+03      46- 458      921
Rovibration_vJ|1[10]        -Rovibration_vJ|9[9]             3.4816E-16  6.6930E-08   6.193E+03      46- 516      922
Rovibration_vJ|1[10]        -Rovibration_vJ|9[11]            4.2910E-16  6.8770E-08   6.164E+03      46- 519      923
Rovibration_vJ|1[10]        -Rovibration_vJ|10[9]            3.6447E-16  8.7580E-08   5.539E+03      46- 577      924
Rovibration_vJ|1[10]        -Rovibration_vJ|10[11]           4.2384E-16  8.4820E-08   5.517E+03      46- 580      925
Rovibration_vJ|1[11]        -Rovibration_vJ|1[12]            7.6920E-08  9.8490E-05   2.189E+06      47-  49      926
Rovibration_vJ|1[11]        -Rovibration_vJ|2[10]            1.0738E-05  3.3710E+01   4.824E+04      47-  94      927
Rovibration_vJ|1[11]        -Rovibration_vJ|2[12]            1.2245E-05  3.5050E+01   4.630E+04      47-  98      928
Rovibration_vJ|1[11]        -Rovibration_vJ|3[10]            1.1698E-07  1.4800E+00   2.403E+04      47- 153      929
Rovibration_vJ|1[11]        -Rovibration_vJ|3[12]            1.4624E-07  1.6190E+00   2.354E+04      47- 157      930
Rovibration_vJ|1[11]        -Rovibration_vJ|4[10]            8.9376E-10  2.5290E-02   1.607E+04      47- 214      931
Rovibration_vJ|1[11]        -Rovibration_vJ|4[12]            1.2918E-09  3.1550E-02   1.585E+04      47- 218      932
Rovibration_vJ|1[11]        -Rovibration_vJ|5[10]            3.3570E-12  1.6730E-04   1.211E+04      47- 275      933
Rovibration_vJ|1[11]        -Rovibration_vJ|5[12]            7.4880E-12  3.1990E-04   1.199E+04      47- 278      934
Rovibration_vJ|1[11]        -Rovibration_vJ|6[10]            2.3456E-14  1.8070E-06   9.738E+03      47- 335      935
Rovibration_vJ|1[11]        -Rovibration_vJ|6[12]            1.7409E-16  1.1450E-08   9.659E+03      47- 339      936
Rovibration_vJ|1[11]        -Rovibration_vJ|7[10]            9.5739E-15  1.0500E-06   8.162E+03      47- 396      937
Rovibration_vJ|1[11]        -Rovibration_vJ|7[12]            5.5776E-15  5.2080E-07   8.107E+03      47- 399      938
Rovibration_vJ|1[11]        -Rovibration_vJ|8[10]            3.0587E-16  4.5120E-08   7.037E+03      47- 457      939
Rovibration_vJ|1[11]        -Rovibration_vJ|8[12]            1.6514E-16  2.0700E-08   6.997E+03      47- 460      940
Rovibration_vJ|1[11]        -Rovibration_vJ|9[10]            3.4533E-16  6.5730E-08   6.195E+03      47- 518      941
Rovibration_vJ|1[11]        -Rovibration_vJ|9[12]            4.2682E-16  6.8930E-08   6.164E+03      47- 521      942
Rovibration_vJ|1[11]        -Rovibration_vJ|10[10]           3.6838E-16  8.7650E-08   5.541E+03      47- 579      943
Rovibration_vJ|1[11]        -Rovibration_vJ|10[12]           4.2693E-16  8.6090E-08   5.517E+03      47- 581      944
Rovibration_vJ|0[35]        -Rovibration_vJ|0[36]            2.9657E-07  3.6260E-03   7.284E+05      48-  52      945
Rovibration_vJ|0[35]        -Rovibration_vJ|1[34]            5.3369E-06  1.4490E+01   5.028E+04      48-  92      946
Rovibration_vJ|0[35]        -Rovibration_vJ|1[36]            6.3077E-06  2.0850E+01   4.430E+04      48- 101      947
Rovibration_vJ|0[35]        -Rovibration_vJ|2[34]            3.4874E-08  3.9940E-01   2.448E+04      48- 150      948
Rovibration_vJ|0[35]        -Rovibration_vJ|2[36]            5.4796E-08  6.7290E-01   2.298E+04      48- 161      949
Rovibration_vJ|0[35]        -Rovibration_vJ|3[34]            1.6613E-10  4.3190E-03   1.625E+04      48- 211      950
Rovibration_vJ|0[35]        -Rovibration_vJ|3[36]            4.1279E-10  1.1030E-02   1.558E+04      48- 222      951
Rovibration_vJ|0[35]        -Rovibration_vJ|4[34]            2.1767E-13  1.0040E-05   1.220E+04      48- 272      952
Rovibration_vJ|0[35]        -Rovibration_vJ|4[36]            2.5703E-12  1.1930E-04   1.182E+04      48- 283      953
Rovibration_vJ|0[35]        -Rovibration_vJ|5[34]            1.5486E-14  1.1090E-06   9.790E+03      48- 333      954
Rovibration_vJ|0[35]        -Rovibration_vJ|5[36]            3.3855E-15  2.4090E-07   9.548E+03      48- 343      955
Rovibration_vJ|0[35]        -Rovibration_vJ|6[34]            2.6475E-15  2.7070E-07   8.193E+03      48- 395      956
Rovibration_vJ|0[35]        -Rovibration_vJ|6[36]            4.0560E-16  4.0860E-08   8.025E+03      48- 404      957
Rovibration_vJ|0[35]        -Rovibration_vJ|7[34]            2.0492E-16  2.8240E-08   7.057E+03      48- 456      958
Rovibration_vJ|0[35]        -Rovibration_vJ|7[36]            7.7726E-17  1.0490E-08   6.933E+03      48- 465      959
Rovibration_vJ|0[35]        -Rovibration_vJ|8[34]            1.6115E-17  2.8700E-09   6.208E+03      48- 517      960
Rovibration_vJ|0[35]        -Rovibration_vJ|8[36]            2.6068E-17  4.5260E-09   6.113E+03      48- 527      961
Rovibration_vJ|0[35]        -Rovibration_vJ|9[34]            7.4877E-17  1.6690E-08   5.549E+03      48- 578      962
Rovibration_vJ|0[35]        -Rovibration_vJ|9[36]            8.2943E-17  1.7960E-08   5.474E+03      48- 588      963
Rovibration_vJ|0[35]        -Rovibration_vJ|10[34]           5.7607E-17  1.5670E-08   5.023E+03      48- 629      964
Rovibration_vJ|0[35]        -Rovibration_vJ|10[36]           6.3871E-17  1.6830E-08   4.962E+03      48- 633      965
Rovibration_vJ|1[12]        -Rovibration_vJ|1[13]            8.2479E-08  1.2470E-04   2.021E+06      49-  50      966
Rovibration_vJ|1[12]        -Rovibration_vJ|2[11]            1.0754E-05  3.3370E+01   4.834E+04      49-  96      967
Rovibration_vJ|1[12]        -Rovibration_vJ|2[13]            1.2226E-05  3.5330E+01   4.623E+04      49-  99      968
Rovibration_vJ|1[12]        -Rovibration_vJ|3[11]            1.1678E-07  1.4630E+00   2.406E+04      49- 155      969
Rovibration_vJ|1[12]        -Rovibration_vJ|3[13]            1.4663E-07  1.6360E+00   2.353E+04      49- 158      970
Rovibration_vJ|1[12]        -Rovibration_vJ|4[11]            8.8667E-10  2.4860E-02   1.608E+04      49- 215      971
Rovibration_vJ|1[12]        -Rovibration_vJ|4[13]            1.3041E-09  3.2080E-02   1.585E+04      49- 219      972
Rovibration_vJ|1[12]        -Rovibration_vJ|5[11]            3.2594E-12  1.6100E-04   1.212E+04      49- 276      973
Rovibration_vJ|1[12]        -Rovibration_vJ|5[13]            7.6830E-12  3.3050E-04   1.198E+04      49- 280      974
Rovibration_vJ|1[12]        -Rovibration_vJ|6[11]            2.5258E-14  1.9290E-06   9.743E+03      49- 337      975
Rovibration_vJ|1[12]        -Rovibration_vJ|6[13]            3.6836E-17  2.4390E-09   9.658E+03      49- 341      976
Rovibration_vJ|1[12]        -Rovibration_vJ|7[11]            9.8496E-15  1.0710E-06   8.166E+03      49- 398      977
Rovibration_vJ|1[12]        -Rovibration_vJ|7[13]            5.3856E-15  5.0620E-07   8.106E+03      49- 402      978
Rovibration_vJ|1[12]        -Rovibration_vJ|8[11]            3.2058E-16  4.6890E-08   7.041E+03      49- 458      979
Rovibration_vJ|1[12]        -Rovibration_vJ|8[13]            1.6281E-16  2.0540E-08   6.997E+03      49- 463      980
Rovibration_vJ|1[12]        -Rovibration_vJ|9[11]            3.4195E-16  6.4540E-08   6.198E+03      49- 519      981
Rovibration_vJ|1[12]        -Rovibration_vJ|9[13]            4.2445E-16  6.8990E-08   6.164E+03      49- 524      982
Rovibration_vJ|1[12]        -Rovibration_vJ|10[11]           3.7233E-16  8.7850E-08   5.543E+03      49- 580      983
Rovibration_vJ|1[12]        -Rovibration_vJ|10[13]           4.3052E-16  8.7370E-08   5.517E+03      49- 584      984
Rovibration_vJ|1[13]        -Rovibration_vJ|1[14]            8.7886E-08  1.5490E-04   1.877E+06      50-  51      985
Rovibration_vJ|1[13]        -Rovibration_vJ|2[12]            1.0766E-05  3.3060E+01   4.844E+04      50-  98      986
Rovibration_vJ|1[13]        -Rovibration_vJ|2[14]            1.2214E-05  3.5600E+01   4.616E+04      50- 100      987
Rovibration_vJ|1[13]        -Rovibration_vJ|3[12]            1.1642E-07  1.4460E+00   2.408E+04      50- 157      988
Rovibration_vJ|1[13]        -Rovibration_vJ|3[14]            1.4715E-07  1.6530E+00   2.351E+04      50- 160      989
Rovibration_vJ|1[13]        -Rovibration_vJ|4[12]            8.7910E-10  2.4450E-02   1.609E+04      50- 218      990
Rovibration_vJ|1[13]        -Rovibration_vJ|4[14]            1.3170E-09  3.2600E-02   1.584E+04      50- 220      991
Rovibration_vJ|1[13]        -Rovibration_vJ|5[12]            3.1624E-12  1.5500E-04   1.212E+04      50- 278      992
Rovibration_vJ|1[13]        -Rovibration_vJ|5[14]            7.8870E-12  3.4130E-04   1.198E+04      50- 281      993
Rovibration_vJ|1[13]        -Rovibration_vJ|6[12]            2.7100E-14  2.0540E-06   9.749E+03      50- 339      994
Rovibration_vJ|1[13]        -Rovibration_vJ|6[14]            1.2037E-18  8.0160E-11   9.657E+03      50- 342      995
Rovibration_vJ|1[13]        -Rovibration_vJ|7[12]            1.0118E-14  1.0920E-06   8.170E+03      50- 399      996
Rovibration_vJ|1[13]        -Rovibration_vJ|7[14]            5.1987E-15  4.9140E-07   8.106E+03      50- 403      997
Rovibration_vJ|1[13]        -Rovibration_vJ|8[12]            3.3604E-16  4.8790E-08   7.044E+03      50- 460      998
Rovibration_vJ|1[13]        -Rovibration_vJ|8[14]            1.6080E-16  2.0400E-08   6.997E+03      50- 464      999
Rovibration_vJ|1[13]        -Rovibration_vJ|9[12]            3.3816E-16  6.3360E-08   6.201E+03      50- 521     1000
Rovibration_vJ|1[13]        -Rovibration_vJ|9[14]            4.2200E-16  6.8970E-08   6.164E+03      50- 525     1001
Rovibration_vJ|1[13]        -Rovibration_vJ|10[12]           3.7633E-16  8.8150E-08   5.546E+03      50- 581     1002
Rovibration_vJ|1[13]        -Rovibration_vJ|10[14]           4.3461E-16  8.8680E-08   5.517E+03      50- 586     1003
Rovibration_vJ|1[14]        -Rovibration_vJ|1[15]            9.3101E-08  1.8920E-04   1.752E+06      51-  53     1004
Rovibration_vJ|1[14]        -Rovibration_vJ|2[13]            1.0775E-05  3.2770E+01   4.854E+04      51-  99     1005
Rovibration_vJ|1[14]        -Rovibration_vJ|2[15]            1.2208E-05  3.5860E+01   4.609E+04      51- 103     1006
Rovibration_vJ|1[14]        -Rovibration_vJ|3[13]            1.1611E-07  1.4310E+00   2.411E+04      51- 158     1007
Rovibration_vJ|1[14]        -Rovibration_vJ|3[15]            1.4768E-07  1.6690E+00   2.350E+04      51- 163     1008
Rovibration_vJ|1[14]        -Rovibration_vJ|4[13]            8.7129E-10  2.4060E-02   1.611E+04      51- 219     1009
Rovibration_vJ|1[14]        -Rovibration_vJ|4[15]            1.3307E-09  3.3120E-02   1.583E+04      51- 224     1010
Rovibration_vJ|1[14]        -Rovibration_vJ|5[13]            3.0650E-12  1.4920E-04   1.213E+04      51- 280     1011
Rovibration_vJ|1[14]        -Rovibration_vJ|5[15]            8.0992E-12  3.5230E-04   1.198E+04      51- 284     1012
Rovibration_vJ|1[14]        -Rovibration_vJ|6[13]            2.8981E-14  2.1820E-06   9.755E+03      51- 341     1013
Rovibration_vJ|1[14]        -Rovibration_vJ|6[15]            6.9104E-17  4.6250E-09   9.656E+03      51- 345     1014
Rovibration_vJ|1[14]        -Rovibration_vJ|7[13]            1.0380E-14  1.1130E-06   8.174E+03      51- 402     1015
Rovibration_vJ|1[14]        -Rovibration_vJ|7[15]            5.0187E-15  4.7670E-07   8.105E+03      51- 405     1016
Rovibration_vJ|1[14]        -Rovibration_vJ|8[13]            3.5230E-16  5.0820E-08   7.047E+03      51- 463     1017
Rovibration_vJ|1[14]        -Rovibration_vJ|8[15]            1.5925E-16  2.0300E-08   6.996E+03      51- 466     1018
Rovibration_vJ|1[14]        -Rovibration_vJ|9[13]            3.3395E-16  6.2170E-08   6.204E+03      51- 524     1019
Rovibration_vJ|1[14]        -Rovibration_vJ|9[15]            4.1935E-16  6.8860E-08   6.164E+03      51- 526     1020
Rovibration_vJ|1[14]        -Rovibration_vJ|10[13]           3.8045E-16  8.8550E-08   5.548E+03      51- 584     1021
Rovibration_vJ|1[14]        -Rovibration_vJ|10[15]           4.3907E-16  9.0010E-08   5.517E+03      51- 587     1022
Rovibration_vJ|0[36]        -Rovibration_vJ|0[37]            2.9916E-07  3.8630E-03   7.091E+05      52-  55     1023
Rovibration_vJ|0[36]        -Rovibration_vJ|1[35]            5.3272E-06  1.4380E+01   5.040E+04      52-  97     1024
Rovibration_vJ|0[36]        -Rovibration_vJ|1[37]            6.3165E-06  2.0940E+01   4.425E+04      52- 105     1025
Rovibration_vJ|0[36]        -Rovibration_vJ|2[35]            3.4718E-08  3.9610E-01   2.452E+04      52- 156     1026
Rovibration_vJ|0[36]        -Rovibration_vJ|2[37]            5.5149E-08  6.7810E-01   2.298E+04      52- 165     1027
Rovibration_vJ|0[36]        -Rovibration_vJ|3[35]            1.6447E-10  4.2620E-03   1.627E+04      52- 217     1028
Rovibration_vJ|0[36]        -Rovibration_vJ|3[37]            4.1811E-10  1.1180E-02   1.558E+04      52- 226     1029
Rovibration_vJ|0[36]        -Rovibration_vJ|4[35]            2.0811E-13  9.5710E-06   1.221E+04      52- 279     1030
Rovibration_vJ|0[36]        -Rovibration_vJ|4[37]            2.6424E-12  1.2270E-04   1.182E+04      52- 287     1031
Rovibration_vJ|0[36]        -Rovibration_vJ|5[35]            1.5948E-14  1.1390E-06   9.799E+03      52- 340     1032
Rovibration_vJ|0[36]        -Rovibration_vJ|5[37]            3.8132E-15  2.7140E-07   9.551E+03      52- 349     1033
Rovibration_vJ|0[36]        -Rovibration_vJ|6[35]            2.6868E-15  2.7400E-07   8.201E+03      52- 401     1034
Rovibration_vJ|0[36]        -Rovibration_vJ|6[37]            3.8214E-16  3.8500E-08   8.028E+03      52- 410     1035
Rovibration_vJ|0[36]        -Rovibration_vJ|7[35]            2.1257E-16  2.9220E-08   7.063E+03      52- 462     1036
Rovibration_vJ|0[36]        -Rovibration_vJ|7[37]            7.9355E-17  1.0710E-08   6.936E+03      52- 471     1037
Rovibration_vJ|0[36]        -Rovibration_vJ|8[35]            1.4584E-17  2.5910E-09   6.213E+03      52- 522     1038
Rovibration_vJ|0[36]        -Rovibration_vJ|8[37]            2.4347E-17  4.2270E-09   6.115E+03      52- 532     1039
Rovibration_vJ|0[36]        -Rovibration_vJ|9[35]            7.2811E-17  1.6190E-08   5.554E+03      52- 583     1040
Rovibration_vJ|0[36]        -Rovibration_vJ|9[37]            8.0735E-17  1.7480E-08   5.476E+03      52- 593     1041
Rovibration_vJ|0[36]        -Rovibration_vJ|10[35]           5.7193E-17  1.5520E-08   5.027E+03      52- 631     1042
Rovibration_vJ|0[36]        -Rovibration_vJ|10[37]           6.3388E-17  1.6700E-08   4.964E+03      52- 636     1043
Rovibration_vJ|1[15]        -Rovibration_vJ|1[16]            9.8236E-08  2.2800E-04   1.643E+06      53-  54     1044
Rovibration_vJ|1[15]        -Rovibration_vJ|2[14]            1.0776E-05  3.2480E+01   4.864E+04      53- 100     1045
Rovibration_vJ|1[15]        -Rovibration_vJ|2[16]            1.2202E-05  3.6100E+01   4.602E+04      53- 104     1046
Rovibration_vJ|1[15]        -Rovibration_vJ|3[14]            1.1571E-07  1.4160E+00   2.414E+04      53- 160     1047
Rovibration_vJ|1[15]        -Rovibration_vJ|3[16]            1.4828E-07  1.6850E+00   2.348E+04      53- 164     1048
Rovibration_vJ|1[15]        -Rovibration_vJ|4[14]            8.6309E-10  2.3680E-02   1.612E+04      53- 220     1049
Rovibration_vJ|1[15]        -Rovibration_vJ|4[16]            1.3446E-09  3.3630E-02   1.583E+04      53- 225     1050
Rovibration_vJ|1[15]        -Rovibration_vJ|5[14]            2.9703E-12  1.4370E-04   1.214E+04      53- 281     1051
Rovibration_vJ|1[15]        -Rovibration_vJ|5[16]            8.3165E-12  3.6340E-04   1.197E+04      53- 286     1052
Rovibration_vJ|1[15]        -Rovibration_vJ|6[14]            3.0919E-14  2.3140E-06   9.761E+03      53- 342     1053
Rovibration_vJ|1[15]        -Rovibration_vJ|6[16]            2.4278E-16  1.6320E-08   9.655E+03      53- 347     1054
Rovibration_vJ|1[15]        -Rovibration_vJ|7[14]            1.0648E-14  1.1350E-06   8.179E+03      53- 403     1055
Rovibration_vJ|1[15]        -Rovibration_vJ|7[16]            4.8423E-15  4.6190E-07   8.105E+03      53- 408     1056
Rovibration_vJ|1[15]        -Rovibration_vJ|8[14]            3.6933E-16  5.2970E-08   7.051E+03      53- 464     1057
Rovibration_vJ|1[15]        -Rovibration_vJ|8[16]            1.5812E-16  2.0240E-08   6.997E+03      53- 469     1058
Rovibration_vJ|1[15]        -Rovibration_vJ|9[14]            3.2938E-16  6.0970E-08   6.206E+03      53- 525     1059
Rovibration_vJ|1[15]        -Rovibration_vJ|9[16]            4.1648E-16  6.8670E-08   6.165E+03      53- 529     1060
Rovibration_vJ|1[15]        -Rovibration_vJ|10[14]           3.8474E-16  8.9040E-08   5.551E+03      53- 586     1061
Rovibration_vJ|1[15]        -Rovibration_vJ|10[16]           4.4396E-16  9.1380E-08   5.518E+03      53- 589     1062
Rovibration_vJ|1[16]        -Rovibration_vJ|1[17]            1.0317E-07  2.7120E-04   1.547E+06      54-  56     1063
Rovibration_vJ|1[16]        -Rovibration_vJ|2[15]            1.0776E-05  3.2210E+01   4.874E+04      54- 103     1064
Rovibration_vJ|1[16]        -Rovibration_vJ|2[17]            1.2202E-05  3.6340E+01   4.595E+04      54- 106     1065
Rovibration_vJ|1[16]        -Rovibration_vJ|3[15]            1.1532E-07  1.4020E+00   2.417E+04      54- 163     1066
Rovibration_vJ|1[16]        -Rovibration_vJ|3[17]            1.4896E-07  1.7010E+00   2.347E+04      54- 166     1067
Rovibration_vJ|1[16]        -Rovibration_vJ|4[15]            8.5500E-10  2.3320E-02   1.613E+04      54- 224     1068
Rovibration_vJ|1[16]        -Rovibration_vJ|4[17]            1.3596E-09  3.4150E-02   1.582E+04      54- 227     1069
Rovibration_vJ|1[16]        -Rovibration_vJ|5[15]            2.8768E-12  1.3840E-04   1.215E+04      54- 284     1070
Rovibration_vJ|1[16]        -Rovibration_vJ|5[17]            8.5430E-12  3.7480E-04   1.197E+04      54- 288     1071
Rovibration_vJ|1[16]        -Rovibration_vJ|6[15]            3.2874E-14  2.4470E-06   9.767E+03      54- 345     1072
Rovibration_vJ|1[16]        -Rovibration_vJ|6[17]            5.2475E-16  3.5410E-08   9.654E+03      54- 348     1073
Rovibration_vJ|1[16]        -Rovibration_vJ|7[15]            1.0921E-14  1.1580E-06   8.183E+03      54- 405     1074
Rovibration_vJ|1[16]        -Rovibration_vJ|7[17]            4.6708E-15  4.4720E-07   8.105E+03      54- 409     1075
Rovibration_vJ|1[16]        -Rovibration_vJ|8[15]            3.8732E-16  5.5260E-08   7.055E+03      54- 466     1076
Rovibration_vJ|1[16]        -Rovibration_vJ|8[17]            1.5739E-16  2.0220E-08   6.997E+03      54- 470     1077
Rovibration_vJ|1[16]        -Rovibration_vJ|9[15]            3.2441E-16  5.9740E-08   6.210E+03      54- 526     1078
Rovibration_vJ|1[16]        -Rovibration_vJ|9[17]            4.1343E-16  6.8410E-08   6.165E+03      54- 531     1079
Rovibration_vJ|1[16]        -Rovibration_vJ|10[15]           3.8910E-16  8.9590E-08   5.553E+03      54- 587     1080
Rovibration_vJ|1[16]        -Rovibration_vJ|10[17]           4.4919E-16  9.2780E-08   5.518E+03      54- 592     1081
Rovibration_vJ|0[37]        -Rovibration_vJ|0[38]            3.0132E-07  4.1030E-03   6.907E+05      55-  58     1082
Rovibration_vJ|0[37]        -Rovibration_vJ|1[36]            5.3209E-06  1.4280E+01   5.053E+04      55- 101     1083
Rovibration_vJ|0[37]        -Rovibration_vJ|1[38]            6.3226E-06  2.1020E+01   4.421E+04      55- 109     1084
Rovibration_vJ|0[37]        -Rovibration_vJ|2[36]            3.4561E-08  3.9280E-01   2.456E+04      55- 161     1085
Rovibration_vJ|0[37]        -Rovibration_vJ|2[38]            5.5505E-08  6.8330E-01   2.297E+04      55- 170     1086
Rovibration_vJ|0[37]        -Rovibration_vJ|3[36]            1.6283E-10  4.2060E-03   1.629E+04      55- 222     1087
Rovibration_vJ|0[37]        -Rovibration_vJ|3[38]            4.2382E-10  1.1340E-02   1.558E+04      55- 231     1088
Rovibration_vJ|0[37]        -Rovibration_vJ|4[36]            1.9881E-13  9.1170E-06   1.222E+04      55- 283     1089
Rovibration_vJ|0[37]        -Rovibration_vJ|4[38]            2.7147E-12  1.2610E-04   1.183E+04      55- 292     1090
Rovibration_vJ|0[37]        -Rovibration_vJ|5[36]            1.6427E-14  1.1700E-06   9.809E+03      55- 343     1091
Rovibration_vJ|0[37]        -Rovibration_vJ|5[38]            4.2706E-15  3.0400E-07   9.554E+03      55- 354     1092
Rovibration_vJ|0[37]        -Rovibration_vJ|6[36]            2.7263E-15  2.7730E-07   8.208E+03      55- 404     1093
Rovibration_vJ|0[37]        -Rovibration_vJ|6[38]            3.5910E-16  3.6180E-08   8.030E+03      55- 415     1094
Rovibration_vJ|0[37]        -Rovibration_vJ|7[36]            2.2040E-16  3.0220E-08   7.070E+03      55- 465     1095
Rovibration_vJ|0[37]        -Rovibration_vJ|7[38]            8.0916E-17  1.0920E-08   6.938E+03      55- 476     1096
Rovibration_vJ|0[37]        -Rovibration_vJ|8[36]            1.3097E-17  2.3210E-09   6.219E+03      55- 527     1097
Rovibration_vJ|0[37]        -Rovibration_vJ|8[38]            2.2645E-17  3.9310E-09   6.118E+03      55- 537     1098
Rovibration_vJ|0[37]        -Rovibration_vJ|9[36]            7.0734E-17  1.5690E-08   5.558E+03      55- 588     1099
Rovibration_vJ|0[37]        -Rovibration_vJ|9[38]            7.8487E-17  1.6990E-08   5.478E+03      55- 597     1100
Rovibration_vJ|0[37]        -Rovibration_vJ|10[36]           5.6739E-17  1.5360E-08   5.031E+03      55- 633     1101
Rovibration_vJ|0[37]        -Rovibration_vJ|10[38]           6.2871E-17  1.6560E-08   4.967E+03      55- 638     1102
Rovibration_vJ|1[17]        -Rovibration_vJ|1[18]            1.0794E-07  3.1900E-04   1.461E+06      56-  57     1103
Rovibration_vJ|1[17]        -Rovibration_vJ|2[16]            1.0774E-05  3.1950E+01   4.884E+04      56- 104     1104
Rovibration_vJ|1[17]        -Rovibration_vJ|2[18]            1.2204E-05  3.6570E+01   4.589E+04      56- 108     1105
Rovibration_vJ|1[17]        -Rovibration_vJ|3[16]            1.1494E-07  1.3890E+00   2.420E+04      56- 164     1106
Rovibration_vJ|1[17]        -Rovibration_vJ|3[18]            1.4969E-07  1.7170E+00   2.345E+04      56- 169     1107
Rovibration_vJ|1[17]        -Rovibration_vJ|4[16]            8.4677E-10  2.2970E-02   1.615E+04      56- 225     1108
Rovibration_vJ|1[17]        -Rovibration_vJ|4[18]            1.3749E-09  3.4670E-02   1.582E+04      56- 230     1109
Rovibration_vJ|1[17]        -Rovibration_vJ|5[16]            2.7851E-12  1.3330E-04   1.216E+04      56- 286     1110
Rovibration_vJ|1[17]        -Rovibration_vJ|5[18]            8.7737E-12  3.8630E-04   1.197E+04      56- 289     1111
Rovibration_vJ|1[17]        -Rovibration_vJ|6[16]            3.4888E-14  2.5840E-06   9.773E+03      56- 347     1112
Rovibration_vJ|1[17]        -Rovibration_vJ|6[18]            9.1775E-16  6.2140E-08   9.653E+03      56- 350     1113
Rovibration_vJ|1[17]        -Rovibration_vJ|7[16]            1.1193E-14  1.1810E-06   8.188E+03      56- 408     1114
Rovibration_vJ|1[17]        -Rovibration_vJ|7[18]            4.5036E-15  4.3260E-07   8.105E+03      56- 411     1115
Rovibration_vJ|1[17]        -Rovibration_vJ|8[16]            4.0614E-16  5.7670E-08   7.059E+03      56- 469     1116
Rovibration_vJ|1[17]        -Rovibration_vJ|8[18]            1.5697E-16  2.0230E-08   6.997E+03      56- 472     1117
Rovibration_vJ|1[17]        -Rovibration_vJ|9[16]            3.1907E-16  5.8480E-08   6.213E+03      56- 529     1118
Rovibration_vJ|1[17]        -Rovibration_vJ|9[18]            4.1010E-16  6.8070E-08   6.166E+03      56- 533     1119
Rovibration_vJ|1[17]        -Rovibration_vJ|10[16]           3.9367E-16  9.0220E-08   5.556E+03      56- 589     1120
Rovibration_vJ|1[17]        -Rovibration_vJ|10[18]           4.5467E-16  9.4200E-08   5.519E+03      56- 594     1121
Rovibration_vJ|1[18]        -Rovibration_vJ|1[19]            1.1251E-07  3.7140E-04   1.385E+06      57-  59     1122
Rovibration_vJ|1[18]        -Rovibration_vJ|2[17]            1.0771E-05  3.1700E+01   4.895E+04      57- 106     1123
Rovibration_vJ|1[18]        -Rovibration_vJ|2[19]            1.2207E-05  3.6790E+01   4.582E+04      57- 110     1124
Rovibration_vJ|1[18]        -Rovibration_vJ|3[17]            1.1451E-07  1.3760E+00   2.422E+04      57- 166     1125
Rovibration_vJ|1[18]        -Rovibration_vJ|3[19]            1.5039E-07  1.7320E+00   2.344E+04      57- 171     1126
Rovibration_vJ|1[18]        -Rovibration_vJ|4[17]            8.3848E-10  2.2630E-02   1.616E+04      57- 227     1127
Rovibration_vJ|1[18]        -Rovibration_vJ|4[19]            1.3907E-09  3.5190E-02   1.581E+04      57- 232     1128
Rovibration_vJ|1[18]        -Rovibration_vJ|5[17]            2.6955E-12  1.2840E-04   1.217E+04      57- 288     1129
Rovibration_vJ|1[18]        -Rovibration_vJ|5[19]            9.0129E-12  3.9810E-04   1.197E+04      57- 293     1130
Rovibration_vJ|1[18]        -Rovibration_vJ|6[17]            3.6934E-14  2.7230E-06   9.780E+03      57- 348     1131
Rovibration_vJ|1[18]        -Rovibration_vJ|6[19]            1.4245E-15  9.6740E-08   9.653E+03      57- 353     1132
Rovibration_vJ|1[18]        -Rovibration_vJ|7[17]            1.1471E-14  1.2050E-06   8.193E+03      57- 409     1133
Rovibration_vJ|1[18]        -Rovibration_vJ|7[19]            4.3400E-15  4.1810E-07   8.105E+03      57- 414     1134
Rovibration_vJ|1[18]        -Rovibration_vJ|8[17]            4.2597E-16  6.0220E-08   7.062E+03      57- 470     1135
Rovibration_vJ|1[18]        -Rovibration_vJ|8[19]            1.5692E-16  2.0280E-08   6.997E+03      57- 474     1136
Rovibration_vJ|1[18]        -Rovibration_vJ|9[17]            3.1344E-16  5.7200E-08   6.216E+03      57- 531     1137
Rovibration_vJ|1[18]        -Rovibration_vJ|9[19]            4.0639E-16  6.7640E-08   6.166E+03      57- 535     1138
Rovibration_vJ|1[18]        -Rovibration_vJ|10[17]           3.9834E-16  9.0900E-08   5.559E+03      57- 592     1139
Rovibration_vJ|1[18]        -Rovibration_vJ|10[19]           4.6048E-16  9.5660E-08   5.519E+03      57- 595     1140
Rovibration_vJ|0[38]        -Rovibration_vJ|0[39]            3.0310E-07  4.3460E-03   6.734E+05      58-  61     1141
Rovibration_vJ|0[38]        -Rovibration_vJ|1[37]            5.3107E-06  1.4170E+01   5.066E+04      58- 105     1142
Rovibration_vJ|0[38]        -Rovibration_vJ|1[39]            6.3321E-06  2.1110E+01   4.416E+04      58- 113     1143
Rovibration_vJ|0[38]        -Rovibration_vJ|2[37]            3.4411E-08  3.8960E-01   2.459E+04      58- 165     1144
Rovibration_vJ|0[38]        -Rovibration_vJ|2[39]            5.5864E-08  6.8850E-01   2.297E+04      58- 174     1145
Rovibration_vJ|0[38]        -Rovibration_vJ|3[37]            1.6117E-10  4.1500E-03   1.631E+04      58- 226     1146
Rovibration_vJ|0[38]        -Rovibration_vJ|3[39]            4.2956E-10  1.1500E-02   1.558E+04      58- 235     1147
Rovibration_vJ|0[38]        -Rovibration_vJ|4[37]            1.8983E-13  8.6800E-06   1.224E+04      58- 287     1148
Rovibration_vJ|0[38]        -Rovibration_vJ|4[39]            2.7893E-12  1.2960E-04   1.183E+04      58- 296     1149
Rovibration_vJ|0[38]        -Rovibration_vJ|5[37]            1.6894E-14  1.2000E-06   9.819E+03      58- 349     1150
Rovibration_vJ|0[38]        -Rovibration_vJ|5[39]            4.7577E-15  3.3870E-07   9.556E+03      58- 357     1151
Rovibration_vJ|0[38]        -Rovibration_vJ|6[37]            2.7649E-15  2.8050E-07   8.216E+03      58- 410     1152
Rovibration_vJ|0[38]        -Rovibration_vJ|6[39]            3.3668E-16  3.3920E-08   8.033E+03      58- 419     1153
Rovibration_vJ|0[38]        -Rovibration_vJ|7[37]            2.2849E-16  3.1250E-08   7.076E+03      58- 471     1154
Rovibration_vJ|0[38]        -Rovibration_vJ|7[39]            8.2632E-17  1.1150E-08   6.941E+03      58- 480     1155
Rovibration_vJ|0[38]        -Rovibration_vJ|8[37]            1.1670E-17  2.0630E-09   6.224E+03      58- 532     1156
Rovibration_vJ|0[38]        -Rovibration_vJ|8[39]            2.0979E-17  3.6410E-09   6.120E+03      58- 540     1157
Rovibration_vJ|0[38]        -Rovibration_vJ|9[37]            6.8555E-17  1.5170E-08   5.563E+03      58- 593     1158
Rovibration_vJ|0[38]        -Rovibration_vJ|9[39]            7.6197E-17  1.6490E-08   5.481E+03      58- 601     1159
Rovibration_vJ|0[38]        -Rovibration_vJ|10[37]           5.6172E-17  1.5170E-08   5.036E+03      58- 636     1160
Rovibration_vJ|0[38]        -Rovibration_vJ|10[39]           6.2207E-17  1.6380E-08   4.969E+03      58- 640     1161
Rovibration_vJ|1[19]        -Rovibration_vJ|1[20]            1.1693E-07  4.2860E-04   1.316E+06      59-  60     1162
Rovibration_vJ|1[19]        -Rovibration_vJ|2[18]            1.0764E-05  3.1450E+01   4.905E+04      59- 108     1163
Rovibration_vJ|1[19]        -Rovibration_vJ|2[20]            1.2213E-05  3.7010E+01   4.576E+04      59- 111     1164
Rovibration_vJ|1[19]        -Rovibration_vJ|3[18]            1.1404E-07  1.3630E+00   2.425E+04      59- 169     1165
Rovibration_vJ|1[19]        -Rovibration_vJ|3[20]            1.5112E-07  1.7470E+00   2.343E+04      59- 172     1166
Rovibration_vJ|1[19]        -Rovibration_vJ|4[18]            8.3019E-10  2.2300E-02   1.618E+04      59- 230     1167
Rovibration_vJ|1[19]        -Rovibration_vJ|4[20]            1.4068E-09  3.5710E-02   1.581E+04      59- 233     1168
Rovibration_vJ|1[19]        -Rovibration_vJ|5[18]            2.6063E-12  1.2360E-04   1.218E+04      59- 289     1169
Rovibration_vJ|1[19]        -Rovibration_vJ|5[20]            9.2602E-12  4.1020E-04   1.197E+04      59- 294     1170
Rovibration_vJ|1[19]        -Rovibration_vJ|6[18]            3.9013E-14  2.8640E-06   9.786E+03      59- 350     1171
Rovibration_vJ|1[19]        -Rovibration_vJ|6[20]            2.0486E-15  1.3950E-07   9.653E+03      59- 355     1172
Rovibration_vJ|1[19]        -Rovibration_vJ|7[18]            1.1749E-14  1.2290E-06   8.198E+03      59- 411     1173
Rovibration_vJ|1[19]        -Rovibration_vJ|7[20]            4.1788E-15  4.0360E-07   8.105E+03      59- 416     1174
Rovibration_vJ|1[19]        -Rovibration_vJ|8[18]            4.4689E-16  6.2920E-08   7.067E+03      59- 472     1175
Rovibration_vJ|1[19]        -Rovibration_vJ|8[20]            1.5722E-16  2.0370E-08   6.998E+03      59- 477     1176
Rovibration_vJ|1[19]        -Rovibration_vJ|9[18]            3.0744E-16  5.5880E-08   6.219E+03      59- 533     1177
Rovibration_vJ|1[19]        -Rovibration_vJ|9[20]            4.0242E-16  6.7140E-08   6.167E+03      59- 538     1178
Rovibration_vJ|1[19]        -Rovibration_vJ|10[18]           4.0314E-16  9.1630E-08   5.562E+03      59- 594     1179
Rovibration_vJ|1[19]        -Rovibration_vJ|10[20]           4.6650E-16  9.7140E-08   5.520E+03      59- 599     1180
Rovibration_vJ|1[20]        -Rovibration_vJ|1[21]            1.2113E-07  4.9040E-04   1.253E+06      60-  62     1181
Rovibration_vJ|1[20]        -Rovibration_vJ|2[19]            1.0757E-05  3.1210E+01   4.916E+04      60- 110     1182
Rovibration_vJ|1[20]        -Rovibration_vJ|2[21]            1.2219E-05  3.7220E+01   4.569E+04      60- 114     1183
Rovibration_vJ|1[20]        -Rovibration_vJ|3[19]            1.1353E-07  1.3500E+00   2.428E+04      60- 171     1184
Rovibration_vJ|1[20]        -Rovibration_vJ|3[21]            1.5198E-07  1.7630E+00   2.341E+04      60- 175     1185
Rovibration_vJ|1[20]        -Rovibration_vJ|4[19]            8.2197E-10  2.1980E-02   1.619E+04      60- 232     1186
Rovibration_vJ|1[20]        -Rovibration_vJ|4[21]            1.4232E-09  3.6230E-02   1.581E+04      60- 236     1187
Rovibration_vJ|1[20]        -Rovibration_vJ|5[19]            2.5199E-12  1.1900E-04   1.219E+04      60- 293     1188
Rovibration_vJ|1[20]        -Rovibration_vJ|5[21]            9.5133E-12  4.2250E-04   1.197E+04      60- 297     1189
Rovibration_vJ|1[20]        -Rovibration_vJ|6[19]            4.1126E-14  3.0070E-06   9.793E+03      60- 353     1190
Rovibration_vJ|1[20]        -Rovibration_vJ|6[21]            2.7923E-15  1.9060E-07   9.653E+03      60- 358     1191
Rovibration_vJ|1[20]        -Rovibration_vJ|7[19]            1.2025E-14  1.2530E-06   8.203E+03      60- 414     1192
Rovibration_vJ|1[20]        -Rovibration_vJ|7[21]            4.0216E-15  3.8930E-07   8.106E+03      60- 418     1193
Rovibration_vJ|1[20]        -Rovibration_vJ|8[19]            4.6878E-16  6.5750E-08   7.071E+03      60- 474     1194
Rovibration_vJ|1[20]        -Rovibration_vJ|8[21]            1.5788E-16  2.0500E-08   6.999E+03      60- 478     1195
Rovibration_vJ|1[20]        -Rovibration_vJ|9[19]            3.0109E-16  5.4520E-08   6.223E+03      60- 535     1196
Rovibration_vJ|1[20]        -Rovibration_vJ|9[21]            3.9810E-16  6.6560E-08   6.168E+03      60- 539     1197
Rovibration_vJ|1[20]        -Rovibration_vJ|10[19]           4.0804E-16  9.2400E-08   5.565E+03      60- 595     1198
Rovibration_vJ|1[20]        -Rovibration_vJ|10[21]           4.7272E-16  9.8640E-08   5.521E+03      60- 600     1199
Rovibration_vJ|0[39]        -Rovibration_vJ|0[40]            3.0449E-07  4.5910E-03   6.569E+05      61-  64     1200
Rovibration_vJ|0[39]        -Rovibration_vJ|1[38]            5.3002E-06  1.4060E+01   5.079E+04      61- 109     1201
Rovibration_vJ|0[39]        -Rovibration_vJ|1[40]            6.3420E-06  2.1200E+01   4.411E+04      61- 116     1202
Rovibration_vJ|0[39]        -Rovibration_vJ|2[38]            3.4259E-08  3.8640E-01   2.463E+04      61- 170     1203
Rovibration_vJ|0[39]        -Rovibration_vJ|2[40]            5.6233E-08  6.9380E-01   2.296E+04      61- 177     1204
Rovibration_vJ|0[39]        -Rovibration_vJ|3[38]            1.5959E-10  4.0960E-03   1.633E+04      61- 231     1205
Rovibration_vJ|0[39]        -Rovibration_vJ|3[40]            4.3532E-10  1.1660E-02   1.558E+04      61- 238     1206
Rovibration_vJ|0[39]        -Rovibration_vJ|4[38]            1.8117E-13  8.2600E-06   1.225E+04      61- 292     1207
Rovibration_vJ|0[39]        -Rovibration_vJ|4[40]            2.8641E-12  1.3310E-04   1.183E+04      61- 299     1208
Rovibration_vJ|0[39]        -Rovibration_vJ|5[38]            1.7378E-14  1.2310E-06   9.829E+03      61- 354     1209
Rovibration_vJ|0[39]        -Rovibration_vJ|5[40]            5.2773E-15  3.7570E-07   9.559E+03      61- 360     1210
Rovibration_vJ|0[39]        -Rovibration_vJ|6[38]            2.8047E-15  2.8380E-07   8.224E+03      61- 415     1211
Rovibration_vJ|0[39]        -Rovibration_vJ|6[40]            3.1468E-16  3.1700E-08   8.036E+03      61- 421     1212
Rovibration_vJ|0[39]        -Rovibration_vJ|7[38]            2.3676E-16  3.2300E-08   7.083E+03      61- 476     1213
Rovibration_vJ|0[39]        -Rovibration_vJ|7[40]            8.4279E-17  1.1370E-08   6.944E+03      61- 482     1214
Rovibration_vJ|0[39]        -Rovibration_vJ|8[38]            1.0298E-17  1.8160E-09   6.230E+03      61- 537     1215
Rovibration_vJ|0[39]        -Rovibration_vJ|8[40]            1.9342E-17  3.3560E-09   6.123E+03      61- 544     1216
Rovibration_vJ|0[39]        -Rovibration_vJ|9[38]            6.6411E-17  1.4660E-08   5.568E+03      61- 597     1217
Rovibration_vJ|0[39]        -Rovibration_vJ|9[40]            7.3865E-17  1.5980E-08   5.484E+03      61- 605     1218
Rovibration_vJ|0[39]        -Rovibration_vJ|10[38]           5.5564E-17  1.4970E-08   5.040E+03      61- 638     1219
Rovibration_vJ|0[39]        -Rovibration_vJ|10[40]           6.1471E-17  1.6180E-08   4.972E+03      61- 642     1220
Rovibration_vJ|1[21]        -Rovibration_vJ|1[22]            1.2513E-07  5.5690E-04   1.197E+06      62-  63     1221
Rovibration_vJ|1[21]        -Rovibration_vJ|2[20]            1.0747E-05  3.0970E+01   4.927E+04      62- 111     1222
Rovibration_vJ|1[21]        -Rovibration_vJ|2[22]            1.2228E-05  3.7430E+01   4.563E+04      62- 115     1223
Rovibration_vJ|1[21]        -Rovibration_vJ|3[20]            1.1308E-07  1.3380E+00   2.432E+04      62- 172     1224
Rovibration_vJ|1[21]        -Rovibration_vJ|3[22]            1.5278E-07  1.7780E+00   2.340E+04      62- 176     1225
Rovibration_vJ|1[21]        -Rovibration_vJ|4[20]            8.1386E-10  2.1670E-02   1.621E+04      62- 233     1226
Rovibration_vJ|1[21]        -Rovibration_vJ|4[22]            1.4402E-09  3.6760E-02   1.580E+04      62- 237     1227
Rovibration_vJ|1[21]        -Rovibration_vJ|5[20]            2.4364E-12  1.1460E-04   1.220E+04      62- 294     1228
Rovibration_vJ|1[21]        -Rovibration_vJ|5[22]            9.7719E-12  4.3500E-04   1.197E+04      62- 298     1229
Rovibration_vJ|1[21]        -Rovibration_vJ|6[20]            4.3273E-14  3.1520E-06   9.800E+03      62- 355     1230
Rovibration_vJ|1[21]        -Rovibration_vJ|6[22]            3.6590E-15  2.5030E-07   9.653E+03      62- 359     1231
Rovibration_vJ|1[21]        -Rovibration_vJ|7[20]            1.2310E-14  1.2780E-06   8.209E+03      62- 416     1232
Rovibration_vJ|1[21]        -Rovibration_vJ|7[22]            3.8680E-15  3.7520E-07   8.106E+03      62- 420     1233
Rovibration_vJ|1[21]        -Rovibration_vJ|8[20]            4.9180E-16  6.8730E-08   7.075E+03      62- 477     1234
Rovibration_vJ|1[21]        -Rovibration_vJ|8[22]            1.5888E-16  2.0670E-08   6.999E+03      62- 481     1235
Rovibration_vJ|1[21]        -Rovibration_vJ|9[20]            2.9445E-16  5.3130E-08   6.227E+03      62- 538     1236
Rovibration_vJ|1[21]        -Rovibration_vJ|9[22]            3.9341E-16  6.5900E-08   6.169E+03      62- 542     1237
Rovibration_vJ|1[21]        -Rovibration_vJ|10[20]           4.1311E-16  9.3220E-08   5.568E+03      62- 599     1238
Rovibration_vJ|1[21]        -Rovibration_vJ|10[22]           4.7933E-16  1.0020E-07   5.522E+03      62- 603     1239
Rovibration_vJ|1[22]        -Rovibration_vJ|1[23]            1.2893E-07  6.2800E-04   1.145E+06      63-  65     1240
Rovibration_vJ|1[22]        -Rovibration_vJ|2[21]            1.0734E-05  3.0730E+01   4.938E+04      63- 114     1241
Rovibration_vJ|1[22]        -Rovibration_vJ|2[23]            1.2235E-05  3.7630E+01   4.557E+04      63- 118     1242
Rovibration_vJ|1[22]        -Rovibration_vJ|3[21]            1.1259E-07  1.3260E+00   2.435E+04      63- 175     1243
Rovibration_vJ|1[22]        -Rovibration_vJ|3[23]            1.5361E-07  1.7930E+00   2.339E+04      63- 179     1244
Rovibration_vJ|1[22]        -Rovibration_vJ|4[21]            8.0552E-10  2.1360E-02   1.622E+04      63- 236     1245
Rovibration_vJ|1[22]        -Rovibration_vJ|4[23]            1.4574E-09  3.7290E-02   1.580E+04      63- 240     1246
Rovibration_vJ|1[22]        -Rovibration_vJ|5[21]            2.3540E-12  1.1030E-04   1.221E+04      63- 297     1247
Rovibration_vJ|1[22]        -Rovibration_vJ|5[23]            1.0038E-11  4.4780E-04   1.197E+04      63- 301     1248
Rovibration_vJ|1[22]        -Rovibration_vJ|6[21]            4.5470E-14  3.3000E-06   9.807E+03      63- 358     1249
Rovibration_vJ|1[22]        -Rovibration_vJ|6[23]            4.6514E-15  3.1880E-07   9.653E+03      63- 361     1250
Rovibration_vJ|1[22]        -Rovibration_vJ|7[21]            1.2595E-14  1.3030E-06   8.214E+03      63- 418     1251
Rovibration_vJ|1[22]        -Rovibration_vJ|7[23]            3.7160E-15  3.6110E-07   8.107E+03      63- 422     1252
Rovibration_vJ|1[22]        -Rovibration_vJ|8[21]            5.1596E-16  7.1860E-08   7.080E+03      63- 478     1253
Rovibration_vJ|1[22]        -Rovibration_vJ|8[23]            1.6022E-16  2.0880E-08   7.000E+03      63- 483     1254
Rovibration_vJ|1[22]        -Rovibration_vJ|9[21]            2.8744E-16  5.1690E-08   6.230E+03      63- 539     1255
Rovibration_vJ|1[22]        -Rovibration_vJ|9[23]            3.8829E-16  6.5150E-08   6.170E+03      63- 543     1256
Rovibration_vJ|1[22]        -Rovibration_vJ|10[21]           4.1822E-16  9.4060E-08   5.571E+03      63- 600     1257
Rovibration_vJ|1[22]        -Rovibration_vJ|10[23]           4.8573E-16  1.0170E-07   5.523E+03      63- 604     1258
Rovibration_vJ|0[40]        -Rovibration_vJ|0[41]            3.0548E-07  4.8370E-03   6.412E+05      64-  67     1259
Rovibration_vJ|0[40]        -Rovibration_vJ|1[39]            5.2895E-06  1.3950E+01   5.092E+04      64- 113     1260
Rovibration_vJ|0[40]        -Rovibration_vJ|1[41]            6.3492E-06  2.1280E+01   4.407E+04      64- 120     1261
Rovibration_vJ|0[40]        -Rovibration_vJ|2[39]            3.4106E-08  3.8320E-01   2.467E+04      64- 174     1262
Rovibration_vJ|0[40]        -Rovibration_vJ|2[41]            5.6598E-08  6.9900E-01   2.296E+04      64- 181     1263
Rovibration_vJ|0[40]        -Rovibration_vJ|3[39]            1.5803E-10  4.0430E-03   1.635E+04      64- 235     1264
Rovibration_vJ|0[40]        -Rovibration_vJ|3[41]            4.4110E-10  1.1820E-02   1.559E+04      64- 242     1265
Rovibration_vJ|0[40]        -Rovibration_vJ|4[39]            1.7281E-13  7.8560E-06   1.227E+04      64- 296     1266
Rovibration_vJ|0[40]        -Rovibration_vJ|4[41]            2.9433E-12  1.3680E-04   1.183E+04      64- 303     1267
Rovibration_vJ|0[40]        -Rovibration_vJ|5[39]            1.7864E-14  1.2620E-06   9.839E+03      64- 357     1268
Rovibration_vJ|0[40]        -Rovibration_vJ|5[41]            5.8311E-15  4.1510E-07   9.563E+03      64- 364     1269
Rovibration_vJ|0[40]        -Rovibration_vJ|6[39]            2.8438E-15  2.8700E-07   8.232E+03      64- 419     1270
Rovibration_vJ|0[40]        -Rovibration_vJ|6[41]            2.9319E-16  2.9530E-08   8.039E+03      64- 425     1271
Rovibration_vJ|0[40]        -Rovibration_vJ|7[39]            2.4522E-16  3.3370E-08   7.089E+03      64- 480     1272
Rovibration_vJ|0[40]        -Rovibration_vJ|7[41]            8.6007E-17  1.1600E-08   6.947E+03      64- 486     1273
Rovibration_vJ|0[40]        -Rovibration_vJ|8[39]            8.9931E-18  1.5820E-09   6.235E+03      64- 540     1274
Rovibration_vJ|0[40]        -Rovibration_vJ|8[41]            1.7752E-17  3.0790E-09   6.126E+03      64- 547     1275
Rovibration_vJ|0[40]        -Rovibration_vJ|9[39]            6.4166E-17  1.4130E-08   5.573E+03      64- 601     1276
Rovibration_vJ|0[40]        -Rovibration_vJ|9[41]            7.1536E-17  1.5470E-08   5.486E+03      64- 608     1277
Rovibration_vJ|0[40]        -Rovibration_vJ|10[39]           5.4841E-17  1.4740E-08   5.044E+03      64- 640     1278
Rovibration_vJ|0[40]        -Rovibration_vJ|10[41]           6.0662E-17  1.5960E-08   4.974E+03      64- 644     1279
Rovibration_vJ|1[23]        -Rovibration_vJ|1[24]            1.3248E-07  7.0350E-04   1.098E+06      65-  66     1280
Rovibration_vJ|1[23]        -Rovibration_vJ|2[22]            1.0723E-05  3.0500E+01   4.949E+04      65- 115     1281
Rovibration_vJ|1[23]        -Rovibration_vJ|2[24]            1.2246E-05  3.7830E+01   4.551E+04      65- 119     1282
Rovibration_vJ|1[23]        -Rovibration_vJ|3[22]            1.1217E-07  1.3150E+00   2.438E+04      65- 176     1283
Rovibration_vJ|1[23]        -Rovibration_vJ|3[24]            1.5446E-07  1.8080E+00   2.338E+04      65- 180     1284
Rovibration_vJ|1[23]        -Rovibration_vJ|4[22]            7.9773E-10  2.1070E-02   1.624E+04      65- 237     1285
Rovibration_vJ|1[23]        -Rovibration_vJ|4[24]            1.4753E-09  3.7830E-02   1.580E+04      65- 241     1286
Rovibration_vJ|1[23]        -Rovibration_vJ|5[22]            2.2726E-12  1.0610E-04   1.222E+04      65- 298     1287
Rovibration_vJ|1[23]        -Rovibration_vJ|5[24]            1.0312E-11  4.6090E-04   1.196E+04      65- 302     1288
Rovibration_vJ|1[23]        -Rovibration_vJ|6[22]            4.7688E-14  3.4490E-06   9.815E+03      65- 359     1289
Rovibration_vJ|1[23]        -Rovibration_vJ|6[24]            5.7750E-15  3.9650E-07   9.653E+03      65- 363     1290
Rovibration_vJ|1[23]        -Rovibration_vJ|7[22]            1.2890E-14  1.3290E-06   8.220E+03      65- 420     1291
Rovibration_vJ|1[23]        -Rovibration_vJ|7[24]            3.5672E-15  3.4720E-07   8.108E+03      65- 424     1292
Rovibration_vJ|1[23]        -Rovibration_vJ|8[22]            5.4135E-16  7.5150E-08   7.084E+03      65- 481     1293
Rovibration_vJ|1[23]        -Rovibration_vJ|8[24]            1.6189E-16  2.1130E-08   7.001E+03      65- 485     1294
Rovibration_vJ|1[23]        -Rovibration_vJ|9[22]            2.8017E-16  5.0220E-08   6.234E+03      65- 542     1295
Rovibration_vJ|1[23]        -Rovibration_vJ|9[24]            3.8279E-16  6.4320E-08   6.171E+03      65- 546     1296
Rovibration_vJ|1[23]        -Rovibration_vJ|10[22]           4.2342E-16  9.4930E-08   5.574E+03      65- 603     1297
Rovibration_vJ|1[23]        -Rovibration_vJ|10[24]           4.9221E-16  1.0320E-07   5.524E+03      65- 607     1298
Rovibration_vJ|1[24]        -Rovibration_vJ|1[25]            1.3584E-07  7.8350E-04   1.054E+06      66-  68     1299
Rovibration_vJ|1[24]        -Rovibration_vJ|2[23]            1.0710E-05  3.0270E+01   4.960E+04      66- 118     1300
Rovibration_vJ|1[24]        -Rovibration_vJ|2[25]            1.2257E-05  3.8030E+01   4.545E+04      66- 122     1301
Rovibration_vJ|1[24]        -Rovibration_vJ|3[23]            1.1164E-07  1.3030E+00   2.441E+04      66- 179     1302
Rovibration_vJ|1[24]        -Rovibration_vJ|3[25]            1.5534E-07  1.8230E+00   2.337E+04      66- 183     1303
Rovibration_vJ|1[24]        -Rovibration_vJ|4[23]            7.8938E-10  2.0770E-02   1.626E+04      66- 240     1304
Rovibration_vJ|1[24]        -Rovibration_vJ|4[25]            1.4933E-09  3.8370E-02   1.579E+04      66- 244     1305
Rovibration_vJ|1[24]        -Rovibration_vJ|5[23]            2.1946E-12  1.0210E-04   1.223E+04      66- 301     1306
Rovibration_vJ|1[24]        -Rovibration_vJ|5[25]            1.0591E-11  4.7420E-04   1.196E+04      66- 304     1307
Rovibration_vJ|1[24]        -Rovibration_vJ|6[23]            4.9929E-14  3.5990E-06   9.822E+03      66- 361     1308
Rovibration_vJ|1[24]        -Rovibration_vJ|6[25]            7.0313E-15  4.8350E-07   9.654E+03      66- 365     1309
Rovibration_vJ|1[24]        -Rovibration_vJ|7[23]            1.3175E-14  1.3540E-06   8.226E+03      66- 422     1310
Rovibration_vJ|1[24]        -Rovibration_vJ|7[25]            3.4216E-15  3.3350E-07   8.109E+03      66- 426     1311
Rovibration_vJ|1[24]        -Rovibration_vJ|8[23]            5.6799E-16  7.8600E-08   7.089E+03      66- 483     1312
Rovibration_vJ|1[24]        -Rovibration_vJ|8[25]            1.6397E-16  2.1430E-08   7.003E+03      66- 487     1313
Rovibration_vJ|1[24]        -Rovibration_vJ|9[23]            2.7253E-16  4.8700E-08   6.238E+03      66- 543     1314
Rovibration_vJ|1[24]        -Rovibration_vJ|9[25]            3.7690E-16  6.3410E-08   6.172E+03      66- 548     1315
Rovibration_vJ|1[24]        -Rovibration_vJ|10[23]           4.2874E-16  9.5830E-08   5.578E+03      66- 604     1316
Rovibration_vJ|1[24]        -Rovibration_vJ|10[25]           4.9923E-16  1.0480E-07   5.525E+03      66- 609     1317
Rovibration_vJ|0[41]        -Rovibration_vJ|0[42]            3.0612E-07  5.0840E-03   6.262E+05      67-  69     1318
Rovibration_vJ|0[41]        -Rovibration_vJ|1[40]            5.2823E-06  1.3850E+01   5.106E+04      67- 116     1319
Rovibration_vJ|0[41]        -Rovibration_vJ|1[42]            6.3567E-06  2.1360E+01   4.403E+04      67- 123     1320
Rovibration_vJ|0[41]        -Rovibration_vJ|2[40]            3.3960E-08  3.8010E-01   2.471E+04      67- 177     1321
Rovibration_vJ|0[41]        -Rovibration_vJ|2[42]            5.6974E-08  7.0430E-01   2.295E+04      67- 184     1322
Rovibration_vJ|0[41]        -Rovibration_vJ|3[40]            1.5645E-10  3.9900E-03   1.637E+04      67- 238     1323
Rovibration_vJ|0[41]        -Rovibration_vJ|3[42]            4.4691E-10  1.1980E-02   1.559E+04      67- 245     1324
Rovibration_vJ|0[41]        -Rovibration_vJ|4[40]            1.6473E-13  7.4670E-06   1.228E+04      67- 299     1325
Rovibration_vJ|0[41]        -Rovibration_vJ|4[42]            3.0227E-12  1.4050E-04   1.184E+04      67- 307     1326
Rovibration_vJ|0[41]        -Rovibration_vJ|5[40]            1.8338E-14  1.2920E-06   9.850E+03      67- 360     1327
Rovibration_vJ|0[41]        -Rovibration_vJ|5[42]            6.4176E-15  4.5680E-07   9.566E+03      67- 368     1328
Rovibration_vJ|0[41]        -Rovibration_vJ|6[40]            2.8830E-15  2.9020E-07   8.240E+03      67- 421     1329
Rovibration_vJ|0[41]        -Rovibration_vJ|6[42]            2.7241E-16  2.7430E-08   8.043E+03      67- 429     1330
Rovibration_vJ|0[41]        -Rovibration_vJ|7[40]            2.5395E-16  3.4470E-08   7.096E+03      67- 482     1331
Rovibration_vJ|0[41]        -Rovibration_vJ|7[42]            8.7741E-17  1.1830E-08   6.950E+03      67- 490     1332
Rovibration_vJ|0[41]        -Rovibration_vJ|8[40]            7.7560E-18  1.3610E-09   6.241E+03      67- 544     1333
Rovibration_vJ|0[41]        -Rovibration_vJ|8[42]            1.6202E-17  2.8090E-09   6.129E+03      67- 551     1334
Rovibration_vJ|0[41]        -Rovibration_vJ|9[40]            6.1955E-17  1.3610E-08   5.578E+03      67- 605     1335
Rovibration_vJ|0[41]        -Rovibration_vJ|9[42]            6.9117E-17  1.4940E-08   5.489E+03      67- 612     1336
Rovibration_vJ|0[41]        -Rovibration_vJ|10[40]           5.4041E-17  1.4490E-08   5.049E+03      67- 642     1337
Rovibration_vJ|0[41]        -Rovibration_vJ|10[42]           5.9742E-17  1.5710E-08   4.977E+03      67- 646     1338
Rovibration_vJ|1[25]        -Rovibration_vJ|1[26]            1.3895E-07  8.6760E-04   1.014E+06      68-  70     1339
Rovibration_vJ|1[25]        -Rovibration_vJ|2[24]            1.0698E-05  3.0050E+01   4.972E+04      68- 119     1340
Rovibration_vJ|1[25]        -Rovibration_vJ|2[26]            1.2268E-05  3.8220E+01   4.539E+04      68- 124     1341
Rovibration_vJ|1[25]        -Rovibration_vJ|3[24]            1.1118E-07  1.2920E+00   2.444E+04      68- 180     1342
Rovibration_vJ|1[25]        -Rovibration_vJ|3[26]            1.5615E-07  1.8370E+00   2.336E+04      68- 185     1343
Rovibration_vJ|1[25]        -Rovibration_vJ|4[24]            7.8164E-10  2.0490E-02   1.627E+04      68- 241     1344
Rovibration_vJ|1[25]        -Rovibration_vJ|4[26]            1.5119E-09  3.8920E-02   1.579E+04      68- 246     1345
Rovibration_vJ|1[25]        -Rovibration_vJ|5[24]            2.1184E-12  9.8220E-05   1.224E+04      68- 302     1346
Rovibration_vJ|1[25]        -Rovibration_vJ|5[26]            1.0880E-11  4.8790E-04   1.196E+04      68- 306     1347
Rovibration_vJ|1[25]        -Rovibration_vJ|6[24]            5.2220E-14  3.7520E-06   9.830E+03      68- 363     1348
Rovibration_vJ|1[25]        -Rovibration_vJ|6[26]            8.4259E-15  5.8020E-07   9.655E+03      68- 367     1349
Rovibration_vJ|1[25]        -Rovibration_vJ|7[24]            1.3469E-14  1.3800E-06   8.232E+03      68- 424     1350
Rovibration_vJ|1[25]        -Rovibration_vJ|7[26]            3.2779E-15  3.1990E-07   8.110E+03      68- 428     1351
Rovibration_vJ|1[25]        -Rovibration_vJ|8[24]            5.9596E-16  8.2220E-08   7.094E+03      68- 485     1352
Rovibration_vJ|1[25]        -Rovibration_vJ|8[26]            1.6630E-16  2.1760E-08   7.004E+03      68- 489     1353
Rovibration_vJ|1[25]        -Rovibration_vJ|9[24]            2.6464E-16  4.7150E-08   6.242E+03      68- 546     1354
Rovibration_vJ|1[25]        -Rovibration_vJ|9[26]            3.7055E-16  6.2410E-08   6.173E+03      68- 550     1355
Rovibration_vJ|1[25]        -Rovibration_vJ|10[24]           4.3404E-16  9.6730E-08   5.581E+03      68- 607     1356
Rovibration_vJ|1[25]        -Rovibration_vJ|10[26]           5.0585E-16  1.0630E-07   5.527E+03      68- 611     1357
Rovibration_vJ|0[42]        -Rovibration_vJ|0[43]            3.0628E-07  5.3290E-03   6.120E+05      69-  72     1358
Rovibration_vJ|0[42]        -Rovibration_vJ|1[41]            5.2711E-06  1.3740E+01   5.119E+04      69- 120     1359
Rovibration_vJ|0[42]        -Rovibration_vJ|1[43]            6.3676E-06  2.1450E+01   4.398E+04      69- 127     1360
Rovibration_vJ|0[42]        -Rovibration_vJ|2[41]            3.3812E-08  3.7700E-01   2.475E+04      69- 181     1361
Rovibration_vJ|0[42]        -Rovibration_vJ|2[43]            5.7352E-08  7.0960E-01   2.295E+04      69- 188     1362
Rovibration_vJ|0[42]        -Rovibration_vJ|3[41]            1.5495E-10  3.9390E-03   1.639E+04      69- 242     1363
Rovibration_vJ|0[42]        -Rovibration_vJ|3[43]            4.5312E-10  1.2150E-02   1.559E+04      69- 249     1364
Rovibration_vJ|0[42]        -Rovibration_vJ|4[41]            1.5695E-13  7.0940E-06   1.229E+04      69- 303     1365
Rovibration_vJ|0[42]        -Rovibration_vJ|4[43]            3.1044E-12  1.4430E-04   1.184E+04      69- 310     1366
Rovibration_vJ|0[42]        -Rovibration_vJ|5[41]            1.8830E-14  1.3230E-06   9.860E+03      69- 364     1367
Rovibration_vJ|0[42]        -Rovibration_vJ|5[43]            7.0384E-15  5.0090E-07   9.569E+03      69- 371     1368
Rovibration_vJ|0[42]        -Rovibration_vJ|6[41]            2.9234E-15  2.9350E-07   8.249E+03      69- 425     1369
Rovibration_vJ|0[42]        -Rovibration_vJ|6[43]            2.5202E-16  2.5370E-08   8.046E+03      69- 432     1370
Rovibration_vJ|0[42]        -Rovibration_vJ|7[41]            2.6279E-16  3.5580E-08   7.103E+03      69- 486     1371
Rovibration_vJ|0[42]        -Rovibration_vJ|7[43]            8.9483E-17  1.2060E-08   6.954E+03      69- 493     1372
Rovibration_vJ|0[42]        -Rovibration_vJ|8[41]            6.5984E-18  1.1550E-09   6.247E+03      69- 547     1373
Rovibration_vJ|0[42]        -Rovibration_vJ|8[43]            1.4703E-17  2.5480E-09   6.132E+03      69- 554     1374
Rovibration_vJ|0[42]        -Rovibration_vJ|9[41]            5.9688E-17  1.3080E-08   5.583E+03      69- 608     1375
Rovibration_vJ|0[42]        -Rovibration_vJ|9[43]            6.6747E-17  1.4420E-08   5.492E+03      69- 615     1376
Rovibration_vJ|0[42]        -Rovibration_vJ|10[41]           5.3199E-17  1.4230E-08   5.053E+03      69- 644     1377
Rovibration_vJ|0[42]        -Rovibration_vJ|10[43]           5.8750E-17  1.5440E-08   4.980E+03      69- 648     1378
Rovibration_vJ|1[26]        -Rovibration_vJ|1[27]            1.4182E-07  9.5570E-04   9.767E+05      70-  71     1379
Rovibration_vJ|1[26]        -Rovibration_vJ|2[25]            1.0682E-05  2.9820E+01   4.983E+04      70- 122     1380
Rovibration_vJ|1[26]        -Rovibration_vJ|2[27]            1.2280E-05  3.8410E+01   4.533E+04      70- 126     1381
Rovibration_vJ|1[26]        -Rovibration_vJ|3[25]            1.1070E-07  1.2810E+00   2.448E+04      70- 183     1382
Rovibration_vJ|1[26]        -Rovibration_vJ|3[27]            1.5706E-07  1.8520E+00   2.335E+04      70- 187     1383
Rovibration_vJ|1[26]        -Rovibration_vJ|4[25]            7.7375E-10  2.0210E-02   1.629E+04      70- 244     1384
Rovibration_vJ|1[26]        -Rovibration_vJ|4[27]            1.5306E-09  3.9470E-02   1.579E+04      70- 247     1385
Rovibration_vJ|1[26]        -Rovibration_vJ|5[25]            2.0441E-12  9.4460E-05   1.225E+04      70- 304     1386
Rovibration_vJ|1[26]        -Rovibration_vJ|5[27]            1.1174E-11  5.0180E-04   1.196E+04      70- 308     1387
Rovibration_vJ|1[26]        -Rovibration_vJ|6[25]            5.4534E-14  3.9060E-06   9.838E+03      70- 365     1388
Rovibration_vJ|1[26]        -Rovibration_vJ|6[27]            9.9616E-15  6.8680E-07   9.656E+03      70- 369     1389
Rovibration_vJ|1[26]        -Rovibration_vJ|7[25]            1.3765E-14  1.4060E-06   8.238E+03      70- 426     1390
Rovibration_vJ|1[26]        -Rovibration_vJ|7[27]            3.1360E-15  3.0640E-07   8.111E+03      70- 430     1391
Rovibration_vJ|1[26]        -Rovibration_vJ|8[25]            6.2519E-16  8.6000E-08   7.099E+03      70- 487     1392
Rovibration_vJ|1[26]        -Rovibration_vJ|8[27]            1.6895E-16  2.2130E-08   7.005E+03      70- 491     1393
Rovibration_vJ|1[26]        -Rovibration_vJ|9[25]            2.5640E-16  4.5550E-08   6.246E+03      70- 548     1394
Rovibration_vJ|1[26]        -Rovibration_vJ|9[27]            3.6378E-16  6.1330E-08   6.175E+03      70- 552     1395
Rovibration_vJ|1[26]        -Rovibration_vJ|10[25]           4.3937E-16  9.7640E-08   5.585E+03      70- 609     1396
Rovibration_vJ|1[26]        -Rovibration_vJ|10[27]           5.1300E-16  1.0790E-07   5.528E+03      70- 613     1397
Rovibration_vJ|1[27]        -Rovibration_vJ|1[28]            1.4438E-07  1.0470E-03   9.421E+05      71-  73     1398
Rovibration_vJ|1[27]        -Rovibration_vJ|2[26]            1.0668E-05  2.9600E+01   4.995E+04      71- 124     1399
Rovibration_vJ|1[27]        -Rovibration_vJ|2[28]            1.2293E-05  3.8600E+01   4.528E+04      71- 128     1400
Rovibration_vJ|1[27]        -Rovibration_vJ|3[26]            1.1021E-07  1.2700E+00   2.451E+04      71- 185     1401
Rovibration_vJ|1[27]        -Rovibration_vJ|3[28]            1.5799E-07  1.8670E+00   2.334E+04      71- 189     1402
Rovibration_vJ|1[27]        -Rovibration_vJ|4[26]            7.6574E-10  1.9930E-02   1.631E+04      71- 246     1403
Rovibration_vJ|1[27]        -Rovibration_vJ|4[28]            1.5499E-09  4.0030E-02   1.579E+04      71- 250     1404
Rovibration_vJ|1[27]        -Rovibration_vJ|5[26]            1.9719E-12  9.0830E-05   1.226E+04      71- 306     1405
Rovibration_vJ|1[27]        -Rovibration_vJ|5[28]            1.1476E-11  5.1600E-04   1.196E+04      71- 311     1406
Rovibration_vJ|1[27]        -Rovibration_vJ|6[26]            5.6872E-14  4.0610E-06   9.846E+03      71- 367     1407
Rovibration_vJ|1[27]        -Rovibration_vJ|6[28]            1.1643E-14  8.0360E-07   9.657E+03      71- 372     1408
Rovibration_vJ|1[27]        -Rovibration_vJ|7[26]            1.4070E-14  1.4330E-06   8.244E+03      71- 428     1409
Rovibration_vJ|1[27]        -Rovibration_vJ|7[28]            2.9980E-15  2.9320E-07   8.112E+03      71- 433     1410
Rovibration_vJ|1[27]        -Rovibration_vJ|8[26]            6.5585E-16  8.9960E-08   7.104E+03      71- 489     1411
Rovibration_vJ|1[27]        -Rovibration_vJ|8[28]            1.7201E-16  2.2550E-08   7.007E+03      71- 494     1412
Rovibration_vJ|1[27]        -Rovibration_vJ|9[26]            2.4786E-16  4.3910E-08   6.251E+03      71- 550     1413
Rovibration_vJ|1[27]        -Rovibration_vJ|9[28]            3.5661E-16  6.0170E-08   6.176E+03      71- 555     1414
Rovibration_vJ|1[27]        -Rovibration_vJ|10[26]           4.4469E-16  9.8550E-08   5.589E+03      71- 611     1415
Rovibration_vJ|1[27]        -Rovibration_vJ|10[28]           5.1973E-16  1.0940E-07   5.530E+03      71- 616     1416
Rovibration_vJ|0[43]        -Rovibration_vJ|0[44]            3.0604E-07  5.5720E-03   5.984E+05      72-  74     1417
Rovibration_vJ|0[43]        -Rovibration_vJ|1[42]            5.2635E-06  1.3640E+01   5.133E+04      72- 123     1418
Rovibration_vJ|0[43]        -Rovibration_vJ|1[44]            6.3758E-06  2.1530E+01   4.394E+04      72- 130     1419
Rovibration_vJ|0[43]        -Rovibration_vJ|2[42]            3.3664E-08  3.7390E-01   2.479E+04      72- 184     1420
Rovibration_vJ|0[43]        -Rovibration_vJ|2[44]            5.7734E-08  7.1490E-01   2.295E+04      72- 192     1421
Rovibration_vJ|0[43]        -Rovibration_vJ|3[42]            1.5344E-10  3.8880E-03   1.641E+04      72- 245     1422
Rovibration_vJ|0[43]        -Rovibration_vJ|3[44]            4.5934E-10  1.2320E-02   1.559E+04      72- 253     1423
Rovibration_vJ|0[43]        -Rovibration_vJ|4[42]            1.4945E-13  6.7350E-06   1.231E+04      72- 307     1424
Rovibration_vJ|0[43]        -Rovibration_vJ|4[44]            3.1864E-12  1.4810E-04   1.184E+04      72- 314     1425
Rovibration_vJ|0[43]        -Rovibration_vJ|5[42]            1.9324E-14  1.3540E-06   9.871E+03      72- 368     1426
Rovibration_vJ|0[43]        -Rovibration_vJ|5[44]            7.6950E-15  5.4750E-07   9.573E+03      72- 374     1427
Rovibration_vJ|0[43]        -Rovibration_vJ|6[42]            2.9630E-15  2.9670E-07   8.257E+03      72- 429     1428
Rovibration_vJ|0[43]        -Rovibration_vJ|6[44]            2.3234E-16  2.3380E-08   8.050E+03      72- 435     1429
Rovibration_vJ|0[43]        -Rovibration_vJ|7[42]            2.7190E-16  3.6720E-08   7.110E+03      72- 490     1430
Rovibration_vJ|0[43]        -Rovibration_vJ|7[44]            9.1231E-17  1.2290E-08   6.957E+03      72- 496     1431
Rovibration_vJ|0[43]        -Rovibration_vJ|8[42]            5.5169E-18  9.6330E-10   6.253E+03      72- 551     1432
Rovibration_vJ|0[43]        -Rovibration_vJ|8[44]            1.3256E-17  2.2960E-09   6.136E+03      72- 557     1433
Rovibration_vJ|0[43]        -Rovibration_vJ|9[42]            5.7409E-17  1.2550E-08   5.588E+03      72- 612     1434
Rovibration_vJ|0[43]        -Rovibration_vJ|9[44]            6.4285E-17  1.3880E-08   5.495E+03      72- 618     1435
Rovibration_vJ|0[43]        -Rovibration_vJ|10[42]           5.2241E-17  1.3940E-08   5.058E+03      72- 646     1436
Rovibration_vJ|0[43]        -Rovibration_vJ|10[44]           5.7645E-17  1.5140E-08   4.983E+03      72- 649     1437
Rovibration_vJ|1[28]        -Rovibration_vJ|1[29]            1.4687E-07  1.1430E-03   9.100E+05      73-  75     1438
Rovibration_vJ|1[28]        -Rovibration_vJ|2[27]            1.0653E-05  2.9380E+01   5.006E+04      73- 126     1439
Rovibration_vJ|1[28]        -Rovibration_vJ|2[29]            1.2308E-05  3.8790E+01   4.522E+04      73- 131     1440
Rovibration_vJ|1[28]        -Rovibration_vJ|3[27]            1.0970E-07  1.2590E+00   2.454E+04      73- 187     1441
Rovibration_vJ|1[28]        -Rovibration_vJ|3[29]            1.5894E-07  1.8820E+00   2.333E+04      73- 191     1442
Rovibration_vJ|1[28]        -Rovibration_vJ|4[27]            7.5799E-10  1.9660E-02   1.633E+04      73- 247     1443
Rovibration_vJ|1[28]        -Rovibration_vJ|4[29]            1.5693E-09  4.0590E-02   1.578E+04      73- 252     1444
Rovibration_vJ|1[28]        -Rovibration_vJ|5[27]            1.9018E-12  8.7320E-05   1.227E+04      73- 308     1445
Rovibration_vJ|1[28]        -Rovibration_vJ|5[29]            1.1785E-11  5.3050E-04   1.196E+04      73- 312     1446
Rovibration_vJ|1[28]        -Rovibration_vJ|6[27]            5.9234E-14  4.2170E-06   9.854E+03      73- 369     1447
Rovibration_vJ|1[28]        -Rovibration_vJ|6[29]            1.3473E-14  9.3080E-07   9.658E+03      73- 373     1448
Rovibration_vJ|1[28]        -Rovibration_vJ|7[27]            1.4367E-14  1.4590E-06   8.251E+03      73- 430     1449
Rovibration_vJ|1[28]        -Rovibration_vJ|7[29]            2.8606E-15  2.8000E-07   8.114E+03      73- 434     1450
Rovibration_vJ|1[28]        -Rovibration_vJ|8[27]            6.8796E-16  9.4100E-08   7.109E+03      73- 491     1451
Rovibration_vJ|1[28]        -Rovibration_vJ|8[29]            1.7538E-16  2.3010E-08   7.008E+03      73- 495     1452
Rovibration_vJ|1[28]        -Rovibration_vJ|9[27]            2.3903E-16  4.2230E-08   6.255E+03      73- 552     1453
Rovibration_vJ|1[28]        -Rovibration_vJ|9[29]            3.4896E-16  5.8920E-08   6.178E+03      73- 556     1454
Rovibration_vJ|1[28]        -Rovibration_vJ|10[27]           4.5000E-16  9.9460E-08   5.593E+03      73- 613     1455
Rovibration_vJ|1[28]        -Rovibration_vJ|10[29]           5.2652E-16  1.1090E-07   5.531E+03      73- 617     1456
Rovibration_vJ|0[44]        -Rovibration_vJ|0[45]            3.0538E-07  5.8120E-03   5.855E+05      74-  77     1457
Rovibration_vJ|0[44]        -Rovibration_vJ|1[43]            5.2519E-06  1.3530E+01   5.147E+04      74- 127     1458
Rovibration_vJ|0[44]        -Rovibration_vJ|1[45]            6.3843E-06  2.1610E+01   4.390E+04      74- 133     1459
Rovibration_vJ|0[44]        -Rovibration_vJ|2[43]            3.3523E-08  3.7090E-01   2.483E+04      74- 188     1460
Rovibration_vJ|0[44]        -Rovibration_vJ|2[45]            5.8118E-08  7.2020E-01   2.294E+04      74- 194     1461
Rovibration_vJ|0[44]        -Rovibration_vJ|3[43]            1.5195E-10  3.8380E-03   1.644E+04      74- 249     1462
Rovibration_vJ|0[44]        -Rovibration_vJ|3[45]            4.6560E-10  1.2490E-02   1.559E+04      74- 255     1463
Rovibration_vJ|0[44]        -Rovibration_vJ|4[43]            1.4221E-13  6.3900E-06   1.232E+04      74- 310     1464
Rovibration_vJ|0[44]        -Rovibration_vJ|4[45]            3.2728E-12  1.5210E-04   1.185E+04      74- 316     1465
Rovibration_vJ|0[44]        -Rovibration_vJ|5[43]            1.9806E-14  1.3840E-06   9.882E+03      74- 371     1466
Rovibration_vJ|0[44]        -Rovibration_vJ|5[45]            8.3875E-15  5.9660E-07   9.577E+03      74- 377     1467
Rovibration_vJ|0[44]        -Rovibration_vJ|6[43]            3.0029E-15  2.9990E-07   8.266E+03      74- 432     1468
Rovibration_vJ|0[44]        -Rovibration_vJ|6[45]            2.1325E-16  2.1450E-08   8.053E+03      74- 438     1469
Rovibration_vJ|0[44]        -Rovibration_vJ|7[43]            2.8113E-16  3.7870E-08   7.117E+03      74- 493     1470
Rovibration_vJ|0[44]        -Rovibration_vJ|7[45]            9.2986E-17  1.2520E-08   6.961E+03      74- 499     1471
Rovibration_vJ|0[44]        -Rovibration_vJ|8[43]            4.5231E-18  7.8780E-10   6.259E+03      74- 554     1472
Rovibration_vJ|0[44]        -Rovibration_vJ|8[45]            1.1871E-17  2.0550E-09   6.139E+03      74- 560     1473
Rovibration_vJ|0[44]        -Rovibration_vJ|9[43]            5.5120E-17  1.2020E-08   5.594E+03      74- 615     1474
Rovibration_vJ|0[44]        -Rovibration_vJ|9[45]            6.1870E-17  1.3350E-08   5.499E+03      74- 621     1475
Rovibration_vJ|0[44]        -Rovibration_vJ|10[43]           5.1203E-17  1.3630E-08   5.063E+03      74- 648     1476
Rovibration_vJ|0[44]        -Rovibration_vJ|10[45]           5.6466E-17  1.4820E-08   4.986E+03      74- 651     1477
Rovibration_vJ|1[29]        -Rovibration_vJ|1[30]            1.4895E-07  1.2410E-03   8.800E+05      75-  76     1478
Rovibration_vJ|1[29]        -Rovibration_vJ|2[28]            1.0636E-05  2.9160E+01   5.018E+04      75- 128     1479
Rovibration_vJ|1[29]        -Rovibration_vJ|2[30]            1.2321E-05  3.8970E+01   4.516E+04      75- 132     1480
Rovibration_vJ|1[29]        -Rovibration_vJ|3[28]            1.0918E-07  1.2480E+00   2.458E+04      75- 189     1481
Rovibration_vJ|1[29]        -Rovibration_vJ|3[30]            1.5990E-07  1.8970E+00   2.332E+04      75- 193     1482
Rovibration_vJ|1[29]        -Rovibration_vJ|4[28]            7.5053E-10  1.9400E-02   1.634E+04      75- 250     1483
Rovibration_vJ|1[29]        -Rovibration_vJ|4[30]            1.5892E-09  4.1160E-02   1.578E+04      75- 254     1484
Rovibration_vJ|1[29]        -Rovibration_vJ|5[28]            1.8334E-12  8.3920E-05   1.228E+04      75- 311     1485
Rovibration_vJ|1[29]        -Rovibration_vJ|5[30]            1.2103E-11  5.4540E-04   1.197E+04      75- 315     1486
Rovibration_vJ|1[29]        -Rovibration_vJ|6[28]            6.1634E-14  4.3750E-06   9.862E+03      75- 372     1487
Rovibration_vJ|1[29]        -Rovibration_vJ|6[30]            1.5460E-14  1.0690E-06   9.659E+03      75- 376     1488
Rovibration_vJ|1[29]        -Rovibration_vJ|7[28]            1.4674E-14  1.4860E-06   8.257E+03      75- 433     1489
Rovibration_vJ|1[29]        -Rovibration_vJ|7[30]            2.7268E-15  2.6710E-07   8.116E+03      75- 437     1490
Rovibration_vJ|1[29]        -Rovibration_vJ|8[28]            7.2152E-16  9.8420E-08   7.114E+03      75- 494     1491
Rovibration_vJ|1[29]        -Rovibration_vJ|8[30]            1.7908E-16  2.3510E-08   7.010E+03      75- 498     1492
Rovibration_vJ|1[29]        -Rovibration_vJ|9[28]            2.2997E-16  4.0520E-08   6.260E+03      75- 555     1493
Rovibration_vJ|1[29]        -Rovibration_vJ|9[30]            3.4083E-16  5.7580E-08   6.180E+03      75- 559     1494
Rovibration_vJ|1[29]        -Rovibration_vJ|10[28]           4.5500E-16  1.0030E-07   5.596E+03      75- 616     1495
Rovibration_vJ|1[29]        -Rovibration_vJ|10[30]           5.3337E-16  1.1240E-07   5.533E+03      75- 620     1496
Rovibration_vJ|1[30]        -Rovibration_vJ|1[31]            1.5080E-07  1.3420E-03   8.519E+05      76-  78     1497
Rovibration_vJ|1[30]        -Rovibration_vJ|2[29]            1.0623E-05  2.8950E+01   5.030E+04      76- 131     1498
Rovibration_vJ|1[30]        -Rovibration_vJ|2[31]            1.2335E-05  3.9150E+01   4.511E+04      76- 135     1499
Rovibration_vJ|1[30]        -Rovibration_vJ|3[29]            1.0874E-07  1.2380E+00   2.461E+04      76- 191     1500
Rovibration_vJ|1[30]        -Rovibration_vJ|3[31]            1.6087E-07  1.9120E+00   2.331E+04      76- 196     1501
Rovibration_vJ|1[30]        -Rovibration_vJ|4[29]            7.4297E-10  1.9140E-02   1.636E+04      76- 252     1502
Rovibration_vJ|1[30]        -Rovibration_vJ|4[31]            1.6096E-09  4.1740E-02   1.578E+04      76- 257     1503
Rovibration_vJ|1[30]        -Rovibration_vJ|5[29]            1.7670E-12  8.0630E-05   1.229E+04      76- 312     1504
Rovibration_vJ|1[30]        -Rovibration_vJ|5[31]            1.2427E-11  5.6050E-04   1.197E+04      76- 318     1505
Rovibration_vJ|1[30]        -Rovibration_vJ|6[29]            6.4045E-14  4.5330E-06   9.871E+03      76- 373     1506
Rovibration_vJ|1[30]        -Rovibration_vJ|6[31]            1.7601E-14  1.2180E-06   9.661E+03      76- 378     1507
Rovibration_vJ|1[30]        -Rovibration_vJ|7[29]            1.4982E-14  1.5130E-06   8.264E+03      76- 434     1508
Rovibration_vJ|1[30]        -Rovibration_vJ|7[31]            2.5945E-15  2.5430E-07   8.117E+03      76- 439     1509
Rovibration_vJ|1[30]        -Rovibration_vJ|8[29]            7.5639E-16  1.0290E-07   7.120E+03      76- 495     1510
Rovibration_vJ|1[30]        -Rovibration_vJ|8[31]            1.8317E-16  2.4060E-08   7.012E+03      76- 500     1511
Rovibration_vJ|1[30]        -Rovibration_vJ|9[29]            2.2056E-16  3.8760E-08   6.264E+03      76- 556     1512
Rovibration_vJ|1[30]        -Rovibration_vJ|9[31]            3.3227E-16  5.6160E-08   6.182E+03      76- 561     1513
Rovibration_vJ|1[30]        -Rovibration_vJ|10[29]           4.6028E-16  1.0120E-07   5.601E+03      76- 617     1514
Rovibration_vJ|1[30]        -Rovibration_vJ|10[31]           5.3979E-16  1.1380E-07   5.535E+03      76- 622     1515
Rovibration_vJ|0[45]        -Rovibration_vJ|0[46]            3.0438E-07  6.0490E-03   5.731E+05      77-  79     1516
Rovibration_vJ|0[45]        -Rovibration_vJ|1[44]            5.2400E-06  1.3420E+01   5.160E+04      77- 130     1517
Rovibration_vJ|0[45]        -Rovibration_vJ|1[46]            6.3932E-06  2.1690E+01   4.386E+04      77- 136     1518
Rovibration_vJ|0[45]        -Rovibration_vJ|2[44]            3.3381E-08  3.6790E-01   2.488E+04      77- 192     1519
Rovibration_vJ|0[45]        -Rovibration_vJ|2[46]            5.8504E-08  7.2550E-01   2.294E+04      77- 197     1520
Rovibration_vJ|0[45]        -Rovibration_vJ|3[44]            1.5050E-10  3.7890E-03   1.646E+04      77- 253     1521
Rovibration_vJ|0[45]        -Rovibration_vJ|3[46]            4.7187E-10  1.2660E-02   1.560E+04      77- 259     1522
Rovibration_vJ|0[45]        -Rovibration_vJ|4[44]            1.3524E-13  6.0590E-06   1.234E+04      77- 314     1523
Rovibration_vJ|0[45]        -Rovibration_vJ|4[46]            3.3594E-12  1.5610E-04   1.185E+04      77- 320     1524
Rovibration_vJ|0[45]        -Rovibration_vJ|5[44]            2.0306E-14  1.4150E-06   9.893E+03      77- 374     1525
Rovibration_vJ|0[45]        -Rovibration_vJ|5[46]            9.1190E-15  6.4840E-07   9.581E+03      77- 381     1526
Rovibration_vJ|0[45]        -Rovibration_vJ|6[44]            3.0430E-15  3.0310E-07   8.275E+03      77- 435     1527
Rovibration_vJ|0[45]        -Rovibration_vJ|6[46]            1.9475E-16  1.9580E-08   8.057E+03      77- 442     1528
Rovibration_vJ|0[45]        -Rovibration_vJ|7[44]            2.9056E-16  3.9040E-08   7.125E+03      77- 496     1529
Rovibration_vJ|0[45]        -Rovibration_vJ|7[46]            9.4748E-17  1.2750E-08   6.964E+03      77- 503     1530
Rovibration_vJ|0[45]        -Rovibration_vJ|8[44]            3.6181E-18  6.2860E-10   6.265E+03      77- 557     1531
Rovibration_vJ|0[45]        -Rovibration_vJ|8[46]            1.0550E-17  1.8250E-09   6.142E+03      77- 564     1532
Rovibration_vJ|0[45]        -Rovibration_vJ|9[44]            5.2866E-17  1.1500E-08   5.599E+03      77- 618     1533
Rovibration_vJ|0[45]        -Rovibration_vJ|9[46]            5.9410E-17  1.2810E-08   5.502E+03      77- 625     1534
Rovibration_vJ|0[45]        -Rovibration_vJ|10[44]           5.0085E-17  1.3300E-08   5.068E+03      77- 649     1535
Rovibration_vJ|0[45]        -Rovibration_vJ|10[46]           5.5174E-17  1.4470E-08   4.989E+03      77- 653     1536
Rovibration_vJ|1[31]        -Rovibration_vJ|1[32]            1.5246E-07  1.4460E-03   8.256E+05      78-  80     1537
Rovibration_vJ|1[31]        -Rovibration_vJ|2[30]            1.0604E-05  2.8730E+01   5.043E+04      78- 132     1538
Rovibration_vJ|1[31]        -Rovibration_vJ|2[32]            1.2350E-05  3.9330E+01   4.506E+04      78- 137     1539
Rovibration_vJ|1[31]        -Rovibration_vJ|3[30]            1.0820E-07  1.2270E+00   2.465E+04      78- 193     1540
Rovibration_vJ|1[31]        -Rovibration_vJ|3[32]            1.6186E-07  1.9270E+00   2.330E+04      78- 198     1541
Rovibration_vJ|1[31]        -Rovibration_vJ|4[30]            7.3571E-10  1.8890E-02   1.638E+04      78- 254     1542
Rovibration_vJ|1[31]        -Rovibration_vJ|4[32]            1.6301E-09  4.2320E-02   1.578E+04      78- 258     1543
Rovibration_vJ|1[31]        -Rovibration_vJ|5[30]            1.7024E-12  7.7450E-05   1.231E+04      78- 315     1544
Rovibration_vJ|1[31]        -Rovibration_vJ|5[32]            1.2760E-11  5.7600E-04   1.197E+04      78- 319     1545
Rovibration_vJ|1[31]        -Rovibration_vJ|6[30]            6.6495E-14  4.6930E-06   9.880E+03      78- 376     1546
Rovibration_vJ|1[31]        -Rovibration_vJ|6[32]            1.9901E-14  1.3780E-06   9.663E+03      78- 380     1547
Rovibration_vJ|1[31]        -Rovibration_vJ|7[30]            1.5292E-14  1.5400E-06   8.271E+03      78- 437     1548
Rovibration_vJ|1[31]        -Rovibration_vJ|7[32]            2.4647E-15  2.4170E-07   8.119E+03      78- 441     1549
Rovibration_vJ|1[31]        -Rovibration_vJ|8[30]            7.9305E-16  1.0760E-07   7.126E+03      78- 498     1550
Rovibration_vJ|1[31]        -Rovibration_vJ|8[32]            1.8758E-16  2.4650E-08   7.014E+03      78- 502     1551
Rovibration_vJ|1[31]        -Rovibration_vJ|9[30]            2.1098E-16  3.6980E-08   6.269E+03      78- 559     1552
Rovibration_vJ|1[31]        -Rovibration_vJ|9[32]            3.2328E-16  5.4660E-08   6.184E+03      78- 563     1553
Rovibration_vJ|1[31]        -Rovibration_vJ|10[30]           4.6556E-16  1.0210E-07   5.605E+03      78- 620     1554
Rovibration_vJ|1[31]        -Rovibration_vJ|10[32]           5.4626E-16  1.1520E-07   5.537E+03      78- 624     1555
Rovibration_vJ|0[46]        -Rovibration_vJ|0[47]            3.0292E-07  6.2800E-03   5.612E+05      79-  87     1556
Rovibration_vJ|0[46]        -Rovibration_vJ|1[45]            5.2319E-06  1.3320E+01   5.175E+04      79- 133     1557
Rovibration_vJ|0[46]        -Rovibration_vJ|1[47]            6.3994E-06  2.1760E+01   4.382E+04      79- 146     1558
Rovibration_vJ|0[46]        -Rovibration_vJ|2[45]            3.3238E-08  3.6490E-01   2.492E+04      79- 194     1559
Rovibration_vJ|0[46]        -Rovibration_vJ|2[47]            5.8894E-08  7.3080E-01   2.294E+04      79- 207     1560
Rovibration_vJ|0[46]        -Rovibration_vJ|3[45]            1.4908E-10  3.7410E-03   1.648E+04      79- 255     1561
Rovibration_vJ|0[46]        -Rovibration_vJ|3[47]            4.7817E-10  1.2830E-02   1.560E+04      79- 269     1562
Rovibration_vJ|0[46]        -Rovibration_vJ|4[45]            1.2854E-13  5.7420E-06   1.235E+04      79- 316     1563
Rovibration_vJ|0[46]        -Rovibration_vJ|4[47]            3.4506E-12  1.6030E-04   1.186E+04      79- 330     1564
Rovibration_vJ|0[46]        -Rovibration_vJ|5[45]            2.0794E-14  1.4450E-06   9.904E+03      79- 377     1565
Rovibration_vJ|0[46]        -Rovibration_vJ|5[47]            9.8881E-15  7.0280E-07   9.585E+03      79- 392     1566
Rovibration_vJ|0[46]        -Rovibration_vJ|6[45]            3.0833E-15  3.0630E-07   8.284E+03      79- 438     1567
Rovibration_vJ|0[46]        -Rovibration_vJ|6[47]            1.7694E-16  1.7780E-08   8.061E+03      79- 453     1568
Rovibration_vJ|0[46]        -Rovibration_vJ|7[45]            3.0012E-16  4.0220E-08   7.132E+03      79- 499     1569
Rovibration_vJ|0[46]        -Rovibration_vJ|7[47]            9.6444E-17  1.2970E-08   6.968E+03      79- 515     1570
Rovibration_vJ|0[46]        -Rovibration_vJ|8[45]            2.8067E-18  4.8640E-10   6.272E+03      79- 560     1571
Rovibration_vJ|0[46]        -Rovibration_vJ|8[47]            9.2959E-18  1.6070E-09   6.146E+03      79- 576     1572
Rovibration_vJ|0[46]        -Rovibration_vJ|9[45]            5.0555E-17  1.0970E-08   5.605E+03      79- 621     1573
Rovibration_vJ|0[46]        -Rovibration_vJ|9[47]            5.6995E-17  1.2280E-08   5.505E+03      79- 628     1574
Rovibration_vJ|0[46]        -Rovibration_vJ|10[45]           4.8887E-17  1.2950E-08   5.073E+03      79- 651     1575
Rovibration_vJ|0[46]        -Rovibration_vJ|10[47]           5.3807E-17  1.4100E-08   4.992E+03      79- 655     1576
Rovibration_vJ|1[32]        -Rovibration_vJ|1[33]            1.5386E-07  1.5520E-03   8.009E+05      80-  84     1577
Rovibration_vJ|1[32]        -Rovibration_vJ|2[31]            1.0589E-05  2.8520E+01   5.055E+04      80- 135     1578
Rovibration_vJ|1[32]        -Rovibration_vJ|2[33]            1.2363E-05  3.9500E+01   4.500E+04      80- 142     1579
Rovibration_vJ|1[32]        -Rovibration_vJ|3[31]            1.0774E-07  1.2170E+00   2.468E+04      80- 196     1580
Rovibration_vJ|1[32]        -Rovibration_vJ|3[33]            1.6285E-07  1.9420E+00   2.330E+04      80- 204     1581
Rovibration_vJ|1[32]        -Rovibration_vJ|4[31]            7.2838E-10  1.8640E-02   1.640E+04      80- 257     1582
Rovibration_vJ|1[32]        -Rovibration_vJ|4[33]            1.6512E-09  4.2910E-02   1.578E+04      80- 265     1583
Rovibration_vJ|1[32]        -Rovibration_vJ|5[31]            1.6398E-12  7.4380E-05   1.232E+04      80- 318     1584
Rovibration_vJ|1[32]        -Rovibration_vJ|5[33]            1.3100E-11  5.9180E-04   1.197E+04      80- 327     1585
Rovibration_vJ|1[32]        -Rovibration_vJ|6[31]            6.8970E-14  4.8540E-06   9.889E+03      80- 378     1586
Rovibration_vJ|1[32]        -Rovibration_vJ|6[33]            2.2372E-14  1.5500E-06   9.664E+03      80- 388     1587
Rovibration_vJ|1[32]        -Rovibration_vJ|7[31]            1.5602E-14  1.5670E-06   8.278E+03      80- 439     1588
Rovibration_vJ|1[32]        -Rovibration_vJ|7[33]            2.3362E-15  2.2920E-07   8.122E+03      80- 449     1589
Rovibration_vJ|1[32]        -Rovibration_vJ|8[31]            8.3134E-16  1.1250E-07   7.131E+03      80- 500     1590
Rovibration_vJ|1[32]        -Rovibration_vJ|8[33]            1.9231E-16  2.5280E-08   7.016E+03      80- 510     1591
Rovibration_vJ|1[32]        -Rovibration_vJ|9[31]            2.0111E-16  3.5160E-08   6.274E+03      80- 561     1592
Rovibration_vJ|1[32]        -Rovibration_vJ|9[33]            3.1385E-16  5.3080E-08   6.186E+03      80- 571     1593
Rovibration_vJ|1[32]        -Rovibration_vJ|10[31]           4.7039E-16  1.0290E-07   5.609E+03      80- 622     1594
Rovibration_vJ|1[32]        -Rovibration_vJ|10[33]           5.5279E-16  1.1660E-07   5.539E+03      80- 626     1595
Rovibration_vJ|2[0]         -Rovibration_vJ|2[1]             6.1448E-09  1.9470E-08   2.649E+07      81-  82     1596
Rovibration_vJ|2[0]         -Rovibration_vJ|3[1]             3.3968E-05  3.3120E+01   4.775E+04      81- 140     1597
Rovibration_vJ|2[0]         -Rovibration_vJ|4[1]             5.3066E-07  2.0400E+00   2.405E+04      81- 201     1598
Rovibration_vJ|2[0]         -Rovibration_vJ|5[1]             5.6588E-09  4.8300E-02   1.614E+04      81- 262     1599
Rovibration_vJ|2[0]         -Rovibration_vJ|6[1]             3.5741E-11  5.3530E-04   1.218E+04      81- 323     1600
Rovibration_vJ|2[0]         -Rovibration_vJ|7[1]             8.0218E-15  1.8530E-07   9.811E+03      81- 383     1601
Rovibration_vJ|2[0]         -Rovibration_vJ|8[1]             3.5726E-14  1.1730E-06   8.229E+03      81- 444     1602
Rovibration_vJ|2[0]         -Rovibration_vJ|9[1]             2.5367E-15  1.1190E-07   7.100E+03      81- 505     1603
Rovibration_vJ|2[0]         -Rovibration_vJ|10[1]            2.7977E-17  1.5910E-09   6.253E+03      81- 566     1604
Rovibration_vJ|2[1]         -Rovibration_vJ|2[2]             8.1841E-09  1.8670E-07   1.325E+07      82-  83     1605
Rovibration_vJ|2[1]         -Rovibration_vJ|3[0]             1.1279E-05  9.8270E+01   4.792E+04      82- 139     1606
Rovibration_vJ|2[1]         -Rovibration_vJ|3[2]             2.2688E-05  3.9960E+01   4.767E+04      82- 141     1607
Rovibration_vJ|2[1]         -Rovibration_vJ|4[0]             1.7486E-07  6.0280E+00   2.409E+04      82- 200     1608
Rovibration_vJ|2[1]         -Rovibration_vJ|4[2]             3.5590E-07  2.4670E+00   2.403E+04      82- 202     1609
Rovibration_vJ|2[1]         -Rovibration_vJ|5[0]             1.8412E-09  1.4110E-01   1.616E+04      82- 261     1610
Rovibration_vJ|2[1]         -Rovibration_vJ|5[2]             3.8176E-09  5.8720E-02   1.613E+04      82- 263     1611
Rovibration_vJ|2[1]         -Rovibration_vJ|6[0]             1.1245E-11  1.5130E-03   1.220E+04      82- 321     1612
Rovibration_vJ|2[1]         -Rovibration_vJ|6[2]             2.4528E-11  6.6180E-04   1.218E+04      82- 324     1613
Rovibration_vJ|2[1]         -Rovibration_vJ|7[0]             5.0290E-15  1.0440E-06   9.818E+03      82- 382     1614
Rovibration_vJ|2[1]         -Rovibration_vJ|7[2]             3.5283E-15  1.4680E-07   9.808E+03      82- 384     1615
Rovibration_vJ|2[1]         -Rovibration_vJ|8[0]             1.2770E-14  3.7690E-06   8.234E+03      82- 443     1616
Rovibration_vJ|2[1]         -Rovibration_vJ|8[2]             2.2965E-14  1.3580E-06   8.227E+03      82- 445     1617
Rovibration_vJ|2[1]         -Rovibration_vJ|9[0]             8.9587E-16  3.5530E-07   7.103E+03      82- 504     1618
Rovibration_vJ|2[1]         -Rovibration_vJ|9[2]             1.6428E-15  1.3050E-07   7.098E+03      82- 506     1619
Rovibration_vJ|2[1]         -Rovibration_vJ|10[0]            8.1080E-18  4.1460E-09   6.256E+03      82- 565     1620
Rovibration_vJ|2[1]         -Rovibration_vJ|10[2]            1.9980E-17  2.0460E-09   6.252E+03      82- 567     1621
Rovibration_vJ|2[2]         -Rovibration_vJ|2[3]             1.1028E-08  6.7380E-07   8.830E+06      83-  85     1622
Rovibration_vJ|2[2]         -Rovibration_vJ|3[1]             1.3509E-05  6.5150E+01   4.801E+04      83- 140     1623
Rovibration_vJ|2[2]         -Rovibration_vJ|3[3]             2.0455E-05  4.3040E+01   4.759E+04      83- 143     1624
Rovibration_vJ|2[2]         -Rovibration_vJ|4[1]             2.0861E-07  3.9880E+00   2.412E+04      83- 201     1625
Rovibration_vJ|2[2]         -Rovibration_vJ|4[3]             3.2215E-07  2.6630E+00   2.401E+04      83- 203     1626
Rovibration_vJ|2[2]         -Rovibration_vJ|5[1]             2.1841E-09  9.2870E-02   1.617E+04      83- 262     1627
Rovibration_vJ|2[2]         -Rovibration_vJ|5[3]             3.4776E-09  6.3750E-02   1.612E+04      83- 264     1628
Rovibration_vJ|2[2]         -Rovibration_vJ|6[1]             1.3103E-11  9.7850E-04   1.220E+04      83- 323     1629
Rovibration_vJ|2[2]         -Rovibration_vJ|6[3]             2.2717E-11  7.3030E-04   1.217E+04      83- 325     1630
Rovibration_vJ|2[2]         -Rovibration_vJ|7[1]             7.7577E-15  8.9400E-07   9.822E+03      83- 383     1631
Rovibration_vJ|2[2]         -Rovibration_vJ|7[3]             1.8689E-15  9.2630E-08   9.805E+03      83- 385     1632
Rovibration_vJ|2[2]         -Rovibration_vJ|8[1]             1.5855E-14  2.5980E-06   8.237E+03      83- 444     1633
Rovibration_vJ|2[2]         -Rovibration_vJ|8[3]             1.9920E-14  1.4030E-06   8.225E+03      83- 446     1634
Rovibration_vJ|2[2]         -Rovibration_vJ|9[1]             1.1058E-15  2.4350E-07   7.105E+03      83- 505     1635
Rovibration_vJ|2[2]         -Rovibration_vJ|9[3]             1.4354E-15  1.3580E-07   7.096E+03      83- 507     1636
Rovibration_vJ|2[2]         -Rovibration_vJ|10[1]            9.0583E-18  2.5720E-09   6.257E+03      83- 566     1637
Rovibration_vJ|2[2]         -Rovibration_vJ|10[3]            1.9253E-17  2.3480E-09   6.250E+03      83- 568     1638
Rovibration_vJ|1[33]        -Rovibration_vJ|1[34]            1.5493E-07  1.6590E-03   7.777E+05      84-  92     1639
Rovibration_vJ|1[33]        -Rovibration_vJ|2[32]            1.0573E-05  2.8310E+01   5.067E+04      84- 137     1640
Rovibration_vJ|1[33]        -Rovibration_vJ|2[34]            1.2380E-05  3.9680E+01   4.495E+04      84- 150     1641
Rovibration_vJ|1[33]        -Rovibration_vJ|3[32]            1.0727E-07  1.2070E+00   2.472E+04      84- 198     1642
Rovibration_vJ|1[33]        -Rovibration_vJ|3[34]            1.6386E-07  1.9570E+00   2.329E+04      84- 211     1643
Rovibration_vJ|1[33]        -Rovibration_vJ|4[32]            7.2097E-10  1.8390E-02   1.642E+04      84- 258     1644
Rovibration_vJ|1[33]        -Rovibration_vJ|4[34]            1.6723E-09  4.3500E-02   1.578E+04      84- 272     1645
Rovibration_vJ|1[33]        -Rovibration_vJ|5[32]            1.5790E-12  7.1410E-05   1.233E+04      84- 319     1646
Rovibration_vJ|1[33]        -Rovibration_vJ|5[34]            1.3450E-11  6.0800E-04   1.197E+04      84- 333     1647
Rovibration_vJ|1[33]        -Rovibration_vJ|6[32]            7.1457E-14  5.0150E-06   9.898E+03      84- 380     1648
Rovibration_vJ|1[33]        -Rovibration_vJ|6[34]            2.5016E-14  1.7340E-06   9.667E+03      84- 395     1649
Rovibration_vJ|1[33]        -Rovibration_vJ|7[32]            1.5913E-14  1.5940E-06   8.285E+03      84- 441     1650
Rovibration_vJ|1[33]        -Rovibration_vJ|7[34]            2.2111E-15  2.1700E-07   8.124E+03      84- 456     1651
Rovibration_vJ|1[33]        -Rovibration_vJ|8[32]            8.7129E-16  1.1760E-07   7.137E+03      84- 502     1652
Rovibration_vJ|1[33]        -Rovibration_vJ|8[34]            1.9736E-16  2.5950E-08   7.018E+03      84- 517     1653
Rovibration_vJ|1[33]        -Rovibration_vJ|9[32]            1.9101E-16  3.3310E-08   6.279E+03      84- 563     1654
Rovibration_vJ|1[33]        -Rovibration_vJ|9[34]            3.0398E-16  5.1420E-08   6.188E+03      84- 578     1655
Rovibration_vJ|1[33]        -Rovibration_vJ|10[32]           4.7477E-16  1.0360E-07   5.613E+03      84- 624     1656
Rovibration_vJ|1[33]        -Rovibration_vJ|10[34]           5.5841E-16  1.1780E-07   5.541E+03      84- 629     1657
Rovibration_vJ|2[3]         -Rovibration_vJ|2[4]             1.3960E-08  1.6510E-06   6.623E+06      85-  86     1658
Rovibration_vJ|2[3]         -Rovibration_vJ|3[2]             1.4447E-05  5.8310E+01   4.810E+04      85- 141     1659
Rovibration_vJ|2[3]         -Rovibration_vJ|3[4]             1.9521E-05  4.4880E+01   4.750E+04      85- 144     1660
Rovibration_vJ|2[3]         -Rovibration_vJ|4[2]             2.2224E-07  3.5620E+00   2.414E+04      85- 202     1661
Rovibration_vJ|2[3]         -Rovibration_vJ|4[4]             3.0867E-07  2.7830E+00   2.399E+04      85- 205     1662
Rovibration_vJ|2[3]         -Rovibration_vJ|5[2]             2.3128E-09  8.2500E-02   1.618E+04      85- 263     1663
Rovibration_vJ|2[3]         -Rovibration_vJ|5[4]             3.3524E-09  6.6990E-02   1.611E+04      85- 266     1664
Rovibration_vJ|2[3]         -Rovibration_vJ|6[2]             1.3634E-11  8.5440E-04   1.221E+04      85- 324     1665
Rovibration_vJ|2[3]         -Rovibration_vJ|6[4]             2.2262E-11  7.7990E-04   1.217E+04      85- 326     1666
Rovibration_vJ|2[3]         -Rovibration_vJ|7[2]             1.0370E-14  1.0030E-06   9.826E+03      85- 384     1667
Rovibration_vJ|2[3]         -Rovibration_vJ|7[4]             8.5756E-16  4.6310E-08   9.802E+03      85- 387     1668
Rovibration_vJ|2[3]         -Rovibration_vJ|8[2]             1.7557E-14  2.4150E-06   8.240E+03      85- 445     1669
Rovibration_vJ|2[3]         -Rovibration_vJ|8[4]             1.8272E-14  1.4020E-06   8.223E+03      85- 447     1670
Rovibration_vJ|2[3]         -Rovibration_vJ|9[2]             1.2182E-15  2.2520E-07   7.107E+03      85- 506     1671
Rovibration_vJ|2[3]         -Rovibration_vJ|9[4]             1.3264E-15  1.3670E-07   7.095E+03      85- 508     1672
Rovibration_vJ|2[3]         -Rovibration_vJ|10[2]            9.0318E-18  2.1530E-09   6.259E+03      85- 567     1673
Rovibration_vJ|2[3]         -Rovibration_vJ|10[4]            1.9603E-17  2.6040E-09   6.249E+03      85- 569     1674
Rovibration_vJ|2[4]         -Rovibration_vJ|2[5]             1.6906E-08  3.2860E-06   5.299E+06      86-  88     1675
Rovibration_vJ|2[4]         -Rovibration_vJ|3[3]             1.4954E-05  5.5220E+01   4.819E+04      86- 143     1676
Rovibration_vJ|2[4]         -Rovibration_vJ|3[5]             1.9013E-05  4.6140E+01   4.742E+04      86- 145     1677
Rovibration_vJ|2[4]         -Rovibration_vJ|4[3]             2.2919E-07  3.3670E+00   2.416E+04      86- 203     1678
Rovibration_vJ|2[4]         -Rovibration_vJ|4[5]             3.0189E-07  2.8680E+00   2.397E+04      86- 206     1679
Rovibration_vJ|2[4]         -Rovibration_vJ|5[3]             2.3704E-09  7.7550E-02   1.619E+04      86- 264     1680
Rovibration_vJ|2[4]         -Rovibration_vJ|5[5]             3.2990E-09  6.9420E-02   1.610E+04      86- 267     1681
Rovibration_vJ|2[4]         -Rovibration_vJ|6[3]             1.3727E-11  7.8920E-04   1.221E+04      86- 325     1682
Rovibration_vJ|2[4]         -Rovibration_vJ|6[5]             2.2270E-11  8.2130E-04   1.216E+04      86- 328     1683
Rovibration_vJ|2[4]         -Rovibration_vJ|7[3]             1.3115E-14  1.1640E-06   9.830E+03      86- 385     1684
Rovibration_vJ|2[4]         -Rovibration_vJ|7[5]             2.5774E-16  1.4650E-08   9.799E+03      86- 389     1685
Rovibration_vJ|2[4]         -Rovibration_vJ|8[3]             1.8815E-14  2.3750E-06   8.243E+03      86- 446     1686
Rovibration_vJ|2[4]         -Rovibration_vJ|8[5]             1.7089E-14  1.3800E-06   8.221E+03      86- 450     1687
Rovibration_vJ|2[4]         -Rovibration_vJ|9[3]             1.2985E-15  2.2030E-07   7.110E+03      86- 507     1688
Rovibration_vJ|2[4]         -Rovibration_vJ|9[5]             1.2503E-15  1.3560E-07   7.094E+03      86- 509     1689
Rovibration_vJ|2[4]         -Rovibration_vJ|10[3]            8.7023E-18  1.9040E-09   6.261E+03      86- 568     1690
Rovibration_vJ|2[4]         -Rovibration_vJ|10[5]            2.0368E-17  2.8470E-09   6.248E+03      86- 570     1691
Rovibration_vJ|0[47]        -Rovibration_vJ|0[48]            3.0107E-07  6.5050E-03   5.499E+05      87-  95     1692
Rovibration_vJ|0[47]        -Rovibration_vJ|1[46]            5.2236E-06  1.3220E+01   5.189E+04      87- 136     1693
Rovibration_vJ|0[47]        -Rovibration_vJ|1[48]            6.4088E-06  2.1840E+01   4.378E+04      87- 154     1694
Rovibration_vJ|0[47]        -Rovibration_vJ|2[46]            3.3093E-08  3.6190E-01   2.496E+04      87- 197     1695
Rovibration_vJ|0[47]        -Rovibration_vJ|2[48]            5.9294E-08  7.3620E-01   2.294E+04      87- 216     1696
Rovibration_vJ|0[47]        -Rovibration_vJ|3[46]            1.4769E-10  3.6940E-03   1.651E+04      87- 259     1697
Rovibration_vJ|0[47]        -Rovibration_vJ|3[48]            4.8487E-10  1.3010E-02   1.560E+04      87- 277     1698
Rovibration_vJ|0[47]        -Rovibration_vJ|4[46]            1.2207E-13  5.4370E-06   1.237E+04      87- 320     1699
Rovibration_vJ|0[47]        -Rovibration_vJ|4[48]            3.5420E-12  1.6450E-04   1.186E+04      87- 338     1700
Rovibration_vJ|0[47]        -Rovibration_vJ|5[46]            2.1285E-14  1.4750E-06   9.916E+03      87- 381     1701
Rovibration_vJ|0[47]        -Rovibration_vJ|5[48]            1.0698E-14  7.6000E-07   9.589E+03      87- 400     1702
Rovibration_vJ|0[47]        -Rovibration_vJ|6[46]            3.1238E-15  3.0950E-07   8.293E+03      87- 442     1703
Rovibration_vJ|0[47]        -Rovibration_vJ|6[48]            1.5982E-16  1.6050E-08   8.065E+03      87- 461     1704
Rovibration_vJ|0[47]        -Rovibration_vJ|7[46]            3.0988E-16  4.1420E-08   7.140E+03      87- 503     1705
Rovibration_vJ|0[47]        -Rovibration_vJ|7[48]            9.8221E-17  1.3200E-08   6.972E+03      87- 523     1706
Rovibration_vJ|0[47]        -Rovibration_vJ|8[46]            2.0919E-18  3.6160E-10   6.278E+03      87- 564     1707
Rovibration_vJ|0[47]        -Rovibration_vJ|8[48]            8.1104E-18  1.4010E-09   6.150E+03      87- 585     1708
Rovibration_vJ|0[47]        -Rovibration_vJ|9[46]            4.8279E-17  1.0450E-08   5.611E+03      87- 625     1709
Rovibration_vJ|0[47]        -Rovibration_vJ|9[48]            5.4533E-17  1.1740E-08   5.509E+03      87- 632     1710
Rovibration_vJ|0[47]        -Rovibration_vJ|10[46]           4.7608E-17  1.2580E-08   5.078E+03      87- 653     1711
Rovibration_vJ|0[47]        -Rovibration_vJ|10[48]           5.2364E-17  1.3710E-08   4.995E+03      87- 657     1712
Rovibration_vJ|2[5]         -Rovibration_vJ|2[6]             1.9829E-08  5.7390E-06   4.416E+06      88-  89     1713
Rovibration_vJ|2[5]         -Rovibration_vJ|3[4]             1.5264E-05  5.3380E+01   4.828E+04      88- 144     1714
Rovibration_vJ|2[5]         -Rovibration_vJ|3[6]             1.8700E-05  4.7090E+01   4.734E+04      88- 147     1715
Rovibration_vJ|2[5]         -Rovibration_vJ|4[4]             2.3303E-07  3.2480E+00   2.418E+04      88- 205     1716
Rovibration_vJ|2[5]         -Rovibration_vJ|4[6]             2.9815E-07  2.9340E+00   2.395E+04      88- 208     1717
Rovibration_vJ|2[5]         -Rovibration_vJ|5[4]             2.3958E-09  7.4410E-02   1.620E+04      88- 266     1718
Rovibration_vJ|2[5]         -Rovibration_vJ|5[6]             3.2785E-09  7.1420E-02   1.610E+04      88- 268     1719
Rovibration_vJ|2[5]         -Rovibration_vJ|6[4]             1.3631E-11  7.4420E-04   1.222E+04      88- 326     1720
Rovibration_vJ|2[5]         -Rovibration_vJ|6[6]             2.2493E-11  8.5850E-04   1.216E+04      88- 329     1721
Rovibration_vJ|2[5]         -Rovibration_vJ|7[4]             1.6051E-14  1.3530E-06   9.834E+03      88- 387     1722
Rovibration_vJ|2[5]         -Rovibration_vJ|7[6]             9.6355E-18  5.6670E-10   9.796E+03      88- 390     1723
Rovibration_vJ|2[5]         -Rovibration_vJ|8[4]             1.9866E-14  2.3820E-06   8.246E+03      88- 447     1724
Rovibration_vJ|2[5]         -Rovibration_vJ|8[6]             1.6134E-14  1.3480E-06   8.219E+03      88- 451     1725
Rovibration_vJ|2[5]         -Rovibration_vJ|9[4]             1.3644E-15  2.1990E-07   7.112E+03      88- 508     1726
Rovibration_vJ|2[5]         -Rovibration_vJ|9[6]             1.1907E-15  1.3360E-07   7.093E+03      88- 512     1727
Rovibration_vJ|2[5]         -Rovibration_vJ|10[4]            8.2651E-18  1.7180E-09   6.263E+03      88- 569     1728
Rovibration_vJ|2[5]         -Rovibration_vJ|10[6]            2.1342E-17  3.0860E-09   6.248E+03      88- 572     1729
Rovibration_vJ|2[6]         -Rovibration_vJ|2[7]             2.2718E-08  9.1650E-06   3.785E+06      89-  90     1730
Rovibration_vJ|2[6]         -Rovibration_vJ|3[5]             1.5469E-05  5.2110E+01   4.837E+04      89- 145     1731
Rovibration_vJ|2[6]         -Rovibration_vJ|3[7]             1.8494E-05  4.7860E+01   4.726E+04      89- 148     1732
Rovibration_vJ|2[6]         -Rovibration_vJ|4[5]             2.3530E-07  3.1650E+00   2.421E+04      89- 206     1733
Rovibration_vJ|2[6]         -Rovibration_vJ|4[7]             2.9608E-07  2.9890E+00   2.393E+04      89- 209     1734
Rovibration_vJ|2[6]         -Rovibration_vJ|5[5]             2.4045E-09  7.2110E-02   1.621E+04      89- 267     1735
Rovibration_vJ|2[6]         -Rovibration_vJ|5[7]             3.2762E-09  7.3170E-02   1.609E+04      89- 270     1736
Rovibration_vJ|2[6]         -Rovibration_vJ|6[5]             1.3435E-11  7.0850E-04   1.223E+04      89- 328     1737
Rovibration_vJ|2[6]         -Rovibration_vJ|6[7]             2.2840E-11  8.9350E-04   1.216E+04      89- 331     1738
Rovibration_vJ|2[6]         -Rovibration_vJ|7[5]             1.9181E-14  1.5620E-06   9.839E+03      89- 389     1739
Rovibration_vJ|2[6]         -Rovibration_vJ|7[7]             9.4774E-17  5.7120E-09   9.794E+03      89- 391     1740
Rovibration_vJ|2[6]         -Rovibration_vJ|8[5]             2.0820E-14  2.4120E-06   8.249E+03      89- 450     1741
Rovibration_vJ|2[6]         -Rovibration_vJ|8[7]             1.5291E-14  1.3090E-06   8.218E+03      89- 452     1742
Rovibration_vJ|2[6]         -Rovibration_vJ|9[5]             1.4236E-15  2.2170E-07   7.115E+03      89- 509     1743
Rovibration_vJ|2[6]         -Rovibration_vJ|9[7]             1.1387E-15  1.3090E-07   7.091E+03      89- 513     1744
Rovibration_vJ|2[6]         -Rovibration_vJ|10[5]            7.7816E-18  1.5630E-09   6.265E+03      89- 570     1745
Rovibration_vJ|2[6]         -Rovibration_vJ|10[7]            2.2466E-17  3.3280E-09   6.247E+03      89- 574     1746
Rovibration_vJ|2[7]         -Rovibration_vJ|2[8]             2.5562E-08  1.3710E-05   3.313E+06      90-  91     1747
Rovibration_vJ|2[7]         -Rovibration_vJ|3[6]             1.5612E-05  5.1150E+01   4.847E+04      90- 147     1748
Rovibration_vJ|2[7]         -Rovibration_vJ|3[8]             1.8351E-05  4.8510E+01   4.719E+04      90- 149     1749
Rovibration_vJ|2[7]         -Rovibration_vJ|4[6]             2.3654E-07  3.1000E+00   2.423E+04      90- 208     1750
Rovibration_vJ|2[7]         -Rovibration_vJ|4[8]             2.9504E-07  3.0370E+00   2.391E+04      90- 210     1751
Rovibration_vJ|2[7]         -Rovibration_vJ|5[6]             2.4030E-09  7.0260E-02   1.622E+04      90- 268     1752
Rovibration_vJ|2[7]         -Rovibration_vJ|5[8]             3.2848E-09  7.4760E-02   1.608E+04      90- 271     1753
Rovibration_vJ|2[7]         -Rovibration_vJ|6[6]             1.3184E-11  6.7800E-04   1.223E+04      90- 329     1754
Rovibration_vJ|2[7]         -Rovibration_vJ|6[8]             2.3270E-11  9.2740E-04   1.215E+04      90- 332     1755
Rovibration_vJ|2[7]         -Rovibration_vJ|7[6]             2.2522E-14  1.7890E-06   9.843E+03      90- 390     1756
Rovibration_vJ|2[7]         -Rovibration_vJ|7[8]             5.0840E-16  3.1210E-08   9.791E+03      90- 393     1757
Rovibration_vJ|2[7]         -Rovibration_vJ|8[6]             2.1714E-14  2.4540E-06   8.252E+03      90- 451     1758
Rovibration_vJ|2[7]         -Rovibration_vJ|8[8]             1.4532E-14  1.2670E-06   8.216E+03      90- 454     1759
Rovibration_vJ|2[7]         -Rovibration_vJ|9[6]             1.4783E-15  2.2460E-07   7.117E+03      90- 512     1760
Rovibration_vJ|2[7]         -Rovibration_vJ|9[8]             1.0926E-15  1.2790E-07   7.091E+03      90- 514     1761
Rovibration_vJ|2[7]         -Rovibration_vJ|10[6]            7.2868E-18  1.4280E-09   6.267E+03      90- 572     1762
Rovibration_vJ|2[7]         -Rovibration_vJ|10[8]            2.3700E-17  3.5750E-09   6.246E+03      90- 575     1763
Rovibration_vJ|2[8]         -Rovibration_vJ|2[9]             2.8350E-08  1.9510E-05   2.945E+06      91-  93     1764
Rovibration_vJ|2[8]         -Rovibration_vJ|3[7]             1.5710E-05  5.0360E+01   4.856E+04      91- 148     1765
Rovibration_vJ|2[8]         -Rovibration_vJ|3[9]             1.8250E-05  4.9080E+01   4.711E+04      91- 152     1766
Rovibration_vJ|2[8]         -Rovibration_vJ|4[7]             2.3719E-07  3.0470E+00   2.426E+04      91- 209     1767
Rovibration_vJ|2[8]         -Rovibration_vJ|4[9]             2.9463E-07  3.0800E+00   2.389E+04      91- 212     1768
Rovibration_vJ|2[8]         -Rovibration_vJ|5[7]             2.3953E-09  6.8690E-02   1.624E+04      91- 270     1769
Rovibration_vJ|2[8]         -Rovibration_vJ|5[9]             3.3009E-09  7.6250E-02   1.607E+04      91- 273     1770
Rovibration_vJ|2[8]         -Rovibration_vJ|6[7]             1.2903E-11  6.5100E-04   1.224E+04      91- 331     1771
Rovibration_vJ|2[8]         -Rovibration_vJ|6[9]             2.3755E-11  9.6060E-04   1.215E+04      91- 334     1772
Rovibration_vJ|2[8]         -Rovibration_vJ|7[7]             2.6096E-14  2.0340E-06   9.848E+03      91- 391     1773
Rovibration_vJ|2[8]         -Rovibration_vJ|7[9]             1.2515E-15  7.7940E-08   9.789E+03      91- 394     1774
Rovibration_vJ|2[8]         -Rovibration_vJ|8[7]             2.2568E-14  2.5030E-06   8.256E+03      91- 452     1775
Rovibration_vJ|2[8]         -Rovibration_vJ|8[9]             1.3829E-14  1.2230E-06   8.215E+03      91- 455     1776
Rovibration_vJ|2[8]         -Rovibration_vJ|9[7]             1.5303E-15  2.2820E-07   7.120E+03      91- 513     1777
Rovibration_vJ|2[8]         -Rovibration_vJ|9[9]             1.0503E-15  1.2470E-07   7.090E+03      91- 516     1778
Rovibration_vJ|2[8]         -Rovibration_vJ|10[7]            6.7949E-18  1.3070E-09   6.269E+03      91- 574     1779
Rovibration_vJ|2[8]         -Rovibration_vJ|10[9]            2.5028E-17  3.8290E-09   6.246E+03      91- 577     1780
Rovibration_vJ|1[34]        -Rovibration_vJ|1[35]            1.5573E-07  1.7670E-03   7.558E+05      92-  97     1781
Rovibration_vJ|1[34]        -Rovibration_vJ|2[33]            1.0556E-05  2.8100E+01   5.080E+04      92- 142     1782
Rovibration_vJ|1[34]        -Rovibration_vJ|2[35]            1.2395E-05  3.9850E+01   4.490E+04      92- 156     1783
Rovibration_vJ|1[34]        -Rovibration_vJ|3[33]            1.0680E-07  1.1970E+00   2.476E+04      92- 204     1784
Rovibration_vJ|1[34]        -Rovibration_vJ|3[35]            1.6488E-07  1.9720E+00   2.328E+04      92- 217     1785
Rovibration_vJ|1[34]        -Rovibration_vJ|4[33]            7.1388E-10  1.8150E-02   1.644E+04      92- 265     1786
Rovibration_vJ|1[34]        -Rovibration_vJ|4[35]            1.6939E-09  4.4100E-02   1.578E+04      92- 279     1787
Rovibration_vJ|1[34]        -Rovibration_vJ|5[33]            1.5201E-12  6.8540E-05   1.234E+04      92- 327     1788
Rovibration_vJ|1[34]        -Rovibration_vJ|5[35]            1.3807E-11  6.2450E-04   1.197E+04      92- 340     1789
Rovibration_vJ|1[34]        -Rovibration_vJ|6[33]            7.3970E-14  5.1770E-06   9.907E+03      92- 388     1790
Rovibration_vJ|1[34]        -Rovibration_vJ|6[35]            2.7834E-14  1.9300E-06   9.669E+03      92- 401     1791
Rovibration_vJ|1[34]        -Rovibration_vJ|7[33]            1.6236E-14  1.6220E-06   8.292E+03      92- 449     1792
Rovibration_vJ|1[34]        -Rovibration_vJ|7[35]            2.0873E-15  2.0490E-07   8.126E+03      92- 462     1793
Rovibration_vJ|1[34]        -Rovibration_vJ|8[33]            9.1291E-16  1.2290E-07   7.143E+03      92- 510     1794
Rovibration_vJ|1[34]        -Rovibration_vJ|8[35]            2.0280E-16  2.6670E-08   7.021E+03      92- 522     1795
Rovibration_vJ|1[34]        -Rovibration_vJ|9[33]            1.8074E-16  3.1440E-08   6.284E+03      92- 571     1796
Rovibration_vJ|1[34]        -Rovibration_vJ|9[35]            2.9367E-16  4.9680E-08   6.190E+03      92- 583     1797
Rovibration_vJ|1[34]        -Rovibration_vJ|10[33]           4.7917E-16  1.0430E-07   5.618E+03      92- 626     1798
Rovibration_vJ|1[34]        -Rovibration_vJ|10[35]           5.6408E-16  1.1900E-07   5.543E+03      92- 631     1799
Rovibration_vJ|2[9]         -Rovibration_vJ|2[10]            3.1062E-08  2.6680E-05   2.651E+06      93-  94     1800
Rovibration_vJ|2[9]         -Rovibration_vJ|3[8]             1.5784E-05  4.9700E+01   4.866E+04      93- 149     1801
Rovibration_vJ|2[9]         -Rovibration_vJ|3[10]            1.8177E-05  4.9590E+01   4.703E+04      93- 153     1802
Rovibration_vJ|2[9]         -Rovibration_vJ|4[8]             2.3747E-07  3.0020E+00   2.428E+04      93- 210     1803
Rovibration_vJ|2[9]         -Rovibration_vJ|4[10]            2.9472E-07  3.1200E+00   2.388E+04      93- 214     1804
Rovibration_vJ|2[9]         -Rovibration_vJ|5[8]             2.3837E-09  6.7310E-02   1.625E+04      93- 271     1805
Rovibration_vJ|2[9]         -Rovibration_vJ|5[10]            3.3222E-09  7.7670E-02   1.607E+04      93- 275     1806
Rovibration_vJ|2[9]         -Rovibration_vJ|6[8]             1.2602E-11  6.2630E-04   1.225E+04      93- 332     1807
Rovibration_vJ|2[9]         -Rovibration_vJ|6[10]            2.4283E-11  9.9350E-04   1.215E+04      93- 335     1808
Rovibration_vJ|2[9]         -Rovibration_vJ|7[8]             2.9862E-14  2.2930E-06   9.853E+03      93- 393     1809
Rovibration_vJ|2[9]         -Rovibration_vJ|7[10]            2.3286E-15  1.4670E-07   9.787E+03      93- 396     1810
Rovibration_vJ|2[9]         -Rovibration_vJ|8[8]             2.3409E-14  2.5580E-06   8.260E+03      93- 454     1811
Rovibration_vJ|2[9]         -Rovibration_vJ|8[10]            1.3158E-14  1.1770E-06   8.214E+03      93- 457     1812
Rovibration_vJ|2[9]         -Rovibration_vJ|9[8]             1.5810E-15  2.3230E-07   7.123E+03      93- 514     1813
Rovibration_vJ|2[9]         -Rovibration_vJ|9[10]            1.0101E-15  1.2130E-07   7.089E+03      93- 518     1814
Rovibration_vJ|2[9]         -Rovibration_vJ|10[8]            6.3099E-18  1.1960E-09   6.271E+03      93- 575     1815
Rovibration_vJ|2[9]         -Rovibration_vJ|10[10]           2.6435E-17  4.0900E-09   6.245E+03      93- 579     1816
Rovibration_vJ|2[10]        -Rovibration_vJ|2[11]            3.3714E-08  3.5350E-05   2.410E+06      94-  96     1817
Rovibration_vJ|2[10]        -Rovibration_vJ|3[9]             1.5838E-05  4.9120E+01   4.875E+04      94- 152     1818
Rovibration_vJ|2[10]        -Rovibration_vJ|3[11]            1.8125E-05  5.0060E+01   4.696E+04      94- 155     1819
Rovibration_vJ|2[10]        -Rovibration_vJ|4[9]             2.3736E-07  2.9610E+00   2.431E+04      94- 212     1820
Rovibration_vJ|2[10]        -Rovibration_vJ|4[11]            2.9509E-07  3.1570E+00   2.386E+04      94- 215     1821
Rovibration_vJ|2[10]        -Rovibration_vJ|5[9]             2.3689E-09  6.6050E-02   1.626E+04      94- 273     1822
Rovibration_vJ|2[10]        -Rovibration_vJ|5[11]            3.3473E-09  7.9040E-02   1.606E+04      94- 276     1823
Rovibration_vJ|2[10]        -Rovibration_vJ|6[9]             1.2291E-11  6.0330E-04   1.226E+04      94- 334     1824
Rovibration_vJ|2[10]        -Rovibration_vJ|6[11]            2.4860E-11  1.0270E-03   1.214E+04      94- 337     1825
Rovibration_vJ|2[10]        -Rovibration_vJ|7[9]             3.3854E-14  2.5680E-06   9.859E+03      94- 394     1826
Rovibration_vJ|2[10]        -Rovibration_vJ|7[11]            3.7437E-15  2.3810E-07   9.786E+03      94- 398     1827
Rovibration_vJ|2[10]        -Rovibration_vJ|8[9]             2.4231E-14  2.6160E-06   8.264E+03      94- 455     1828
Rovibration_vJ|2[10]        -Rovibration_vJ|8[11]            1.2526E-14  1.1310E-06   8.213E+03      94- 458     1829
Rovibration_vJ|2[10]        -Rovibration_vJ|9[9]             1.6310E-15  2.3680E-07   7.126E+03      94- 516     1830
Rovibration_vJ|2[10]        -Rovibration_vJ|9[11]            9.7275E-16  1.1790E-07   7.089E+03      94- 519     1831
Rovibration_vJ|2[10]        -Rovibration_vJ|10[9]            5.8410E-18  1.0940E-09   6.274E+03      94- 577     1832
Rovibration_vJ|2[10]        -Rovibration_vJ|10[11]           2.7915E-17  4.3590E-09   6.245E+03      94- 580     1833
Rovibration_vJ|0[48]        -Rovibration_vJ|0[49]            2.9883E-07  6.7230E-03   5.390E+05      95- 102     1834
Rovibration_vJ|0[48]        -Rovibration_vJ|1[47]            5.2112E-06  1.3110E+01   5.203E+04      95- 146     1835
Rovibration_vJ|0[48]        -Rovibration_vJ|1[49]            6.4186E-06  2.1920E+01   4.375E+04      95- 162     1836
Rovibration_vJ|0[48]        -Rovibration_vJ|2[47]            3.2957E-08  3.5900E-01   2.500E+04      95- 207     1837
Rovibration_vJ|0[48]        -Rovibration_vJ|2[49]            5.9697E-08  7.4160E-01   2.294E+04      95- 223     1838
Rovibration_vJ|0[48]        -Rovibration_vJ|3[47]            1.4633E-10  3.6480E-03   1.653E+04      95- 269     1839
Rovibration_vJ|0[48]        -Rovibration_vJ|3[49]            4.9160E-10  1.3190E-02   1.561E+04      95- 285     1840
Rovibration_vJ|0[48]        -Rovibration_vJ|4[47]            1.1586E-13  5.1450E-06   1.238E+04      95- 330     1841
Rovibration_vJ|0[48]        -Rovibration_vJ|4[49]            3.6358E-12  1.6880E-04   1.186E+04      95- 346     1842
Rovibration_vJ|0[48]        -Rovibration_vJ|5[47]            2.1793E-14  1.5060E-06   9.928E+03      95- 392     1843
Rovibration_vJ|0[48]        -Rovibration_vJ|5[49]            1.1550E-14  8.2010E-07   9.594E+03      95- 407     1844
Rovibration_vJ|0[48]        -Rovibration_vJ|6[47]            3.1646E-15  3.1270E-07   8.302E+03      95- 453     1845
Rovibration_vJ|0[48]        -Rovibration_vJ|6[49]            1.4338E-16  1.4390E-08   8.070E+03      95- 468     1846
Rovibration_vJ|0[48]        -Rovibration_vJ|7[47]            3.1984E-16  4.2640E-08   7.147E+03      95- 515     1847
Rovibration_vJ|0[48]        -Rovibration_vJ|7[49]            9.9857E-17  1.3410E-08   6.976E+03      95- 530     1848
Rovibration_vJ|0[48]        -Rovibration_vJ|8[47]            1.4778E-18  2.5480E-10   6.285E+03      95- 576     1849
Rovibration_vJ|0[48]        -Rovibration_vJ|8[49]            6.9988E-18  1.2080E-09   6.153E+03      95- 590     1850
Rovibration_vJ|0[48]        -Rovibration_vJ|9[47]            4.6034E-17  9.9390E-09   5.616E+03      95- 628     1851
Rovibration_vJ|0[48]        -Rovibration_vJ|9[49]            5.2117E-17  1.1210E-08   5.512E+03      95- 634     1852
Rovibration_vJ|0[48]        -Rovibration_vJ|10[47]           4.6247E-17  1.2190E-08   5.083E+03      95- 655     1853
Rovibration_vJ|0[48]        -Rovibration_vJ|10[49]           5.0845E-17  1.3300E-08   4.998E+03      95- 658     1854
Rovibration_vJ|2[11]        -Rovibration_vJ|2[12]            3.6286E-08  4.5610E-05   2.210E+06      96-  98     1855
Rovibration_vJ|2[11]        -Rovibration_vJ|3[10]            1.5874E-05  4.8590E+01   4.885E+04      96- 153     1856
Rovibration_vJ|2[11]        -Rovibration_vJ|3[12]            1.8086E-05  5.0490E+01   4.688E+04      96- 157     1857
Rovibration_vJ|2[11]        -Rovibration_vJ|4[10]            2.3705E-07  2.9240E+00   2.434E+04      96- 214     1858
Rovibration_vJ|2[11]        -Rovibration_vJ|4[12]            2.9569E-07  3.1920E+00   2.384E+04      96- 218     1859
Rovibration_vJ|2[11]        -Rovibration_vJ|5[10]            2.3523E-09  6.4890E-02   1.627E+04      96- 275     1860
Rovibration_vJ|2[11]        -Rovibration_vJ|5[12]            3.3752E-09  8.0370E-02   1.605E+04      96- 278     1861
Rovibration_vJ|2[11]        -Rovibration_vJ|6[10]            1.1974E-11  5.8170E-04   1.226E+04      96- 335     1862
Rovibration_vJ|2[11]        -Rovibration_vJ|6[12]            2.5452E-11  1.0600E-03   1.214E+04      96- 339     1863
Rovibration_vJ|2[11]        -Rovibration_vJ|7[10]            3.8050E-14  2.8570E-06   9.864E+03      96- 396     1864
Rovibration_vJ|2[11]        -Rovibration_vJ|7[12]            5.5050E-15  3.5290E-07   9.784E+03      96- 399     1865
Rovibration_vJ|2[11]        -Rovibration_vJ|8[10]            2.5047E-14  2.6770E-06   8.268E+03      96- 457     1866
Rovibration_vJ|2[11]        -Rovibration_vJ|8[12]            1.1912E-14  1.0840E-06   8.212E+03      96- 460     1867
Rovibration_vJ|2[11]        -Rovibration_vJ|9[10]            1.6808E-15  2.4160E-07   7.129E+03      96- 518     1868
Rovibration_vJ|2[11]        -Rovibration_vJ|9[12]            9.3662E-16  1.1440E-07   7.088E+03      96- 521     1869
Rovibration_vJ|2[11]        -Rovibration_vJ|10[10]           5.3827E-18  9.9820E-10   6.277E+03      96- 579     1870
Rovibration_vJ|2[11]        -Rovibration_vJ|10[12]           2.9463E-17  4.6360E-09   6.245E+03      96- 581     1871
Rovibration_vJ|1[35]        -Rovibration_vJ|1[36]            1.5629E-07  1.8760E-03   7.352E+05      97- 101     1872
Rovibration_vJ|1[35]        -Rovibration_vJ|2[34]            1.0538E-05  2.7890E+01   5.093E+04      97- 150     1873
Rovibration_vJ|1[35]        -Rovibration_vJ|2[36]            1.2410E-05  4.0020E+01   4.485E+04      97- 161     1874
Rovibration_vJ|1[35]        -Rovibration_vJ|3[34]            1.0632E-07  1.1870E+00   2.479E+04      97- 211     1875
Rovibration_vJ|1[35]        -Rovibration_vJ|3[36]            1.6591E-07  1.9870E+00   2.327E+04      97- 222     1876
Rovibration_vJ|1[35]        -Rovibration_vJ|4[34]            7.0712E-10  1.7920E-02   1.646E+04      97- 272     1877
Rovibration_vJ|1[35]        -Rovibration_vJ|4[36]            1.7160E-09  4.4710E-02   1.578E+04      97- 283     1878
Rovibration_vJ|1[35]        -Rovibration_vJ|5[34]            1.4627E-12  6.5760E-05   1.236E+04      97- 333     1879
Rovibration_vJ|1[35]        -Rovibration_vJ|5[36]            1.4172E-11  6.4130E-04   1.197E+04      97- 343     1880
Rovibration_vJ|1[35]        -Rovibration_vJ|6[34]            7.6510E-14  5.3400E-06   9.917E+03      97- 395     1881
Rovibration_vJ|1[35]        -Rovibration_vJ|6[36]            3.0839E-14  2.1390E-06   9.671E+03      97- 404     1882
Rovibration_vJ|1[35]        -Rovibration_vJ|7[34]            1.6550E-14  1.6490E-06   8.300E+03      97- 456     1883
Rovibration_vJ|1[35]        -Rovibration_vJ|7[36]            1.9657E-15  1.9300E-07   8.129E+03      97- 465     1884
Rovibration_vJ|1[35]        -Rovibration_vJ|8[34]            9.5621E-16  1.2840E-07   7.149E+03      97- 517     1885
Rovibration_vJ|1[35]        -Rovibration_vJ|8[36]            2.0849E-16  2.7420E-08   7.023E+03      97- 527     1886
Rovibration_vJ|1[35]        -Rovibration_vJ|9[34]            1.7036E-16  2.9560E-08   6.289E+03      97- 578     1887
Rovibration_vJ|1[35]        -Rovibration_vJ|9[36]            2.8297E-16  4.7870E-08   6.193E+03      97- 588     1888
Rovibration_vJ|1[35]        -Rovibration_vJ|10[34]           4.8357E-16  1.0500E-07   5.622E+03      97- 629     1889
Rovibration_vJ|1[35]        -Rovibration_vJ|10[36]           5.6932E-16  1.2010E-07   5.546E+03      97- 633     1890
Rovibration_vJ|2[12]        -Rovibration_vJ|2[13]            3.8768E-08  5.7540E-05   2.040E+06      98-  99     1891
Rovibration_vJ|2[12]        -Rovibration_vJ|3[11]            1.5901E-05  4.8110E+01   4.895E+04      98- 155     1892
Rovibration_vJ|2[12]        -Rovibration_vJ|3[13]            1.8056E-05  5.0890E+01   4.681E+04      98- 158     1893
Rovibration_vJ|2[12]        -Rovibration_vJ|4[11]            2.3660E-07  2.8900E+00   2.436E+04      98- 215     1894
Rovibration_vJ|2[12]        -Rovibration_vJ|4[13]            2.9652E-07  3.2260E+00   2.383E+04      98- 219     1895
Rovibration_vJ|2[12]        -Rovibration_vJ|5[11]            2.3342E-09  6.3800E-02   1.629E+04      98- 276     1896
Rovibration_vJ|2[12]        -Rovibration_vJ|5[13]            3.4060E-09  8.1690E-02   1.605E+04      98- 280     1897
Rovibration_vJ|2[12]        -Rovibration_vJ|6[11]            1.1656E-11  5.6120E-04   1.227E+04      98- 337     1898
Rovibration_vJ|2[12]        -Rovibration_vJ|6[13]            2.6064E-11  1.0930E-03   1.214E+04      98- 341     1899
Rovibration_vJ|2[12]        -Rovibration_vJ|7[11]            4.2440E-14  3.1590E-06   9.869E+03      98- 398     1900
Rovibration_vJ|2[12]        -Rovibration_vJ|7[13]            7.6189E-15  4.9170E-07   9.783E+03      98- 402     1901
Rovibration_vJ|2[12]        -Rovibration_vJ|8[11]            2.5867E-14  2.7410E-06   8.272E+03      98- 458     1902
Rovibration_vJ|2[12]        -Rovibration_vJ|8[13]            1.1332E-14  1.0380E-06   8.211E+03      98- 463     1903
Rovibration_vJ|2[12]        -Rovibration_vJ|9[11]            1.7303E-15  2.4660E-07   7.132E+03      98- 519     1904
Rovibration_vJ|2[12]        -Rovibration_vJ|9[13]            9.0208E-16  1.1090E-07   7.088E+03      98- 524     1905
Rovibration_vJ|2[12]        -Rovibration_vJ|10[11]           4.9412E-18  9.0860E-10   6.279E+03      98- 580     1906
Rovibration_vJ|2[12]        -Rovibration_vJ|10[13]           3.1061E-17  4.9190E-09   6.245E+03      98- 584     1907
Rovibration_vJ|2[13]        -Rovibration_vJ|2[14]            4.1162E-08  7.1220E-05   1.895E+06      99- 100     1908
Rovibration_vJ|2[13]        -Rovibration_vJ|3[12]            1.5919E-05  4.7660E+01   4.905E+04      99- 157     1909
Rovibration_vJ|2[13]        -Rovibration_vJ|3[14]            1.8036E-05  5.1270E+01   4.674E+04      99- 160     1910
Rovibration_vJ|2[13]        -Rovibration_vJ|4[12]            2.3610E-07  2.8590E+00   2.439E+04      99- 218     1911
Rovibration_vJ|2[13]        -Rovibration_vJ|4[14]            2.9752E-07  3.2590E+00   2.381E+04      99- 220     1912
Rovibration_vJ|2[13]        -Rovibration_vJ|5[12]            2.3147E-09  6.2760E-02   1.630E+04      99- 278     1913
Rovibration_vJ|2[13]        -Rovibration_vJ|5[14]            3.4387E-09  8.2990E-02   1.604E+04      99- 281     1914
Rovibration_vJ|2[13]        -Rovibration_vJ|6[12]            1.1338E-11  5.4170E-04   1.228E+04      99- 339     1915
Rovibration_vJ|2[13]        -Rovibration_vJ|6[14]            2.6716E-11  1.1270E-03   1.213E+04      99- 342     1916
Rovibration_vJ|2[13]        -Rovibration_vJ|7[12]            4.7041E-14  3.4750E-06   9.875E+03      99- 399     1917
Rovibration_vJ|2[13]        -Rovibration_vJ|7[14]            1.0092E-14  6.5510E-07   9.781E+03      99- 403     1918
Rovibration_vJ|2[13]        -Rovibration_vJ|8[12]            2.6679E-14  2.8060E-06   8.276E+03      99- 460     1919
Rovibration_vJ|2[13]        -Rovibration_vJ|8[14]            1.0758E-14  9.9100E-07   8.211E+03      99- 464     1920
Rovibration_vJ|2[13]        -Rovibration_vJ|9[12]            1.7798E-15  2.5180E-07   7.136E+03      99- 521     1921
Rovibration_vJ|2[13]        -Rovibration_vJ|9[14]            8.6797E-16  1.0730E-07   7.088E+03      99- 525     1922
Rovibration_vJ|2[13]        -Rovibration_vJ|10[12]           4.5140E-18  8.2400E-10   6.282E+03      99- 581     1923
Rovibration_vJ|2[13]        -Rovibration_vJ|10[14]           3.2713E-17  5.2090E-09   6.245E+03      99- 586     1924
Rovibration_vJ|2[14]        -Rovibration_vJ|2[15]            4.3454E-08  8.6690E-05   1.769E+06     100- 103     1925
Rovibration_vJ|2[14]        -Rovibration_vJ|3[13]            1.5932E-05  4.7240E+01   4.915E+04     100- 158     1926
Rovibration_vJ|2[14]        -Rovibration_vJ|3[15]            1.8025E-05  5.1640E+01   4.667E+04     100- 163     1927
Rovibration_vJ|2[14]        -Rovibration_vJ|4[13]            2.3545E-07  2.8290E+00   2.442E+04     100- 219     1928
Rovibration_vJ|2[14]        -Rovibration_vJ|4[15]            2.9862E-07  3.2910E+00   2.380E+04     100- 224     1929
Rovibration_vJ|2[14]        -Rovibration_vJ|5[13]            2.2950E-09  6.1780E-02   1.631E+04     100- 280     1930
Rovibration_vJ|2[14]        -Rovibration_vJ|5[15]            3.4735E-09  8.4290E-02   1.604E+04     100- 284     1931
Rovibration_vJ|2[14]        -Rovibration_vJ|6[13]            1.1024E-11  5.2310E-04   1.229E+04     100- 341     1932
Rovibration_vJ|2[14]        -Rovibration_vJ|6[15]            2.7404E-11  1.1620E-03   1.213E+04     100- 345     1933
Rovibration_vJ|2[14]        -Rovibration_vJ|7[13]            5.1840E-14  3.8040E-06   9.881E+03     100- 402     1934
Rovibration_vJ|2[14]        -Rovibration_vJ|7[15]            1.2936E-14  8.4390E-07   9.780E+03     100- 405     1935
Rovibration_vJ|2[14]        -Rovibration_vJ|8[13]            2.7506E-14  2.8740E-06   8.280E+03     100- 463     1936
Rovibration_vJ|2[14]        -Rovibration_vJ|8[15]            1.0208E-14  9.4490E-07   8.210E+03     100- 466     1937
Rovibration_vJ|2[14]        -Rovibration_vJ|9[13]            1.8299E-15  2.5720E-07   7.139E+03     100- 524     1938
Rovibration_vJ|2[14]        -Rovibration_vJ|9[15]            8.3565E-16  1.0380E-07   7.088E+03     100- 526     1939
Rovibration_vJ|2[14]        -Rovibration_vJ|10[13]           4.1015E-18  7.4390E-10   6.285E+03     100- 584     1940
Rovibration_vJ|2[14]        -Rovibration_vJ|10[15]           3.4409E-17  5.5050E-09   6.245E+03     100- 587     1941
Rovibration_vJ|1[36]        -Rovibration_vJ|1[37]            1.5659E-07  1.9850E-03   7.156E+05     101- 105     1942
Rovibration_vJ|1[36]        -Rovibration_vJ|2[35]            1.0520E-05  2.7680E+01   5.105E+04     101- 156     1943
Rovibration_vJ|1[36]        -Rovibration_vJ|2[37]            1.2424E-05  4.0180E+01   4.480E+04     101- 165     1944
Rovibration_vJ|1[36]        -Rovibration_vJ|3[35]            1.0583E-07  1.1770E+00   2.483E+04     101- 217     1945
Rovibration_vJ|1[36]        -Rovibration_vJ|3[37]            1.6695E-07  2.0020E+00   2.327E+04     101- 226     1946
Rovibration_vJ|1[36]        -Rovibration_vJ|4[35]            7.0030E-10  1.7690E-02   1.648E+04     101- 279     1947
Rovibration_vJ|1[36]        -Rovibration_vJ|4[37]            1.7382E-09  4.5320E-02   1.578E+04     101- 287     1948
Rovibration_vJ|1[36]        -Rovibration_vJ|5[35]            1.4072E-12  6.3080E-05   1.237E+04     101- 340     1949
Rovibration_vJ|1[36]        -Rovibration_vJ|5[37]            1.4546E-11  6.5850E-04   1.198E+04     101- 349     1950
Rovibration_vJ|1[36]        -Rovibration_vJ|6[35]            7.9062E-14  5.5030E-06   9.926E+03     101- 401     1951
Rovibration_vJ|1[36]        -Rovibration_vJ|6[37]            3.4017E-14  2.3600E-06   9.674E+03     101- 410     1952
Rovibration_vJ|1[36]        -Rovibration_vJ|7[35]            1.6865E-14  1.6760E-06   8.307E+03     101- 462     1953
Rovibration_vJ|1[36]        -Rovibration_vJ|7[37]            1.8464E-15  1.8130E-07   8.131E+03     101- 471     1954
Rovibration_vJ|1[36]        -Rovibration_vJ|8[35]            1.0005E-15  1.3400E-07   7.156E+03     101- 522     1955
Rovibration_vJ|1[36]        -Rovibration_vJ|8[37]            2.1457E-16  2.8220E-08   7.026E+03     101- 532     1956
Rovibration_vJ|1[36]        -Rovibration_vJ|9[35]            1.5975E-16  2.7650E-08   6.295E+03     101- 583     1957
Rovibration_vJ|1[36]        -Rovibration_vJ|9[37]            2.7187E-16  4.5990E-08   6.195E+03     101- 593     1958
Rovibration_vJ|1[36]        -Rovibration_vJ|10[35]           4.8707E-16  1.0550E-07   5.627E+03     101- 631     1959
Rovibration_vJ|1[36]        -Rovibration_vJ|10[37]           5.7414E-16  1.2110E-07   5.548E+03     101- 636     1960
Rovibration_vJ|0[49]        -Rovibration_vJ|0[50]            2.9617E-07  6.9320E-03   5.285E+05     102- 107     1961
Rovibration_vJ|0[49]        -Rovibration_vJ|1[48]            5.2026E-06  1.3010E+01   5.218E+04     102- 154     1962
Rovibration_vJ|0[49]        -Rovibration_vJ|1[50]            6.4256E-06  2.1990E+01   4.371E+04     102- 168     1963
Rovibration_vJ|0[49]        -Rovibration_vJ|2[48]            3.2820E-08  3.5610E-01   2.505E+04     102- 216     1964
Rovibration_vJ|0[49]        -Rovibration_vJ|2[50]            6.0102E-08  7.4700E-01   2.294E+04     102- 228     1965
Rovibration_vJ|0[49]        -Rovibration_vJ|3[48]            1.4500E-10  3.6030E-03   1.655E+04     102- 277     1966
Rovibration_vJ|0[49]        -Rovibration_vJ|3[50]            4.9835E-10  1.3370E-02   1.561E+04     102- 290     1967
Rovibration_vJ|0[49]        -Rovibration_vJ|4[48]            1.0991E-13  4.8660E-06   1.240E+04     102- 338     1968
Rovibration_vJ|0[49]        -Rovibration_vJ|4[50]            3.7320E-12  1.7320E-04   1.187E+04     102- 351     1969
Rovibration_vJ|0[49]        -Rovibration_vJ|5[48]            2.2290E-14  1.5360E-06   9.940E+03     102- 400     1970
Rovibration_vJ|0[49]        -Rovibration_vJ|5[50]            1.2443E-14  8.8300E-07   9.599E+03     102- 412     1971
Rovibration_vJ|0[49]        -Rovibration_vJ|6[48]            3.2057E-15  3.1590E-07   8.312E+03     102- 461     1972
Rovibration_vJ|0[49]        -Rovibration_vJ|6[50]            1.2763E-16  1.2800E-08   8.074E+03     102- 473     1973
Rovibration_vJ|0[49]        -Rovibration_vJ|7[48]            3.2986E-16  4.3860E-08   7.155E+03     102- 523     1974
Rovibration_vJ|0[49]        -Rovibration_vJ|7[50]            1.0158E-16  1.3630E-08   6.980E+03     102- 534     1975
Rovibration_vJ|0[49]        -Rovibration_vJ|8[48]            9.6702E-19  1.6630E-10   6.292E+03     102- 585     1976
Rovibration_vJ|0[49]        -Rovibration_vJ|8[50]            5.9611E-18  1.0280E-09   6.157E+03     102- 596     1977
Rovibration_vJ|0[49]        -Rovibration_vJ|9[48]            4.3797E-17  9.4320E-09   5.622E+03     102- 632     1978
Rovibration_vJ|0[49]        -Rovibration_vJ|9[50]            4.9699E-17  1.0680E-08   5.516E+03     102- 637     1979
Rovibration_vJ|0[49]        -Rovibration_vJ|10[48]           4.4842E-17  1.1790E-08   5.088E+03     102- 657     1980
Rovibration_vJ|0[49]        -Rovibration_vJ|10[50]           4.9210E-17  1.2860E-08   5.002E+03     102- 660     1981
Rovibration_vJ|2[15]        -Rovibration_vJ|2[16]            4.5646E-08  1.0400E-04   1.658E+06     103- 104     1982
Rovibration_vJ|2[15]        -Rovibration_vJ|3[14]            1.5935E-05  4.6830E+01   4.926E+04     103- 160     1983
Rovibration_vJ|2[15]        -Rovibration_vJ|3[16]            1.8018E-05  5.1990E+01   4.660E+04     103- 164     1984
Rovibration_vJ|2[15]        -Rovibration_vJ|4[14]            2.3469E-07  2.8000E+00   2.445E+04     103- 220     1985
Rovibration_vJ|2[15]        -Rovibration_vJ|4[16]            2.9981E-07  3.3220E+00   2.378E+04     103- 225     1986
Rovibration_vJ|2[15]        -Rovibration_vJ|5[14]            2.2747E-09  6.0840E-02   1.633E+04     103- 281     1987
Rovibration_vJ|2[15]        -Rovibration_vJ|5[16]            3.5097E-09  8.5580E-02   1.603E+04     103- 286     1988
Rovibration_vJ|2[15]        -Rovibration_vJ|6[14]            1.0713E-11  5.0520E-04   1.230E+04     103- 342     1989
Rovibration_vJ|2[15]        -Rovibration_vJ|6[16]            2.8101E-11  1.1970E-03   1.213E+04     103- 347     1990
Rovibration_vJ|2[15]        -Rovibration_vJ|7[14]            5.6827E-14  4.1450E-06   9.887E+03     103- 403     1991
Rovibration_vJ|2[15]        -Rovibration_vJ|7[16]            1.6163E-14  1.0590E-06   9.779E+03     103- 408     1992
Rovibration_vJ|2[15]        -Rovibration_vJ|8[14]            2.8322E-14  2.9420E-06   8.285E+03     103- 464     1993
Rovibration_vJ|2[15]        -Rovibration_vJ|8[16]            9.6740E-15  8.9930E-07   8.210E+03     103- 469     1994
Rovibration_vJ|2[15]        -Rovibration_vJ|9[14]            1.8806E-15  2.6280E-07   7.143E+03     103- 525     1995
Rovibration_vJ|2[15]        -Rovibration_vJ|9[16]            8.0494E-16  1.0040E-07   7.088E+03     103- 529     1996
Rovibration_vJ|2[15]        -Rovibration_vJ|10[14]           3.7014E-18  6.6750E-10   6.288E+03     103- 586     1997
Rovibration_vJ|2[15]        -Rovibration_vJ|10[16]           3.6136E-17  5.8050E-09   6.245E+03     103- 589     1998
Rovibration_vJ|2[16]        -Rovibration_vJ|2[17]            4.7743E-08  1.2320E-04   1.561E+06     104- 106     1999
Rovibration_vJ|2[16]        -Rovibration_vJ|3[15]            1.5936E-05  4.6440E+01   4.936E+04     104- 163     2000
Rovibration_vJ|2[16]        -Rovibration_vJ|3[17]            1.8016E-05  5.2330E+01   4.653E+04     104- 166     2001
Rovibration_vJ|2[16]        -Rovibration_vJ|4[15]            2.3386E-07  2.7720E+00   2.448E+04     104- 224     2002
Rovibration_vJ|2[16]        -Rovibration_vJ|4[17]            3.0112E-07  3.3530E+00   2.377E+04     104- 227     2003
Rovibration_vJ|2[16]        -Rovibration_vJ|5[15]            2.2540E-09  5.9930E-02   1.634E+04     104- 284     2004
Rovibration_vJ|2[16]        -Rovibration_vJ|5[17]            3.5468E-09  8.6860E-02   1.603E+04     104- 288     2005
Rovibration_vJ|2[16]        -Rovibration_vJ|6[15]            1.0404E-11  4.8790E-04   1.231E+04     104- 345     2006
Rovibration_vJ|2[16]        -Rovibration_vJ|6[17]            2.8807E-11  1.2320E-03   1.213E+04     104- 348     2007
Rovibration_vJ|2[16]        -Rovibration_vJ|7[15]            6.2003E-14  4.4980E-06   9.893E+03     104- 405     2008
Rovibration_vJ|2[16]        -Rovibration_vJ|7[17]            1.9766E-14  1.3000E-06   9.779E+03     104- 409     2009
Rovibration_vJ|2[16]        -Rovibration_vJ|8[15]            2.9151E-14  3.0120E-06   8.290E+03     104- 466     2010
Rovibration_vJ|2[16]        -Rovibration_vJ|8[17]            9.1559E-15  8.5430E-07   8.210E+03     104- 470     2011
Rovibration_vJ|2[16]        -Rovibration_vJ|9[15]            1.9322E-15  2.6860E-07   7.147E+03     104- 526     2012
Rovibration_vJ|2[16]        -Rovibration_vJ|9[17]            7.7447E-16  9.6950E-08   7.088E+03     104- 531     2013
Rovibration_vJ|2[16]        -Rovibration_vJ|10[15]           3.3143E-18  5.9460E-10   6.291E+03     104- 587     2014
Rovibration_vJ|2[16]        -Rovibration_vJ|10[17]           3.7888E-17  6.1080E-09   6.246E+03     104- 592     2015
Rovibration_vJ|1[37]        -Rovibration_vJ|1[38]            1.5657E-07  2.0930E-03   6.971E+05     105- 109     2016
Rovibration_vJ|1[37]        -Rovibration_vJ|2[36]            1.0501E-05  2.7470E+01   5.118E+04     105- 161     2017
Rovibration_vJ|1[37]        -Rovibration_vJ|2[38]            1.2441E-05  4.0350E+01   4.476E+04     105- 170     2018
Rovibration_vJ|1[37]        -Rovibration_vJ|3[36]            1.0542E-07  1.1680E+00   2.487E+04     105- 222     2019
Rovibration_vJ|1[37]        -Rovibration_vJ|3[38]            1.6800E-07  2.0170E+00   2.326E+04     105- 231     2020
Rovibration_vJ|1[37]        -Rovibration_vJ|4[36]            6.9342E-10  1.7460E-02   1.650E+04     105- 283     2021
Rovibration_vJ|1[37]        -Rovibration_vJ|4[38]            1.7609E-09  4.5940E-02   1.578E+04     105- 292     2022
Rovibration_vJ|1[37]        -Rovibration_vJ|5[36]            1.3534E-12  6.0490E-05   1.238E+04     105- 343     2023
Rovibration_vJ|1[37]        -Rovibration_vJ|5[38]            1.4930E-11  6.7610E-04   1.198E+04     105- 354     2024
Rovibration_vJ|1[37]        -Rovibration_vJ|6[36]            8.1642E-14  5.6670E-06   9.936E+03     105- 404     2025
Rovibration_vJ|1[37]        -Rovibration_vJ|6[38]            3.7399E-14  2.5950E-06   9.677E+03     105- 415     2026
Rovibration_vJ|1[37]        -Rovibration_vJ|7[36]            1.7192E-14  1.7040E-06   8.315E+03     105- 465     2027
Rovibration_vJ|1[37]        -Rovibration_vJ|7[38]            1.7292E-15  1.6980E-07   8.134E+03     105- 476     2028
Rovibration_vJ|1[37]        -Rovibration_vJ|8[36]            1.0472E-15  1.3990E-07   7.162E+03     105- 527     2029
Rovibration_vJ|1[37]        -Rovibration_vJ|8[38]            2.2098E-16  2.9060E-08   7.029E+03     105- 537     2030
Rovibration_vJ|1[37]        -Rovibration_vJ|9[36]            1.4915E-16  2.5750E-08   6.300E+03     105- 588     2031
Rovibration_vJ|1[37]        -Rovibration_vJ|9[38]            2.6039E-16  4.4040E-08   6.198E+03     105- 597     2032
Rovibration_vJ|1[37]        -Rovibration_vJ|10[36]           4.9057E-16  1.0600E-07   5.632E+03     105- 633     2033
Rovibration_vJ|1[37]        -Rovibration_vJ|10[38]           5.7900E-16  1.2210E-07   5.551E+03     105- 638     2034
Rovibration_vJ|2[17]        -Rovibration_vJ|2[18]            4.9704E-08  1.4420E-04   1.475E+06     106- 108     2035
Rovibration_vJ|2[17]        -Rovibration_vJ|3[16]            1.5931E-05  4.6060E+01   4.947E+04     106- 164     2036
Rovibration_vJ|2[17]        -Rovibration_vJ|3[18]            1.8018E-05  5.2660E+01   4.646E+04     106- 169     2037
Rovibration_vJ|2[17]        -Rovibration_vJ|4[16]            2.3308E-07  2.7460E+00   2.450E+04     106- 225     2038
Rovibration_vJ|2[17]        -Rovibration_vJ|4[18]            3.0247E-07  3.3830E+00   2.375E+04     106- 230     2039
Rovibration_vJ|2[17]        -Rovibration_vJ|5[16]            2.2330E-09  5.9050E-02   1.636E+04     106- 286     2040
Rovibration_vJ|2[17]        -Rovibration_vJ|5[18]            3.5856E-09  8.8150E-02   1.602E+04     106- 289     2041
Rovibration_vJ|2[17]        -Rovibration_vJ|6[16]            1.0102E-11  4.7130E-04   1.231E+04     106- 347     2042
Rovibration_vJ|2[17]        -Rovibration_vJ|6[18]            2.9543E-11  1.2680E-03   1.212E+04     106- 350     2043
Rovibration_vJ|2[17]        -Rovibration_vJ|7[16]            6.7355E-14  4.8620E-06   9.900E+03     106- 408     2044
Rovibration_vJ|2[17]        -Rovibration_vJ|7[18]            2.3760E-14  1.5680E-06   9.778E+03     106- 411     2045
Rovibration_vJ|2[17]        -Rovibration_vJ|8[16]            2.9983E-14  3.0830E-06   8.295E+03     106- 469     2046
Rovibration_vJ|2[17]        -Rovibration_vJ|8[18]            8.6517E-15  8.0990E-07   8.210E+03     106- 472     2047
Rovibration_vJ|2[17]        -Rovibration_vJ|9[16]            1.9833E-15  2.7440E-07   7.151E+03     106- 529     2048
Rovibration_vJ|2[17]        -Rovibration_vJ|9[18]            7.4502E-16  9.3560E-08   7.088E+03     106- 533     2049
Rovibration_vJ|2[17]        -Rovibration_vJ|10[16]           2.9396E-18  5.2490E-10   6.294E+03     106- 589     2050
Rovibration_vJ|2[17]        -Rovibration_vJ|10[18]           3.9656E-17  6.4130E-09   6.246E+03     106- 594     2051
Rovibration_vJ|0[50]        -Rovibration_vJ|0[51]            2.9315E-07  7.1320E-03   5.185E+05     107- 112     2052
Rovibration_vJ|0[50]        -Rovibration_vJ|1[49]            5.1899E-06  1.2900E+01   5.232E+04     107- 162     2053
Rovibration_vJ|0[50]        -Rovibration_vJ|1[51]            6.4360E-06  2.2070E+01   4.367E+04     107- 173     2054
Rovibration_vJ|0[50]        -Rovibration_vJ|2[49]            3.2682E-08  3.5320E-01   2.509E+04     107- 223     2055
Rovibration_vJ|0[50]        -Rovibration_vJ|2[51]            6.0511E-08  7.5240E-01   2.294E+04     107- 234     2056
Rovibration_vJ|0[50]        -Rovibration_vJ|3[49]            1.4367E-10  3.5580E-03   1.658E+04     107- 285     2057
Rovibration_vJ|0[50]        -Rovibration_vJ|3[51]            5.0513E-10  1.3550E-02   1.562E+04     107- 295     2058
Rovibration_vJ|0[50]        -Rovibration_vJ|4[49]            1.0417E-13  4.5980E-06   1.242E+04     107- 346     2059
Rovibration_vJ|0[50]        -Rovibration_vJ|4[51]            3.8284E-12  1.7760E-04   1.187E+04     107- 356     2060
Rovibration_vJ|0[50]        -Rovibration_vJ|5[49]            2.2790E-14  1.5660E-06   9.952E+03     107- 407     2061
Rovibration_vJ|0[50]        -Rovibration_vJ|5[51]            1.3380E-14  9.4890E-07   9.603E+03     107- 417     2062
Rovibration_vJ|0[50]        -Rovibration_vJ|6[49]            3.2470E-15  3.1910E-07   8.321E+03     107- 468     2063
Rovibration_vJ|0[50]        -Rovibration_vJ|6[51]            1.1276E-16  1.1300E-08   8.079E+03     107- 479     2064
Rovibration_vJ|0[50]        -Rovibration_vJ|7[49]            3.4008E-16  4.5100E-08   7.163E+03     107- 530     2065
Rovibration_vJ|0[50]        -Rovibration_vJ|7[51]            1.0315E-16  1.3830E-08   6.985E+03     107- 541     2066
Rovibration_vJ|0[50]        -Rovibration_vJ|8[49]            5.6167E-19  9.6340E-11   6.299E+03     107- 590     2067
Rovibration_vJ|0[50]        -Rovibration_vJ|8[51]            5.0037E-18  8.6210E-10   6.161E+03     107- 602     2068
Rovibration_vJ|0[50]        -Rovibration_vJ|9[49]            4.1586E-17  8.9330E-09   5.628E+03     107- 634     2069
Rovibration_vJ|0[50]        -Rovibration_vJ|9[51]            4.7325E-17  1.0160E-08   5.520E+03     107- 641     2070
Rovibration_vJ|0[50]        -Rovibration_vJ|10[49]           4.3354E-17  1.1370E-08   5.094E+03     107- 658     2071
Rovibration_vJ|0[50]        -Rovibration_vJ|10[51]           4.7576E-17  1.2420E-08   5.005E+03     107- 662     2072
Rovibration_vJ|2[18]        -Rovibration_vJ|2[19]            5.1537E-08  1.6700E-04   1.397E+06     108- 110     2073
Rovibration_vJ|2[18]        -Rovibration_vJ|3[17]            1.5927E-05  4.5700E+01   4.957E+04     108- 166     2074
Rovibration_vJ|2[18]        -Rovibration_vJ|3[19]            1.8019E-05  5.2970E+01   4.640E+04     108- 171     2075
Rovibration_vJ|2[18]        -Rovibration_vJ|4[17]            2.3219E-07  2.7200E+00   2.453E+04     108- 227     2076
Rovibration_vJ|2[18]        -Rovibration_vJ|4[19]            3.0391E-07  3.4130E+00   2.374E+04     108- 232     2077
Rovibration_vJ|2[18]        -Rovibration_vJ|5[17]            2.2121E-09  5.8200E-02   1.637E+04     108- 288     2078
Rovibration_vJ|2[18]        -Rovibration_vJ|5[19]            3.6258E-09  8.9450E-02   1.602E+04     108- 293     2079
Rovibration_vJ|2[18]        -Rovibration_vJ|6[17]            9.8062E-12  4.5530E-04   1.232E+04     108- 348     2080
Rovibration_vJ|2[18]        -Rovibration_vJ|6[19]            3.0308E-11  1.3050E-03   1.212E+04     108- 353     2081
Rovibration_vJ|2[18]        -Rovibration_vJ|7[17]            7.2898E-14  5.2380E-06   9.906E+03     108- 409     2082
Rovibration_vJ|2[18]        -Rovibration_vJ|7[19]            2.8175E-14  1.8650E-06   9.778E+03     108- 414     2083
Rovibration_vJ|2[18]        -Rovibration_vJ|8[17]            3.0831E-14  3.1560E-06   8.300E+03     108- 470     2084
Rovibration_vJ|2[18]        -Rovibration_vJ|8[19]            8.1623E-15  7.6630E-07   8.210E+03     108- 474     2085
Rovibration_vJ|2[18]        -Rovibration_vJ|9[17]            2.0364E-15  2.8050E-07   7.155E+03     108- 531     2086
Rovibration_vJ|2[18]        -Rovibration_vJ|9[19]            7.1649E-16  9.0230E-08   7.089E+03     108- 535     2087
Rovibration_vJ|2[18]        -Rovibration_vJ|10[17]           2.5767E-18  4.5810E-10   6.298E+03     108- 592     2088
Rovibration_vJ|2[18]        -Rovibration_vJ|10[19]           4.1423E-17  6.7170E-09   6.247E+03     108- 595     2089
Rovibration_vJ|1[38]        -Rovibration_vJ|1[39]            1.5629E-07  2.2000E-03   6.796E+05     109- 113     2090
Rovibration_vJ|1[38]        -Rovibration_vJ|2[37]            1.0482E-05  2.7260E+01   5.132E+04     109- 165     2091
Rovibration_vJ|1[38]        -Rovibration_vJ|2[39]            1.2456E-05  4.0510E+01   4.471E+04     109- 174     2092
Rovibration_vJ|1[38]        -Rovibration_vJ|3[37]            1.0492E-07  1.1580E+00   2.491E+04     109- 226     2093
Rovibration_vJ|1[38]        -Rovibration_vJ|3[39]            1.6906E-07  2.0320E+00   2.326E+04     109- 235     2094
Rovibration_vJ|1[38]        -Rovibration_vJ|4[37]            6.8650E-10  1.7230E-02   1.652E+04     109- 287     2095
Rovibration_vJ|1[38]        -Rovibration_vJ|4[39]            1.7841E-09  4.6570E-02   1.578E+04     109- 296     2096
Rovibration_vJ|1[38]        -Rovibration_vJ|5[37]            1.3012E-12  5.7990E-05   1.240E+04     109- 349     2097
Rovibration_vJ|1[38]        -Rovibration_vJ|5[39]            1.5322E-11  6.9400E-04   1.198E+04     109- 357     2098
Rovibration_vJ|1[38]        -Rovibration_vJ|6[37]            8.4235E-14  5.8310E-06   9.946E+03     109- 410     2099
Rovibration_vJ|1[38]        -Rovibration_vJ|6[39]            4.0971E-14  2.8430E-06   9.679E+03     109- 419     2100
Rovibration_vJ|1[38]        -Rovibration_vJ|7[37]            1.7510E-14  1.7310E-06   8.323E+03     109- 471     2101
Rovibration_vJ|1[38]        -Rovibration_vJ|7[39]            1.6153E-15  1.5860E-07   8.137E+03     109- 480     2102
Rovibration_vJ|1[38]        -Rovibration_vJ|8[37]            1.0956E-15  1.4600E-07   7.169E+03     109- 532     2103
Rovibration_vJ|1[38]        -Rovibration_vJ|8[39]            2.2763E-16  2.9930E-08   7.032E+03     109- 540     2104
Rovibration_vJ|1[38]        -Rovibration_vJ|9[37]            1.3837E-16  2.3830E-08   6.306E+03     109- 593     2105
Rovibration_vJ|1[38]        -Rovibration_vJ|9[39]            2.4856E-16  4.2030E-08   6.201E+03     109- 601     2106
Rovibration_vJ|1[38]        -Rovibration_vJ|10[37]           4.9363E-16  1.0640E-07   5.637E+03     109- 636     2107
Rovibration_vJ|1[38]        -Rovibration_vJ|10[39]           5.8296E-16  1.2290E-07   5.553E+03     109- 640     2108
Rovibration_vJ|2[19]        -Rovibration_vJ|2[20]            5.3250E-08  1.9160E-04   1.328E+06     110- 111     2109
Rovibration_vJ|2[19]        -Rovibration_vJ|3[18]            1.5917E-05  4.5340E+01   4.968E+04     110- 169     2110
Rovibration_vJ|2[19]        -Rovibration_vJ|3[20]            1.8026E-05  5.3280E+01   4.633E+04     110- 172     2111
Rovibration_vJ|2[19]        -Rovibration_vJ|4[18]            2.3130E-07  2.6950E+00   2.456E+04     110- 230     2112
Rovibration_vJ|2[19]        -Rovibration_vJ|4[20]            3.0543E-07  3.4430E+00   2.372E+04     110- 233     2113
Rovibration_vJ|2[19]        -Rovibration_vJ|5[18]            2.1910E-09  5.7370E-02   1.639E+04     110- 289     2114
Rovibration_vJ|2[19]        -Rovibration_vJ|5[20]            3.6669E-09  9.0750E-02   1.601E+04     110- 294     2115
Rovibration_vJ|2[19]        -Rovibration_vJ|6[18]            9.5148E-12  4.3980E-04   1.233E+04     110- 350     2116
Rovibration_vJ|2[19]        -Rovibration_vJ|6[20]            3.1102E-11  1.3430E-03   1.212E+04     110- 355     2117
Rovibration_vJ|2[19]        -Rovibration_vJ|7[18]            7.8621E-14  5.6250E-06   9.913E+03     110- 411     2118
Rovibration_vJ|2[19]        -Rovibration_vJ|7[20]            3.2996E-14  2.1900E-06   9.777E+03     110- 416     2119
Rovibration_vJ|2[19]        -Rovibration_vJ|8[18]            3.1676E-14  3.2290E-06   8.305E+03     110- 472     2120
Rovibration_vJ|2[19]        -Rovibration_vJ|8[20]            7.6868E-15  7.2350E-07   8.210E+03     110- 477     2121
Rovibration_vJ|2[19]        -Rovibration_vJ|9[18]            2.0892E-15  2.8660E-07   7.159E+03     110- 533     2122
Rovibration_vJ|2[19]        -Rovibration_vJ|9[20]            6.8866E-16  8.6940E-08   7.089E+03     110- 538     2123
Rovibration_vJ|2[19]        -Rovibration_vJ|10[18]           2.2262E-18  3.9420E-10   6.301E+03     110- 594     2124
Rovibration_vJ|2[19]        -Rovibration_vJ|10[20]           4.3187E-17  7.0200E-09   6.248E+03     110- 599     2125
Rovibration_vJ|2[20]        -Rovibration_vJ|2[21]            5.4853E-08  2.1800E-04   1.265E+06     111- 114     2126
Rovibration_vJ|2[20]        -Rovibration_vJ|3[19]            1.5905E-05  4.4990E+01   4.979E+04     111- 171     2127
Rovibration_vJ|2[20]        -Rovibration_vJ|3[21]            1.8038E-05  5.3590E+01   4.627E+04     111- 175     2128
Rovibration_vJ|2[20]        -Rovibration_vJ|4[19]            2.3033E-07  2.6700E+00   2.460E+04     111- 232     2129
Rovibration_vJ|2[20]        -Rovibration_vJ|4[21]            3.0694E-07  3.4720E+00   2.371E+04     111- 236     2130
Rovibration_vJ|2[20]        -Rovibration_vJ|5[19]            2.1698E-09  5.6560E-02   1.640E+04     111- 293     2131
Rovibration_vJ|2[20]        -Rovibration_vJ|5[21]            3.7088E-09  9.2050E-02   1.601E+04     111- 297     2132
Rovibration_vJ|2[20]        -Rovibration_vJ|6[19]            9.2291E-12  4.2480E-04   1.234E+04     111- 353     2133
Rovibration_vJ|2[20]        -Rovibration_vJ|6[21]            3.1900E-11  1.3810E-03   1.212E+04     111- 358     2134
Rovibration_vJ|2[20]        -Rovibration_vJ|7[19]            8.4510E-14  6.0220E-06   9.920E+03     111- 414     2135
Rovibration_vJ|2[20]        -Rovibration_vJ|7[21]            3.8238E-14  2.5440E-06   9.777E+03     111- 418     2136
Rovibration_vJ|2[20]        -Rovibration_vJ|8[19]            3.2530E-14  3.3030E-06   8.310E+03     111- 474     2137
Rovibration_vJ|2[20]        -Rovibration_vJ|8[21]            7.2252E-15  6.8160E-07   8.211E+03     111- 478     2138
Rovibration_vJ|2[20]        -Rovibration_vJ|9[19]            2.1441E-15  2.9300E-07   7.163E+03     111- 535     2139
Rovibration_vJ|2[20]        -Rovibration_vJ|9[21]            6.6171E-16  8.3720E-08   7.090E+03     111- 539     2140
Rovibration_vJ|2[20]        -Rovibration_vJ|10[19]           1.8888E-18  3.3320E-10   6.305E+03     111- 595     2141
Rovibration_vJ|2[20]        -Rovibration_vJ|10[21]           4.4926E-17  7.3180E-09   6.249E+03     111- 600     2142
Rovibration_vJ|0[51]        -Rovibration_vJ|0[52]            2.8973E-07  7.3210E-03   5.089E+05     112- 117     2143
Rovibration_vJ|0[51]        -Rovibration_vJ|1[50]            5.1809E-06  1.2800E+01   5.247E+04     112- 168     2144
Rovibration_vJ|0[51]        -Rovibration_vJ|1[52]            6.4436E-06  2.2140E+01   4.364E+04     112- 178     2145
Rovibration_vJ|0[51]        -Rovibration_vJ|2[50]            3.2553E-08  3.5040E-01   2.514E+04     112- 228     2146
Rovibration_vJ|0[51]        -Rovibration_vJ|2[52]            6.0922E-08  7.5780E-01   2.294E+04     112- 239     2147
Rovibration_vJ|0[51]        -Rovibration_vJ|3[50]            1.4237E-10  3.5140E-03   1.660E+04     112- 290     2148
Rovibration_vJ|0[51]        -Rovibration_vJ|3[52]            5.1194E-10  1.3730E-02   1.562E+04     112- 300     2149
Rovibration_vJ|0[51]        -Rovibration_vJ|4[50]            9.8670E-14  4.3420E-06   1.243E+04     112- 351     2150
Rovibration_vJ|0[51]        -Rovibration_vJ|4[52]            3.9295E-12  1.8220E-04   1.188E+04     112- 362     2151
Rovibration_vJ|0[51]        -Rovibration_vJ|5[50]            2.3294E-14  1.5960E-06   9.964E+03     112- 412     2152
Rovibration_vJ|0[51]        -Rovibration_vJ|5[52]            1.4363E-14  1.0180E-06   9.608E+03     112- 423     2153
Rovibration_vJ|0[51]        -Rovibration_vJ|6[50]            3.2876E-15  3.2220E-07   8.331E+03     112- 473     2154
Rovibration_vJ|0[51]        -Rovibration_vJ|6[52]            9.8526E-17  9.8660E-09   8.084E+03     112- 484     2155
Rovibration_vJ|0[51]        -Rovibration_vJ|7[50]            3.5037E-16  4.6340E-08   7.172E+03     112- 534     2156
Rovibration_vJ|0[51]        -Rovibration_vJ|7[52]            1.0474E-16  1.4030E-08   6.989E+03     112- 545     2157
Rovibration_vJ|0[51]        -Rovibration_vJ|8[50]            2.6462E-19  4.5270E-11   6.306E+03     112- 596     2158
Rovibration_vJ|0[51]        -Rovibration_vJ|8[52]            4.1272E-18  7.1040E-10   6.166E+03     112- 606     2159
Rovibration_vJ|0[51]        -Rovibration_vJ|9[50]            3.9407E-17  8.4430E-09   5.635E+03     112- 637     2160
Rovibration_vJ|0[51]        -Rovibration_vJ|9[52]            4.5005E-17  9.6520E-09   5.524E+03     112- 643     2161
Rovibration_vJ|0[51]        -Rovibration_vJ|10[50]           4.1821E-17  1.0940E-08   5.099E+03     112- 660     2162
Rovibration_vJ|0[51]        -Rovibration_vJ|10[52]           4.5825E-17  1.1950E-08   5.009E+03     112- 663     2163
Rovibration_vJ|1[39]        -Rovibration_vJ|1[40]            1.5573E-07  2.3050E-03   6.630E+05     113- 116     2164
Rovibration_vJ|1[39]        -Rovibration_vJ|2[38]            1.0462E-05  2.7050E+01   5.145E+04     113- 170     2165
Rovibration_vJ|1[39]        -Rovibration_vJ|2[40]            1.2471E-05  4.0670E+01   4.466E+04     113- 177     2166
Rovibration_vJ|1[39]        -Rovibration_vJ|3[38]            1.0451E-07  1.1490E+00   2.495E+04     113- 231     2167
Rovibration_vJ|1[39]        -Rovibration_vJ|3[40]            1.7021E-07  2.0480E+00   2.325E+04     113- 238     2168
Rovibration_vJ|1[39]        -Rovibration_vJ|4[38]            6.7991E-10  1.7010E-02   1.654E+04     113- 292     2169
Rovibration_vJ|1[39]        -Rovibration_vJ|4[40]            1.8077E-09  4.7210E-02   1.578E+04     113- 299     2170
Rovibration_vJ|1[39]        -Rovibration_vJ|5[38]            1.2505E-12  5.5570E-05   1.241E+04     113- 354     2171
Rovibration_vJ|1[39]        -Rovibration_vJ|5[40]            1.5723E-11  7.1230E-04   1.198E+04     113- 360     2172
Rovibration_vJ|1[39]        -Rovibration_vJ|6[38]            8.6841E-14  5.9950E-06   9.957E+03     113- 415     2173
Rovibration_vJ|1[39]        -Rovibration_vJ|6[40]            4.4761E-14  3.1060E-06   9.683E+03     113- 421     2174
Rovibration_vJ|1[39]        -Rovibration_vJ|7[38]            1.7840E-14  1.7590E-06   8.331E+03     113- 476     2175
Rovibration_vJ|1[39]        -Rovibration_vJ|7[40]            1.5024E-15  1.4750E-07   8.140E+03     113- 482     2176
Rovibration_vJ|1[39]        -Rovibration_vJ|8[38]            1.1458E-15  1.5230E-07   7.175E+03     113- 537     2177
Rovibration_vJ|1[39]        -Rovibration_vJ|8[40]            2.3467E-16  3.0850E-08   7.035E+03     113- 544     2178
Rovibration_vJ|1[39]        -Rovibration_vJ|9[38]            1.2765E-16  2.1930E-08   6.312E+03     113- 597     2179
Rovibration_vJ|1[39]        -Rovibration_vJ|9[40]            2.3644E-16  3.9970E-08   6.204E+03     113- 605     2180
Rovibration_vJ|1[39]        -Rovibration_vJ|10[38]           4.9670E-16  1.0680E-07   5.642E+03     113- 638     2181
Rovibration_vJ|1[39]        -Rovibration_vJ|10[40]           5.8600E-16  1.2350E-07   5.556E+03     113- 642     2182
Rovibration_vJ|2[21]        -Rovibration_vJ|2[22]            5.6309E-08  2.4600E-04   1.208E+06     114- 115     2183
Rovibration_vJ|2[21]        -Rovibration_vJ|3[20]            1.5893E-05  4.4650E+01   4.990E+04     114- 172     2184
Rovibration_vJ|2[21]        -Rovibration_vJ|3[22]            1.8046E-05  5.3880E+01   4.620E+04     114- 176     2185
Rovibration_vJ|2[21]        -Rovibration_vJ|4[20]            2.2947E-07  2.6470E+00   2.463E+04     114- 233     2186
Rovibration_vJ|2[21]        -Rovibration_vJ|4[22]            3.0860E-07  3.5020E+00   2.370E+04     114- 237     2187
Rovibration_vJ|2[21]        -Rovibration_vJ|5[20]            2.1491E-09  5.5780E-02   1.642E+04     114- 294     2188
Rovibration_vJ|2[21]        -Rovibration_vJ|5[22]            3.7521E-09  9.3370E-02   1.600E+04     114- 298     2189
Rovibration_vJ|2[21]        -Rovibration_vJ|6[20]            8.9498E-12  4.1030E-04   1.235E+04     114- 355     2190
Rovibration_vJ|2[21]        -Rovibration_vJ|6[22]            3.2724E-11  1.4200E-03   1.212E+04     114- 359     2191
Rovibration_vJ|2[21]        -Rovibration_vJ|7[20]            9.0581E-14  6.4300E-06   9.927E+03     114- 416     2192
Rovibration_vJ|2[21]        -Rovibration_vJ|7[22]            4.3931E-14  2.9290E-06   9.777E+03     114- 420     2193
Rovibration_vJ|2[21]        -Rovibration_vJ|8[20]            3.3402E-14  3.3790E-06   8.316E+03     114- 477     2194
Rovibration_vJ|2[21]        -Rovibration_vJ|8[22]            6.7768E-15  6.4060E-07   8.211E+03     114- 481     2195
Rovibration_vJ|2[21]        -Rovibration_vJ|9[20]            2.1988E-15  2.9940E-07   7.168E+03     114- 538     2196
Rovibration_vJ|2[21]        -Rovibration_vJ|9[22]            6.3551E-16  8.0560E-08   7.091E+03     114- 542     2197
Rovibration_vJ|2[21]        -Rovibration_vJ|10[20]           1.5662E-18  2.7530E-10   6.309E+03     114- 599     2198
Rovibration_vJ|2[21]        -Rovibration_vJ|10[22]           4.6631E-17  7.6100E-09   6.250E+03     114- 603     2199
Rovibration_vJ|2[22]        -Rovibration_vJ|2[23]            5.7617E-08  2.7550E-04   1.156E+06     115- 118     2200
Rovibration_vJ|2[22]        -Rovibration_vJ|3[21]            1.5877E-05  4.4310E+01   5.001E+04     115- 175     2201
Rovibration_vJ|2[22]        -Rovibration_vJ|3[23]            1.8059E-05  5.4170E+01   4.614E+04     115- 179     2202
Rovibration_vJ|2[22]        -Rovibration_vJ|4[21]            2.2847E-07  2.6230E+00   2.466E+04     115- 236     2203
Rovibration_vJ|2[22]        -Rovibration_vJ|4[23]            3.1023E-07  3.5310E+00   2.369E+04     115- 240     2204
Rovibration_vJ|2[22]        -Rovibration_vJ|5[21]            2.1282E-09  5.5010E-02   1.643E+04     115- 297     2205
Rovibration_vJ|2[22]        -Rovibration_vJ|5[23]            3.7964E-09  9.4700E-02   1.600E+04     115- 301     2206
Rovibration_vJ|2[22]        -Rovibration_vJ|6[21]            8.6775E-12  3.9630E-04   1.236E+04     115- 358     2207
Rovibration_vJ|2[22]        -Rovibration_vJ|6[23]            3.3575E-11  1.4600E-03   1.212E+04     115- 361     2208
Rovibration_vJ|2[22]        -Rovibration_vJ|7[21]            9.6807E-14  6.8470E-06   9.935E+03     115- 418     2209
Rovibration_vJ|2[22]        -Rovibration_vJ|7[23]            5.0059E-14  3.3440E-06   9.778E+03     115- 422     2210
Rovibration_vJ|2[22]        -Rovibration_vJ|8[21]            3.4273E-14  3.4550E-06   8.321E+03     115- 478     2211
Rovibration_vJ|2[22]        -Rovibration_vJ|8[23]            6.3412E-15  6.0050E-07   8.212E+03     115- 483     2212
Rovibration_vJ|2[22]        -Rovibration_vJ|9[21]            2.2550E-15  3.0600E-07   7.172E+03     115- 539     2213
Rovibration_vJ|2[22]        -Rovibration_vJ|9[23]            6.1001E-16  7.7460E-08   7.092E+03     115- 543     2214
Rovibration_vJ|2[22]        -Rovibration_vJ|10[21]           1.2604E-18  2.2080E-10   6.312E+03     115- 600     2215
Rovibration_vJ|2[22]        -Rovibration_vJ|10[23]           4.8286E-17  7.8930E-09   6.251E+03     115- 604     2216
Rovibration_vJ|1[40]        -Rovibration_vJ|1[41]            1.5491E-07  2.4080E-03   6.471E+05     116- 120     2217
Rovibration_vJ|1[40]        -Rovibration_vJ|2[39]            1.0446E-05  2.6850E+01   5.158E+04     116- 174     2218
Rovibration_vJ|1[40]        -Rovibration_vJ|2[41]            1.2488E-05  4.0830E+01   4.462E+04     116- 181     2219
Rovibration_vJ|1[40]        -Rovibration_vJ|3[39]            1.0400E-07  1.1390E+00   2.499E+04     116- 235     2220
Rovibration_vJ|1[40]        -Rovibration_vJ|3[41]            1.7129E-07  2.0630E+00   2.325E+04     116- 242     2221
Rovibration_vJ|1[40]        -Rovibration_vJ|4[39]            6.7369E-10  1.6800E-02   1.656E+04     116- 296     2222
Rovibration_vJ|1[40]        -Rovibration_vJ|4[41]            1.8315E-09  4.7850E-02   1.578E+04     116- 303     2223
Rovibration_vJ|1[40]        -Rovibration_vJ|5[39]            1.2016E-12  5.3240E-05   1.242E+04     116- 357     2224
Rovibration_vJ|1[40]        -Rovibration_vJ|5[41]            1.6134E-11  7.3100E-04   1.199E+04     116- 364     2225
Rovibration_vJ|1[40]        -Rovibration_vJ|6[39]            8.9461E-14  6.1590E-06   9.967E+03     116- 419     2226
Rovibration_vJ|1[40]        -Rovibration_vJ|6[41]            4.8742E-14  3.3820E-06   9.686E+03     116- 425     2227
Rovibration_vJ|1[40]        -Rovibration_vJ|7[39]            1.8161E-14  1.7860E-06   8.339E+03     116- 480     2228
Rovibration_vJ|1[40]        -Rovibration_vJ|7[41]            1.3927E-15  1.3670E-07   8.144E+03     116- 486     2229
Rovibration_vJ|1[40]        -Rovibration_vJ|8[39]            1.1977E-15  1.5880E-07   7.182E+03     116- 540     2230
Rovibration_vJ|1[40]        -Rovibration_vJ|8[41]            2.4197E-16  3.1800E-08   7.038E+03     116- 547     2231
Rovibration_vJ|1[40]        -Rovibration_vJ|9[39]            1.1688E-16  2.0030E-08   6.317E+03     116- 601     2232
Rovibration_vJ|1[40]        -Rovibration_vJ|9[41]            2.2404E-16  3.7860E-08   6.207E+03     116- 608     2233
Rovibration_vJ|1[40]        -Rovibration_vJ|10[39]           4.9885E-16  1.0700E-07   5.647E+03     116- 640     2234
Rovibration_vJ|1[40]        -Rovibration_vJ|10[41]           5.8910E-16  1.2410E-07   5.559E+03     116- 644     2235
Rovibration_vJ|0[52]        -Rovibration_vJ|0[53]            2.8593E-07  7.4980E-03   4.996E+05     117- 121     2236
Rovibration_vJ|0[52]        -Rovibration_vJ|1[51]            5.1719E-06  1.2700E+01   5.262E+04     117- 173     2237
Rovibration_vJ|0[52]        -Rovibration_vJ|1[53]            6.4516E-06  2.2210E+01   4.360E+04     117- 182     2238
Rovibration_vJ|0[52]        -Rovibration_vJ|2[51]            3.2423E-08  3.4760E-01   2.518E+04     117- 234     2239
Rovibration_vJ|0[52]        -Rovibration_vJ|2[53]            6.1343E-08  7.6330E-01   2.294E+04     117- 243     2240
Rovibration_vJ|0[52]        -Rovibration_vJ|3[51]            1.4110E-10  3.4710E-03   1.663E+04     117- 295     2241
Rovibration_vJ|0[52]        -Rovibration_vJ|3[53]            5.1914E-10  1.3920E-02   1.562E+04     117- 305     2242
Rovibration_vJ|0[52]        -Rovibration_vJ|4[51]            9.3388E-14  4.0970E-06   1.245E+04     117- 356     2243
Rovibration_vJ|0[52]        -Rovibration_vJ|4[53]            4.0330E-12  1.8690E-04   1.188E+04     117- 366     2244
Rovibration_vJ|0[52]        -Rovibration_vJ|5[51]            2.3800E-14  1.6260E-06   9.976E+03     117- 417     2245
Rovibration_vJ|0[52]        -Rovibration_vJ|5[53]            1.5390E-14  1.0900E-06   9.614E+03     117- 427     2246
Rovibration_vJ|0[52]        -Rovibration_vJ|6[51]            3.3295E-15  3.2540E-07   8.341E+03     117- 479     2247
Rovibration_vJ|0[52]        -Rovibration_vJ|6[53]            8.5156E-17  8.5200E-09   8.088E+03     117- 488     2248
Rovibration_vJ|0[52]        -Rovibration_vJ|7[51]            3.6079E-16  4.7590E-08   7.180E+03     117- 541     2249
Rovibration_vJ|0[52]        -Rovibration_vJ|7[53]            1.0626E-16  1.4220E-08   6.994E+03     117- 549     2250
Rovibration_vJ|0[52]        -Rovibration_vJ|8[51]            7.7479E-20  1.3220E-11   6.313E+03     117- 602     2251
Rovibration_vJ|0[52]        -Rovibration_vJ|8[53]            3.3335E-18  5.7320E-10   6.170E+03     117- 610     2252
Rovibration_vJ|0[52]        -Rovibration_vJ|9[51]            3.7263E-17  7.9630E-09   5.641E+03     117- 641     2253
Rovibration_vJ|0[52]        -Rovibration_vJ|9[53]            4.2701E-17  9.1480E-09   5.528E+03     117- 645     2254
Rovibration_vJ|0[52]        -Rovibration_vJ|10[51]           4.0204E-17  1.0490E-08   5.105E+03     117- 662     2255
Rovibration_vJ|0[52]        -Rovibration_vJ|10[53]           4.4034E-17  1.1470E-08   5.013E+03     117- 664     2256
Rovibration_vJ|2[23]        -Rovibration_vJ|2[24]            5.8799E-08  3.0650E-04   1.108E+06     118- 119     2257
Rovibration_vJ|2[23]        -Rovibration_vJ|3[22]            1.5862E-05  4.3980E+01   5.013E+04     118- 176     2258
Rovibration_vJ|2[23]        -Rovibration_vJ|3[24]            1.8074E-05  5.4460E+01   4.608E+04     118- 180     2259
Rovibration_vJ|2[23]        -Rovibration_vJ|4[22]            2.2751E-07  2.6000E+00   2.469E+04     118- 237     2260
Rovibration_vJ|2[23]        -Rovibration_vJ|4[24]            3.1191E-07  3.5600E+00   2.368E+04     118- 241     2261
Rovibration_vJ|2[23]        -Rovibration_vJ|5[22]            2.1076E-09  5.4260E-02   1.645E+04     118- 298     2262
Rovibration_vJ|2[23]        -Rovibration_vJ|5[24]            3.8413E-09  9.6030E-02   1.600E+04     118- 302     2263
Rovibration_vJ|2[23]        -Rovibration_vJ|6[22]            8.4104E-12  3.8270E-04   1.237E+04     118- 359     2264
Rovibration_vJ|2[23]        -Rovibration_vJ|6[24]            3.4453E-11  1.5010E-03   1.212E+04     118- 363     2265
Rovibration_vJ|2[23]        -Rovibration_vJ|7[22]            1.0320E-13  7.2740E-06   9.942E+03     118- 420     2266
Rovibration_vJ|2[23]        -Rovibration_vJ|7[24]            5.6638E-14  3.7900E-06   9.778E+03     118- 424     2267
Rovibration_vJ|2[23]        -Rovibration_vJ|8[22]            3.5155E-14  3.5320E-06   8.327E+03     118- 481     2268
Rovibration_vJ|2[23]        -Rovibration_vJ|8[24]            5.9199E-15  5.6150E-07   8.213E+03     118- 485     2269
Rovibration_vJ|2[23]        -Rovibration_vJ|9[22]            2.3127E-15  3.1280E-07   7.177E+03     118- 542     2270
Rovibration_vJ|2[23]        -Rovibration_vJ|9[24]            5.8518E-16  7.4420E-08   7.093E+03     118- 546     2271
Rovibration_vJ|2[23]        -Rovibration_vJ|10[22]           9.7411E-19  1.7010E-10   6.316E+03     118- 603     2272
Rovibration_vJ|2[23]        -Rovibration_vJ|10[24]           4.9878E-17  8.1650E-09   6.252E+03     118- 607     2273
Rovibration_vJ|2[24]        -Rovibration_vJ|2[25]            5.9820E-08  3.3870E-04   1.064E+06     119- 122     2274
Rovibration_vJ|2[24]        -Rovibration_vJ|3[23]            1.5843E-05  4.3650E+01   5.024E+04     119- 179     2275
Rovibration_vJ|2[24]        -Rovibration_vJ|3[25]            1.8089E-05  5.4740E+01   4.602E+04     119- 183     2276
Rovibration_vJ|2[24]        -Rovibration_vJ|4[23]            2.2659E-07  2.5780E+00   2.472E+04     119- 240     2277
Rovibration_vJ|2[24]        -Rovibration_vJ|4[25]            3.1363E-07  3.5890E+00   2.366E+04     119- 244     2278
Rovibration_vJ|2[24]        -Rovibration_vJ|5[23]            2.0868E-09  5.3520E-02   1.647E+04     119- 301     2279
Rovibration_vJ|2[24]        -Rovibration_vJ|5[25]            3.8874E-09  9.7380E-02   1.599E+04     119- 304     2280
Rovibration_vJ|2[24]        -Rovibration_vJ|6[23]            8.1513E-12  3.6960E-04   1.238E+04     119- 361     2281
Rovibration_vJ|2[24]        -Rovibration_vJ|6[25]            3.5333E-11  1.5420E-03   1.212E+04     119- 365     2282
Rovibration_vJ|2[24]        -Rovibration_vJ|7[23]            1.0976E-13  7.7100E-06   9.950E+03     119- 422     2283
Rovibration_vJ|2[24]        -Rovibration_vJ|7[25]            6.3698E-14  4.2690E-06   9.779E+03     119- 426     2284
Rovibration_vJ|2[24]        -Rovibration_vJ|8[23]            3.6048E-14  3.6100E-06   8.333E+03     119- 483     2285
Rovibration_vJ|2[24]        -Rovibration_vJ|8[25]            5.5114E-15  5.2350E-07   8.214E+03     119- 487     2286
Rovibration_vJ|2[24]        -Rovibration_vJ|9[23]            2.3712E-15  3.1970E-07   7.182E+03     119- 543     2287
Rovibration_vJ|2[24]        -Rovibration_vJ|9[25]            5.6116E-16  7.1460E-08   7.094E+03     119- 548     2288
Rovibration_vJ|2[24]        -Rovibration_vJ|10[23]           7.1231E-19  1.2400E-10   6.320E+03     119- 604     2289
Rovibration_vJ|2[24]        -Rovibration_vJ|10[25]           5.1384E-17  8.4220E-09   6.253E+03     119- 609     2290
Rovibration_vJ|1[41]        -Rovibration_vJ|1[42]            1.5389E-07  2.5090E-03   6.321E+05     120- 123     2291
Rovibration_vJ|1[41]        -Rovibration_vJ|2[40]            1.0425E-05  2.6640E+01   5.172E+04     120- 177     2292
Rovibration_vJ|1[41]        -Rovibration_vJ|2[42]            1.2501E-05  4.0980E+01   4.458E+04     120- 184     2293
Rovibration_vJ|1[41]        -Rovibration_vJ|3[40]            1.0358E-07  1.1300E+00   2.503E+04     120- 238     2294
Rovibration_vJ|1[41]        -Rovibration_vJ|3[42]            1.7237E-07  2.0780E+00   2.324E+04     120- 245     2295
Rovibration_vJ|1[41]        -Rovibration_vJ|4[40]            6.6741E-10  1.6590E-02   1.658E+04     120- 299     2296
Rovibration_vJ|1[41]        -Rovibration_vJ|4[42]            1.8557E-09  4.8500E-02   1.579E+04     120- 307     2297
Rovibration_vJ|1[41]        -Rovibration_vJ|5[40]            1.1542E-12  5.0990E-05   1.244E+04     120- 360     2298
Rovibration_vJ|1[41]        -Rovibration_vJ|5[42]            1.6554E-11  7.5010E-04   1.199E+04     120- 368     2299
Rovibration_vJ|1[41]        -Rovibration_vJ|6[40]            9.2110E-14  6.3240E-06   9.978E+03     120- 421     2300
Rovibration_vJ|1[41]        -Rovibration_vJ|6[42]            5.2942E-14  3.6730E-06   9.689E+03     120- 429     2301
Rovibration_vJ|1[41]        -Rovibration_vJ|7[40]            1.8485E-14  1.8130E-06   8.348E+03     120- 482     2302
Rovibration_vJ|1[41]        -Rovibration_vJ|7[42]            1.2860E-15  1.2620E-07   8.147E+03     120- 490     2303
Rovibration_vJ|1[41]        -Rovibration_vJ|8[40]            1.2515E-15  1.6550E-07   7.189E+03     120- 544     2304
Rovibration_vJ|1[41]        -Rovibration_vJ|8[42]            2.4944E-16  3.2770E-08   7.041E+03     120- 551     2305
Rovibration_vJ|1[41]        -Rovibration_vJ|9[40]            1.0624E-16  1.8160E-08   6.323E+03     120- 605     2306
Rovibration_vJ|1[41]        -Rovibration_vJ|9[42]            2.1141E-16  3.5710E-08   6.210E+03     120- 612     2307
Rovibration_vJ|1[41]        -Rovibration_vJ|10[40]           5.0054E-16  1.0710E-07   5.652E+03     120- 642     2308
Rovibration_vJ|1[41]        -Rovibration_vJ|10[42]           5.9128E-16  1.2450E-07   5.562E+03     120- 646     2309
Rovibration_vJ|0[53]        -Rovibration_vJ|0[54]            2.8175E-07  7.6620E-03   4.907E+05     121- 125     2310
Rovibration_vJ|0[53]        -Rovibration_vJ|1[52]            5.1626E-06  1.2600E+01   5.277E+04     121- 178     2311
Rovibration_vJ|0[53]        -Rovibration_vJ|1[54]            6.4598E-06  2.2280E+01   4.357E+04     121- 186     2312
Rovibration_vJ|0[53]        -Rovibration_vJ|2[52]            3.2291E-08  3.4480E-01   2.523E+04     121- 239     2313
Rovibration_vJ|0[53]        -Rovibration_vJ|2[54]            6.1760E-08  7.6870E-01   2.294E+04     121- 248     2314
Rovibration_vJ|0[53]        -Rovibration_vJ|3[52]            1.3987E-10  3.4290E-03   1.665E+04     121- 300     2315
Rovibration_vJ|0[53]        -Rovibration_vJ|3[54]            5.2638E-10  1.4110E-02   1.563E+04     121- 309     2316
Rovibration_vJ|0[53]        -Rovibration_vJ|4[52]            8.8304E-14  3.8620E-06   1.247E+04     121- 362     2317
Rovibration_vJ|0[53]        -Rovibration_vJ|4[54]            4.1368E-12  1.9160E-04   1.189E+04     121- 370     2318
Rovibration_vJ|0[53]        -Rovibration_vJ|5[52]            2.4295E-14  1.6550E-06   9.989E+03     121- 423     2319
Rovibration_vJ|0[53]        -Rovibration_vJ|5[54]            1.6462E-14  1.1650E-06   9.619E+03     121- 431     2320
Rovibration_vJ|0[53]        -Rovibration_vJ|6[52]            3.3706E-15  3.2850E-07   8.351E+03     121- 484     2321
Rovibration_vJ|0[53]        -Rovibration_vJ|6[54]            7.2628E-17  7.2600E-09   8.093E+03     121- 492     2322
Rovibration_vJ|0[53]        -Rovibration_vJ|7[52]            3.7135E-16  4.8850E-08   7.188E+03     121- 545     2323
Rovibration_vJ|0[53]        -Rovibration_vJ|7[54]            1.0778E-16  1.4410E-08   6.998E+03     121- 553     2324
Rovibration_vJ|0[53]        -Rovibration_vJ|8[52]            1.7277E-21  2.9400E-13   6.320E+03     121- 606     2325
Rovibration_vJ|0[53]        -Rovibration_vJ|8[54]            2.6233E-18  4.5060E-10   6.174E+03     121- 614     2326
Rovibration_vJ|0[53]        -Rovibration_vJ|9[52]            3.5165E-17  7.4950E-09   5.647E+03     121- 643     2327
Rovibration_vJ|0[53]        -Rovibration_vJ|9[54]            4.0446E-17  8.6550E-09   5.532E+03     121- 647     2328
Rovibration_vJ|0[53]        -Rovibration_vJ|10[52]           3.8579E-17  1.0040E-08   5.111E+03     121- 663     2329
Rovibration_vJ|0[53]        -Rovibration_vJ|10[54]           4.2203E-17  1.0980E-08   5.017E+03     121- 665     2330
Rovibration_vJ|2[25]        -Rovibration_vJ|2[26]            6.0708E-08  3.7210E-04   1.023E+06     122- 124     2331
Rovibration_vJ|2[25]        -Rovibration_vJ|3[24]            1.5822E-05  4.3320E+01   5.036E+04     122- 180     2332
Rovibration_vJ|2[25]        -Rovibration_vJ|3[26]            1.8103E-05  5.5010E+01   4.596E+04     122- 185     2333
Rovibration_vJ|2[25]        -Rovibration_vJ|4[24]            2.2564E-07  2.5560E+00   2.476E+04     122- 241     2334
Rovibration_vJ|2[25]        -Rovibration_vJ|4[26]            3.1539E-07  3.6180E+00   2.365E+04     122- 246     2335
Rovibration_vJ|2[25]        -Rovibration_vJ|5[24]            2.0664E-09  5.2800E-02   1.648E+04     122- 302     2336
Rovibration_vJ|2[25]        -Rovibration_vJ|5[26]            3.9344E-09  9.8740E-02   1.599E+04     122- 306     2337
Rovibration_vJ|2[25]        -Rovibration_vJ|6[24]            7.8960E-12  3.5680E-04   1.240E+04     122- 363     2338
Rovibration_vJ|2[25]        -Rovibration_vJ|6[26]            3.6238E-11  1.5840E-03   1.212E+04     122- 367     2339
Rovibration_vJ|2[25]        -Rovibration_vJ|7[24]            1.1647E-13  8.1550E-06   9.958E+03     122- 424     2340
Rovibration_vJ|2[25]        -Rovibration_vJ|7[26]            7.1239E-14  4.7810E-06   9.780E+03     122- 428     2341
Rovibration_vJ|2[25]        -Rovibration_vJ|8[24]            3.6953E-14  3.6890E-06   8.339E+03     122- 485     2342
Rovibration_vJ|2[25]        -Rovibration_vJ|8[26]            5.1155E-15  4.8650E-07   8.215E+03     122- 489     2343
Rovibration_vJ|2[25]        -Rovibration_vJ|9[24]            2.4313E-15  3.2680E-07   7.187E+03     122- 546     2344
Rovibration_vJ|2[25]        -Rovibration_vJ|9[26]            5.3776E-16  6.8560E-08   7.095E+03     122- 550     2345
Rovibration_vJ|2[25]        -Rovibration_vJ|10[24]           4.7943E-19  8.3210E-11   6.325E+03     122- 607     2346
Rovibration_vJ|2[25]        -Rovibration_vJ|10[26]           5.2790E-17  8.6620E-09   6.254E+03     122- 611     2347
Rovibration_vJ|1[42]        -Rovibration_vJ|1[43]            1.5252E-07  2.6050E-03   6.177E+05     123- 127     2348
Rovibration_vJ|1[42]        -Rovibration_vJ|2[41]            1.0408E-05  2.6440E+01   5.186E+04     123- 181     2349
Rovibration_vJ|1[42]        -Rovibration_vJ|2[43]            1.2519E-05  4.1140E+01   4.453E+04     123- 188     2350
Rovibration_vJ|1[42]        -Rovibration_vJ|3[41]            1.0315E-07  1.1210E+00   2.507E+04     123- 242     2351
Rovibration_vJ|1[42]        -Rovibration_vJ|3[43]            1.7347E-07  2.0930E+00   2.324E+04     123- 249     2352
Rovibration_vJ|1[42]        -Rovibration_vJ|4[41]            6.6110E-10  1.6380E-02   1.660E+04     123- 303     2353
Rovibration_vJ|1[42]        -Rovibration_vJ|4[43]            1.8804E-09  4.9160E-02   1.579E+04     123- 310     2354
Rovibration_vJ|1[42]        -Rovibration_vJ|5[41]            1.1083E-12  4.8820E-05   1.245E+04     123- 364     2355
Rovibration_vJ|1[42]        -Rovibration_vJ|5[43]            1.6983E-11  7.6950E-04   1.199E+04     123- 371     2356
Rovibration_vJ|1[42]        -Rovibration_vJ|6[41]            9.4774E-14  6.4890E-06   9.988E+03     123- 425     2357
Rovibration_vJ|1[42]        -Rovibration_vJ|6[43]            5.7364E-14  3.9790E-06   9.693E+03     123- 432     2358
Rovibration_vJ|1[42]        -Rovibration_vJ|7[41]            1.8809E-14  1.8400E-06   8.356E+03     123- 486     2359
Rovibration_vJ|1[42]        -Rovibration_vJ|7[43]            1.1814E-15  1.1590E-07   8.151E+03     123- 493     2360
Rovibration_vJ|1[42]        -Rovibration_vJ|8[41]            1.3070E-15  1.7240E-07   7.196E+03     123- 547     2361
Rovibration_vJ|1[42]        -Rovibration_vJ|8[43]            2.5723E-16  3.3780E-08   7.045E+03     123- 554     2362
Rovibration_vJ|1[42]        -Rovibration_vJ|9[41]            9.5710E-17  1.6320E-08   6.329E+03     123- 608     2363
Rovibration_vJ|1[42]        -Rovibration_vJ|9[43]            1.9860E-16  3.3530E-08   6.213E+03     123- 615     2364
Rovibration_vJ|1[42]        -Rovibration_vJ|10[41]           5.0177E-16  1.0710E-07   5.657E+03     123- 644     2365
Rovibration_vJ|1[42]        -Rovibration_vJ|10[43]           5.9255E-16  1.2470E-07   5.565E+03     123- 648     2366
Rovibration_vJ|2[26]        -Rovibration_vJ|2[27]            6.1438E-08  4.0640E-04   9.858E+05     124- 126     2367
Rovibration_vJ|2[26]        -Rovibration_vJ|3[25]            1.5803E-05  4.3000E+01   5.047E+04     124- 183     2368
Rovibration_vJ|2[26]        -Rovibration_vJ|3[27]            1.8120E-05  5.5280E+01   4.590E+04     124- 187     2369
Rovibration_vJ|2[26]        -Rovibration_vJ|4[25]            2.2465E-07  2.5340E+00   2.479E+04     124- 244     2370
Rovibration_vJ|2[26]        -Rovibration_vJ|4[27]            3.1719E-07  3.6470E+00   2.364E+04     124- 247     2371
Rovibration_vJ|2[26]        -Rovibration_vJ|5[25]            2.0464E-09  5.2100E-02   1.650E+04     124- 304     2372
Rovibration_vJ|2[26]        -Rovibration_vJ|5[27]            3.9818E-09  1.0010E-01   1.599E+04     124- 308     2373
Rovibration_vJ|2[26]        -Rovibration_vJ|6[25]            7.6492E-12  3.4450E-04   1.241E+04     124- 365     2374
Rovibration_vJ|2[26]        -Rovibration_vJ|6[27]            3.7193E-11  1.6280E-03   1.212E+04     124- 369     2375
Rovibration_vJ|2[26]        -Rovibration_vJ|7[25]            1.2333E-13  8.6080E-06   9.966E+03     124- 426     2376
Rovibration_vJ|2[26]        -Rovibration_vJ|7[27]            7.9277E-14  5.3270E-06   9.781E+03     124- 430     2377
Rovibration_vJ|2[26]        -Rovibration_vJ|8[25]            3.7869E-14  3.7690E-06   8.345E+03     124- 487     2378
Rovibration_vJ|2[26]        -Rovibration_vJ|8[27]            4.7338E-15  4.5070E-07   8.217E+03     124- 491     2379
Rovibration_vJ|2[26]        -Rovibration_vJ|9[25]            2.4922E-15  3.3400E-07   7.192E+03     124- 548     2380
Rovibration_vJ|2[26]        -Rovibration_vJ|9[27]            5.1504E-16  6.5730E-08   7.097E+03     124- 552     2381
Rovibration_vJ|2[26]        -Rovibration_vJ|10[25]           2.8279E-19  4.8940E-11   6.329E+03     124- 609     2382
Rovibration_vJ|2[26]        -Rovibration_vJ|10[27]           5.4080E-17  8.8820E-09   6.256E+03     124- 613     2383
Rovibration_vJ|0[54]        -Rovibration_vJ|0[55]            2.7721E-07  7.8120E-03   4.821E+05     125- 129     2384
Rovibration_vJ|0[54]        -Rovibration_vJ|1[53]            5.1492E-06  1.2490E+01   5.293E+04     125- 182     2385
Rovibration_vJ|0[54]        -Rovibration_vJ|1[55]            6.4683E-06  2.2350E+01   4.354E+04     125- 190     2386
Rovibration_vJ|0[54]        -Rovibration_vJ|2[53]            3.2160E-08  3.4200E-01   2.528E+04     125- 243     2387
Rovibration_vJ|0[54]        -Rovibration_vJ|2[55]            6.2187E-08  7.7420E-01   2.294E+04     125- 251     2388
Rovibration_vJ|0[54]        -Rovibration_vJ|3[53]            1.3863E-10  3.3870E-03   1.668E+04     125- 305     2389
Rovibration_vJ|0[54]        -Rovibration_vJ|3[55]            5.3365E-10  1.4300E-02   1.563E+04     125- 313     2390
Rovibration_vJ|0[54]        -Rovibration_vJ|4[53]            8.3464E-14  3.6390E-06   1.248E+04     125- 366     2391
Rovibration_vJ|0[54]        -Rovibration_vJ|4[55]            4.2453E-12  1.9650E-04   1.190E+04     125- 375     2392
Rovibration_vJ|0[54]        -Rovibration_vJ|5[53]            2.4808E-14  1.6850E-06   1.000E+04     125- 427     2393
Rovibration_vJ|0[54]        -Rovibration_vJ|5[55]            1.7593E-14  1.2440E-06   9.625E+03     125- 436     2394
Rovibration_vJ|0[54]        -Rovibration_vJ|6[53]            3.4130E-15  3.3170E-07   8.362E+03     125- 488     2395
Rovibration_vJ|0[54]        -Rovibration_vJ|6[55]            6.0961E-17  6.0880E-09   8.099E+03     125- 497     2396
Rovibration_vJ|0[54]        -Rovibration_vJ|7[53]            3.8190E-16  5.0100E-08   7.197E+03     125- 549     2397
Rovibration_vJ|0[54]        -Rovibration_vJ|7[55]            1.0917E-16  1.4580E-08   7.003E+03     125- 558     2398
Rovibration_vJ|0[54]        -Rovibration_vJ|8[53]            3.8370E-20  6.5120E-12   6.327E+03     125- 610     2399
Rovibration_vJ|0[54]        -Rovibration_vJ|8[55]            1.9979E-18  3.4280E-10   6.179E+03     125- 619     2400
Rovibration_vJ|0[54]        -Rovibration_vJ|9[53]            3.3118E-17  7.0400E-09   5.654E+03     125- 645     2401
Rovibration_vJ|0[54]        -Rovibration_vJ|9[55]            3.8243E-17  8.1740E-09   5.536E+03     125- 650     2402
Rovibration_vJ|0[54]        -Rovibration_vJ|10[53]           3.6900E-17  9.5780E-09   5.116E+03     125- 664     2403
Rovibration_vJ|0[54]        -Rovibration_vJ|10[55]           4.0330E-17  1.0480E-08   5.021E+03     125- 666     2404
Rovibration_vJ|2[27]        -Rovibration_vJ|2[28]            6.2024E-08  4.4150E-04   9.509E+05     126- 128     2405
Rovibration_vJ|2[27]        -Rovibration_vJ|3[26]            1.5781E-05  4.2680E+01   5.059E+04     126- 185     2406
Rovibration_vJ|2[27]        -Rovibration_vJ|3[28]            1.8139E-05  5.5550E+01   4.584E+04     126- 189     2407
Rovibration_vJ|2[27]        -Rovibration_vJ|4[26]            2.2363E-07  2.5120E+00   2.482E+04     126- 246     2408
Rovibration_vJ|2[27]        -Rovibration_vJ|4[28]            3.1903E-07  3.6760E+00   2.363E+04     126- 250     2409
Rovibration_vJ|2[27]        -Rovibration_vJ|5[26]            2.0265E-09  5.1410E-02   1.652E+04     126- 306     2410
Rovibration_vJ|2[27]        -Rovibration_vJ|5[28]            4.0311E-09  1.0150E-01   1.599E+04     126- 311     2411
Rovibration_vJ|2[27]        -Rovibration_vJ|6[26]            7.4069E-12  3.3250E-04   1.242E+04     126- 367     2412
Rovibration_vJ|2[27]        -Rovibration_vJ|6[28]            3.8149E-11  1.6720E-03   1.212E+04     126- 372     2413
Rovibration_vJ|2[27]        -Rovibration_vJ|7[26]            1.3035E-13  9.0700E-06   9.974E+03     126- 428     2414
Rovibration_vJ|2[27]        -Rovibration_vJ|7[28]            8.7813E-14  5.9070E-06   9.782E+03     126- 433     2415
Rovibration_vJ|2[27]        -Rovibration_vJ|8[26]            3.8787E-14  3.8490E-06   8.352E+03     126- 489     2416
Rovibration_vJ|2[27]        -Rovibration_vJ|8[28]            4.3651E-15  4.1600E-07   8.218E+03     126- 494     2417
Rovibration_vJ|2[27]        -Rovibration_vJ|9[26]            2.5548E-15  3.4140E-07   7.197E+03     126- 550     2418
Rovibration_vJ|2[27]        -Rovibration_vJ|9[28]            4.9298E-16  6.2970E-08   7.098E+03     126- 555     2419
Rovibration_vJ|2[27]        -Rovibration_vJ|10[26]           1.3038E-19  2.2500E-11   6.333E+03     126- 611     2420
Rovibration_vJ|2[27]        -Rovibration_vJ|10[28]           5.5234E-17  9.0790E-09   6.257E+03     126- 616     2421
Rovibration_vJ|1[43]        -Rovibration_vJ|1[44]            1.5090E-07  2.6970E-03   6.040E+05     127- 130     2422
Rovibration_vJ|1[43]        -Rovibration_vJ|2[42]            1.0386E-05  2.6230E+01   5.199E+04     127- 184     2423
Rovibration_vJ|1[43]        -Rovibration_vJ|2[44]            1.2534E-05  4.1290E+01   4.449E+04     127- 192     2424
Rovibration_vJ|1[43]        -Rovibration_vJ|3[42]            1.0272E-07  1.1120E+00   2.511E+04     127- 245     2425
Rovibration_vJ|1[43]        -Rovibration_vJ|3[44]            1.7465E-07  2.1090E+00   2.324E+04     127- 253     2426
Rovibration_vJ|1[43]        -Rovibration_vJ|4[42]            6.5474E-10  1.6170E-02   1.663E+04     127- 307     2427
Rovibration_vJ|1[43]        -Rovibration_vJ|4[44]            1.9052E-09  4.9820E-02   1.579E+04     127- 314     2428
Rovibration_vJ|1[43]        -Rovibration_vJ|5[42]            1.0640E-12  4.6730E-05   1.247E+04     127- 368     2429
Rovibration_vJ|1[43]        -Rovibration_vJ|5[44]            1.7423E-11  7.8940E-04   1.200E+04     127- 374     2430
Rovibration_vJ|1[43]        -Rovibration_vJ|6[42]            9.7437E-14  6.6530E-06   9.999E+03     127- 429     2431
Rovibration_vJ|1[43]        -Rovibration_vJ|6[44]            6.2022E-14  4.3010E-06   9.697E+03     127- 435     2432
Rovibration_vJ|1[43]        -Rovibration_vJ|7[42]            1.9136E-14  1.8670E-06   8.365E+03     127- 490     2433
Rovibration_vJ|1[43]        -Rovibration_vJ|7[44]            1.0789E-15  1.0580E-07   8.154E+03     127- 496     2434
Rovibration_vJ|1[43]        -Rovibration_vJ|8[42]            1.3643E-15  1.7950E-07   7.203E+03     127- 551     2435
Rovibration_vJ|1[43]        -Rovibration_vJ|8[44]            2.6528E-16  3.4820E-08   7.048E+03     127- 557     2436
Rovibration_vJ|1[43]        -Rovibration_vJ|9[42]            8.5368E-17  1.4520E-08   6.336E+03     127- 612     2437
Rovibration_vJ|1[43]        -Rovibration_vJ|9[44]            1.8567E-16  3.1330E-08   6.216E+03     127- 618     2438
Rovibration_vJ|1[43]        -Rovibration_vJ|10[42]           5.0207E-16  1.0690E-07   5.663E+03     127- 646     2439
Rovibration_vJ|1[43]        -Rovibration_vJ|10[44]           5.9339E-16  1.2480E-07   5.568E+03     127- 649     2440
Rovibration_vJ|2[28]        -Rovibration_vJ|2[29]            6.2452E-08  4.7710E-04   9.184E+05     128- 131     2441
Rovibration_vJ|2[28]        -Rovibration_vJ|3[27]            1.5758E-05  4.2360E+01   5.071E+04     128- 187     2442
Rovibration_vJ|2[28]        -Rovibration_vJ|3[29]            1.8156E-05  5.5810E+01   4.579E+04     128- 191     2443
Rovibration_vJ|2[28]        -Rovibration_vJ|4[27]            2.2267E-07  2.4910E+00   2.486E+04     128- 247     2444
Rovibration_vJ|2[28]        -Rovibration_vJ|4[29]            3.2089E-07  3.7050E+00   2.362E+04     128- 252     2445
Rovibration_vJ|2[28]        -Rovibration_vJ|5[27]            2.0067E-09  5.0730E-02   1.654E+04     128- 308     2446
Rovibration_vJ|2[28]        -Rovibration_vJ|5[29]            4.0808E-09  1.0290E-01   1.599E+04     128- 312     2447
Rovibration_vJ|2[28]        -Rovibration_vJ|6[27]            7.1713E-12  3.2090E-04   1.243E+04     128- 369     2448
Rovibration_vJ|2[28]        -Rovibration_vJ|6[29]            3.9131E-11  1.7170E-03   1.212E+04     128- 373     2449
Rovibration_vJ|2[28]        -Rovibration_vJ|7[27]            1.3750E-13  9.5390E-06   9.982E+03     128- 430     2450
Rovibration_vJ|2[28]        -Rovibration_vJ|7[29]            9.6877E-14  6.5230E-06   9.783E+03     128- 434     2451
Rovibration_vJ|2[28]        -Rovibration_vJ|8[27]            3.9728E-14  3.9310E-06   8.358E+03     128- 491     2452
Rovibration_vJ|2[28]        -Rovibration_vJ|8[29]            4.0092E-15  3.8240E-07   8.220E+03     128- 495     2453
Rovibration_vJ|2[28]        -Rovibration_vJ|9[27]            2.6183E-15  3.4890E-07   7.202E+03     128- 552     2454
Rovibration_vJ|2[28]        -Rovibration_vJ|9[29]            4.7165E-16  6.0290E-08   7.100E+03     128- 556     2455
Rovibration_vJ|2[28]        -Rovibration_vJ|10[27]           3.2185E-20  5.5390E-12   6.338E+03     128- 613     2456
Rovibration_vJ|2[28]        -Rovibration_vJ|10[29]           5.6236E-17  9.2500E-09   6.259E+03     128- 617     2457
Rovibration_vJ|0[55]        -Rovibration_vJ|0[56]            2.7232E-07  7.9470E-03   4.738E+05     129- 134     2458
Rovibration_vJ|0[55]        -Rovibration_vJ|1[54]            5.1396E-06  1.2390E+01   5.308E+04     129- 186     2459
Rovibration_vJ|0[55]        -Rovibration_vJ|1[56]            6.4771E-06  2.2420E+01   4.351E+04     129- 195     2460
Rovibration_vJ|0[55]        -Rovibration_vJ|2[54]            3.2036E-08  3.3930E-01   2.532E+04     129- 248     2461
Rovibration_vJ|0[55]        -Rovibration_vJ|2[56]            6.2617E-08  7.7970E-01   2.294E+04     129- 256     2462
Rovibration_vJ|0[55]        -Rovibration_vJ|3[54]            1.3742E-10  3.3460E-03   1.670E+04     129- 309     2463
Rovibration_vJ|0[55]        -Rovibration_vJ|3[56]            5.4095E-10  1.4490E-02   1.564E+04     129- 317     2464
Rovibration_vJ|0[55]        -Rovibration_vJ|4[54]            7.8802E-14  3.4250E-06   1.250E+04     129- 370     2465
Rovibration_vJ|0[55]        -Rovibration_vJ|4[56]            4.3563E-12  2.0150E-04   1.190E+04     129- 379     2466
Rovibration_vJ|0[55]        -Rovibration_vJ|5[54]            2.5310E-14  1.7140E-06   1.002E+04     129- 431     2467
Rovibration_vJ|0[55]        -Rovibration_vJ|5[56]            1.8755E-14  1.3250E-06   9.630E+03     129- 440     2468
Rovibration_vJ|0[55]        -Rovibration_vJ|6[54]            3.4547E-15  3.3480E-07   8.372E+03     129- 492     2469
Rovibration_vJ|0[55]        -Rovibration_vJ|6[56]            5.0207E-17  5.0090E-09   8.104E+03     129- 501     2470
Rovibration_vJ|0[55]        -Rovibration_vJ|7[54]            3.9267E-16  5.1370E-08   7.206E+03     129- 553     2471
Rovibration_vJ|0[55]        -Rovibration_vJ|7[56]            1.1049E-16  1.4740E-08   7.008E+03     129- 562     2472
Rovibration_vJ|0[55]        -Rovibration_vJ|8[54]            1.8812E-19  3.1840E-11   6.335E+03     129- 614     2473
Rovibration_vJ|0[55]        -Rovibration_vJ|8[56]            1.4582E-18  2.4990E-10   6.183E+03     129- 623     2474
Rovibration_vJ|0[55]        -Rovibration_vJ|9[54]            3.1122E-17  6.5980E-09   5.660E+03     129- 647     2475
Rovibration_vJ|0[55]        -Rovibration_vJ|9[56]            3.6093E-17  7.7050E-09   5.540E+03     129- 652     2476
Rovibration_vJ|0[55]        -Rovibration_vJ|10[54]           3.5186E-17  9.1090E-09   5.122E+03     129- 665     2477
Rovibration_vJ|0[55]        -Rovibration_vJ|10[56]           3.8448E-17  9.9780E-09   5.025E+03     129- 667     2478
Rovibration_vJ|1[44]        -Rovibration_vJ|1[45]            1.4907E-07  2.7850E-03   5.909E+05     130- 133     2479
Rovibration_vJ|1[44]        -Rovibration_vJ|2[43]            1.0368E-05  2.6030E+01   5.213E+04     130- 188     2480
Rovibration_vJ|1[44]        -Rovibration_vJ|2[45]            1.2550E-05  4.1440E+01   4.445E+04     130- 194     2481
Rovibration_vJ|1[44]        -Rovibration_vJ|3[43]            1.0228E-07  1.1030E+00   2.515E+04     130- 249     2482
Rovibration_vJ|1[44]        -Rovibration_vJ|3[45]            1.7576E-07  2.1240E+00   2.323E+04     130- 255     2483
Rovibration_vJ|1[44]        -Rovibration_vJ|4[43]            6.4875E-10  1.5970E-02   1.665E+04     130- 310     2484
Rovibration_vJ|1[44]        -Rovibration_vJ|4[45]            1.9305E-09  5.0490E-02   1.579E+04     130- 316     2485
Rovibration_vJ|1[44]        -Rovibration_vJ|5[43]            1.0210E-12  4.4710E-05   1.248E+04     130- 371     2486
Rovibration_vJ|1[44]        -Rovibration_vJ|5[45]            1.7873E-11  8.0970E-04   1.200E+04     130- 377     2487
Rovibration_vJ|1[44]        -Rovibration_vJ|6[43]            1.0013E-13  6.8180E-06   1.001E+04     130- 432     2488
Rovibration_vJ|1[44]        -Rovibration_vJ|6[45]            6.6902E-14  4.6380E-06   9.701E+03     130- 438     2489
Rovibration_vJ|1[44]        -Rovibration_vJ|7[43]            1.9464E-14  1.8940E-06   8.374E+03     130- 493     2490
Rovibration_vJ|1[44]        -Rovibration_vJ|7[45]            9.8051E-16  9.6110E-08   8.158E+03     130- 499     2491
Rovibration_vJ|1[44]        -Rovibration_vJ|8[43]            1.4234E-15  1.8680E-07   7.211E+03     130- 554     2492
Rovibration_vJ|1[44]        -Rovibration_vJ|8[45]            2.7350E-16  3.5880E-08   7.052E+03     130- 560     2493
Rovibration_vJ|1[44]        -Rovibration_vJ|9[43]            7.5209E-17  1.2760E-08   6.342E+03     130- 615     2494
Rovibration_vJ|1[44]        -Rovibration_vJ|9[45]            1.7256E-16  2.9100E-08   6.220E+03     130- 621     2495
Rovibration_vJ|1[44]        -Rovibration_vJ|10[43]           5.0190E-16  1.0660E-07   5.668E+03     130- 648     2496
Rovibration_vJ|1[44]        -Rovibration_vJ|10[45]           5.9331E-16  1.2470E-07   5.571E+03     130- 651     2497
Rovibration_vJ|2[29]        -Rovibration_vJ|2[30]            6.2713E-08  5.1290E-04   8.882E+05     131- 132     2498
Rovibration_vJ|2[29]        -Rovibration_vJ|3[28]            1.5737E-05  4.2050E+01   5.083E+04     131- 189     2499
Rovibration_vJ|2[29]        -Rovibration_vJ|3[30]            1.8176E-05  5.6070E+01   4.573E+04     131- 193     2500
Rovibration_vJ|2[29]        -Rovibration_vJ|4[28]            2.2169E-07  2.4700E+00   2.489E+04     131- 250     2501
Rovibration_vJ|2[29]        -Rovibration_vJ|4[30]            3.2279E-07  3.7340E+00   2.362E+04     131- 254     2502
Rovibration_vJ|2[29]        -Rovibration_vJ|5[28]            1.9874E-09  5.0070E-02   1.655E+04     131- 311     2503
Rovibration_vJ|2[29]        -Rovibration_vJ|5[30]            4.1308E-09  1.0430E-01   1.598E+04     131- 315     2504
Rovibration_vJ|2[29]        -Rovibration_vJ|6[28]            6.9427E-12  3.0970E-04   1.244E+04     131- 372     2505
Rovibration_vJ|2[29]        -Rovibration_vJ|6[30]            4.0138E-11  1.7630E-03   1.212E+04     131- 376     2506
Rovibration_vJ|2[29]        -Rovibration_vJ|7[28]            1.4486E-13  1.0020E-05   9.991E+03     131- 433     2507
Rovibration_vJ|2[29]        -Rovibration_vJ|7[30]            1.0647E-13  7.1750E-06   9.784E+03     131- 437     2508
Rovibration_vJ|2[29]        -Rovibration_vJ|8[28]            4.0672E-14  4.0130E-06   8.365E+03     131- 494     2509
Rovibration_vJ|2[29]        -Rovibration_vJ|8[30]            3.6679E-15  3.5010E-07   8.221E+03     131- 498     2510
Rovibration_vJ|2[29]        -Rovibration_vJ|9[28]            2.6842E-15  3.5670E-07   7.208E+03     131- 555     2511
Rovibration_vJ|2[29]        -Rovibration_vJ|9[30]            4.5087E-16  5.7670E-08   7.102E+03     131- 559     2512
Rovibration_vJ|2[29]        -Rovibration_vJ|10[28]           1.9804E-22  3.3990E-14   6.342E+03     131- 616     2513
Rovibration_vJ|2[29]        -Rovibration_vJ|10[30]           5.7068E-17  9.3920E-09   6.261E+03     131- 620     2514
Rovibration_vJ|2[30]        -Rovibration_vJ|2[31]            6.2826E-08  5.4880E-04   8.599E+05     132- 135     2515
Rovibration_vJ|2[30]        -Rovibration_vJ|3[29]            1.5714E-05  4.1740E+01   5.095E+04     132- 191     2516
Rovibration_vJ|2[30]        -Rovibration_vJ|3[31]            1.8197E-05  5.6330E+01   4.568E+04     132- 196     2517
Rovibration_vJ|2[30]        -Rovibration_vJ|4[29]            2.2078E-07  2.4500E+00   2.493E+04     132- 252     2518
Rovibration_vJ|2[30]        -Rovibration_vJ|4[31]            3.2471E-07  3.7630E+00   2.361E+04     132- 257     2519
Rovibration_vJ|2[30]        -Rovibration_vJ|5[29]            1.9679E-09  4.9410E-02   1.657E+04     132- 312     2520
Rovibration_vJ|2[30]        -Rovibration_vJ|5[31]            4.1812E-09  1.0570E-01   1.598E+04     132- 318     2521
Rovibration_vJ|2[30]        -Rovibration_vJ|6[29]            6.7190E-12  2.9880E-04   1.245E+04     132- 373     2522
Rovibration_vJ|2[30]        -Rovibration_vJ|6[31]            4.1170E-11  1.8100E-03   1.212E+04     132- 378     2523
Rovibration_vJ|2[30]        -Rovibration_vJ|7[29]            1.5224E-13  1.0500E-05   1.000E+04     132- 434     2524
Rovibration_vJ|2[30]        -Rovibration_vJ|7[31]            1.1661E-13  7.8640E-06   9.786E+03     132- 439     2525
Rovibration_vJ|2[30]        -Rovibration_vJ|8[29]            4.1629E-14  4.0960E-06   8.372E+03     132- 495     2526
Rovibration_vJ|2[30]        -Rovibration_vJ|8[31]            3.3400E-15  3.1900E-07   8.223E+03     132- 500     2527
Rovibration_vJ|2[30]        -Rovibration_vJ|9[29]            2.7511E-15  3.6460E-07   7.214E+03     132- 556     2528
Rovibration_vJ|2[30]        -Rovibration_vJ|9[31]            4.3078E-16  5.5130E-08   7.104E+03     132- 561     2529
Rovibration_vJ|2[30]        -Rovibration_vJ|10[29]           4.8516E-20  8.3050E-12   6.347E+03     132- 617     2530
Rovibration_vJ|2[30]        -Rovibration_vJ|10[31]           5.7710E-17  9.5020E-09   6.263E+03     132- 622     2531
Rovibration_vJ|1[45]        -Rovibration_vJ|1[46]            1.4691E-07  2.8660E-03   5.784E+05     133- 136     2532
Rovibration_vJ|1[45]        -Rovibration_vJ|2[44]            1.0350E-05  2.5830E+01   5.228E+04     133- 192     2533
Rovibration_vJ|1[45]        -Rovibration_vJ|2[46]            1.2566E-05  4.1590E+01   4.441E+04     133- 197     2534
Rovibration_vJ|1[45]        -Rovibration_vJ|3[44]            1.0185E-07  1.0940E+00   2.520E+04     133- 253     2535
Rovibration_vJ|1[45]        -Rovibration_vJ|3[46]            1.7697E-07  2.1400E+00   2.323E+04     133- 259     2536
Rovibration_vJ|1[45]        -Rovibration_vJ|4[44]            6.4272E-10  1.5770E-02   1.667E+04     133- 314     2537
Rovibration_vJ|1[45]        -Rovibration_vJ|4[46]            1.9563E-09  5.1170E-02   1.580E+04     133- 320     2538
Rovibration_vJ|1[45]        -Rovibration_vJ|5[44]            9.7936E-13  4.2760E-05   1.250E+04     133- 374     2539
Rovibration_vJ|1[45]        -Rovibration_vJ|5[46]            1.8334E-11  8.3040E-04   1.200E+04     133- 381     2540
Rovibration_vJ|1[45]        -Rovibration_vJ|6[44]            1.0282E-13  6.9820E-06   1.002E+04     133- 435     2541
Rovibration_vJ|1[45]        -Rovibration_vJ|6[46]            7.2035E-14  4.9920E-06   9.705E+03     133- 442     2542
Rovibration_vJ|1[45]        -Rovibration_vJ|7[44]            1.9794E-14  1.9210E-06   8.383E+03     133- 496     2543
Rovibration_vJ|1[45]        -Rovibration_vJ|7[46]            8.8475E-16  8.6680E-08   8.162E+03     133- 503     2544
Rovibration_vJ|1[45]        -Rovibration_vJ|8[44]            1.4837E-15  1.9420E-07   7.218E+03     133- 557     2545
Rovibration_vJ|1[45]        -Rovibration_vJ|8[46]            2.8182E-16  3.6950E-08   7.056E+03     133- 564     2546
Rovibration_vJ|1[45]        -Rovibration_vJ|9[44]            6.5414E-17  1.1070E-08   6.348E+03     133- 618     2547
Rovibration_vJ|1[45]        -Rovibration_vJ|9[46]            1.5950E-16  2.6880E-08   6.223E+03     133- 625     2548
Rovibration_vJ|1[45]        -Rovibration_vJ|10[44]           5.0127E-16  1.0620E-07   5.674E+03     133- 649     2549
Rovibration_vJ|1[45]        -Rovibration_vJ|10[46]           5.9278E-16  1.2450E-07   5.575E+03     133- 653     2550
Rovibration_vJ|0[56]        -Rovibration_vJ|0[57]            2.6709E-07  8.0660E-03   4.659E+05     134- 138     2551
Rovibration_vJ|0[56]        -Rovibration_vJ|1[55]            5.1300E-06  1.2290E+01   5.324E+04     134- 190     2552
Rovibration_vJ|0[56]        -Rovibration_vJ|1[57]            6.4862E-06  2.2490E+01   4.348E+04     134- 199     2553
Rovibration_vJ|0[56]        -Rovibration_vJ|2[55]            3.1912E-08  3.3660E-01   2.537E+04     134- 251     2554
Rovibration_vJ|0[56]        -Rovibration_vJ|2[57]            6.3050E-08  7.8520E-01   2.294E+04     134- 260     2555
Rovibration_vJ|0[56]        -Rovibration_vJ|3[55]            1.3625E-10  3.3060E-03   1.673E+04     134- 313     2556
Rovibration_vJ|0[56]        -Rovibration_vJ|3[57]            5.4827E-10  1.4680E-02   1.565E+04     134- 322     2557
Rovibration_vJ|0[56]        -Rovibration_vJ|4[55]            7.4343E-14  3.2210E-06   1.252E+04     134- 375     2558
Rovibration_vJ|0[56]        -Rovibration_vJ|4[57]            4.4677E-12  2.0650E-04   1.191E+04     134- 386     2559
Rovibration_vJ|0[56]        -Rovibration_vJ|5[55]            2.5815E-14  1.7430E-06   1.003E+04     134- 436     2560
Rovibration_vJ|0[56]        -Rovibration_vJ|5[57]            1.9990E-14  1.4110E-06   9.636E+03     134- 448     2561
Rovibration_vJ|0[56]        -Rovibration_vJ|6[55]            3.4967E-15  3.3790E-07   8.383E+03     134- 497     2562
Rovibration_vJ|0[56]        -Rovibration_vJ|6[57]            4.0376E-17  4.0240E-09   8.109E+03     134- 511     2563
Rovibration_vJ|0[56]        -Rovibration_vJ|7[55]            4.0342E-16  5.2630E-08   7.215E+03     134- 558     2564
Rovibration_vJ|0[56]        -Rovibration_vJ|7[57]            1.1166E-16  1.4880E-08   7.013E+03     134- 573     2565
Rovibration_vJ|0[56]        -Rovibration_vJ|8[55]            4.5138E-19  7.6190E-11   6.343E+03     134- 619     2566
Rovibration_vJ|0[56]        -Rovibration_vJ|8[57]            1.0037E-18  1.7180E-10   6.188E+03     134- 627     2567
Rovibration_vJ|0[56]        -Rovibration_vJ|9[55]            2.9186E-17  6.1710E-09   5.667E+03     134- 650     2568
Rovibration_vJ|0[56]        -Rovibration_vJ|9[57]            3.4005E-17  7.2500E-09   5.545E+03     134- 654     2569
Rovibration_vJ|0[56]        -Rovibration_vJ|10[55]           3.3448E-17  8.6360E-09   5.128E+03     134- 666     2570
Rovibration_vJ|0[56]        -Rovibration_vJ|10[57]           3.6527E-17  9.4670E-09   5.029E+03     134- 668     2571
Rovibration_vJ|2[31]        -Rovibration_vJ|2[32]            6.2784E-08  5.8450E-04   8.333E+05     135- 137     2572
Rovibration_vJ|2[31]        -Rovibration_vJ|3[30]            1.5690E-05  4.1430E+01   5.108E+04     135- 193     2573
Rovibration_vJ|2[31]        -Rovibration_vJ|3[32]            1.8216E-05  5.6580E+01   4.562E+04     135- 198     2574
Rovibration_vJ|2[31]        -Rovibration_vJ|4[30]            2.1976E-07  2.4290E+00   2.497E+04     135- 254     2575
Rovibration_vJ|2[31]        -Rovibration_vJ|4[32]            3.2666E-07  3.7920E+00   2.360E+04     135- 258     2576
Rovibration_vJ|2[31]        -Rovibration_vJ|5[30]            1.9489E-09  4.8770E-02   1.659E+04     135- 315     2577
Rovibration_vJ|2[31]        -Rovibration_vJ|5[32]            4.2358E-09  1.0720E-01   1.598E+04     135- 319     2578
Rovibration_vJ|2[31]        -Rovibration_vJ|6[30]            6.5027E-12  2.8830E-04   1.247E+04     135- 376     2579
Rovibration_vJ|2[31]        -Rovibration_vJ|6[32]            4.2227E-11  1.8580E-03   1.212E+04     135- 380     2580
Rovibration_vJ|2[31]        -Rovibration_vJ|7[30]            1.5980E-13  1.0990E-05   1.001E+04     135- 437     2581
Rovibration_vJ|2[31]        -Rovibration_vJ|7[32]            1.2732E-13  8.5920E-06   9.788E+03     135- 441     2582
Rovibration_vJ|2[31]        -Rovibration_vJ|8[30]            4.2600E-14  4.1800E-06   8.379E+03     135- 498     2583
Rovibration_vJ|2[31]        -Rovibration_vJ|8[32]            3.0254E-15  2.8910E-07   8.225E+03     135- 502     2584
Rovibration_vJ|2[31]        -Rovibration_vJ|9[30]            2.8197E-15  3.7270E-07   7.219E+03     135- 559     2585
Rovibration_vJ|2[31]        -Rovibration_vJ|9[32]            4.1123E-16  5.2650E-08   7.106E+03     135- 563     2586
Rovibration_vJ|2[31]        -Rovibration_vJ|10[30]           1.9369E-19  3.3070E-11   6.352E+03     135- 620     2587
Rovibration_vJ|2[31]        -Rovibration_vJ|10[32]           5.8151E-17  9.5780E-09   6.265E+03     135- 624     2588
Rovibration_vJ|1[46]        -Rovibration_vJ|1[47]            1.4457E-07  2.9420E-03   5.664E+05     136- 146     2589
Rovibration_vJ|1[46]        -Rovibration_vJ|2[45]            1.0327E-05  2.5620E+01   5.242E+04     136- 194     2590
Rovibration_vJ|1[46]        -Rovibration_vJ|2[47]            1.2584E-05  4.1740E+01   4.437E+04     136- 207     2591
Rovibration_vJ|1[46]        -Rovibration_vJ|3[45]            1.0140E-07  1.0850E+00   2.524E+04     136- 255     2592
Rovibration_vJ|1[46]        -Rovibration_vJ|3[47]            1.7810E-07  2.1550E+00   2.323E+04     136- 269     2593
Rovibration_vJ|1[46]        -Rovibration_vJ|4[45]            6.3707E-10  1.5580E-02   1.670E+04     136- 316     2594
Rovibration_vJ|1[46]        -Rovibration_vJ|4[47]            1.9825E-09  5.1860E-02   1.580E+04     136- 330     2595
Rovibration_vJ|1[46]        -Rovibration_vJ|5[45]            9.3932E-13  4.0890E-05   1.251E+04     136- 377     2596
Rovibration_vJ|1[46]        -Rovibration_vJ|5[47]            1.8806E-11  8.5160E-04   1.201E+04     136- 392     2597
Rovibration_vJ|1[46]        -Rovibration_vJ|6[45]            1.0553E-13  7.1460E-06   1.003E+04     136- 438     2598
Rovibration_vJ|1[46]        -Rovibration_vJ|6[47]            7.7407E-14  5.3620E-06   9.709E+03     136- 453     2599
Rovibration_vJ|1[46]        -Rovibration_vJ|7[45]            2.0116E-14  1.9470E-06   8.392E+03     136- 499     2600
Rovibration_vJ|1[46]        -Rovibration_vJ|7[47]            7.9230E-16  7.7580E-08   8.166E+03     136- 515     2601
Rovibration_vJ|1[46]        -Rovibration_vJ|8[45]            1.5465E-15  2.0190E-07   7.226E+03     136- 560     2602
Rovibration_vJ|1[46]        -Rovibration_vJ|8[47]            2.9032E-16  3.8040E-08   7.059E+03     136- 576     2603
Rovibration_vJ|1[46]        -Rovibration_vJ|9[45]            5.5990E-17  9.4510E-09   6.355E+03     136- 621     2604
Rovibration_vJ|1[46]        -Rovibration_vJ|9[47]            1.4643E-16  2.4660E-08   6.227E+03     136- 628     2605
Rovibration_vJ|1[46]        -Rovibration_vJ|10[45]           5.0016E-16  1.0570E-07   5.679E+03     136- 651     2606
Rovibration_vJ|1[46]        -Rovibration_vJ|10[47]           5.9086E-16  1.2400E-07   5.578E+03     136- 655     2607
Rovibration_vJ|2[32]        -Rovibration_vJ|2[33]            6.2586E-08  6.1970E-04   8.084E+05     137- 142     2608
Rovibration_vJ|2[32]        -Rovibration_vJ|3[31]            1.5665E-05  4.1120E+01   5.120E+04     137- 196     2609
Rovibration_vJ|2[32]        -Rovibration_vJ|3[33]            1.8237E-05  5.6830E+01   4.557E+04     137- 204     2610
Rovibration_vJ|2[32]        -Rovibration_vJ|4[31]            2.1881E-07  2.4090E+00   2.500E+04     137- 257     2611
Rovibration_vJ|2[32]        -Rovibration_vJ|4[33]            3.2863E-07  3.8210E+00   2.359E+04     137- 265     2612
Rovibration_vJ|2[32]        -Rovibration_vJ|5[31]            1.9305E-09  4.8150E-02   1.661E+04     137- 318     2613
Rovibration_vJ|2[32]        -Rovibration_vJ|5[33]            4.2867E-09  1.0860E-01   1.598E+04     137- 327     2614
Rovibration_vJ|2[32]        -Rovibration_vJ|6[31]            6.2916E-12  2.7810E-04   1.248E+04     137- 378     2615
Rovibration_vJ|2[32]        -Rovibration_vJ|6[33]            4.3287E-11  1.9060E-03   1.212E+04     137- 388     2616
Rovibration_vJ|2[32]        -Rovibration_vJ|7[31]            1.6755E-13  1.1490E-05   1.002E+04     137- 439     2617
Rovibration_vJ|2[32]        -Rovibration_vJ|7[33]            1.3860E-13  9.3580E-06   9.790E+03     137- 449     2618
Rovibration_vJ|2[32]        -Rovibration_vJ|8[31]            4.3585E-14  4.2650E-06   8.386E+03     137- 500     2619
Rovibration_vJ|2[32]        -Rovibration_vJ|8[33]            2.7250E-15  2.6050E-07   8.227E+03     137- 510     2620
Rovibration_vJ|2[32]        -Rovibration_vJ|9[31]            2.8894E-15  3.8090E-07   7.225E+03     137- 561     2621
Rovibration_vJ|2[32]        -Rovibration_vJ|9[33]            3.9228E-16  5.0240E-08   7.108E+03     137- 571     2622
Rovibration_vJ|2[32]        -Rovibration_vJ|10[31]           4.5486E-19  7.7460E-11   6.357E+03     137- 622     2623
Rovibration_vJ|2[32]        -Rovibration_vJ|10[33]           5.8367E-17  9.6160E-09   6.267E+03     137- 626     2624
Rovibration_vJ|0[57]        -Rovibration_vJ|0[58]            2.6153E-07  8.1680E-03   4.582E+05     138- 151     2625
Rovibration_vJ|0[57]        -Rovibration_vJ|1[56]            5.1202E-06  1.2190E+01   5.340E+04     138- 195     2626
Rovibration_vJ|0[57]        -Rovibration_vJ|1[58]            6.4926E-06  2.2550E+01   4.345E+04     138- 213     2627
Rovibration_vJ|0[57]        -Rovibration_vJ|2[56]            3.1788E-08  3.3390E-01   2.542E+04     138- 256     2628
Rovibration_vJ|0[57]        -Rovibration_vJ|2[58]            6.3486E-08  7.9070E-01   2.294E+04     138- 274     2629
Rovibration_vJ|0[57]        -Rovibration_vJ|3[56]            1.3512E-10  3.2670E-03   1.676E+04     138- 317     2630
Rovibration_vJ|0[57]        -Rovibration_vJ|3[58]            5.5601E-10  1.4880E-02   1.565E+04     138- 336     2631
Rovibration_vJ|0[57]        -Rovibration_vJ|4[56]            7.0088E-14  3.0270E-06   1.254E+04     138- 379     2632
Rovibration_vJ|0[57]        -Rovibration_vJ|4[58]            4.5837E-12  2.1170E-04   1.191E+04     138- 397     2633
Rovibration_vJ|0[57]        -Rovibration_vJ|5[56]            2.6323E-14  1.7720E-06   1.004E+04     138- 440     2634
Rovibration_vJ|0[57]        -Rovibration_vJ|5[58]            2.1271E-14  1.5000E-06   9.642E+03     138- 459     2635
Rovibration_vJ|0[57]        -Rovibration_vJ|6[56]            3.5390E-15  3.4100E-07   8.394E+03     138- 501     2636
Rovibration_vJ|0[57]        -Rovibration_vJ|6[58]            3.1530E-17  3.1390E-09   8.115E+03     138- 520     2637
Rovibration_vJ|0[57]        -Rovibration_vJ|7[56]            4.1424E-16  5.3890E-08   7.224E+03     138- 562     2638
Rovibration_vJ|0[57]        -Rovibration_vJ|7[58]            1.1285E-16  1.5020E-08   7.018E+03     138- 582     2639
Rovibration_vJ|0[57]        -Rovibration_vJ|8[56]            8.2815E-19  1.3940E-10   6.350E+03     138- 623     2640
Rovibration_vJ|0[57]        -Rovibration_vJ|8[58]            6.3527E-19  1.0860E-10   6.193E+03     138- 630     2641
Rovibration_vJ|0[57]        -Rovibration_vJ|9[56]            2.7312E-17  5.7590E-09   5.674E+03     138- 652     2642
Rovibration_vJ|0[57]        -Rovibration_vJ|9[58]            3.1984E-17  6.8100E-09   5.549E+03     138- 656     2643
Rovibration_vJ|0[57]        -Rovibration_vJ|10[56]           3.1698E-17  8.1620E-09   5.134E+03     138- 667     2644
Rovibration_vJ|0[57]        -Rovibration_vJ|10[58]           3.4596E-17  8.9540E-09   5.033E+03     138- 669     2645
Rovibration_vJ|3[0]         -Rovibration_vJ|3[1]             1.9289E-09  5.9990E-09   2.674E+07     139- 140     2646
Rovibration_vJ|3[0]         -Rovibration_vJ|4[1]             4.4592E-05  4.2390E+01   4.836E+04     139- 201     2647
Rovibration_vJ|3[0]         -Rovibration_vJ|5[1]             8.9473E-07  3.3530E+00   2.436E+04     139- 262     2648
Rovibration_vJ|3[0]         -Rovibration_vJ|6[1]             1.1848E-08  9.8570E-02   1.635E+04     139- 323     2649
Rovibration_vJ|3[0]         -Rovibration_vJ|7[1]             9.8176E-11  1.4330E-03   1.234E+04     139- 383     2650
Rovibration_vJ|3[0]         -Rovibration_vJ|8[1]             3.8522E-16  8.6710E-09   9.939E+03     139- 444     2651
Rovibration_vJ|3[0]         -Rovibration_vJ|9[1]             9.8623E-14  3.1550E-06   8.337E+03     139- 505     2652
Rovibration_vJ|3[0]         -Rovibration_vJ|10[1]            1.1467E-14  4.9280E-07   7.193E+03     139- 566     2653
Rovibration_vJ|3[1]         -Rovibration_vJ|3[2]             2.5661E-09  5.7460E-08   1.337E+07     140- 141     2654
Rovibration_vJ|3[1]         -Rovibration_vJ|4[0]             1.4810E-05  1.2580E+02   4.854E+04     140- 200     2655
Rovibration_vJ|3[1]         -Rovibration_vJ|4[2]             2.9781E-05  5.1140E+01   4.828E+04     140- 202     2656
Rovibration_vJ|3[1]         -Rovibration_vJ|5[0]             2.9489E-07  9.9100E+00   2.440E+04     140- 261     2657
Rovibration_vJ|3[1]         -Rovibration_vJ|5[2]             6.0009E-07  4.0550E+00   2.434E+04     140- 263     2658
Rovibration_vJ|3[1]         -Rovibration_vJ|6[0]             3.8584E-09  2.8820E-01   1.637E+04     140- 321     2659
Rovibration_vJ|3[1]         -Rovibration_vJ|6[2]             7.9908E-09  1.1980E-01   1.634E+04     140- 324     2660
Rovibration_vJ|3[1]         -Rovibration_vJ|7[0]             3.1000E-11  4.0650E-03   1.235E+04     140- 382     2661
Rovibration_vJ|3[1]         -Rovibration_vJ|7[2]             6.7197E-11  1.7670E-03   1.234E+04     140- 384     2662
Rovibration_vJ|3[1]         -Rovibration_vJ|8[0]             1.8479E-15  3.7380E-07   9.946E+03     140- 443     2663
Rovibration_vJ|3[1]         -Rovibration_vJ|8[2]             4.4076E-17  1.7870E-09   9.935E+03     140- 445     2664
Rovibration_vJ|3[1]         -Rovibration_vJ|9[0]             3.5401E-14  1.0180E-05   8.342E+03     140- 504     2665
Rovibration_vJ|3[1]         -Rovibration_vJ|9[2]             6.3265E-14  3.6450E-06   8.335E+03     140- 506     2666
Rovibration_vJ|3[1]         -Rovibration_vJ|10[0]            4.0196E-15  1.5530E-06   7.197E+03     140- 565     2667
Rovibration_vJ|3[1]         -Rovibration_vJ|10[2]            7.4442E-15  5.7610E-07   7.191E+03     140- 567     2668
Rovibration_vJ|3[2]         -Rovibration_vJ|3[3]             3.4515E-09  2.0700E-07   8.913E+06     141- 143     2669
Rovibration_vJ|3[2]         -Rovibration_vJ|4[1]             1.7736E-05  8.3390E+01   4.863E+04     141- 201     2670
Rovibration_vJ|3[2]         -Rovibration_vJ|4[3]             2.6849E-05  5.5080E+01   4.819E+04     141- 203     2671
Rovibration_vJ|3[2]         -Rovibration_vJ|5[1]             3.5186E-07  6.5570E+00   2.442E+04     141- 262     2672
Rovibration_vJ|3[2]         -Rovibration_vJ|5[3]             5.4317E-07  4.3770E+00   2.432E+04     141- 264     2673
Rovibration_vJ|3[2]         -Rovibration_vJ|6[1]             4.5772E-09  1.8970E-01   1.638E+04     141- 323     2674
Rovibration_vJ|3[2]         -Rovibration_vJ|6[3]             7.2756E-09  1.3000E-01   1.633E+04     141- 325     2675
Rovibration_vJ|3[2]         -Rovibration_vJ|7[1]             3.6219E-11  2.6360E-03   1.236E+04     141- 383     2676
Rovibration_vJ|3[2]         -Rovibration_vJ|7[3]             6.2113E-11  1.9460E-03   1.233E+04     141- 385     2677
Rovibration_vJ|3[2]         -Rovibration_vJ|8[1]             4.1240E-15  4.6310E-07   9.950E+03     141- 444     2678
Rovibration_vJ|3[2]         -Rovibration_vJ|8[3]             7.8286E-16  3.7810E-08   9.932E+03     141- 446     2679
Rovibration_vJ|3[2]         -Rovibration_vJ|9[1]             4.4008E-14  7.0260E-06   8.345E+03     141- 505     2680
Rovibration_vJ|3[2]         -Rovibration_vJ|9[3]             5.4747E-14  3.7570E-06   8.332E+03     141- 507     2681
Rovibration_vJ|3[2]         -Rovibration_vJ|10[1]            4.9366E-15  1.0590E-06   7.199E+03     141- 566     2682
Rovibration_vJ|3[2]         -Rovibration_vJ|10[3]            6.5152E-15  6.0050E-07   7.190E+03     141- 568     2683
Rovibration_vJ|2[33]        -Rovibration_vJ|2[34]            6.2230E-08  6.5410E-04   7.850E+05     142- 150     2684
Rovibration_vJ|2[33]        -Rovibration_vJ|3[32]            1.5639E-05  4.0810E+01   5.133E+04     142- 198     2685
Rovibration_vJ|2[33]        -Rovibration_vJ|3[34]            1.8256E-05  5.7070E+01   4.552E+04     142- 211     2686
Rovibration_vJ|2[33]        -Rovibration_vJ|4[32]            2.1785E-07  2.3890E+00   2.504E+04     142- 258     2687
Rovibration_vJ|2[33]        -Rovibration_vJ|4[34]            3.3062E-07  3.8500E+00   2.358E+04     142- 272     2688
Rovibration_vJ|2[33]        -Rovibration_vJ|5[32]            1.9120E-09  4.7530E-02   1.663E+04     142- 319     2689
Rovibration_vJ|2[33]        -Rovibration_vJ|5[34]            4.3419E-09  1.1010E-01   1.598E+04     142- 333     2690
Rovibration_vJ|2[33]        -Rovibration_vJ|6[32]            6.0857E-12  2.6820E-04   1.249E+04     142- 380     2691
Rovibration_vJ|2[33]        -Rovibration_vJ|6[34]            4.4394E-11  1.9560E-03   1.212E+04     142- 395     2692
Rovibration_vJ|2[33]        -Rovibration_vJ|7[32]            1.7533E-13  1.1990E-05   1.003E+04     142- 441     2693
Rovibration_vJ|2[33]        -Rovibration_vJ|7[34]            1.5041E-13  1.0160E-05   9.792E+03     142- 456     2694
Rovibration_vJ|2[33]        -Rovibration_vJ|8[32]            4.4584E-14  4.3510E-06   8.394E+03     142- 502     2695
Rovibration_vJ|2[33]        -Rovibration_vJ|8[34]            2.4397E-15  2.3330E-07   8.230E+03     142- 517     2696
Rovibration_vJ|2[33]        -Rovibration_vJ|9[32]            2.9616E-15  3.8940E-07   7.231E+03     142- 563     2697
Rovibration_vJ|2[33]        -Rovibration_vJ|9[34]            3.7400E-16  4.7910E-08   7.111E+03     142- 578     2698
Rovibration_vJ|2[33]        -Rovibration_vJ|10[32]           8.5424E-19  1.4510E-10   6.362E+03     142- 624     2699
Rovibration_vJ|2[33]        -Rovibration_vJ|10[34]           5.8352E-17  9.6150E-09   6.270E+03     142- 629     2700
Rovibration_vJ|3[3]         -Rovibration_vJ|3[4]             4.3606E-09  5.0620E-07   6.685E+06     143- 144     2701
Rovibration_vJ|3[3]         -Rovibration_vJ|4[2]             1.8969E-05  7.4640E+01   4.872E+04     143- 202     2702
Rovibration_vJ|3[3]         -Rovibration_vJ|4[4]             2.5620E-05  5.7430E+01   4.811E+04     143- 205     2703
Rovibration_vJ|3[3]         -Rovibration_vJ|5[2]             3.7487E-07  5.8570E+00   2.445E+04     143- 263     2704
Rovibration_vJ|3[3]         -Rovibration_vJ|5[4]             5.2029E-07  4.5730E+00   2.430E+04     143- 266     2705
Rovibration_vJ|3[3]         -Rovibration_vJ|6[2]             4.8492E-09  1.6860E-01   1.639E+04     143- 324     2706
Rovibration_vJ|3[3]         -Rovibration_vJ|6[4]             7.0133E-09  1.3660E-01   1.632E+04     143- 326     2707
Rovibration_vJ|3[3]         -Rovibration_vJ|7[2]             3.7757E-11  2.3060E-03   1.237E+04     143- 384     2708
Rovibration_vJ|3[3]         -Rovibration_vJ|7[4]             6.0747E-11  2.0740E-03   1.233E+04     143- 387     2709
Rovibration_vJ|3[3]         -Rovibration_vJ|8[2]             7.0652E-15  6.6590E-07   9.954E+03     143- 445     2710
Rovibration_vJ|3[3]         -Rovibration_vJ|8[4]             2.3659E-15  1.2450E-07   9.929E+03     143- 447     2711
Rovibration_vJ|3[3]         -Rovibration_vJ|9[2]             4.8823E-14  6.5430E-06   8.348E+03     143- 506     2712
Rovibration_vJ|3[3]         -Rovibration_vJ|9[4]             5.0080E-14  3.7440E-06   8.330E+03     143- 508     2713
Rovibration_vJ|3[3]         -Rovibration_vJ|10[2]            5.4123E-15  9.7470E-07   7.201E+03     143- 567     2714
Rovibration_vJ|3[3]         -Rovibration_vJ|10[4]            6.0278E-15  6.0520E-07   7.188E+03     143- 569     2715
Rovibration_vJ|3[4]         -Rovibration_vJ|3[5]             5.2677E-09  1.0050E-06   5.348E+06     144- 145     2716
Rovibration_vJ|3[4]         -Rovibration_vJ|4[3]             1.9633E-05  7.0680E+01   4.881E+04     144- 203     2717
Rovibration_vJ|3[4]         -Rovibration_vJ|4[5]             2.4952E-05  5.9040E+01   4.803E+04     144- 206     2718
Rovibration_vJ|3[4]         -Rovibration_vJ|5[3]             3.8657E-07  5.5360E+00   2.447E+04     144- 264     2719
Rovibration_vJ|3[4]         -Rovibration_vJ|5[5]             5.0879E-07  4.7120E+00   2.428E+04     144- 267     2720
Rovibration_vJ|3[4]         -Rovibration_vJ|6[3]             4.9706E-09  1.5850E-01   1.640E+04     144- 325     2721
Rovibration_vJ|3[4]         -Rovibration_vJ|6[5]             6.8989E-09  1.4150E-01   1.631E+04     144- 328     2722
Rovibration_vJ|3[4]         -Rovibration_vJ|7[3]             3.8104E-11  2.1350E-03   1.237E+04     144- 385     2723
Rovibration_vJ|3[4]         -Rovibration_vJ|7[5]             6.0653E-11  2.1800E-03   1.232E+04     144- 389     2724
Rovibration_vJ|3[4]         -Rovibration_vJ|8[3]             1.0683E-14  9.2390E-07   9.958E+03     144- 446     2725
Rovibration_vJ|3[4]         -Rovibration_vJ|8[5]             4.7863E-15  2.6510E-07   9.926E+03     144- 450     2726
Rovibration_vJ|3[4]         -Rovibration_vJ|9[3]             5.2380E-14  6.4420E-06   8.351E+03     144- 507     2727
Rovibration_vJ|3[4]         -Rovibration_vJ|9[5]             4.6708E-14  3.6750E-06   8.328E+03     144- 509     2728
Rovibration_vJ|3[4]         -Rovibration_vJ|10[3]            5.7363E-15  9.4810E-07   7.203E+03     144- 568     2729
Rovibration_vJ|3[4]         -Rovibration_vJ|10[5]            5.6854E-15  6.0070E-07   7.187E+03     144- 570     2730
Rovibration_vJ|3[5]         -Rovibration_vJ|3[6]             6.1532E-09  1.7480E-06   4.457E+06     145- 147     2731
Rovibration_vJ|3[5]         -Rovibration_vJ|4[4]             2.0042E-05  6.8330E+01   4.890E+04     145- 205     2732
Rovibration_vJ|3[5]         -Rovibration_vJ|4[6]             2.4543E-05  6.0260E+01   4.794E+04     145- 208     2733
Rovibration_vJ|3[5]         -Rovibration_vJ|5[4]             3.9317E-07  5.3420E+00   2.450E+04     145- 266     2734
Rovibration_vJ|3[5]         -Rovibration_vJ|5[6]             5.0244E-07  4.8200E+00   2.426E+04     145- 268     2735
Rovibration_vJ|3[5]         -Rovibration_vJ|6[4]             5.0245E-09  1.5210E-01   1.641E+04     145- 326     2736
Rovibration_vJ|3[5]         -Rovibration_vJ|6[6]             6.8525E-09  1.4550E-01   1.630E+04     145- 329     2737
Rovibration_vJ|3[5]         -Rovibration_vJ|7[4]             3.7927E-11  2.0180E-03   1.238E+04     145- 387     2738
Rovibration_vJ|3[5]         -Rovibration_vJ|7[6]             6.1160E-11  2.2750E-03   1.232E+04     145- 390     2739
Rovibration_vJ|3[5]         -Rovibration_vJ|8[4]             1.4962E-14  1.2290E-06   9.962E+03     145- 447     2740
Rovibration_vJ|3[5]         -Rovibration_vJ|8[6]             8.0542E-15  4.6160E-07   9.924E+03     145- 451     2741
Rovibration_vJ|3[5]         -Rovibration_vJ|9[4]             5.5383E-14  6.4700E-06   8.354E+03     145- 508     2742
Rovibration_vJ|3[5]         -Rovibration_vJ|9[6]             4.3942E-14  3.5770E-06   8.327E+03     145- 512     2743
Rovibration_vJ|3[5]         -Rovibration_vJ|10[4]            5.9900E-15  9.4050E-07   7.206E+03     145- 569     2744
Rovibration_vJ|3[5]         -Rovibration_vJ|10[6]            5.4097E-15  5.9130E-07   7.186E+03     145- 572     2745
Rovibration_vJ|1[47]        -Rovibration_vJ|1[48]            1.4197E-07  3.0110E-03   5.550E+05     146- 154     2746
Rovibration_vJ|1[47]        -Rovibration_vJ|2[46]            1.0308E-05  2.5420E+01   5.256E+04     146- 197     2747
Rovibration_vJ|1[47]        -Rovibration_vJ|2[48]            1.2598E-05  4.1880E+01   4.433E+04     146- 216     2748
Rovibration_vJ|1[47]        -Rovibration_vJ|3[46]            1.0105E-07  1.0770E+00   2.528E+04     146- 259     2749
Rovibration_vJ|1[47]        -Rovibration_vJ|3[48]            1.7931E-07  2.1710E+00   2.323E+04     146- 277     2750
Rovibration_vJ|1[47]        -Rovibration_vJ|4[46]            6.3137E-10  1.5390E-02   1.672E+04     146- 320     2751
Rovibration_vJ|1[47]        -Rovibration_vJ|4[48]            2.0093E-09  5.2560E-02   1.580E+04     146- 338     2752
Rovibration_vJ|1[47]        -Rovibration_vJ|5[46]            9.0043E-13  3.9080E-05   1.253E+04     146- 381     2753
Rovibration_vJ|1[47]        -Rovibration_vJ|5[48]            1.9287E-11  8.7310E-04   1.201E+04     146- 400     2754
Rovibration_vJ|1[47]        -Rovibration_vJ|6[46]            1.0826E-13  7.3100E-06   1.005E+04     146- 442     2755
Rovibration_vJ|1[47]        -Rovibration_vJ|6[48]            8.3034E-14  5.7490E-06   9.714E+03     146- 461     2756
Rovibration_vJ|1[47]        -Rovibration_vJ|7[46]            2.0440E-14  1.9730E-06   8.402E+03     146- 503     2757
Rovibration_vJ|1[47]        -Rovibration_vJ|7[48]            7.0337E-16  6.8830E-08   8.171E+03     146- 523     2758
Rovibration_vJ|1[47]        -Rovibration_vJ|8[46]            1.6105E-15  2.0970E-07   7.234E+03     146- 564     2759
Rovibration_vJ|1[47]        -Rovibration_vJ|8[48]            2.9893E-16  3.9140E-08   7.063E+03     146- 585     2760
Rovibration_vJ|1[47]        -Rovibration_vJ|9[46]            4.7004E-17  7.9140E-09   6.362E+03     146- 625     2761
Rovibration_vJ|1[47]        -Rovibration_vJ|9[48]            1.3341E-16  2.2450E-08   6.231E+03     146- 632     2762
Rovibration_vJ|1[47]        -Rovibration_vJ|10[46]           4.9763E-16  1.0490E-07   5.685E+03     146- 653     2763
Rovibration_vJ|1[47]        -Rovibration_vJ|10[48]           5.8850E-16  1.2340E-07   5.582E+03     146- 657     2764
Rovibration_vJ|3[6]         -Rovibration_vJ|3[7]             7.0207E-09  2.7800E-06   3.821E+06     147- 148     2765
Rovibration_vJ|3[6]         -Rovibration_vJ|4[5]             2.0313E-05  6.6710E+01   4.899E+04     147- 206     2766
Rovibration_vJ|3[6]         -Rovibration_vJ|4[7]             2.4270E-05  6.1240E+01   4.786E+04     147- 209     2767
Rovibration_vJ|3[6]         -Rovibration_vJ|5[5]             3.9698E-07  5.2050E+00   2.452E+04     147- 267     2768
Rovibration_vJ|3[6]         -Rovibration_vJ|5[7]             4.9902E-07  4.9110E+00   2.424E+04     147- 270     2769
Rovibration_vJ|3[6]         -Rovibration_vJ|6[5]             5.0462E-09  1.4750E-01   1.642E+04     147- 328     2770
Rovibration_vJ|3[6]         -Rovibration_vJ|6[7]             6.8491E-09  1.4910E-01   1.630E+04     147- 331     2771
Rovibration_vJ|3[6]         -Rovibration_vJ|7[5]             3.7477E-11  1.9260E-03   1.239E+04     147- 389     2772
Rovibration_vJ|3[6]         -Rovibration_vJ|7[7]             6.1980E-11  2.3630E-03   1.231E+04     147- 391     2773
Rovibration_vJ|3[6]         -Rovibration_vJ|8[5]             1.9911E-14  1.5800E-06   9.967E+03     147- 450     2774
Rovibration_vJ|3[6]         -Rovibration_vJ|8[7]             1.2191E-14  7.1600E-07   9.921E+03     147- 452     2775
Rovibration_vJ|3[6]         -Rovibration_vJ|9[5]             5.8093E-14  6.5570E-06   8.357E+03     147- 509     2776
Rovibration_vJ|3[6]         -Rovibration_vJ|9[7]             4.1519E-14  3.4630E-06   8.325E+03     147- 513     2777
Rovibration_vJ|3[6]         -Rovibration_vJ|10[5]            6.2045E-15  9.4130E-07   7.208E+03     147- 570     2778
Rovibration_vJ|3[6]         -Rovibration_vJ|10[7]            5.1676E-15  5.7870E-07   7.185E+03     147- 574     2779
Rovibration_vJ|3[7]         -Rovibration_vJ|3[8]             7.8583E-09  4.1370E-06   3.344E+06     148- 149     2780
Rovibration_vJ|3[7]         -Rovibration_vJ|4[6]             2.0498E-05  6.5470E+01   4.909E+04     148- 208     2781
Rovibration_vJ|3[7]         -Rovibration_vJ|4[8]             2.4082E-05  6.2070E+01   4.779E+04     148- 210     2782
Rovibration_vJ|3[7]         -Rovibration_vJ|5[6]             3.9914E-07  5.0990E+00   2.455E+04     148- 268     2783
Rovibration_vJ|3[7]         -Rovibration_vJ|5[8]             4.9717E-07  4.9890E+00   2.422E+04     148- 271     2784
Rovibration_vJ|3[7]         -Rovibration_vJ|6[6]             5.0426E-09  1.4370E-01   1.643E+04     148- 329     2785
Rovibration_vJ|3[7]         -Rovibration_vJ|6[8]             6.8652E-09  1.5230E-01   1.629E+04     148- 332     2786
Rovibration_vJ|3[7]         -Rovibration_vJ|7[6]             3.6853E-11  1.8470E-03   1.239E+04     148- 390     2787
Rovibration_vJ|3[7]         -Rovibration_vJ|7[8]             6.3027E-11  2.4480E-03   1.231E+04     148- 393     2788
Rovibration_vJ|3[7]         -Rovibration_vJ|8[6]             2.5491E-14  1.9730E-06   9.972E+03     148- 451     2789
Rovibration_vJ|3[7]         -Rovibration_vJ|8[8]             1.7218E-14  1.0300E-06   9.919E+03     148- 454     2790
Rovibration_vJ|3[7]         -Rovibration_vJ|9[6]             6.0641E-14  6.6770E-06   8.361E+03     148- 512     2791
Rovibration_vJ|3[7]         -Rovibration_vJ|9[8]             3.9319E-14  3.3400E-06   8.324E+03     148- 514     2792
Rovibration_vJ|3[7]         -Rovibration_vJ|10[6]            6.3948E-15  9.4650E-07   7.211E+03     148- 572     2793
Rovibration_vJ|3[7]         -Rovibration_vJ|10[8]            4.9464E-15  5.6410E-07   7.184E+03     148- 575     2794
Rovibration_vJ|3[8]         -Rovibration_vJ|3[9]             8.6664E-09  5.8540E-06   2.972E+06     149- 152     2795
Rovibration_vJ|3[8]         -Rovibration_vJ|4[7]             2.0631E-05  6.4470E+01   4.918E+04     149- 209     2796
Rovibration_vJ|3[8]         -Rovibration_vJ|4[9]             2.3950E-05  6.2800E+01   4.771E+04     149- 212     2797
Rovibration_vJ|3[8]         -Rovibration_vJ|5[7]             4.0026E-07  5.0120E+00   2.457E+04     149- 270     2798
Rovibration_vJ|3[8]         -Rovibration_vJ|5[9]             4.9642E-07  5.0590E+00   2.420E+04     149- 273     2799
Rovibration_vJ|3[8]         -Rovibration_vJ|6[7]             5.0305E-09  1.4060E-01   1.645E+04     149- 331     2800
Rovibration_vJ|3[8]         -Rovibration_vJ|6[9]             6.8929E-09  1.5520E-01   1.628E+04     149- 334     2801
Rovibration_vJ|3[8]         -Rovibration_vJ|7[7]             3.6160E-11  1.7780E-03   1.240E+04     149- 391     2802
Rovibration_vJ|3[8]         -Rovibration_vJ|7[9]             6.4223E-11  2.5310E-03   1.231E+04     149- 394     2803
Rovibration_vJ|3[8]         -Rovibration_vJ|8[7]             3.1692E-14  2.4070E-06   9.977E+03     149- 452     2804
Rovibration_vJ|3[8]         -Rovibration_vJ|8[9]             2.3152E-14  1.4050E-06   9.917E+03     149- 455     2805
Rovibration_vJ|3[8]         -Rovibration_vJ|9[7]             6.3088E-14  6.8170E-06   8.364E+03     149- 513     2806
Rovibration_vJ|3[8]         -Rovibration_vJ|9[9]             3.7254E-14  3.2100E-06   8.322E+03     149- 516     2807
Rovibration_vJ|3[8]         -Rovibration_vJ|10[7]            6.5673E-15  9.5400E-07   7.214E+03     149- 574     2808
Rovibration_vJ|3[8]         -Rovibration_vJ|10[9]            4.7386E-15  5.4810E-07   7.183E+03     149- 577     2809
Rovibration_vJ|2[34]        -Rovibration_vJ|2[35]            6.1718E-08  6.8740E-04   7.629E+05     150- 156     2810
Rovibration_vJ|2[34]        -Rovibration_vJ|3[33]            1.5615E-05  4.0510E+01   5.146E+04     150- 204     2811
Rovibration_vJ|2[34]        -Rovibration_vJ|3[35]            1.8276E-05  5.7310E+01   4.547E+04     150- 217     2812
Rovibration_vJ|2[34]        -Rovibration_vJ|4[33]            2.1696E-07  2.3700E+00   2.508E+04     150- 265     2813
Rovibration_vJ|2[34]        -Rovibration_vJ|4[35]            3.3264E-07  3.8790E+00   2.358E+04     150- 279     2814
Rovibration_vJ|2[34]        -Rovibration_vJ|5[33]            1.8936E-09  4.6920E-02   1.665E+04     150- 327     2815
Rovibration_vJ|2[34]        -Rovibration_vJ|5[35]            4.3973E-09  1.1160E-01   1.598E+04     150- 340     2816
Rovibration_vJ|2[34]        -Rovibration_vJ|6[33]            5.8854E-12  2.5860E-04   1.250E+04     150- 388     2817
Rovibration_vJ|2[34]        -Rovibration_vJ|6[35]            4.5527E-11  2.0070E-03   1.213E+04     150- 401     2818
Rovibration_vJ|2[34]        -Rovibration_vJ|7[33]            1.8330E-13  1.2500E-05   1.004E+04     150- 449     2819
Rovibration_vJ|2[34]        -Rovibration_vJ|7[35]            1.6293E-13  1.1010E-05   9.794E+03     150- 462     2820
Rovibration_vJ|2[34]        -Rovibration_vJ|8[33]            4.5587E-14  4.4370E-06   8.401E+03     150- 510     2821
Rovibration_vJ|2[34]        -Rovibration_vJ|8[35]            2.1672E-15  2.0730E-07   8.232E+03     150- 522     2822
Rovibration_vJ|2[34]        -Rovibration_vJ|9[33]            3.0348E-15  3.9800E-07   7.237E+03     150- 571     2823
Rovibration_vJ|2[34]        -Rovibration_vJ|9[35]            3.5623E-16  4.5640E-08   7.113E+03     150- 583     2824
Rovibration_vJ|2[34]        -Rovibration_vJ|10[33]           1.4171E-18  2.4010E-10   6.367E+03     150- 626     2825
Rovibration_vJ|2[34]        -Rovibration_vJ|10[35]           5.8086E-17  9.5720E-09   6.272E+03     150- 631     2826
Rovibration_vJ|0[58]        -Rovibration_vJ|0[59]            2.5562E-07  8.2510E-03   4.507E+05     151- 159     2827
Rovibration_vJ|0[58]        -Rovibration_vJ|1[57]            5.1102E-06  1.2090E+01   5.356E+04     151- 199     2828
Rovibration_vJ|0[58]        -Rovibration_vJ|1[59]            6.5022E-06  2.2620E+01   4.342E+04     151- 221     2829
Rovibration_vJ|0[58]        -Rovibration_vJ|2[57]            3.1672E-08  3.3130E-01   2.547E+04     151- 260     2830
Rovibration_vJ|0[58]        -Rovibration_vJ|2[59]            6.3933E-08  7.9630E-01   2.295E+04     151- 282     2831
Rovibration_vJ|0[58]        -Rovibration_vJ|3[57]            1.3397E-10  3.2280E-03   1.678E+04     151- 322     2832
Rovibration_vJ|0[58]        -Rovibration_vJ|3[59]            5.6378E-10  1.5080E-02   1.566E+04     151- 344     2833
Rovibration_vJ|0[58]        -Rovibration_vJ|4[57]            6.6016E-14  2.8420E-06   1.256E+04     151- 386     2834
Rovibration_vJ|0[58]        -Rovibration_vJ|4[59]            4.7001E-12  2.1690E-04   1.192E+04     151- 406     2835
Rovibration_vJ|0[58]        -Rovibration_vJ|5[57]            2.6835E-14  1.8010E-06   1.006E+04     151- 448     2836
Rovibration_vJ|0[58]        -Rovibration_vJ|5[59]            2.2599E-14  1.5920E-06   9.649E+03     151- 467     2837
Rovibration_vJ|0[58]        -Rovibration_vJ|6[57]            3.5816E-15  3.4410E-07   8.405E+03     151- 511     2838
Rovibration_vJ|0[58]        -Rovibration_vJ|6[59]            2.3682E-17  2.3550E-09   8.121E+03     151- 528     2839
Rovibration_vJ|0[58]        -Rovibration_vJ|7[57]            4.2506E-16  5.5140E-08   7.233E+03     151- 573     2840
Rovibration_vJ|0[58]        -Rovibration_vJ|7[59]            1.1389E-16  1.5140E-08   7.024E+03     151- 591     2841
Rovibration_vJ|0[58]        -Rovibration_vJ|8[57]            1.3178E-18  2.2120E-10   6.358E+03     151- 627     2842
Rovibration_vJ|0[58]        -Rovibration_vJ|8[59]            3.5114E-19  5.9950E-11   6.198E+03     151- 635     2843
Rovibration_vJ|0[58]        -Rovibration_vJ|9[57]            2.5504E-17  5.3630E-09   5.681E+03     151- 654     2844
Rovibration_vJ|0[58]        -Rovibration_vJ|9[59]            3.0033E-17  6.3860E-09   5.554E+03     151- 659     2845
Rovibration_vJ|0[58]        -Rovibration_vJ|10[57]           2.9935E-17  7.6870E-09   5.141E+03     151- 668     2846
Rovibration_vJ|0[58]        -Rovibration_vJ|10[59]           3.2664E-17  8.4420E-09   5.037E+03     151- 670     2847
Rovibration_vJ|3[9]         -Rovibration_vJ|3[10]            9.4382E-09  7.9570E-06   2.676E+06     152- 153     2848
Rovibration_vJ|3[9]         -Rovibration_vJ|4[8]             2.0730E-05  6.3630E+01   4.928E+04     152- 210     2849
Rovibration_vJ|3[9]         -Rovibration_vJ|4[10]            2.3849E-05  6.3440E+01   4.763E+04     152- 214     2850
Rovibration_vJ|3[9]         -Rovibration_vJ|5[8]             4.0073E-07  4.9380E+00   2.460E+04     152- 271     2851
Rovibration_vJ|3[9]         -Rovibration_vJ|5[10]            4.9650E-07  5.1240E+00   2.418E+04     152- 275     2852
Rovibration_vJ|3[9]         -Rovibration_vJ|6[8]             5.0070E-09  1.3780E-01   1.646E+04     152- 332     2853
Rovibration_vJ|3[9]         -Rovibration_vJ|6[10]            6.9378E-09  1.5810E-01   1.627E+04     152- 335     2854
Rovibration_vJ|3[9]         -Rovibration_vJ|7[8]             3.5391E-11  1.7140E-03   1.241E+04     152- 393     2855
Rovibration_vJ|3[9]         -Rovibration_vJ|7[10]            6.5532E-11  2.6130E-03   1.230E+04     152- 396     2856
Rovibration_vJ|3[9]         -Rovibration_vJ|8[8]             3.8492E-14  2.8800E-06   9.982E+03     152- 454     2857
Rovibration_vJ|3[9]         -Rovibration_vJ|8[10]            3.0021E-14  1.8430E-06   9.915E+03     152- 457     2858
Rovibration_vJ|3[9]         -Rovibration_vJ|9[8]             6.5478E-14  6.9710E-06   8.368E+03     152- 514     2859
Rovibration_vJ|3[9]         -Rovibration_vJ|9[10]            3.5305E-14  3.0770E-06   8.321E+03     152- 518     2860
Rovibration_vJ|3[9]         -Rovibration_vJ|10[8]            6.7271E-15  9.6290E-07   7.217E+03     152- 575     2861
Rovibration_vJ|3[9]         -Rovibration_vJ|10[10]           4.5390E-15  5.3100E-07   7.182E+03     152- 579     2862
Rovibration_vJ|3[10]        -Rovibration_vJ|3[11]            1.0173E-08  1.0470E-05   2.433E+06     153- 155     2863
Rovibration_vJ|3[10]        -Rovibration_vJ|4[9]             2.0798E-05  6.2880E+01   4.938E+04     153- 212     2864
Rovibration_vJ|3[10]        -Rovibration_vJ|4[11]            2.3780E-05  6.4040E+01   4.756E+04     153- 215     2865
Rovibration_vJ|3[10]        -Rovibration_vJ|5[9]             4.0066E-07  4.8720E+00   2.462E+04     153- 273     2866
Rovibration_vJ|3[10]        -Rovibration_vJ|5[11]            4.9704E-07  5.1840E+00   2.416E+04     153- 276     2867
Rovibration_vJ|3[10]        -Rovibration_vJ|6[9]             4.9753E-09  1.3520E-01   1.647E+04     153- 334     2868
Rovibration_vJ|3[10]        -Rovibration_vJ|6[11]            6.9864E-09  1.6080E-01   1.627E+04     153- 337     2869
Rovibration_vJ|3[10]        -Rovibration_vJ|7[9]             3.4619E-11  1.6560E-03   1.241E+04     153- 394     2870
Rovibration_vJ|3[10]        -Rovibration_vJ|7[11]            6.6939E-11  2.6950E-03   1.230E+04     153- 398     2871
Rovibration_vJ|3[10]        -Rovibration_vJ|8[9]             4.5905E-14  3.3930E-06   9.987E+03     153- 455     2872
Rovibration_vJ|3[10]        -Rovibration_vJ|8[11]            3.7838E-14  2.3450E-06   9.913E+03     153- 458     2873
Rovibration_vJ|3[10]        -Rovibration_vJ|9[9]             6.7823E-14  7.1340E-06   8.372E+03     153- 516     2874
Rovibration_vJ|3[10]        -Rovibration_vJ|9[11]            3.3453E-14  2.9430E-06   8.320E+03     153- 519     2875
Rovibration_vJ|3[10]        -Rovibration_vJ|10[9]            6.8776E-15  9.7270E-07   7.220E+03     153- 577     2876
Rovibration_vJ|3[10]        -Rovibration_vJ|10[11]           4.3456E-15  5.1310E-07   7.182E+03     153- 580     2877
Rovibration_vJ|1[48]        -Rovibration_vJ|1[49]            1.3911E-07  3.0720E-03   5.440E+05     154- 162     2878
Rovibration_vJ|1[48]        -Rovibration_vJ|2[47]            1.0289E-05  2.5220E+01   5.271E+04     154- 207     2879
Rovibration_vJ|1[48]        -Rovibration_vJ|2[49]            1.2613E-05  4.2020E+01   4.429E+04     154- 223     2880
Rovibration_vJ|1[48]        -Rovibration_vJ|3[47]            1.0061E-07  1.0680E+00   2.533E+04     154- 269     2881
Rovibration_vJ|1[48]        -Rovibration_vJ|3[49]            1.8046E-07  2.1860E+00   2.323E+04     154- 285     2882
Rovibration_vJ|1[48]        -Rovibration_vJ|4[47]            6.2565E-10  1.5200E-02   1.674E+04     154- 330     2883
Rovibration_vJ|1[48]        -Rovibration_vJ|4[49]            2.0362E-09  5.3260E-02   1.581E+04     154- 346     2884
Rovibration_vJ|1[48]        -Rovibration_vJ|5[47]            8.6293E-13  3.7340E-05   1.255E+04     154- 392     2885
Rovibration_vJ|1[48]        -Rovibration_vJ|5[49]            1.9779E-11  8.9510E-04   1.202E+04     154- 407     2886
Rovibration_vJ|1[48]        -Rovibration_vJ|6[47]            1.1099E-13  7.4730E-06   1.006E+04     154- 453     2887
Rovibration_vJ|1[48]        -Rovibration_vJ|6[49]            8.8917E-14  6.1530E-06   9.718E+03     154- 468     2888
Rovibration_vJ|1[48]        -Rovibration_vJ|7[47]            2.0766E-14  1.9990E-06   8.411E+03     154- 515     2889
Rovibration_vJ|1[48]        -Rovibration_vJ|7[49]            6.1814E-16  6.0450E-08   8.175E+03     154- 530     2890
Rovibration_vJ|1[48]        -Rovibration_vJ|8[47]            1.6756E-15  2.1760E-07   7.242E+03     154- 576     2891
Rovibration_vJ|1[48]        -Rovibration_vJ|8[49]            3.0756E-16  4.0240E-08   7.068E+03     154- 590     2892
Rovibration_vJ|1[48]        -Rovibration_vJ|9[47]            3.8545E-17  6.4730E-09   6.368E+03     154- 628     2893
Rovibration_vJ|1[48]        -Rovibration_vJ|9[49]            1.2062E-16  2.0280E-08   6.235E+03     154- 634     2894
Rovibration_vJ|1[48]        -Rovibration_vJ|10[47]           4.9509E-16  1.0410E-07   5.691E+03     154- 655     2895
Rovibration_vJ|1[48]        -Rovibration_vJ|10[49]           5.8520E-16  1.2260E-07   5.585E+03     154- 658     2896
Rovibration_vJ|3[11]        -Rovibration_vJ|3[12]            1.0861E-08  1.3400E-05   2.230E+06     155- 157     2897
Rovibration_vJ|3[11]        -Rovibration_vJ|4[10]            2.0849E-05  6.2210E+01   4.948E+04     155- 214     2898
Rovibration_vJ|3[11]        -Rovibration_vJ|4[12]            2.3724E-05  6.4580E+01   4.748E+04     155- 218     2899
Rovibration_vJ|3[11]        -Rovibration_vJ|5[10]            4.0022E-07  4.8120E+00   2.465E+04     155- 275     2900
Rovibration_vJ|3[11]        -Rovibration_vJ|5[12]            4.9811E-07  5.2420E+00   2.415E+04     155- 278     2901
Rovibration_vJ|3[11]        -Rovibration_vJ|6[10]            4.9432E-09  1.3290E-01   1.648E+04     155- 335     2902
Rovibration_vJ|3[11]        -Rovibration_vJ|6[12]            7.0443E-09  1.6350E-01   1.626E+04     155- 339     2903
Rovibration_vJ|3[11]        -Rovibration_vJ|7[10]            3.3797E-11  1.6000E-03   1.242E+04     155- 396     2904
Rovibration_vJ|3[11]        -Rovibration_vJ|7[12]            6.8420E-11  2.7770E-03   1.230E+04     155- 399     2905
Rovibration_vJ|3[11]        -Rovibration_vJ|8[10]            5.3894E-14  3.9430E-06   9.993E+03     155- 457     2906
Rovibration_vJ|3[11]        -Rovibration_vJ|8[12]            4.6649E-14  2.9140E-06   9.912E+03     155- 460     2907
Rovibration_vJ|3[11]        -Rovibration_vJ|9[10]            7.0153E-14  7.3050E-06   8.376E+03     155- 518     2908
Rovibration_vJ|3[11]        -Rovibration_vJ|9[12]            3.1660E-14  2.8070E-06   8.320E+03     155- 521     2909
Rovibration_vJ|3[11]        -Rovibration_vJ|10[10]           7.0189E-15  9.8280E-07   7.223E+03     155- 579     2910
Rovibration_vJ|3[11]        -Rovibration_vJ|10[12]           4.1576E-15  4.9470E-07   7.182E+03     155- 581     2911
Rovibration_vJ|2[35]        -Rovibration_vJ|2[36]            6.1052E-08  7.1930E-04   7.421E+05     156- 161     2912
Rovibration_vJ|2[35]        -Rovibration_vJ|3[34]            1.5587E-05  4.0200E+01   5.159E+04     156- 211     2913
Rovibration_vJ|2[35]        -Rovibration_vJ|3[36]            1.8298E-05  5.7550E+01   4.542E+04     156- 222     2914
Rovibration_vJ|2[35]        -Rovibration_vJ|4[34]            2.1597E-07  2.3500E+00   2.512E+04     156- 272     2915
Rovibration_vJ|2[35]        -Rovibration_vJ|4[36]            3.3468E-07  3.9080E+00   2.357E+04     156- 283     2916
Rovibration_vJ|2[35]        -Rovibration_vJ|5[34]            1.8759E-09  4.6330E-02   1.667E+04     156- 333     2917
Rovibration_vJ|2[35]        -Rovibration_vJ|5[36]            4.4530E-09  1.1310E-01   1.598E+04     156- 343     2918
Rovibration_vJ|2[35]        -Rovibration_vJ|6[34]            5.6905E-12  2.4930E-04   1.252E+04     156- 395     2919
Rovibration_vJ|2[35]        -Rovibration_vJ|6[36]            4.6685E-11  2.0590E-03   1.213E+04     156- 404     2920
Rovibration_vJ|2[35]        -Rovibration_vJ|7[34]            1.9146E-13  1.3020E-05   1.005E+04     156- 456     2921
Rovibration_vJ|2[35]        -Rovibration_vJ|7[36]            1.7605E-13  1.1900E-05   9.797E+03     156- 465     2922
Rovibration_vJ|2[35]        -Rovibration_vJ|8[34]            4.6604E-14  4.5240E-06   8.409E+03     156- 517     2923
Rovibration_vJ|2[35]        -Rovibration_vJ|8[36]            1.9108E-15  1.8280E-07   8.235E+03     156- 527     2924
Rovibration_vJ|2[35]        -Rovibration_vJ|9[34]            3.1107E-15  4.0690E-07   7.244E+03     156- 578     2925
Rovibration_vJ|2[35]        -Rovibration_vJ|9[36]            3.3896E-16  4.3430E-08   7.116E+03     156- 588     2926
Rovibration_vJ|2[35]        -Rovibration_vJ|10[34]           2.1716E-18  3.6700E-10   6.373E+03     156- 629     2927
Rovibration_vJ|2[35]        -Rovibration_vJ|10[36]           5.7559E-17  9.4850E-09   6.274E+03     156- 633     2928
Rovibration_vJ|3[12]        -Rovibration_vJ|3[13]            1.1505E-08  1.6760E-05   2.059E+06     157- 158     2929
Rovibration_vJ|3[12]        -Rovibration_vJ|4[11]            2.0886E-05  6.1600E+01   4.958E+04     157- 215     2930
Rovibration_vJ|3[12]        -Rovibration_vJ|4[13]            2.3689E-05  6.5100E+01   4.741E+04     157- 219     2931
Rovibration_vJ|3[12]        -Rovibration_vJ|5[11]            3.9947E-07  4.7560E+00   2.468E+04     157- 276     2932
Rovibration_vJ|3[12]        -Rovibration_vJ|5[13]            4.9943E-07  5.2970E+00   2.413E+04     157- 280     2933
Rovibration_vJ|3[12]        -Rovibration_vJ|6[11]            4.9063E-09  1.3070E-01   1.650E+04     157- 337     2934
Rovibration_vJ|3[12]        -Rovibration_vJ|6[13]            7.1051E-09  1.6610E-01   1.625E+04     157- 341     2935
Rovibration_vJ|3[12]        -Rovibration_vJ|7[11]            3.2991E-11  1.5480E-03   1.243E+04     157- 398     2936
Rovibration_vJ|3[12]        -Rovibration_vJ|7[13]            6.9981E-11  2.8600E-03   1.229E+04     157- 402     2937
Rovibration_vJ|3[12]        -Rovibration_vJ|8[11]            6.2445E-14  4.5290E-06   9.998E+03     157- 458     2938
Rovibration_vJ|3[12]        -Rovibration_vJ|8[13]            5.6450E-14  3.5500E-06   9.910E+03     157- 463     2939
Rovibration_vJ|3[12]        -Rovibration_vJ|9[11]            7.2474E-14  7.4820E-06   8.380E+03     157- 519     2940
Rovibration_vJ|3[12]        -Rovibration_vJ|9[13]            2.9939E-14  2.6720E-06   8.319E+03     157- 524     2941
Rovibration_vJ|3[12]        -Rovibration_vJ|10[11]           7.1539E-15  9.9320E-07   7.227E+03     157- 580     2942
Rovibration_vJ|3[12]        -Rovibration_vJ|10[13]           3.9729E-15  4.7580E-07   7.181E+03     157- 584     2943
Rovibration_vJ|3[13]        -Rovibration_vJ|3[14]            1.2101E-08  2.0550E-05   1.912E+06     158- 160     2944
Rovibration_vJ|3[13]        -Rovibration_vJ|4[12]            2.0909E-05  6.1020E+01   4.968E+04     158- 218     2945
Rovibration_vJ|3[13]        -Rovibration_vJ|4[14]            2.3660E-05  6.5580E+01   4.733E+04     158- 220     2946
Rovibration_vJ|3[13]        -Rovibration_vJ|5[12]            3.9854E-07  4.7040E+00   2.471E+04     158- 278     2947
Rovibration_vJ|3[13]        -Rovibration_vJ|5[14]            5.0100E-07  5.3500E+00   2.412E+04     158- 281     2948
Rovibration_vJ|3[13]        -Rovibration_vJ|6[12]            4.8665E-09  1.2860E-01   1.651E+04     158- 339     2949
Rovibration_vJ|3[13]        -Rovibration_vJ|6[14]            7.1715E-09  1.6870E-01   1.625E+04     158- 342     2950
Rovibration_vJ|3[13]        -Rovibration_vJ|7[12]            3.2175E-11  1.4980E-03   1.244E+04     158- 399     2951
Rovibration_vJ|3[13]        -Rovibration_vJ|7[14]            7.1610E-11  2.9440E-03   1.229E+04     158- 403     2952
Rovibration_vJ|3[13]        -Rovibration_vJ|8[12]            7.1548E-14  5.1500E-06   1.000E+04     158- 460     2953
Rovibration_vJ|3[13]        -Rovibration_vJ|8[14]            6.7288E-14  4.2560E-06   9.909E+03     158- 464     2954
Rovibration_vJ|3[13]        -Rovibration_vJ|9[12]            7.4783E-14  7.6630E-06   8.385E+03     158- 521     2955
Rovibration_vJ|3[13]        -Rovibration_vJ|9[14]            2.8278E-14  2.5380E-06   8.318E+03     158- 525     2956
Rovibration_vJ|3[13]        -Rovibration_vJ|10[12]           7.2852E-15  1.0040E-06   7.230E+03     158- 581     2957
Rovibration_vJ|3[13]        -Rovibration_vJ|10[14]           3.7915E-15  4.5660E-07   7.181E+03     158- 586     2958
Rovibration_vJ|0[59]        -Rovibration_vJ|0[60]            2.4943E-07  8.3160E-03   4.436E+05     159- 167     2959
Rovibration_vJ|0[59]        -Rovibration_vJ|1[58]            5.1001E-06  1.1990E+01   5.372E+04     159- 213     2960
Rovibration_vJ|0[59]        -Rovibration_vJ|1[60]            6.5092E-06  2.2680E+01   4.339E+04     159- 229     2961
Rovibration_vJ|0[59]        -Rovibration_vJ|2[58]            3.1546E-08  3.2860E-01   2.552E+04     159- 274     2962
Rovibration_vJ|0[59]        -Rovibration_vJ|2[60]            6.4374E-08  8.0180E-01   2.295E+04     159- 291     2963
Rovibration_vJ|0[59]        -Rovibration_vJ|3[58]            1.3287E-10  3.1900E-03   1.681E+04     159- 336     2964
Rovibration_vJ|0[59]        -Rovibration_vJ|3[60]            5.7158E-10  1.5280E-02   1.566E+04     159- 352     2965
Rovibration_vJ|0[59]        -Rovibration_vJ|4[58]            6.2105E-14  2.6650E-06   1.257E+04     159- 397     2966
Rovibration_vJ|0[59]        -Rovibration_vJ|4[60]            4.8213E-12  2.2230E-04   1.193E+04     159- 413     2967
Rovibration_vJ|0[59]        -Rovibration_vJ|5[58]            2.7336E-14  1.8290E-06   1.007E+04     159- 459     2968
Rovibration_vJ|0[59]        -Rovibration_vJ|5[60]            2.3987E-14  1.6880E-06   9.655E+03     159- 475     2969
Rovibration_vJ|0[59]        -Rovibration_vJ|6[58]            3.6246E-15  3.4720E-07   8.416E+03     159- 520     2970
Rovibration_vJ|0[59]        -Rovibration_vJ|6[60]            1.6884E-17  1.6770E-09   8.127E+03     159- 536     2971
Rovibration_vJ|0[59]        -Rovibration_vJ|7[58]            4.3602E-16  5.6400E-08   7.242E+03     159- 582     2972
Rovibration_vJ|0[59]        -Rovibration_vJ|7[60]            1.1479E-16  1.5240E-08   7.029E+03     159- 598     2973
Rovibration_vJ|0[59]        -Rovibration_vJ|8[58]            1.9201E-18  3.2140E-10   6.366E+03     159- 630     2974
Rovibration_vJ|0[59]        -Rovibration_vJ|8[60]            1.5144E-19  2.5820E-11   6.203E+03     159- 639     2975
Rovibration_vJ|0[59]        -Rovibration_vJ|9[58]            2.3763E-17  4.9830E-09   5.688E+03     159- 656     2976
Rovibration_vJ|0[59]        -Rovibration_vJ|9[60]            2.8155E-17  5.9780E-09   5.558E+03     159- 661     2977
Rovibration_vJ|0[59]        -Rovibration_vJ|10[58]           2.8178E-17  7.2160E-09   5.147E+03     159- 669     2978
Rovibration_vJ|0[59]        -Rovibration_vJ|10[60]           3.0740E-17  7.9330E-09   5.042E+03     159- 671     2979
Rovibration_vJ|3[14]        -Rovibration_vJ|3[15]            1.2640E-08  2.4750E-05   1.785E+06     160- 163     2980
Rovibration_vJ|3[14]        -Rovibration_vJ|4[13]            2.0925E-05  6.0480E+01   4.979E+04     160- 219     2981
Rovibration_vJ|3[14]        -Rovibration_vJ|4[15]            2.3644E-05  6.6050E+01   4.726E+04     160- 224     2982
Rovibration_vJ|3[14]        -Rovibration_vJ|5[13]            3.9748E-07  4.6550E+00   2.473E+04     160- 280     2983
Rovibration_vJ|3[14]        -Rovibration_vJ|5[15]            5.0281E-07  5.4020E+00   2.410E+04     160- 284     2984
Rovibration_vJ|3[14]        -Rovibration_vJ|6[13]            4.8292E-09  1.2670E-01   1.652E+04     160- 341     2985
Rovibration_vJ|3[14]        -Rovibration_vJ|6[15]            7.2423E-09  1.7130E-01   1.624E+04     160- 345     2986
Rovibration_vJ|3[14]        -Rovibration_vJ|7[13]            3.1380E-11  1.4510E-03   1.245E+04     160- 402     2987
Rovibration_vJ|3[14]        -Rovibration_vJ|7[15]            7.3273E-11  3.0280E-03   1.229E+04     160- 405     2988
Rovibration_vJ|3[14]        -Rovibration_vJ|8[13]            8.1190E-14  5.8050E-06   1.001E+04     160- 463     2989
Rovibration_vJ|3[14]        -Rovibration_vJ|8[15]            7.9192E-14  5.0340E-06   9.908E+03     160- 466     2990
Rovibration_vJ|3[14]        -Rovibration_vJ|9[13]            7.7105E-14  7.8490E-06   8.389E+03     160- 524     2991
Rovibration_vJ|3[14]        -Rovibration_vJ|9[15]            2.6666E-14  2.4050E-06   8.318E+03     160- 526     2992
Rovibration_vJ|3[14]        -Rovibration_vJ|10[13]           7.4058E-15  1.0140E-06   7.234E+03     160- 584     2993
Rovibration_vJ|3[14]        -Rovibration_vJ|10[15]           3.6131E-15  4.3720E-07   7.181E+03     160- 587     2994
Rovibration_vJ|2[36]        -Rovibration_vJ|2[37]            6.0235E-08  7.4950E-04   7.223E+05     161- 165     2995
Rovibration_vJ|2[36]        -Rovibration_vJ|3[35]            1.5561E-05  3.9900E+01   5.172E+04     161- 217     2996
Rovibration_vJ|2[36]        -Rovibration_vJ|3[37]            1.8321E-05  5.7790E+01   4.537E+04     161- 226     2997
Rovibration_vJ|2[36]        -Rovibration_vJ|4[35]            2.1505E-07  2.3310E+00   2.515E+04     161- 279     2998
Rovibration_vJ|2[36]        -Rovibration_vJ|4[37]            3.3673E-07  3.9370E+00   2.356E+04     161- 287     2999
Rovibration_vJ|2[36]        -Rovibration_vJ|5[35]            1.8580E-09  4.5740E-02   1.669E+04     161- 340     3000
Rovibration_vJ|2[36]        -Rovibration_vJ|5[37]            4.5090E-09  1.1460E-01   1.598E+04     161- 349     3001
Rovibration_vJ|2[36]        -Rovibration_vJ|6[35]            5.5012E-12  2.4030E-04   1.253E+04     161- 401     3002
Rovibration_vJ|2[36]        -Rovibration_vJ|6[37]            4.7868E-11  2.1120E-03   1.213E+04     161- 410     3003
Rovibration_vJ|2[36]        -Rovibration_vJ|7[35]            1.9965E-13  1.3540E-05   1.006E+04     161- 462     3004
Rovibration_vJ|2[36]        -Rovibration_vJ|7[37]            1.8977E-13  1.2830E-05   9.800E+03     161- 471     3005
Rovibration_vJ|2[36]        -Rovibration_vJ|8[35]            4.7647E-14  4.6130E-06   8.416E+03     161- 522     3006
Rovibration_vJ|2[36]        -Rovibration_vJ|8[37]            1.6682E-15  1.5960E-07   8.238E+03     161- 532     3007
Rovibration_vJ|2[36]        -Rovibration_vJ|9[35]            3.1877E-15  4.1590E-07   7.250E+03     161- 583     3008
Rovibration_vJ|2[36]        -Rovibration_vJ|9[37]            3.2234E-16  4.1300E-08   7.118E+03     161- 593     3009
Rovibration_vJ|2[36]        -Rovibration_vJ|10[35]           3.1511E-18  5.3120E-10   6.378E+03     161- 631     3010
Rovibration_vJ|2[36]        -Rovibration_vJ|10[37]           5.6769E-17  9.3540E-09   6.277E+03     161- 636     3011
Rovibration_vJ|1[49]        -Rovibration_vJ|1[50]            1.3602E-07  3.1250E-03   5.335E+05     162- 168     3012
Rovibration_vJ|1[49]        -Rovibration_vJ|2[48]            1.0269E-05  2.5020E+01   5.286E+04     162- 216     3013
Rovibration_vJ|1[49]        -Rovibration_vJ|2[50]            1.2629E-05  4.2160E+01   4.426E+04     162- 228     3014
Rovibration_vJ|1[49]        -Rovibration_vJ|3[48]            1.0016E-07  1.0590E+00   2.537E+04     162- 277     3015
Rovibration_vJ|1[49]        -Rovibration_vJ|3[50]            1.8169E-07  2.2020E+00   2.323E+04     162- 290     3016
Rovibration_vJ|1[49]        -Rovibration_vJ|4[48]            6.2031E-10  1.5020E-02   1.677E+04     162- 338     3017
Rovibration_vJ|1[49]        -Rovibration_vJ|4[50]            2.0635E-09  5.3970E-02   1.581E+04     162- 351     3018
Rovibration_vJ|1[49]        -Rovibration_vJ|5[48]            8.2684E-13  3.5670E-05   1.256E+04     162- 400     3019
Rovibration_vJ|1[49]        -Rovibration_vJ|5[50]            2.0285E-11  9.1760E-04   1.202E+04     162- 412     3020
Rovibration_vJ|1[49]        -Rovibration_vJ|6[48]            1.1373E-13  7.6360E-06   1.007E+04     162- 461     3021
Rovibration_vJ|1[49]        -Rovibration_vJ|6[50]            9.5085E-14  6.5760E-06   9.723E+03     162- 473     3022
Rovibration_vJ|1[49]        -Rovibration_vJ|7[48]            2.1083E-14  2.0240E-06   8.421E+03     162- 523     3023
Rovibration_vJ|1[49]        -Rovibration_vJ|7[50]            5.3703E-16  5.2480E-08   8.180E+03     162- 534     3024
Rovibration_vJ|1[49]        -Rovibration_vJ|8[48]            1.7426E-15  2.2570E-07   7.250E+03     162- 585     3025
Rovibration_vJ|1[49]        -Rovibration_vJ|8[50]            3.1622E-16  4.1340E-08   7.072E+03     162- 596     3026
Rovibration_vJ|1[49]        -Rovibration_vJ|9[48]            3.0693E-17  5.1410E-09   6.375E+03     162- 632     3027
Rovibration_vJ|1[49]        -Rovibration_vJ|9[50]            1.0798E-16  1.8140E-08   6.239E+03     162- 637     3028
Rovibration_vJ|1[49]        -Rovibration_vJ|10[48]           4.9112E-16  1.0300E-07   5.697E+03     162- 657     3029
Rovibration_vJ|1[49]        -Rovibration_vJ|10[50]           5.8050E-16  1.2150E-07   5.589E+03     162- 660     3030
Rovibration_vJ|3[15]        -Rovibration_vJ|3[16]            1.3129E-08  2.9360E-05   1.674E+06     163- 164     3031
Rovibration_vJ|3[15]        -Rovibration_vJ|4[14]            2.0932E-05  5.9960E+01   4.989E+04     163- 220     3032
Rovibration_vJ|3[15]        -Rovibration_vJ|4[16]            2.3632E-05  6.6490E+01   4.719E+04     163- 225     3033
Rovibration_vJ|3[15]        -Rovibration_vJ|5[14]            3.9626E-07  4.6080E+00   2.476E+04     163- 281     3034
Rovibration_vJ|3[15]        -Rovibration_vJ|5[16]            5.0481E-07  5.4530E+00   2.408E+04     163- 286     3035
Rovibration_vJ|3[15]        -Rovibration_vJ|6[14]            4.7877E-09  1.2480E-01   1.654E+04     163- 342     3036
Rovibration_vJ|3[15]        -Rovibration_vJ|6[16]            7.3168E-09  1.7390E-01   1.624E+04     163- 347     3037
Rovibration_vJ|3[15]        -Rovibration_vJ|7[14]            3.0574E-11  1.4050E-03   1.246E+04     163- 403     3038
Rovibration_vJ|3[15]        -Rovibration_vJ|7[16]            7.5013E-11  3.1140E-03   1.229E+04     163- 408     3039
Rovibration_vJ|3[15]        -Rovibration_vJ|8[14]            9.1374E-14  6.4940E-06   1.002E+04     163- 464     3040
Rovibration_vJ|3[15]        -Rovibration_vJ|8[16]            9.2162E-14  5.8840E-06   9.907E+03     163- 469     3041
Rovibration_vJ|3[15]        -Rovibration_vJ|9[14]            7.9427E-14  8.0380E-06   8.394E+03     163- 525     3042
Rovibration_vJ|3[15]        -Rovibration_vJ|9[16]            2.5107E-14  2.2740E-06   8.318E+03     163- 529     3043
Rovibration_vJ|3[15]        -Rovibration_vJ|10[14]           7.5224E-15  1.0240E-06   7.237E+03     163- 586     3044
Rovibration_vJ|3[15]        -Rovibration_vJ|10[16]           3.4376E-15  4.1770E-07   7.181E+03     163- 589     3045
Rovibration_vJ|3[16]        -Rovibration_vJ|3[17]            1.3562E-08  3.4350E-05   1.576E+06     164- 166     3046
Rovibration_vJ|3[16]        -Rovibration_vJ|4[15]            2.0933E-05  5.9460E+01   5.000E+04     164- 224     3047
Rovibration_vJ|3[16]        -Rovibration_vJ|4[17]            2.3628E-05  6.6920E+01   4.712E+04     164- 227     3048
Rovibration_vJ|3[16]        -Rovibration_vJ|5[15]            3.9497E-07  4.5630E+00   2.479E+04     164- 284     3049
Rovibration_vJ|3[16]        -Rovibration_vJ|5[17]            5.0695E-07  5.5030E+00   2.407E+04     164- 288     3050
Rovibration_vJ|3[16]        -Rovibration_vJ|6[15]            4.7429E-09  1.2290E-01   1.655E+04     164- 345     3051
Rovibration_vJ|3[16]        -Rovibration_vJ|6[17]            7.3942E-09  1.7650E-01   1.623E+04     164- 348     3052
Rovibration_vJ|3[16]        -Rovibration_vJ|7[15]            2.9784E-11  1.3610E-03   1.247E+04     164- 405     3053
Rovibration_vJ|3[16]        -Rovibration_vJ|7[17]            7.6825E-11  3.2020E-03   1.228E+04     164- 409     3054
Rovibration_vJ|3[16]        -Rovibration_vJ|8[15]            1.0206E-13  7.2140E-06   1.002E+04     164- 466     3055
Rovibration_vJ|3[16]        -Rovibration_vJ|8[17]            1.0626E-13  6.8100E-06   9.906E+03     164- 470     3056
Rovibration_vJ|3[16]        -Rovibration_vJ|9[15]            8.1759E-14  8.2300E-06   8.399E+03     164- 526     3057
Rovibration_vJ|3[16]        -Rovibration_vJ|9[17]            2.3584E-14  2.1440E-06   8.318E+03     164- 531     3058
Rovibration_vJ|3[16]        -Rovibration_vJ|10[15]           7.6357E-15  1.0340E-06   7.241E+03     164- 587     3059
Rovibration_vJ|3[16]        -Rovibration_vJ|10[17]           3.2645E-15  3.9810E-07   7.181E+03     164- 592     3060
Rovibration_vJ|2[37]        -Rovibration_vJ|2[38]            5.9271E-08  7.7770E-04   7.037E+05     165- 170     3061
Rovibration_vJ|2[37]        -Rovibration_vJ|3[36]            1.5535E-05  3.9600E+01   5.185E+04     165- 222     3062
Rovibration_vJ|2[37]        -Rovibration_vJ|3[38]            1.8342E-05  5.8020E+01   4.532E+04     165- 231     3063
Rovibration_vJ|2[37]        -Rovibration_vJ|4[36]            2.1413E-07  2.3120E+00   2.519E+04     165- 283     3064
Rovibration_vJ|2[37]        -Rovibration_vJ|4[38]            3.3881E-07  3.9660E+00   2.356E+04     165- 292     3065
Rovibration_vJ|2[37]        -Rovibration_vJ|5[36]            1.8408E-09  4.5170E-02   1.671E+04     165- 343     3066
Rovibration_vJ|2[37]        -Rovibration_vJ|5[38]            4.5691E-09  1.1620E-01   1.598E+04     165- 354     3067
Rovibration_vJ|2[37]        -Rovibration_vJ|6[36]            5.3177E-12  2.3160E-04   1.254E+04     165- 404     3068
Rovibration_vJ|2[37]        -Rovibration_vJ|6[38]            4.9076E-11  2.1660E-03   1.213E+04     165- 415     3069
Rovibration_vJ|2[37]        -Rovibration_vJ|7[36]            2.0804E-13  1.4070E-05   1.007E+04     165- 465     3070
Rovibration_vJ|2[37]        -Rovibration_vJ|7[38]            2.0424E-13  1.3810E-05   9.802E+03     165- 476     3071
Rovibration_vJ|2[37]        -Rovibration_vJ|8[36]            4.8695E-14  4.7020E-06   8.424E+03     165- 527     3072
Rovibration_vJ|2[37]        -Rovibration_vJ|8[38]            1.4414E-15  1.3790E-07   8.241E+03     165- 537     3073
Rovibration_vJ|2[37]        -Rovibration_vJ|9[36]            3.2666E-15  4.2510E-07   7.257E+03     165- 588     3074
Rovibration_vJ|2[37]        -Rovibration_vJ|9[38]            3.0613E-16  3.9220E-08   7.121E+03     165- 597     3075
Rovibration_vJ|2[37]        -Rovibration_vJ|10[36]           4.3906E-18  7.3830E-10   6.384E+03     165- 633     3076
Rovibration_vJ|2[37]        -Rovibration_vJ|10[38]           5.5704E-17  9.1770E-09   6.280E+03     165- 638     3077
Rovibration_vJ|3[17]        -Rovibration_vJ|3[18]            1.3935E-08  3.9680E-05   1.489E+06     166- 169     3078
Rovibration_vJ|3[17]        -Rovibration_vJ|4[16]            2.0930E-05  5.8980E+01   5.010E+04     166- 225     3079
Rovibration_vJ|3[17]        -Rovibration_vJ|4[18]            2.3630E-05  6.7340E+01   4.705E+04     166- 230     3080
Rovibration_vJ|3[17]        -Rovibration_vJ|5[16]            3.9363E-07  4.5200E+00   2.482E+04     166- 286     3081
Rovibration_vJ|3[17]        -Rovibration_vJ|5[18]            5.0919E-07  5.5520E+00   2.406E+04     166- 289     3082
Rovibration_vJ|3[17]        -Rovibration_vJ|6[16]            4.7029E-09  1.2120E-01   1.657E+04     166- 347     3083
Rovibration_vJ|3[17]        -Rovibration_vJ|6[18]            7.4700E-09  1.7900E-01   1.623E+04     166- 350     3084
Rovibration_vJ|3[17]        -Rovibration_vJ|7[16]            2.8992E-11  1.3180E-03   1.247E+04     166- 408     3085
Rovibration_vJ|3[17]        -Rovibration_vJ|7[18]            7.8679E-11  3.2910E-03   1.228E+04     166- 411     3086
Rovibration_vJ|3[17]        -Rovibration_vJ|8[16]            1.1325E-13  7.9650E-06   1.003E+04     166- 469     3087
Rovibration_vJ|3[17]        -Rovibration_vJ|8[18]            1.2150E-13  7.8130E-06   9.906E+03     166- 472     3088
Rovibration_vJ|3[17]        -Rovibration_vJ|9[16]            8.4115E-14  8.4260E-06   8.404E+03     166- 529     3089
Rovibration_vJ|3[17]        -Rovibration_vJ|9[18]            2.2126E-14  2.0180E-06   8.318E+03     166- 533     3090
Rovibration_vJ|3[17]        -Rovibration_vJ|10[16]           7.7466E-15  1.0440E-06   7.245E+03     166- 589     3091
Rovibration_vJ|3[17]        -Rovibration_vJ|10[18]           3.0931E-15  3.7840E-07   7.182E+03     166- 594     3092
Rovibration_vJ|0[60]        -Rovibration_vJ|1[59]            5.0899E-06  1.1890E+01   5.388E+04     167- 221     3093
Rovibration_vJ|0[60]        -Rovibration_vJ|2[59]            3.1429E-08  3.2600E-01   2.557E+04     167- 282     3094
Rovibration_vJ|0[60]        -Rovibration_vJ|3[59]            1.3180E-10  3.1530E-03   1.684E+04     167- 344     3095
Rovibration_vJ|0[60]        -Rovibration_vJ|4[59]            5.8404E-14  2.4980E-06   1.259E+04     167- 406     3096
Rovibration_vJ|0[60]        -Rovibration_vJ|5[59]            2.7855E-14  1.8580E-06   1.008E+04     167- 467     3097
Rovibration_vJ|0[60]        -Rovibration_vJ|6[59]            3.6668E-15  3.5020E-07   8.427E+03     167- 528     3098
Rovibration_vJ|0[60]        -Rovibration_vJ|7[59]            4.4690E-16  5.7640E-08   7.252E+03     167- 591     3099
Rovibration_vJ|0[60]        -Rovibration_vJ|8[59]            2.6343E-18  4.3970E-10   6.375E+03     167- 635     3100
Rovibration_vJ|0[60]        -Rovibration_vJ|9[59]            2.2098E-17  4.6210E-09   5.695E+03     167- 659     3101
Rovibration_vJ|0[60]        -Rovibration_vJ|10[59]           2.6428E-17  6.7490E-09   5.153E+03     167- 670     3102
Rovibration_vJ|1[50]        -Rovibration_vJ|1[51]            1.3270E-07  3.1690E-03   5.234E+05     168- 173     3103
Rovibration_vJ|1[50]        -Rovibration_vJ|2[49]            1.0249E-05  2.4820E+01   5.301E+04     168- 223     3104
Rovibration_vJ|1[50]        -Rovibration_vJ|2[51]            1.2646E-05  4.2300E+01   4.422E+04     168- 234     3105
Rovibration_vJ|1[50]        -Rovibration_vJ|3[49]            9.9797E-08  1.0510E+00   2.542E+04     168- 285     3106
Rovibration_vJ|1[50]        -Rovibration_vJ|3[51]            1.8294E-07  2.2180E+00   2.323E+04     168- 295     3107
Rovibration_vJ|1[50]        -Rovibration_vJ|4[49]            6.1493E-10  1.4840E-02   1.679E+04     168- 346     3108
Rovibration_vJ|1[50]        -Rovibration_vJ|4[51]            2.0914E-09  5.4690E-02   1.582E+04     168- 356     3109
Rovibration_vJ|1[50]        -Rovibration_vJ|5[49]            7.9192E-13  3.4060E-05   1.258E+04     168- 407     3110
Rovibration_vJ|1[50]        -Rovibration_vJ|5[51]            2.0800E-11  9.4050E-04   1.203E+04     168- 417     3111
Rovibration_vJ|1[50]        -Rovibration_vJ|6[49]            1.1648E-13  7.7980E-06   1.008E+04     168- 468     3112
Rovibration_vJ|1[50]        -Rovibration_vJ|6[51]            1.0151E-13  7.0160E-06   9.728E+03     168- 479     3113
Rovibration_vJ|1[50]        -Rovibration_vJ|7[49]            2.1413E-14  2.0500E-06   8.431E+03     168- 530     3114
Rovibration_vJ|1[50]        -Rovibration_vJ|7[51]            4.6012E-16  4.4930E-08   8.184E+03     168- 541     3115
Rovibration_vJ|1[50]        -Rovibration_vJ|8[49]            1.8115E-15  2.3400E-07   7.258E+03     168- 590     3116
Rovibration_vJ|1[50]        -Rovibration_vJ|8[51]            3.2477E-16  4.2420E-08   7.076E+03     168- 602     3117
Rovibration_vJ|1[50]        -Rovibration_vJ|9[49]            2.3537E-17  3.9320E-09   6.382E+03     168- 634     3118
Rovibration_vJ|1[50]        -Rovibration_vJ|9[51]            9.5693E-17  1.6060E-08   6.243E+03     168- 641     3119
Rovibration_vJ|1[50]        -Rovibration_vJ|10[49]           4.8665E-16  1.0180E-07   5.704E+03     168- 658     3120
Rovibration_vJ|1[50]        -Rovibration_vJ|10[51]           5.7534E-16  1.2030E-07   5.593E+03     168- 662     3121
Rovibration_vJ|3[18]        -Rovibration_vJ|3[19]            1.4243E-08  4.5300E-05   1.411E+06     169- 171     3122
Rovibration_vJ|3[18]        -Rovibration_vJ|4[17]            2.0922E-05  5.8510E+01   5.021E+04     169- 227     3123
Rovibration_vJ|3[18]        -Rovibration_vJ|4[19]            2.3633E-05  6.7740E+01   4.699E+04     169- 232     3124
Rovibration_vJ|3[18]        -Rovibration_vJ|5[17]            3.9221E-07  4.4780E+00   2.485E+04     169- 288     3125
Rovibration_vJ|3[18]        -Rovibration_vJ|5[19]            5.1151E-07  5.6000E+00   2.404E+04     169- 293     3126
Rovibration_vJ|3[18]        -Rovibration_vJ|6[17]            4.6606E-09  1.1950E-01   1.658E+04     169- 348     3127
Rovibration_vJ|3[18]        -Rovibration_vJ|6[19]            7.5522E-09  1.8160E-01   1.622E+04     169- 353     3128
Rovibration_vJ|3[18]        -Rovibration_vJ|7[17]            2.8225E-11  1.2770E-03   1.248E+04     169- 409     3129
Rovibration_vJ|3[18]        -Rovibration_vJ|7[19]            8.0574E-11  3.3810E-03   1.228E+04     169- 414     3130
Rovibration_vJ|3[18]        -Rovibration_vJ|8[17]            1.2493E-13  8.7460E-06   1.004E+04     169- 470     3131
Rovibration_vJ|3[18]        -Rovibration_vJ|8[19]            1.3789E-13  8.8940E-06   9.905E+03     169- 474     3132
Rovibration_vJ|3[18]        -Rovibration_vJ|9[17]            8.6479E-14  8.6240E-06   8.409E+03     169- 531     3133
Rovibration_vJ|3[18]        -Rovibration_vJ|9[19]            2.0696E-14  1.8930E-06   8.318E+03     169- 535     3134
Rovibration_vJ|3[18]        -Rovibration_vJ|10[17]           7.8479E-15  1.0530E-06   7.249E+03     169- 592     3135
Rovibration_vJ|3[18]        -Rovibration_vJ|10[19]           2.9256E-15  3.5890E-07   7.182E+03     169- 595     3136
Rovibration_vJ|2[38]        -Rovibration_vJ|2[39]            5.8157E-08  8.0350E-04   6.860E+05     170- 174     3137
Rovibration_vJ|2[38]        -Rovibration_vJ|3[37]            1.5508E-05  3.9300E+01   5.198E+04     170- 226     3138
Rovibration_vJ|2[38]        -Rovibration_vJ|3[39]            1.8364E-05  5.8250E+01   4.527E+04     170- 235     3139
Rovibration_vJ|2[38]        -Rovibration_vJ|4[37]            2.1319E-07  2.2930E+00   2.523E+04     170- 287     3140
Rovibration_vJ|2[38]        -Rovibration_vJ|4[39]            3.4099E-07  3.9960E+00   2.355E+04     170- 296     3141
Rovibration_vJ|2[38]        -Rovibration_vJ|5[37]            1.8239E-09  4.4610E-02   1.673E+04     170- 349     3142
Rovibration_vJ|2[38]        -Rovibration_vJ|5[39]            4.6256E-09  1.1770E-01   1.598E+04     170- 357     3143
Rovibration_vJ|2[38]        -Rovibration_vJ|6[37]            5.1398E-12  2.2320E-04   1.256E+04     170- 410     3144
Rovibration_vJ|2[38]        -Rovibration_vJ|6[39]            5.0333E-11  2.2220E-03   1.214E+04     170- 419     3145
Rovibration_vJ|2[38]        -Rovibration_vJ|7[37]            2.1648E-13  1.4600E-05   1.008E+04     170- 471     3146
Rovibration_vJ|2[38]        -Rovibration_vJ|7[39]            2.1932E-13  1.4830E-05   9.805E+03     170- 480     3147
Rovibration_vJ|2[38]        -Rovibration_vJ|8[37]            4.9758E-14  4.7920E-06   8.433E+03     170- 532     3148
Rovibration_vJ|2[38]        -Rovibration_vJ|8[39]            1.2293E-15  1.1760E-07   8.244E+03     170- 540     3149
Rovibration_vJ|2[38]        -Rovibration_vJ|9[37]            3.3474E-15  4.3450E-07   7.263E+03     170- 593     3150
Rovibration_vJ|2[38]        -Rovibration_vJ|9[39]            2.9049E-16  3.7210E-08   7.124E+03     170- 601     3151
Rovibration_vJ|2[38]        -Rovibration_vJ|10[37]           5.9320E-18  9.9500E-10   6.390E+03     170- 636     3152
Rovibration_vJ|2[38]        -Rovibration_vJ|10[39]           5.4363E-17  8.9540E-09   6.283E+03     170- 640     3153
Rovibration_vJ|3[19]        -Rovibration_vJ|3[20]            1.4492E-08  5.1180E-05   1.340E+06     171- 172     3154
Rovibration_vJ|3[19]        -Rovibration_vJ|4[18]            2.0909E-05  5.8050E+01   5.032E+04     171- 230     3155
Rovibration_vJ|3[19]        -Rovibration_vJ|4[20]            2.3639E-05  6.8130E+01   4.692E+04     171- 233     3156
Rovibration_vJ|3[19]        -Rovibration_vJ|5[18]            3.9072E-07  4.4370E+00   2.488E+04     171- 289     3157
Rovibration_vJ|3[19]        -Rovibration_vJ|5[20]            5.1396E-07  5.6480E+00   2.403E+04     171- 294     3158
Rovibration_vJ|3[19]        -Rovibration_vJ|6[18]            4.6164E-09  1.1780E-01   1.660E+04     171- 350     3159
Rovibration_vJ|3[19]        -Rovibration_vJ|6[20]            7.6362E-09  1.8420E-01   1.622E+04     171- 355     3160
Rovibration_vJ|3[19]        -Rovibration_vJ|7[18]            2.7464E-11  1.2370E-03   1.249E+04     171- 411     3161
Rovibration_vJ|3[19]        -Rovibration_vJ|7[20]            8.2530E-11  3.4730E-03   1.228E+04     171- 416     3162
Rovibration_vJ|3[19]        -Rovibration_vJ|8[18]            1.3707E-13  9.5550E-06   1.004E+04     171- 472     3163
Rovibration_vJ|3[19]        -Rovibration_vJ|8[20]            1.5555E-13  1.0060E-05   9.905E+03     171- 477     3164
Rovibration_vJ|3[19]        -Rovibration_vJ|9[18]            8.8856E-14  8.8240E-06   8.414E+03     171- 533     3165
Rovibration_vJ|3[19]        -Rovibration_vJ|9[20]            1.9324E-14  1.7720E-06   8.318E+03     171- 538     3166
Rovibration_vJ|3[19]        -Rovibration_vJ|10[18]           7.9475E-15  1.0620E-06   7.254E+03     171- 594     3167
Rovibration_vJ|3[19]        -Rovibration_vJ|10[20]           2.7598E-15  3.3940E-07   7.183E+03     171- 599     3168
Rovibration_vJ|3[20]        -Rovibration_vJ|3[21]            1.4679E-08  5.7260E-05   1.277E+06     172- 175     3169
Rovibration_vJ|3[20]        -Rovibration_vJ|4[19]            2.0897E-05  5.7610E+01   5.043E+04     172- 232     3170
Rovibration_vJ|3[20]        -Rovibration_vJ|4[21]            2.3652E-05  6.8520E+01   4.685E+04     172- 236     3171
Rovibration_vJ|3[20]        -Rovibration_vJ|5[19]            3.8919E-07  4.3970E+00   2.491E+04     172- 293     3172
Rovibration_vJ|3[20]        -Rovibration_vJ|5[21]            5.1654E-07  5.6960E+00   2.402E+04     172- 297     3173
Rovibration_vJ|3[20]        -Rovibration_vJ|6[19]            4.5743E-09  1.1620E-01   1.661E+04     172- 353     3174
Rovibration_vJ|3[20]        -Rovibration_vJ|6[21]            7.7218E-09  1.8680E-01   1.621E+04     172- 358     3175
Rovibration_vJ|3[20]        -Rovibration_vJ|7[19]            2.6733E-11  1.1990E-03   1.250E+04     172- 414     3176
Rovibration_vJ|3[20]        -Rovibration_vJ|7[21]            8.4522E-11  3.5660E-03   1.228E+04     172- 418     3177
Rovibration_vJ|3[20]        -Rovibration_vJ|8[19]            1.4965E-13  1.0390E-05   1.005E+04     172- 474     3178
Rovibration_vJ|3[20]        -Rovibration_vJ|8[21]            1.7431E-13  1.1300E-05   9.905E+03     172- 478     3179
Rovibration_vJ|3[20]        -Rovibration_vJ|9[19]            9.1258E-14  9.0270E-06   8.420E+03     172- 535     3180
Rovibration_vJ|3[20]        -Rovibration_vJ|9[21]            1.7985E-14  1.6530E-06   8.319E+03     172- 539     3181
Rovibration_vJ|3[20]        -Rovibration_vJ|10[19]           8.0458E-15  1.0710E-06   7.258E+03     172- 595     3182
Rovibration_vJ|3[20]        -Rovibration_vJ|10[21]           2.5972E-15  3.2010E-07   7.184E+03     172- 600     3183
Rovibration_vJ|1[51]        -Rovibration_vJ|1[52]            1.2918E-07  3.2040E-03   5.136E+05     173- 178     3184
Rovibration_vJ|1[51]        -Rovibration_vJ|2[50]            1.0229E-05  2.4620E+01   5.316E+04     173- 228     3185
Rovibration_vJ|1[51]        -Rovibration_vJ|2[52]            1.2660E-05  4.2430E+01   4.418E+04     173- 239     3186
Rovibration_vJ|1[51]        -Rovibration_vJ|3[50]            9.9340E-08  1.0420E+00   2.547E+04     173- 290     3187
Rovibration_vJ|1[51]        -Rovibration_vJ|3[52]            1.8411E-07  2.2330E+00   2.323E+04     173- 300     3188
Rovibration_vJ|1[51]        -Rovibration_vJ|4[50]            6.0953E-10  1.4660E-02   1.682E+04     173- 351     3189
Rovibration_vJ|1[51]        -Rovibration_vJ|4[52]            2.1197E-09  5.5420E-02   1.582E+04     173- 362     3190
Rovibration_vJ|1[51]        -Rovibration_vJ|5[50]            7.5821E-13  3.2510E-05   1.260E+04     173- 412     3191
Rovibration_vJ|1[51]        -Rovibration_vJ|5[52]            2.1329E-11  9.6390E-04   1.203E+04     173- 423     3192
Rovibration_vJ|1[51]        -Rovibration_vJ|6[50]            1.1924E-13  7.9600E-06   1.009E+04     173- 473     3193
Rovibration_vJ|1[51]        -Rovibration_vJ|6[52]            1.0824E-13  7.4760E-06   9.733E+03     173- 484     3194
Rovibration_vJ|1[51]        -Rovibration_vJ|7[50]            2.1723E-14  2.0740E-06   8.441E+03     173- 534     3195
Rovibration_vJ|1[51]        -Rovibration_vJ|7[52]            3.8773E-16  3.7830E-08   8.189E+03     173- 545     3196
Rovibration_vJ|1[51]        -Rovibration_vJ|8[50]            1.8808E-15  2.4230E-07   7.266E+03     173- 596     3197
Rovibration_vJ|1[51]        -Rovibration_vJ|8[52]            3.3326E-16  4.3490E-08   7.081E+03     173- 606     3198
Rovibration_vJ|1[51]        -Rovibration_vJ|9[50]            1.7153E-17  2.8580E-09   6.390E+03     173- 637     3199
Rovibration_vJ|1[51]        -Rovibration_vJ|9[52]            8.3739E-17  1.4040E-08   6.247E+03     173- 643     3200
Rovibration_vJ|1[51]        -Rovibration_vJ|10[50]           4.8121E-16  1.0040E-07   5.710E+03     173- 660     3201
Rovibration_vJ|1[51]        -Rovibration_vJ|10[52]           5.6877E-16  1.1880E-07   5.597E+03     173- 663     3202
Rovibration_vJ|2[39]        -Rovibration_vJ|2[40]            5.6904E-08  8.2670E-04   6.692E+05     174- 177     3203
Rovibration_vJ|2[39]        -Rovibration_vJ|3[38]            1.5481E-05  3.9000E+01   5.212E+04     174- 231     3204
Rovibration_vJ|2[39]        -Rovibration_vJ|3[40]            1.8383E-05  5.8470E+01   4.523E+04     174- 238     3205
Rovibration_vJ|2[39]        -Rovibration_vJ|4[38]            2.1234E-07  2.2750E+00   2.527E+04     174- 292     3206
Rovibration_vJ|2[39]        -Rovibration_vJ|4[40]            3.4311E-07  4.0250E+00   2.355E+04     174- 299     3207
Rovibration_vJ|2[39]        -Rovibration_vJ|5[38]            1.8069E-09  4.4050E-02   1.675E+04     174- 354     3208
Rovibration_vJ|2[39]        -Rovibration_vJ|5[40]            4.6863E-09  1.1930E-01   1.599E+04     174- 360     3209
Rovibration_vJ|2[39]        -Rovibration_vJ|6[38]            4.9656E-12  2.1500E-04   1.257E+04     174- 415     3210
Rovibration_vJ|2[39]        -Rovibration_vJ|6[40]            5.1593E-11  2.2780E-03   1.214E+04     174- 421     3211
Rovibration_vJ|2[39]        -Rovibration_vJ|7[38]            2.2510E-13  1.5140E-05   1.009E+04     174- 476     3212
Rovibration_vJ|2[39]        -Rovibration_vJ|7[40]            2.3514E-13  1.5900E-05   9.809E+03     174- 482     3213
Rovibration_vJ|2[39]        -Rovibration_vJ|8[38]            5.0827E-14  4.8820E-06   8.441E+03     174- 537     3214
Rovibration_vJ|2[39]        -Rovibration_vJ|8[40]            1.0333E-15  9.8840E-08   8.247E+03     174- 544     3215
Rovibration_vJ|2[39]        -Rovibration_vJ|9[38]            3.4309E-15  4.4420E-07   7.270E+03     174- 597     3216
Rovibration_vJ|2[39]        -Rovibration_vJ|9[40]            2.7525E-16  3.5250E-08   7.127E+03     174- 605     3217
Rovibration_vJ|2[39]        -Rovibration_vJ|10[38]           7.8176E-18  1.3080E-09   6.395E+03     174- 638     3218
Rovibration_vJ|2[39]        -Rovibration_vJ|10[40]           5.2746E-17  8.6850E-09   6.286E+03     174- 642     3219
Rovibration_vJ|3[21]        -Rovibration_vJ|3[22]            1.4798E-08  6.3450E-05   1.219E+06     175- 176     3220
Rovibration_vJ|3[21]        -Rovibration_vJ|4[20]            2.0880E-05  5.7170E+01   5.055E+04     175- 233     3221
Rovibration_vJ|3[21]        -Rovibration_vJ|4[22]            2.3663E-05  6.8890E+01   4.679E+04     175- 237     3222
Rovibration_vJ|3[21]        -Rovibration_vJ|5[20]            3.8765E-07  4.3580E+00   2.495E+04     175- 294     3223
Rovibration_vJ|3[21]        -Rovibration_vJ|5[22]            5.1923E-07  5.7440E+00   2.400E+04     175- 298     3224
Rovibration_vJ|3[21]        -Rovibration_vJ|6[20]            4.5309E-09  1.1460E-01   1.663E+04     175- 355     3225
Rovibration_vJ|3[21]        -Rovibration_vJ|6[22]            7.8088E-09  1.8940E-01   1.621E+04     175- 359     3226
Rovibration_vJ|3[21]        -Rovibration_vJ|7[20]            2.5990E-11  1.1610E-03   1.251E+04     175- 416     3227
Rovibration_vJ|3[21]        -Rovibration_vJ|7[22]            8.6597E-11  3.6620E-03   1.228E+04     175- 420     3228
Rovibration_vJ|3[21]        -Rovibration_vJ|8[20]            1.6281E-13  1.1260E-05   1.006E+04     175- 477     3229
Rovibration_vJ|3[21]        -Rovibration_vJ|8[22]            1.9441E-13  1.2630E-05   9.905E+03     175- 481     3230
Rovibration_vJ|3[21]        -Rovibration_vJ|9[20]            9.3678E-14  9.2320E-06   8.425E+03     175- 538     3231
Rovibration_vJ|3[21]        -Rovibration_vJ|9[22]            1.6700E-14  1.5380E-06   8.319E+03     175- 542     3232
Rovibration_vJ|3[21]        -Rovibration_vJ|10[20]           8.1354E-15  1.0790E-06   7.263E+03     175- 599     3233
Rovibration_vJ|3[21]        -Rovibration_vJ|10[22]           2.4375E-15  3.0100E-07   7.184E+03     175- 603     3234
Rovibration_vJ|3[22]        -Rovibration_vJ|3[23]            1.4854E-08  6.9710E-05   1.167E+06     176- 179     3235
Rovibration_vJ|3[22]        -Rovibration_vJ|4[21]            2.0858E-05  5.6730E+01   5.066E+04     176- 236     3236
Rovibration_vJ|3[22]        -Rovibration_vJ|4[23]            2.3679E-05  6.9260E+01   4.673E+04     176- 240     3237
Rovibration_vJ|3[22]        -Rovibration_vJ|5[21]            3.8610E-07  4.3200E+00   2.498E+04     176- 297     3238
Rovibration_vJ|3[22]        -Rovibration_vJ|5[23]            5.2192E-07  5.7910E+00   2.399E+04     176- 301     3239
Rovibration_vJ|3[22]        -Rovibration_vJ|6[21]            4.4861E-09  1.1300E-01   1.665E+04     176- 358     3240
Rovibration_vJ|3[22]        -Rovibration_vJ|6[23]            7.8970E-09  1.9200E-01   1.621E+04     176- 361     3241
Rovibration_vJ|3[22]        -Rovibration_vJ|7[21]            2.5280E-11  1.1250E-03   1.252E+04     176- 418     3242
Rovibration_vJ|3[22]        -Rovibration_vJ|7[23]            8.8704E-11  3.7590E-03   1.228E+04     176- 422     3243
Rovibration_vJ|3[22]        -Rovibration_vJ|8[21]            1.7632E-13  1.2150E-05   1.006E+04     176- 478     3244
Rovibration_vJ|3[22]        -Rovibration_vJ|8[23]            2.1585E-13  1.4050E-05   9.905E+03     176- 483     3245
Rovibration_vJ|3[22]        -Rovibration_vJ|9[21]            9.6117E-14  9.4390E-06   8.431E+03     176- 539     3246
Rovibration_vJ|3[22]        -Rovibration_vJ|9[23]            1.5446E-14  1.4250E-06   8.320E+03     176- 543     3247
Rovibration_vJ|3[22]        -Rovibration_vJ|10[21]           8.2240E-15  1.0870E-06   7.267E+03     176- 600     3248
Rovibration_vJ|3[22]        -Rovibration_vJ|10[23]           2.2814E-15  2.8220E-07   7.185E+03     176- 604     3249
Rovibration_vJ|2[40]        -Rovibration_vJ|2[41]            5.5516E-08  8.4700E-04   6.532E+05     177- 181     3250
Rovibration_vJ|2[40]        -Rovibration_vJ|3[39]            1.5452E-05  3.8700E+01   5.226E+04     177- 235     3251
Rovibration_vJ|2[40]        -Rovibration_vJ|3[41]            1.8408E-05  5.8700E+01   4.518E+04     177- 242     3252
Rovibration_vJ|2[40]        -Rovibration_vJ|4[39]            2.1147E-07  2.2570E+00   2.531E+04     177- 296     3253
Rovibration_vJ|2[40]        -Rovibration_vJ|4[41]            3.4533E-07  4.0550E+00   2.354E+04     177- 303     3254
Rovibration_vJ|2[40]        -Rovibration_vJ|5[39]            1.7905E-09  4.3510E-02   1.678E+04     177- 357     3255
Rovibration_vJ|2[40]        -Rovibration_vJ|5[41]            4.7473E-09  1.2090E-01   1.599E+04     177- 364     3256
Rovibration_vJ|2[40]        -Rovibration_vJ|6[39]            4.7972E-12  2.0710E-04   1.259E+04     177- 419     3257
Rovibration_vJ|2[40]        -Rovibration_vJ|6[41]            5.2901E-11  2.3360E-03   1.214E+04     177- 425     3258
Rovibration_vJ|2[40]        -Rovibration_vJ|7[39]            2.3377E-13  1.5680E-05   1.010E+04     177- 480     3259
Rovibration_vJ|2[40]        -Rovibration_vJ|7[41]            2.5158E-13  1.7010E-05   9.812E+03     177- 486     3260
Rovibration_vJ|2[40]        -Rovibration_vJ|8[39]            5.1922E-14  4.9740E-06   8.449E+03     177- 540     3261
Rovibration_vJ|2[40]        -Rovibration_vJ|8[41]            8.5305E-16  8.1580E-08   8.250E+03     177- 547     3262
Rovibration_vJ|2[40]        -Rovibration_vJ|9[39]            3.5156E-15  4.5400E-07   7.277E+03     177- 601     3263
Rovibration_vJ|2[40]        -Rovibration_vJ|9[41]            2.6057E-16  3.3360E-08   7.131E+03     177- 608     3264
Rovibration_vJ|2[40]        -Rovibration_vJ|10[39]           1.0096E-17  1.6850E-09   6.401E+03     177- 640     3265
Rovibration_vJ|2[40]        -Rovibration_vJ|10[41]           5.0858E-17  8.3710E-09   6.289E+03     177- 644     3266
Rovibration_vJ|1[52]        -Rovibration_vJ|1[53]            1.2545E-07  3.2290E-03   5.043E+05     178- 182     3267
Rovibration_vJ|1[52]        -Rovibration_vJ|2[51]            1.0208E-05  2.4420E+01   5.331E+04     178- 234     3268
Rovibration_vJ|1[52]        -Rovibration_vJ|2[53]            1.2677E-05  4.2570E+01   4.415E+04     178- 243     3269
Rovibration_vJ|1[52]        -Rovibration_vJ|3[51]            9.8977E-08  1.0340E+00   2.551E+04     178- 295     3270
Rovibration_vJ|1[52]        -Rovibration_vJ|3[53]            1.8537E-07  2.2490E+00   2.323E+04     178- 305     3271
Rovibration_vJ|1[52]        -Rovibration_vJ|4[51]            6.0409E-10  1.4480E-02   1.684E+04     178- 356     3272
Rovibration_vJ|1[52]        -Rovibration_vJ|4[53]            2.1482E-09  5.6150E-02   1.582E+04     178- 366     3273
Rovibration_vJ|1[52]        -Rovibration_vJ|5[51]            7.2570E-13  3.1020E-05   1.261E+04     178- 417     3274
Rovibration_vJ|1[52]        -Rovibration_vJ|5[53]            2.1868E-11  9.8770E-04   1.204E+04     178- 427     3275
Rovibration_vJ|1[52]        -Rovibration_vJ|6[51]            1.2201E-13  8.1210E-06   1.011E+04     178- 479     3276
Rovibration_vJ|1[52]        -Rovibration_vJ|6[53]            1.1525E-13  7.9540E-06   9.739E+03     178- 488     3277
Rovibration_vJ|1[52]        -Rovibration_vJ|7[51]            2.2047E-14  2.0990E-06   8.451E+03     178- 541     3278
Rovibration_vJ|1[52]        -Rovibration_vJ|7[53]            3.2026E-16  3.1220E-08   8.194E+03     178- 549     3279
Rovibration_vJ|1[52]        -Rovibration_vJ|8[51]            1.9521E-15  2.5080E-07   7.275E+03     178- 602     3280
Rovibration_vJ|1[52]        -Rovibration_vJ|8[53]            3.4156E-16  4.4530E-08   7.086E+03     178- 610     3281
Rovibration_vJ|1[52]        -Rovibration_vJ|9[51]            1.1638E-17  1.9340E-09   6.397E+03     178- 641     3282
Rovibration_vJ|1[52]        -Rovibration_vJ|9[53]            7.2304E-17  1.2110E-08   6.251E+03     178- 645     3283
Rovibration_vJ|1[52]        -Rovibration_vJ|10[51]           4.7512E-16  9.8870E-08   5.716E+03     178- 662     3284
Rovibration_vJ|1[52]        -Rovibration_vJ|10[53]           5.6125E-16  1.1710E-07   5.601E+03     178- 664     3285
Rovibration_vJ|3[23]        -Rovibration_vJ|3[24]            1.4843E-08  7.5940E-05   1.118E+06     179- 180     3286
Rovibration_vJ|3[23]        -Rovibration_vJ|4[22]            2.0839E-05  5.6310E+01   5.078E+04     179- 237     3287
Rovibration_vJ|3[23]        -Rovibration_vJ|4[24]            2.3695E-05  6.9620E+01   4.666E+04     179- 241     3288
Rovibration_vJ|3[23]        -Rovibration_vJ|5[22]            3.8447E-07  4.2820E+00   2.501E+04     179- 298     3289
Rovibration_vJ|3[23]        -Rovibration_vJ|5[24]            5.2469E-07  5.8380E+00   2.398E+04     179- 302     3290
Rovibration_vJ|3[23]        -Rovibration_vJ|6[22]            4.4442E-09  1.1150E-01   1.666E+04     179- 359     3291
Rovibration_vJ|3[23]        -Rovibration_vJ|6[24]            7.9905E-09  1.9470E-01   1.620E+04     179- 363     3292
Rovibration_vJ|3[23]        -Rovibration_vJ|7[22]            2.4584E-11  1.0900E-03   1.254E+04     179- 420     3293
Rovibration_vJ|3[23]        -Rovibration_vJ|7[24]            9.0868E-11  3.8580E-03   1.228E+04     179- 424     3294
Rovibration_vJ|3[23]        -Rovibration_vJ|8[22]            1.9019E-13  1.3060E-05   1.007E+04     179- 481     3295
Rovibration_vJ|3[23]        -Rovibration_vJ|8[24]            2.3849E-13  1.5550E-05   9.906E+03     179- 485     3296
Rovibration_vJ|3[23]        -Rovibration_vJ|9[22]            9.8588E-14  9.6490E-06   8.437E+03     179- 542     3297
Rovibration_vJ|3[23]        -Rovibration_vJ|9[24]            1.4252E-14  1.3170E-06   8.321E+03     179- 546     3298
Rovibration_vJ|3[23]        -Rovibration_vJ|10[22]           8.3119E-15  1.0950E-06   7.272E+03     179- 603     3299
Rovibration_vJ|3[23]        -Rovibration_vJ|10[24]           2.1287E-15  2.6370E-07   7.187E+03     179- 607     3300
Rovibration_vJ|3[24]        -Rovibration_vJ|3[25]            1.4765E-08  8.2050E-05   1.074E+06     180- 183     3301
Rovibration_vJ|3[24]        -Rovibration_vJ|4[23]            2.0816E-05  5.5890E+01   5.089E+04     180- 240     3302
Rovibration_vJ|3[24]        -Rovibration_vJ|4[25]            2.3712E-05  6.9970E+01   4.660E+04     180- 244     3303
Rovibration_vJ|3[24]        -Rovibration_vJ|5[23]            3.8294E-07  4.2460E+00   2.504E+04     180- 301     3304
Rovibration_vJ|3[24]        -Rovibration_vJ|5[25]            5.2754E-07  5.8850E+00   2.397E+04     180- 304     3305
Rovibration_vJ|3[24]        -Rovibration_vJ|6[23]            4.4053E-09  1.1010E-01   1.668E+04     180- 361     3306
Rovibration_vJ|3[24]        -Rovibration_vJ|6[25]            8.0850E-09  1.9740E-01   1.620E+04     180- 365     3307
Rovibration_vJ|3[24]        -Rovibration_vJ|7[23]            2.3902E-11  1.0560E-03   1.255E+04     180- 422     3308
Rovibration_vJ|3[24]        -Rovibration_vJ|7[25]            9.3087E-11  3.9590E-03   1.228E+04     180- 426     3309
Rovibration_vJ|3[24]        -Rovibration_vJ|8[23]            2.0456E-13  1.4000E-05   1.008E+04     180- 483     3310
Rovibration_vJ|3[24]        -Rovibration_vJ|8[25]            2.6263E-13  1.7150E-05   9.907E+03     180- 487     3311
Rovibration_vJ|3[24]        -Rovibration_vJ|9[23]            1.0108E-13  9.8610E-06   8.443E+03     180- 543     3312
Rovibration_vJ|3[24]        -Rovibration_vJ|9[25]            1.3087E-14  1.2110E-06   8.322E+03     180- 548     3313
Rovibration_vJ|3[24]        -Rovibration_vJ|10[23]           8.3993E-15  1.1030E-06   7.277E+03     180- 604     3314
Rovibration_vJ|3[24]        -Rovibration_vJ|10[25]           1.9791E-15  2.4550E-07   7.188E+03     180- 609     3315
Rovibration_vJ|2[41]        -Rovibration_vJ|2[42]            5.3993E-08  8.6400E-04   6.380E+05     181- 184     3316
Rovibration_vJ|2[41]        -Rovibration_vJ|3[40]            1.5427E-05  3.8410E+01   5.239E+04     181- 238     3317
Rovibration_vJ|2[41]        -Rovibration_vJ|3[42]            1.8429E-05  5.8920E+01   4.514E+04     181- 245     3318
Rovibration_vJ|2[41]        -Rovibration_vJ|4[40]            2.1051E-07  2.2380E+00   2.536E+04     181- 299     3319
Rovibration_vJ|2[41]        -Rovibration_vJ|4[42]            3.4748E-07  4.0840E+00   2.354E+04     181- 307     3320
Rovibration_vJ|2[41]        -Rovibration_vJ|5[40]            1.7740E-09  4.2970E-02   1.680E+04     181- 360     3321
Rovibration_vJ|2[41]        -Rovibration_vJ|5[42]            4.8085E-09  1.2250E-01   1.599E+04     181- 368     3322
Rovibration_vJ|2[41]        -Rovibration_vJ|6[40]            4.6347E-12  1.9950E-04   1.260E+04     181- 421     3323
Rovibration_vJ|2[41]        -Rovibration_vJ|6[42]            5.4212E-11  2.3940E-03   1.214E+04     181- 429     3324
Rovibration_vJ|2[41]        -Rovibration_vJ|7[40]            2.4249E-13  1.6220E-05   1.011E+04     181- 482     3325
Rovibration_vJ|2[41]        -Rovibration_vJ|7[42]            2.6877E-13  1.8170E-05   9.816E+03     181- 490     3326
Rovibration_vJ|2[41]        -Rovibration_vJ|8[40]            5.3022E-14  5.0660E-06   8.458E+03     181- 544     3327
Rovibration_vJ|2[41]        -Rovibration_vJ|8[42]            6.8896E-16  6.5870E-08   8.254E+03     181- 551     3328
Rovibration_vJ|2[41]        -Rovibration_vJ|9[40]            3.6023E-15  4.6400E-07   7.284E+03     181- 605     3329
Rovibration_vJ|2[41]        -Rovibration_vJ|9[42]            2.4629E-16  3.1520E-08   7.134E+03     181- 612     3330
Rovibration_vJ|2[41]        -Rovibration_vJ|10[40]           1.2831E-17  2.1360E-09   6.408E+03     181- 642     3331
Rovibration_vJ|2[41]        -Rovibration_vJ|10[42]           4.8710E-17  8.0140E-09   6.292E+03     181- 646     3332
Rovibration_vJ|1[53]        -Rovibration_vJ|1[54]            1.2153E-07  3.2440E-03   4.953E+05     182- 186     3333
Rovibration_vJ|1[53]        -Rovibration_vJ|2[52]            1.0191E-05  2.4230E+01   5.347E+04     182- 239     3334
Rovibration_vJ|1[53]        -Rovibration_vJ|2[54]            1.2692E-05  4.2700E+01   4.412E+04     182- 248     3335
Rovibration_vJ|1[53]        -Rovibration_vJ|3[52]            9.8611E-08  1.0260E+00   2.556E+04     182- 300     3336
Rovibration_vJ|1[53]        -Rovibration_vJ|3[54]            1.8664E-07  2.2650E+00   2.323E+04     182- 309     3337
Rovibration_vJ|1[53]        -Rovibration_vJ|4[52]            5.9904E-10  1.4310E-02   1.687E+04     182- 362     3338
Rovibration_vJ|1[53]        -Rovibration_vJ|4[54]            2.1776E-09  5.6900E-02   1.583E+04     182- 370     3339
Rovibration_vJ|1[53]        -Rovibration_vJ|5[52]            6.9416E-13  2.9580E-05   1.263E+04     182- 423     3340
Rovibration_vJ|1[53]        -Rovibration_vJ|5[54]            2.2419E-11  1.0120E-03   1.204E+04     182- 431     3341
Rovibration_vJ|1[53]        -Rovibration_vJ|6[52]            1.2478E-13  8.2810E-06   1.012E+04     182- 484     3342
Rovibration_vJ|1[53]        -Rovibration_vJ|6[54]            1.2258E-13  8.4530E-06   9.744E+03     182- 492     3343
Rovibration_vJ|1[53]        -Rovibration_vJ|7[52]            2.2351E-14  2.1220E-06   8.462E+03     182- 545     3344
Rovibration_vJ|1[53]        -Rovibration_vJ|7[54]            2.5803E-16  2.5130E-08   8.199E+03     182- 553     3345
Rovibration_vJ|1[53]        -Rovibration_vJ|8[52]            2.0238E-15  2.5930E-07   7.284E+03     182- 606     3346
Rovibration_vJ|1[53]        -Rovibration_vJ|8[54]            3.4966E-16  4.5540E-08   7.091E+03     182- 614     3347
Rovibration_vJ|1[53]        -Rovibration_vJ|9[52]            7.0779E-18  1.1730E-09   6.404E+03     182- 643     3348
Rovibration_vJ|1[53]        -Rovibration_vJ|9[54]            6.1385E-17  1.0270E-08   6.256E+03     182- 647     3349
Rovibration_vJ|1[53]        -Rovibration_vJ|10[52]           4.6800E-16  9.7130E-08   5.723E+03     182- 663     3350
Rovibration_vJ|1[53]        -Rovibration_vJ|10[54]           5.5278E-16  1.1520E-07   5.605E+03     182- 665     3351
Rovibration_vJ|3[25]        -Rovibration_vJ|3[26]            1.4623E-08  8.7970E-05   1.033E+06     183- 185     3352
Rovibration_vJ|3[25]        -Rovibration_vJ|4[24]            2.0790E-05  5.5470E+01   5.101E+04     183- 241     3353
Rovibration_vJ|3[25]        -Rovibration_vJ|4[26]            2.3733E-05  7.0320E+01   4.654E+04     183- 246     3354
Rovibration_vJ|3[25]        -Rovibration_vJ|5[24]            3.8135E-07  4.2100E+00   2.508E+04     183- 302     3355
Rovibration_vJ|3[25]        -Rovibration_vJ|5[26]            5.3046E-07  5.9320E+00   2.396E+04     183- 306     3356
Rovibration_vJ|3[25]        -Rovibration_vJ|6[24]            4.3616E-09  1.0860E-01   1.670E+04     183- 363     3357
Rovibration_vJ|3[25]        -Rovibration_vJ|6[26]            8.1804E-09  2.0010E-01   1.620E+04     183- 367     3358
Rovibration_vJ|3[25]        -Rovibration_vJ|7[24]            2.3235E-11  1.0230E-03   1.256E+04     183- 424     3359
Rovibration_vJ|3[25]        -Rovibration_vJ|7[26]            9.5361E-11  4.0620E-03   1.228E+04     183- 428     3360
Rovibration_vJ|3[25]        -Rovibration_vJ|8[24]            2.1945E-13  1.4970E-05   1.009E+04     183- 485     3361
Rovibration_vJ|3[25]        -Rovibration_vJ|8[26]            2.8811E-13  1.8840E-05   9.907E+03     183- 489     3362
Rovibration_vJ|3[25]        -Rovibration_vJ|9[24]            1.0365E-13  1.0080E-05   8.449E+03     183- 546     3363
Rovibration_vJ|3[25]        -Rovibration_vJ|9[26]            1.1980E-14  1.1100E-06   8.323E+03     183- 550     3364
Rovibration_vJ|3[25]        -Rovibration_vJ|10[24]           8.4785E-15  1.1100E-06   7.282E+03     183- 607     3365
Rovibration_vJ|3[25]        -Rovibration_vJ|10[26]           1.8335E-15  2.2770E-07   7.189E+03     183- 611     3366
Rovibration_vJ|2[42]        -Rovibration_vJ|2[43]            5.2345E-08  8.7750E-04   6.235E+05     184- 188     3367
Rovibration_vJ|2[42]        -Rovibration_vJ|3[41]            1.5398E-05  3.8110E+01   5.253E+04     184- 242     3368
Rovibration_vJ|2[42]        -Rovibration_vJ|3[43]            1.8449E-05  5.9130E+01   4.509E+04     184- 249     3369
Rovibration_vJ|2[42]        -Rovibration_vJ|4[41]            2.0963E-07  2.2200E+00   2.540E+04     184- 303     3370
Rovibration_vJ|2[42]        -Rovibration_vJ|4[43]            3.4973E-07  4.1140E+00   2.354E+04     184- 310     3371
Rovibration_vJ|2[42]        -Rovibration_vJ|5[41]            1.7579E-09  4.2440E-02   1.682E+04     184- 364     3372
Rovibration_vJ|2[42]        -Rovibration_vJ|5[43]            4.8699E-09  1.2410E-01   1.599E+04     184- 371     3373
Rovibration_vJ|2[42]        -Rovibration_vJ|6[41]            4.4760E-12  1.9210E-04   1.262E+04     184- 425     3374
Rovibration_vJ|2[42]        -Rovibration_vJ|6[43]            5.5572E-11  2.4540E-03   1.215E+04     184- 432     3375
Rovibration_vJ|2[42]        -Rovibration_vJ|7[41]            2.5141E-13  1.6770E-05   1.012E+04     184- 486     3376
Rovibration_vJ|2[42]        -Rovibration_vJ|7[43]            2.8688E-13  1.9390E-05   9.819E+03     184- 493     3377
Rovibration_vJ|2[42]        -Rovibration_vJ|8[41]            5.4139E-14  5.1590E-06   8.467E+03     184- 547     3378
Rovibration_vJ|2[42]        -Rovibration_vJ|8[43]            5.4146E-16  5.1750E-08   8.257E+03     184- 554     3379
Rovibration_vJ|2[42]        -Rovibration_vJ|9[41]            3.6917E-15  4.7430E-07   7.292E+03     184- 608     3380
Rovibration_vJ|2[42]        -Rovibration_vJ|9[43]            2.3241E-16  2.9730E-08   7.138E+03     184- 615     3381
Rovibration_vJ|2[42]        -Rovibration_vJ|10[41]           1.6061E-17  2.6670E-09   6.414E+03     184- 644     3382
Rovibration_vJ|2[42]        -Rovibration_vJ|10[43]           4.6309E-17  7.6150E-09   6.295E+03     184- 648     3383
Rovibration_vJ|3[26]        -Rovibration_vJ|3[27]            1.4417E-08  9.3600E-05   9.950E+05     185- 187     3384
Rovibration_vJ|3[26]        -Rovibration_vJ|4[25]            2.0764E-05  5.5060E+01   5.113E+04     185- 244     3385
Rovibration_vJ|3[26]        -Rovibration_vJ|4[27]            2.3753E-05  7.0660E+01   4.648E+04     185- 247     3386
Rovibration_vJ|3[26]        -Rovibration_vJ|5[25]            3.7971E-07  4.1740E+00   2.511E+04     185- 304     3387
Rovibration_vJ|3[26]        -Rovibration_vJ|5[27]            5.3344E-07  5.9790E+00   2.395E+04     185- 308     3388
Rovibration_vJ|3[26]        -Rovibration_vJ|6[25]            4.3211E-09  1.0720E-01   1.672E+04     185- 365     3389
Rovibration_vJ|3[26]        -Rovibration_vJ|6[27]            8.2767E-09  2.0280E-01   1.620E+04     185- 369     3390
Rovibration_vJ|3[26]        -Rovibration_vJ|7[25]            2.2577E-11  9.9070E-04   1.257E+04     185- 426     3391
Rovibration_vJ|3[26]        -Rovibration_vJ|7[27]            9.7689E-11  4.1670E-03   1.228E+04     185- 430     3392
Rovibration_vJ|3[26]        -Rovibration_vJ|8[25]            2.3456E-13  1.5950E-05   1.010E+04     185- 487     3393
Rovibration_vJ|3[26]        -Rovibration_vJ|8[27]            3.1495E-13  2.0620E-05   9.908E+03     185- 491     3394
Rovibration_vJ|3[26]        -Rovibration_vJ|9[25]            1.0614E-13  1.0290E-05   8.456E+03     185- 548     3395
Rovibration_vJ|3[26]        -Rovibration_vJ|9[27]            1.0911E-14  1.0120E-06   8.325E+03     185- 552     3396
Rovibration_vJ|3[26]        -Rovibration_vJ|10[25]           8.5573E-15  1.1170E-06   7.287E+03     185- 609     3397
Rovibration_vJ|3[26]        -Rovibration_vJ|10[27]           1.6925E-15  2.1040E-07   7.191E+03     185- 613     3398
Rovibration_vJ|1[54]        -Rovibration_vJ|1[55]            1.1743E-07  3.2480E-03   4.866E+05     186- 190     3399
Rovibration_vJ|1[54]        -Rovibration_vJ|2[53]            1.0170E-05  2.4030E+01   5.363E+04     186- 243     3400
Rovibration_vJ|1[54]        -Rovibration_vJ|2[55]            1.2708E-05  4.2830E+01   4.408E+04     186- 251     3401
Rovibration_vJ|1[54]        -Rovibration_vJ|3[53]            9.8243E-08  1.0180E+00   2.561E+04     186- 305     3402
Rovibration_vJ|1[54]        -Rovibration_vJ|3[55]            1.8792E-07  2.2810E+00   2.323E+04     186- 313     3403
Rovibration_vJ|1[54]        -Rovibration_vJ|4[53]            5.9397E-10  1.4140E-02   1.689E+04     186- 366     3404
Rovibration_vJ|1[54]        -Rovibration_vJ|4[55]            2.2070E-09  5.7650E-02   1.584E+04     186- 375     3405
Rovibration_vJ|1[54]        -Rovibration_vJ|5[53]            6.6409E-13  2.8210E-05   1.265E+04     186- 427     3406
Rovibration_vJ|1[54]        -Rovibration_vJ|5[55]            2.2988E-11  1.0370E-03   1.205E+04     186- 436     3407
Rovibration_vJ|1[54]        -Rovibration_vJ|6[53]            1.2757E-13  8.4410E-06   1.013E+04     186- 488     3408
Rovibration_vJ|1[54]        -Rovibration_vJ|6[55]            1.3020E-13  8.9710E-06   9.750E+03     186- 497     3409
Rovibration_vJ|1[54]        -Rovibration_vJ|7[53]            2.2669E-14  2.1460E-06   8.472E+03     186- 549     3410
Rovibration_vJ|1[54]        -Rovibration_vJ|7[55]            2.0144E-16  1.9600E-08   8.205E+03     186- 558     3411
Rovibration_vJ|1[54]        -Rovibration_vJ|8[53]            2.0975E-15  2.6800E-07   7.292E+03     186- 610     3412
Rovibration_vJ|1[54]        -Rovibration_vJ|8[55]            3.5742E-16  4.6500E-08   7.095E+03     186- 619     3413
Rovibration_vJ|1[54]        -Rovibration_vJ|9[53]            3.5722E-18  5.9040E-10   6.412E+03     186- 645     3414
Rovibration_vJ|1[54]        -Rovibration_vJ|9[55]            5.1073E-17  8.5350E-09   6.261E+03     186- 650     3415
Rovibration_vJ|1[54]        -Rovibration_vJ|10[53]           4.6002E-16  9.5220E-08   5.730E+03     186- 664     3416
Rovibration_vJ|1[54]        -Rovibration_vJ|10[55]           5.4288E-16  1.1300E-07   5.610E+03     186- 666     3417
Rovibration_vJ|3[27]        -Rovibration_vJ|3[28]            1.4148E-08  9.8840E-05   9.598E+05     187- 189     3418
Rovibration_vJ|3[27]        -Rovibration_vJ|4[26]            2.0737E-05  5.4650E+01   5.125E+04     187- 246     3419
Rovibration_vJ|3[27]        -Rovibration_vJ|4[28]            2.3776E-05  7.1000E+01   4.643E+04     187- 250     3420
Rovibration_vJ|3[27]        -Rovibration_vJ|5[26]            3.7811E-07  4.1390E+00   2.515E+04     187- 306     3421
Rovibration_vJ|3[27]        -Rovibration_vJ|5[28]            5.3639E-07  6.0250E+00   2.394E+04     187- 311     3422
Rovibration_vJ|3[27]        -Rovibration_vJ|6[26]            4.2799E-09  1.0580E-01   1.673E+04     187- 367     3423
Rovibration_vJ|3[27]        -Rovibration_vJ|6[28]            8.3738E-09  2.0550E-01   1.619E+04     187- 372     3424
Rovibration_vJ|3[27]        -Rovibration_vJ|7[26]            2.1939E-11  9.5960E-04   1.258E+04     187- 428     3425
Rovibration_vJ|3[27]        -Rovibration_vJ|7[28]            1.0007E-10  4.2740E-03   1.228E+04     187- 433     3426
Rovibration_vJ|3[27]        -Rovibration_vJ|8[26]            2.5018E-13  1.6960E-05   1.010E+04     187- 489     3427
Rovibration_vJ|3[27]        -Rovibration_vJ|8[28]            3.4329E-13  2.2500E-05   9.910E+03     187- 494     3428
Rovibration_vJ|3[27]        -Rovibration_vJ|9[26]            1.0873E-13  1.0510E-05   8.462E+03     187- 550     3429
Rovibration_vJ|3[27]        -Rovibration_vJ|9[28]            9.8931E-15  9.1850E-07   8.326E+03     187- 555     3430
Rovibration_vJ|3[27]        -Rovibration_vJ|10[26]           8.6282E-15  1.1230E-06   7.293E+03     187- 611     3431
Rovibration_vJ|3[27]        -Rovibration_vJ|10[28]           1.5560E-15  1.9360E-07   7.192E+03     187- 616     3432
Rovibration_vJ|2[43]        -Rovibration_vJ|2[44]            5.0576E-08  8.8720E-04   6.097E+05     188- 192     3433
Rovibration_vJ|2[43]        -Rovibration_vJ|3[42]            1.5371E-05  3.7820E+01   5.268E+04     188- 245     3434
Rovibration_vJ|2[43]        -Rovibration_vJ|3[44]            1.8473E-05  5.9350E+01   4.505E+04     188- 253     3435
Rovibration_vJ|2[43]        -Rovibration_vJ|4[42]            2.0874E-07  2.2020E+00   2.544E+04     188- 307     3436
Rovibration_vJ|2[43]        -Rovibration_vJ|4[44]            3.5201E-07  4.1440E+00   2.353E+04     188- 314     3437
Rovibration_vJ|2[43]        -Rovibration_vJ|5[42]            1.7424E-09  4.1930E-02   1.684E+04     188- 368     3438
Rovibration_vJ|2[43]        -Rovibration_vJ|5[44]            4.9356E-09  1.2580E-01   1.599E+04     188- 374     3439
Rovibration_vJ|2[43]        -Rovibration_vJ|6[42]            4.3210E-12  1.8490E-04   1.263E+04     188- 429     3440
Rovibration_vJ|2[43]        -Rovibration_vJ|6[44]            5.6959E-11  2.5150E-03   1.215E+04     188- 435     3441
Rovibration_vJ|2[43]        -Rovibration_vJ|7[42]            2.6038E-13  1.7320E-05   1.013E+04     188- 490     3442
Rovibration_vJ|2[43]        -Rovibration_vJ|7[44]            3.0561E-13  2.0650E-05   9.823E+03     188- 496     3443
Rovibration_vJ|2[43]        -Rovibration_vJ|8[42]            5.5273E-14  5.2530E-06   8.476E+03     188- 551     3444
Rovibration_vJ|2[43]        -Rovibration_vJ|8[44]            4.1073E-16  3.9240E-08   8.261E+03     188- 557     3445
Rovibration_vJ|2[43]        -Rovibration_vJ|9[42]            3.7825E-15  4.8470E-07   7.299E+03     188- 612     3446
Rovibration_vJ|2[43]        -Rovibration_vJ|9[44]            2.1899E-16  2.8000E-08   7.141E+03     188- 618     3447
Rovibration_vJ|2[43]        -Rovibration_vJ|10[42]           1.9869E-17  3.2910E-09   6.420E+03     188- 646     3448
Rovibration_vJ|2[43]        -Rovibration_vJ|10[44]           4.3682E-17  7.1790E-09   6.299E+03     188- 649     3449
Rovibration_vJ|3[28]        -Rovibration_vJ|3[29]            1.3818E-08  1.0360E-04   9.271E+05     189- 191     3450
Rovibration_vJ|3[28]        -Rovibration_vJ|4[27]            2.0710E-05  5.4250E+01   5.137E+04     189- 247     3451
Rovibration_vJ|3[28]        -Rovibration_vJ|4[29]            2.3798E-05  7.1330E+01   4.637E+04     189- 252     3452
Rovibration_vJ|3[28]        -Rovibration_vJ|5[27]            3.7646E-07  4.1040E+00   2.518E+04     189- 308     3453
Rovibration_vJ|3[28]        -Rovibration_vJ|5[29]            5.3949E-07  6.0720E+00   2.393E+04     189- 312     3454
Rovibration_vJ|3[28]        -Rovibration_vJ|6[27]            4.2381E-09  1.0440E-01   1.675E+04     189- 369     3455
Rovibration_vJ|3[28]        -Rovibration_vJ|6[29]            8.4757E-09  2.0830E-01   1.619E+04     189- 373     3456
Rovibration_vJ|3[28]        -Rovibration_vJ|7[27]            2.1317E-11  9.2940E-04   1.259E+04     189- 430     3457
Rovibration_vJ|3[28]        -Rovibration_vJ|7[29]            1.0251E-10  4.3830E-03   1.228E+04     189- 434     3458
Rovibration_vJ|3[28]        -Rovibration_vJ|8[27]            2.6618E-13  1.7990E-05   1.011E+04     189- 491     3459
Rovibration_vJ|3[28]        -Rovibration_vJ|8[29]            3.7314E-13  2.4480E-05   9.911E+03     189- 495     3460
Rovibration_vJ|3[28]        -Rovibration_vJ|9[27]            1.1133E-13  1.0730E-05   8.469E+03     189- 552     3461
Rovibration_vJ|3[28]        -Rovibration_vJ|9[29]            8.9185E-15  8.2870E-07   8.328E+03     189- 556     3462
Rovibration_vJ|3[28]        -Rovibration_vJ|10[27]           8.7065E-15  1.1300E-06   7.298E+03     189- 613     3463
Rovibration_vJ|3[28]        -Rovibration_vJ|10[29]           1.4232E-15  1.7720E-07   7.194E+03     189- 617     3464
Rovibration_vJ|1[55]        -Rovibration_vJ|1[56]            1.1315E-07  3.2410E-03   4.783E+05     190- 195     3465
Rovibration_vJ|1[55]        -Rovibration_vJ|2[54]            1.0148E-05  2.3830E+01   5.378E+04     190- 248     3466
Rovibration_vJ|1[55]        -Rovibration_vJ|2[56]            1.2721E-05  4.2950E+01   4.405E+04     190- 256     3467
Rovibration_vJ|1[55]        -Rovibration_vJ|3[54]            9.7873E-08  1.0100E+00   2.566E+04     190- 309     3468
Rovibration_vJ|1[55]        -Rovibration_vJ|3[56]            1.8920E-07  2.2970E+00   2.323E+04     190- 317     3469
Rovibration_vJ|1[55]        -Rovibration_vJ|4[54]            5.8929E-10  1.3980E-02   1.692E+04     190- 370     3470
Rovibration_vJ|1[55]        -Rovibration_vJ|4[56]            2.2370E-09  5.8410E-02   1.584E+04     190- 379     3471
Rovibration_vJ|1[55]        -Rovibration_vJ|5[54]            6.3502E-13  2.6890E-05   1.267E+04     190- 431     3472
Rovibration_vJ|1[55]        -Rovibration_vJ|5[56]            2.3559E-11  1.0620E-03   1.206E+04     190- 440     3473
Rovibration_vJ|1[55]        -Rovibration_vJ|6[54]            1.3036E-13  8.6000E-06   1.015E+04     190- 492     3474
Rovibration_vJ|1[55]        -Rovibration_vJ|6[56]            1.3814E-13  9.5100E-06   9.756E+03     190- 501     3475
Rovibration_vJ|1[55]        -Rovibration_vJ|7[54]            2.2977E-14  2.1690E-06   8.483E+03     190- 553     3476
Rovibration_vJ|1[55]        -Rovibration_vJ|7[56]            1.5082E-16  1.4660E-08   8.210E+03     190- 562     3477
Rovibration_vJ|1[55]        -Rovibration_vJ|8[54]            2.1709E-15  2.7660E-07   7.301E+03     190- 614     3478
Rovibration_vJ|1[55]        -Rovibration_vJ|8[56]            3.6482E-16  4.7410E-08   7.101E+03     190- 623     3479
Rovibration_vJ|1[55]        -Rovibration_vJ|9[54]            1.2092E-18  1.9930E-10   6.420E+03     190- 647     3480
Rovibration_vJ|1[55]        -Rovibration_vJ|9[56]            4.1488E-17  6.9250E-09   6.265E+03     190- 652     3481
Rovibration_vJ|1[55]        -Rovibration_vJ|10[54]           4.5119E-16  9.3140E-08   5.736E+03     190- 665     3482
Rovibration_vJ|1[55]        -Rovibration_vJ|10[56]           5.3249E-16  1.1070E-07   5.614E+03     190- 667     3483
Rovibration_vJ|3[29]        -Rovibration_vJ|3[30]            1.3418E-08  1.0770E-04   8.965E+05     191- 193     3484
Rovibration_vJ|3[29]        -Rovibration_vJ|4[28]            2.0678E-05  5.3840E+01   5.149E+04     191- 250     3485
Rovibration_vJ|3[29]        -Rovibration_vJ|4[30]            2.3819E-05  7.1650E+01   4.631E+04     191- 254     3486
Rovibration_vJ|3[29]        -Rovibration_vJ|5[28]            3.7487E-07  4.0700E+00   2.522E+04     191- 311     3487
Rovibration_vJ|3[29]        -Rovibration_vJ|5[30]            5.4263E-07  6.1190E+00   2.392E+04     191- 315     3488
Rovibration_vJ|3[29]        -Rovibration_vJ|6[28]            4.1998E-09  1.0310E-01   1.677E+04     191- 372     3489
Rovibration_vJ|3[29]        -Rovibration_vJ|6[30]            8.5783E-09  2.1110E-01   1.619E+04     191- 376     3490
Rovibration_vJ|3[29]        -Rovibration_vJ|7[28]            2.0710E-11  9.0010E-04   1.260E+04     191- 433     3491
Rovibration_vJ|3[29]        -Rovibration_vJ|7[30]            1.0502E-10  4.4950E-03   1.228E+04     191- 437     3492
Rovibration_vJ|3[29]        -Rovibration_vJ|8[28]            2.8256E-13  1.9040E-05   1.012E+04     191- 494     3493
Rovibration_vJ|3[29]        -Rovibration_vJ|8[30]            4.0466E-13  2.6570E-05   9.912E+03     191- 498     3494
Rovibration_vJ|3[29]        -Rovibration_vJ|9[28]            1.1404E-13  1.0960E-05   8.476E+03     191- 555     3495
Rovibration_vJ|3[29]        -Rovibration_vJ|9[30]            7.9926E-15  7.4320E-07   8.330E+03     191- 559     3496
Rovibration_vJ|3[29]        -Rovibration_vJ|10[28]           8.7771E-15  1.1360E-06   7.304E+03     191- 616     3497
Rovibration_vJ|3[29]        -Rovibration_vJ|10[30]           1.2955E-15  1.6140E-07   7.196E+03     191- 620     3498
Rovibration_vJ|2[44]        -Rovibration_vJ|2[45]            4.8691E-08  8.9280E-04   5.965E+05     192- 194     3499
Rovibration_vJ|2[44]        -Rovibration_vJ|3[43]            1.5340E-05  3.7520E+01   5.282E+04     192- 249     3500
Rovibration_vJ|2[44]        -Rovibration_vJ|3[45]            1.8495E-05  5.9560E+01   4.501E+04     192- 255     3501
Rovibration_vJ|2[44]        -Rovibration_vJ|4[43]            2.0794E-07  2.1850E+00   2.548E+04     192- 310     3502
Rovibration_vJ|2[44]        -Rovibration_vJ|4[45]            3.5421E-07  4.1730E+00   2.353E+04     192- 316     3503
Rovibration_vJ|2[44]        -Rovibration_vJ|5[43]            1.7269E-09  4.1420E-02   1.687E+04     192- 371     3504
Rovibration_vJ|2[44]        -Rovibration_vJ|5[45]            4.9976E-09  1.2740E-01   1.600E+04     192- 377     3505
Rovibration_vJ|2[44]        -Rovibration_vJ|6[43]            4.1721E-12  1.7800E-04   1.265E+04     192- 432     3506
Rovibration_vJ|2[44]        -Rovibration_vJ|6[45]            5.8394E-11  2.5780E-03   1.216E+04     192- 438     3507
Rovibration_vJ|2[44]        -Rovibration_vJ|7[43]            2.6955E-13  1.7880E-05   1.014E+04     192- 493     3508
Rovibration_vJ|2[44]        -Rovibration_vJ|7[45]            3.2525E-13  2.1970E-05   9.827E+03     192- 499     3509
Rovibration_vJ|2[44]        -Rovibration_vJ|8[43]            5.6423E-14  5.3480E-06   8.485E+03     192- 554     3510
Rovibration_vJ|2[44]        -Rovibration_vJ|8[45]            2.9730E-16  2.8390E-08   8.265E+03     192- 560     3511
Rovibration_vJ|2[44]        -Rovibration_vJ|9[43]            3.8752E-15  4.9530E-07   7.307E+03     192- 615     3512
Rovibration_vJ|2[44]        -Rovibration_vJ|9[45]            2.0596E-16  2.6320E-08   7.145E+03     192- 621     3513
Rovibration_vJ|2[44]        -Rovibration_vJ|10[43]           2.4307E-17  4.0160E-09   6.427E+03     192- 648     3514
Rovibration_vJ|2[44]        -Rovibration_vJ|10[45]           4.0841E-17  6.7080E-09   6.302E+03     192- 651     3515
Rovibration_vJ|3[30]        -Rovibration_vJ|3[31]            1.2971E-08  1.1120E-04   8.680E+05     193- 196     3516
Rovibration_vJ|3[30]        -Rovibration_vJ|4[29]            2.0648E-05  5.3440E+01   5.162E+04     193- 252     3517
Rovibration_vJ|3[30]        -Rovibration_vJ|4[31]            2.3843E-05  7.1970E+01   4.626E+04     193- 257     3518
Rovibration_vJ|3[30]        -Rovibration_vJ|5[29]            3.7333E-07  4.0370E+00   2.525E+04     193- 312     3519
Rovibration_vJ|3[30]        -Rovibration_vJ|5[31]            5.4582E-07  6.1660E+00   2.391E+04     193- 318     3520
Rovibration_vJ|3[30]        -Rovibration_vJ|6[29]            4.1610E-09  1.0180E-01   1.679E+04     193- 373     3521
Rovibration_vJ|3[30]        -Rovibration_vJ|6[31]            8.6856E-09  2.1400E-01   1.619E+04     193- 378     3522
Rovibration_vJ|3[30]        -Rovibration_vJ|7[29]            2.0117E-11  8.7160E-04   1.262E+04     193- 434     3523
Rovibration_vJ|3[30]        -Rovibration_vJ|7[31]            1.0756E-10  4.6080E-03   1.228E+04     193- 439     3524
Rovibration_vJ|3[30]        -Rovibration_vJ|8[29]            2.9916E-13  2.0100E-05   1.013E+04     193- 495     3525
Rovibration_vJ|3[30]        -Rovibration_vJ|8[31]            4.3770E-13  2.8760E-05   9.914E+03     193- 500     3526
Rovibration_vJ|3[30]        -Rovibration_vJ|9[29]            1.1665E-13  1.1180E-05   8.483E+03     193- 556     3527
Rovibration_vJ|3[30]        -Rovibration_vJ|9[31]            7.1140E-15  6.6190E-07   8.332E+03     193- 561     3528
Rovibration_vJ|3[30]        -Rovibration_vJ|10[29]           8.8475E-15  1.1420E-06   7.309E+03     193- 617     3529
Rovibration_vJ|3[30]        -Rovibration_vJ|10[31]           1.1729E-15  1.4620E-07   7.198E+03     193- 622     3530
Rovibration_vJ|2[45]        -Rovibration_vJ|2[46]            4.6703E-08  8.9420E-04   5.839E+05     194- 197     3531
Rovibration_vJ|2[45]        -Rovibration_vJ|3[44]            1.5313E-05  3.7230E+01   5.296E+04     194- 253     3532
Rovibration_vJ|2[45]        -Rovibration_vJ|3[46]            1.8518E-05  5.9770E+01   4.497E+04     194- 259     3533
Rovibration_vJ|2[45]        -Rovibration_vJ|4[44]            2.0704E-07  2.1670E+00   2.553E+04     194- 314     3534
Rovibration_vJ|2[45]        -Rovibration_vJ|4[46]            3.5652E-07  4.2030E+00   2.353E+04     194- 320     3535
Rovibration_vJ|2[45]        -Rovibration_vJ|5[44]            1.7117E-09  4.0920E-02   1.689E+04     194- 374     3536
Rovibration_vJ|2[45]        -Rovibration_vJ|5[46]            5.0638E-09  1.2910E-01   1.600E+04     194- 381     3537
Rovibration_vJ|2[45]        -Rovibration_vJ|6[44]            4.0271E-12  1.7130E-04   1.266E+04     194- 435     3538
Rovibration_vJ|2[45]        -Rovibration_vJ|6[46]            5.9833E-11  2.6410E-03   1.216E+04     194- 442     3539
Rovibration_vJ|2[45]        -Rovibration_vJ|7[44]            2.7862E-13  1.8430E-05   1.015E+04     194- 496     3540
Rovibration_vJ|2[45]        -Rovibration_vJ|7[46]            3.4566E-13  2.3340E-05   9.832E+03     194- 503     3541
Rovibration_vJ|2[45]        -Rovibration_vJ|8[44]            5.7591E-14  5.4440E-06   8.494E+03     194- 557     3542
Rovibration_vJ|2[45]        -Rovibration_vJ|8[46]            2.0158E-16  1.9240E-08   8.269E+03     194- 564     3543
Rovibration_vJ|2[45]        -Rovibration_vJ|9[44]            3.9701E-15  5.0610E-07   7.314E+03     194- 618     3544
Rovibration_vJ|2[45]        -Rovibration_vJ|9[46]            1.9325E-16  2.4680E-08   7.149E+03     194- 625     3545
Rovibration_vJ|2[45]        -Rovibration_vJ|10[44]           2.9455E-17  4.8540E-09   6.433E+03     194- 649     3546
Rovibration_vJ|2[45]        -Rovibration_vJ|10[46]           3.7811E-17  6.2060E-09   6.306E+03     194- 653     3547
Rovibration_vJ|1[56]        -Rovibration_vJ|1[57]            1.0870E-07  3.2220E-03   4.702E+05     195- 199     3548
Rovibration_vJ|1[56]        -Rovibration_vJ|2[55]            1.0130E-05  2.3640E+01   5.394E+04     195- 251     3549
Rovibration_vJ|1[56]        -Rovibration_vJ|2[57]            1.2738E-05  4.3080E+01   4.402E+04     195- 260     3550
Rovibration_vJ|1[56]        -Rovibration_vJ|3[55]            9.7501E-08  1.0020E+00   2.571E+04     195- 313     3551
Rovibration_vJ|1[56]        -Rovibration_vJ|3[57]            1.9041E-07  2.3120E+00   2.323E+04     195- 322     3552
Rovibration_vJ|1[56]        -Rovibration_vJ|4[55]            5.8416E-10  1.3810E-02   1.695E+04     195- 375     3553
Rovibration_vJ|1[56]        -Rovibration_vJ|4[57]            2.2675E-09  5.9180E-02   1.585E+04     195- 386     3554
Rovibration_vJ|1[56]        -Rovibration_vJ|5[55]            6.0696E-13  2.5620E-05   1.268E+04     195- 436     3555
Rovibration_vJ|1[56]        -Rovibration_vJ|5[57]            2.4154E-11  1.0880E-03   1.206E+04     195- 448     3556
Rovibration_vJ|1[56]        -Rovibration_vJ|6[55]            1.3314E-13  8.7570E-06   1.016E+04     195- 497     3557
Rovibration_vJ|1[56]        -Rovibration_vJ|6[57]            1.4641E-13  1.0070E-05   9.762E+03     195- 511     3558
Rovibration_vJ|1[56]        -Rovibration_vJ|7[55]            2.3278E-14  2.1910E-06   8.494E+03     195- 558     3559
Rovibration_vJ|1[56]        -Rovibration_vJ|7[57]            1.0670E-16  1.0360E-08   8.216E+03     195- 573     3560
Rovibration_vJ|1[56]        -Rovibration_vJ|8[55]            2.2462E-15  2.8540E-07   7.311E+03     195- 619     3561
Rovibration_vJ|1[56]        -Rovibration_vJ|8[57]            3.7171E-16  4.8250E-08   7.106E+03     195- 627     3562
Rovibration_vJ|1[56]        -Rovibration_vJ|9[55]            8.3957E-20  1.3800E-11   6.427E+03     195- 650     3563
Rovibration_vJ|1[56]        -Rovibration_vJ|9[57]            3.2692E-17  5.4500E-09   6.270E+03     195- 654     3564
Rovibration_vJ|1[56]        -Rovibration_vJ|10[55]           4.4145E-16  9.0880E-08   5.743E+03     195- 666     3565
Rovibration_vJ|1[56]        -Rovibration_vJ|10[57]           5.2066E-16  1.0810E-07   5.619E+03     195- 668     3566
Rovibration_vJ|3[31]        -Rovibration_vJ|3[32]            1.2466E-08  1.1390E-04   8.412E+05     196- 198     3567
Rovibration_vJ|3[31]        -Rovibration_vJ|4[30]            2.0619E-05  5.3050E+01   5.175E+04     196- 254     3568
Rovibration_vJ|3[31]        -Rovibration_vJ|4[32]            2.3868E-05  7.2290E+01   4.620E+04     196- 258     3569
Rovibration_vJ|3[31]        -Rovibration_vJ|5[30]            3.7167E-07  4.0030E+00   2.529E+04     196- 315     3570
Rovibration_vJ|3[31]        -Rovibration_vJ|5[32]            5.4896E-07  6.2120E+00   2.390E+04     196- 319     3571
Rovibration_vJ|3[31]        -Rovibration_vJ|6[30]            4.1218E-09  1.0050E-01   1.681E+04     196- 376     3572
Rovibration_vJ|3[31]        -Rovibration_vJ|6[32]            8.7895E-09  2.1680E-01   1.619E+04     196- 380     3573
Rovibration_vJ|3[31]        -Rovibration_vJ|7[30]            1.9539E-11  8.4400E-04   1.263E+04     196- 437     3574
Rovibration_vJ|3[31]        -Rovibration_vJ|7[32]            1.1018E-10  4.7240E-03   1.228E+04     196- 441     3575
Rovibration_vJ|3[31]        -Rovibration_vJ|8[30]            3.1629E-13  2.1190E-05   1.014E+04     196- 498     3576
Rovibration_vJ|3[31]        -Rovibration_vJ|8[32]            4.7241E-13  3.1060E-05   9.916E+03     196- 502     3577
Rovibration_vJ|3[31]        -Rovibration_vJ|9[30]            1.1938E-13  1.1410E-05   8.490E+03     196- 559     3578
Rovibration_vJ|3[31]        -Rovibration_vJ|9[32]            6.2833E-15  5.8490E-07   8.334E+03     196- 563     3579
Rovibration_vJ|3[31]        -Rovibration_vJ|10[30]           8.9179E-15  1.1480E-06   7.315E+03     196- 620     3580
Rovibration_vJ|3[31]        -Rovibration_vJ|10[32]           1.0561E-15  1.3170E-07   7.200E+03     196- 624     3581
Rovibration_vJ|2[46]        -Rovibration_vJ|2[47]            4.4615E-08  8.9110E-04   5.718E+05     197- 207     3582
Rovibration_vJ|2[46]        -Rovibration_vJ|3[45]            1.5285E-05  3.6940E+01   5.311E+04     197- 255     3583
Rovibration_vJ|2[46]        -Rovibration_vJ|3[47]            1.8538E-05  5.9970E+01   4.493E+04     197- 269     3584
Rovibration_vJ|2[46]        -Rovibration_vJ|4[45]            2.0623E-07  2.1500E+00   2.557E+04     197- 316     3585
Rovibration_vJ|2[46]        -Rovibration_vJ|4[47]            3.5884E-07  4.2330E+00   2.353E+04     197- 330     3586
Rovibration_vJ|2[46]        -Rovibration_vJ|5[45]            1.6968E-09  4.0430E-02   1.691E+04     197- 377     3587
Rovibration_vJ|2[46]        -Rovibration_vJ|5[47]            5.1303E-09  1.3080E-01   1.600E+04     197- 392     3588
Rovibration_vJ|2[46]        -Rovibration_vJ|6[45]            3.8883E-12  1.6490E-04   1.268E+04     197- 438     3589
Rovibration_vJ|2[46]        -Rovibration_vJ|6[47]            6.1321E-11  2.7060E-03   1.216E+04     197- 453     3590
Rovibration_vJ|2[46]        -Rovibration_vJ|7[45]            2.8790E-13  1.8990E-05   1.017E+04     197- 499     3591
Rovibration_vJ|2[46]        -Rovibration_vJ|7[47]            3.6686E-13  2.4760E-05   9.836E+03     197- 515     3592
Rovibration_vJ|2[46]        -Rovibration_vJ|8[45]            5.8776E-14  5.5410E-06   8.504E+03     197- 560     3593
Rovibration_vJ|2[46]        -Rovibration_vJ|8[47]            1.2381E-16  1.1810E-08   8.274E+03     197- 576     3594
Rovibration_vJ|2[46]        -Rovibration_vJ|9[45]            4.0670E-15  5.1710E-07   7.322E+03     197- 621     3595
Rovibration_vJ|2[46]        -Rovibration_vJ|9[47]            1.8092E-16  2.3090E-08   7.153E+03     197- 628     3596
Rovibration_vJ|2[46]        -Rovibration_vJ|10[45]           3.5389E-17  5.8170E-09   6.440E+03     197- 651     3597
Rovibration_vJ|2[46]        -Rovibration_vJ|10[47]           3.4638E-17  5.6810E-09   6.310E+03     197- 655     3598
Rovibration_vJ|3[32]        -Rovibration_vJ|3[33]            1.1917E-08  1.1580E-04   8.160E+05     198- 204     3599
Rovibration_vJ|3[32]        -Rovibration_vJ|4[31]            2.0586E-05  5.2650E+01   5.187E+04     198- 257     3600
Rovibration_vJ|3[32]        -Rovibration_vJ|4[33]            2.3893E-05  7.2600E+01   4.615E+04     198- 265     3601
Rovibration_vJ|3[32]        -Rovibration_vJ|5[31]            3.7007E-07  3.9700E+00   2.533E+04     198- 318     3602
Rovibration_vJ|3[32]        -Rovibration_vJ|5[33]            5.5223E-07  6.2590E+00   2.389E+04     198- 327     3603
Rovibration_vJ|3[32]        -Rovibration_vJ|6[31]            4.0841E-09  9.9250E-02   1.683E+04     198- 378     3604
Rovibration_vJ|3[32]        -Rovibration_vJ|6[33]            8.8981E-09  2.1970E-01   1.619E+04     198- 388     3605
Rovibration_vJ|3[32]        -Rovibration_vJ|7[31]            1.8974E-11  8.1710E-04   1.264E+04     198- 439     3606
Rovibration_vJ|3[32]        -Rovibration_vJ|7[33]            1.1285E-10  4.8420E-03   1.228E+04     198- 449     3607
Rovibration_vJ|3[32]        -Rovibration_vJ|8[31]            3.3366E-13  2.2290E-05   1.015E+04     198- 500     3608
Rovibration_vJ|3[32]        -Rovibration_vJ|8[33]            5.0864E-13  3.3460E-05   9.918E+03     198- 510     3609
Rovibration_vJ|3[32]        -Rovibration_vJ|9[31]            1.2212E-13  1.1640E-05   8.497E+03     198- 561     3610
Rovibration_vJ|3[32]        -Rovibration_vJ|9[33]            5.5012E-15  5.1230E-07   8.336E+03     198- 571     3611
Rovibration_vJ|3[32]        -Rovibration_vJ|10[31]           8.9884E-15  1.1540E-06   7.321E+03     198- 622     3612
Rovibration_vJ|3[32]        -Rovibration_vJ|10[33]           9.4435E-16  1.1780E-07   7.202E+03     198- 626     3613
Rovibration_vJ|1[57]        -Rovibration_vJ|1[58]            1.0410E-07  3.1910E-03   4.625E+05     199- 213     3614
Rovibration_vJ|1[57]        -Rovibration_vJ|2[56]            1.0108E-05  2.3440E+01   5.410E+04     199- 256     3615
Rovibration_vJ|1[57]        -Rovibration_vJ|2[58]            1.2752E-05  4.3200E+01   4.399E+04     199- 274     3616
Rovibration_vJ|1[57]        -Rovibration_vJ|3[56]            9.7098E-08  9.9370E-01   2.575E+04     199- 317     3617
Rovibration_vJ|1[57]        -Rovibration_vJ|3[58]            1.9172E-07  2.3280E+00   2.324E+04     199- 336     3618
Rovibration_vJ|1[57]        -Rovibration_vJ|4[56]            5.7943E-10  1.3650E-02   1.698E+04     199- 379     3619
Rovibration_vJ|1[57]        -Rovibration_vJ|4[58]            2.2986E-09  5.9960E-02   1.585E+04     199- 397     3620
Rovibration_vJ|1[57]        -Rovibration_vJ|5[56]            5.7992E-13  2.4400E-05   1.270E+04     199- 440     3621
Rovibration_vJ|1[57]        -Rovibration_vJ|5[58]            2.4750E-11  1.1140E-03   1.207E+04     199- 459     3622
Rovibration_vJ|1[57]        -Rovibration_vJ|6[56]            1.3594E-13  8.9140E-06   1.017E+04     199- 501     3623
Rovibration_vJ|1[57]        -Rovibration_vJ|6[58]            1.5500E-13  1.0650E-05   9.768E+03     199- 520     3624
Rovibration_vJ|1[57]        -Rovibration_vJ|7[56]            2.3580E-14  2.2130E-06   8.505E+03     199- 562     3625
Rovibration_vJ|1[57]        -Rovibration_vJ|7[58]            6.9493E-17  6.7400E-09   8.222E+03     199- 582     3626
Rovibration_vJ|1[57]        -Rovibration_vJ|8[56]            2.3213E-15  2.9410E-07   7.320E+03     199- 623     3627
Rovibration_vJ|1[57]        -Rovibration_vJ|8[58]            3.7810E-16  4.9020E-08   7.111E+03     199- 630     3628
Rovibration_vJ|1[57]        -Rovibration_vJ|9[56]            2.9046E-19  4.7610E-11   6.435E+03     199- 652     3629
Rovibration_vJ|1[57]        -Rovibration_vJ|9[58]            2.4770E-17  4.1240E-09   6.275E+03     199- 656     3630
Rovibration_vJ|1[57]        -Rovibration_vJ|10[56]           4.3078E-16  8.8440E-08   5.750E+03     199- 667     3631
Rovibration_vJ|1[57]        -Rovibration_vJ|10[58]           5.0835E-16  1.0540E-07   5.623E+03     199- 669     3632
Rovibration_vJ|4[0]         -Rovibration_vJ|4[1]             9.3967E-11  2.8680E-10   2.699E+07     200- 201     3633
Rovibration_vJ|4[0]         -Rovibration_vJ|5[1]             5.4836E-05  5.0810E+01   4.899E+04     200- 262     3634
Rovibration_vJ|4[0]         -Rovibration_vJ|6[1]             1.3570E-06  4.9560E+00   2.467E+04     200- 323     3635
Rovibration_vJ|4[0]         -Rovibration_vJ|7[1]             2.2018E-08  1.7850E-01   1.656E+04     200- 383     3636
Rovibration_vJ|4[0]         -Rovibration_vJ|8[1]             2.2410E-10  3.1870E-03   1.250E+04     200- 444     3637
Rovibration_vJ|4[0]         -Rovibration_vJ|9[1]             2.2998E-14  5.0430E-07   1.007E+04     200- 505     3638
Rovibration_vJ|4[0]         -Rovibration_vJ|10[1]            3.0484E-13  9.4990E-06   8.447E+03     200- 566     3639
Rovibration_vJ|4[1]         -Rovibration_vJ|4[2]             1.2405E-10  2.7260E-09   1.350E+07     201- 202     3640
Rovibration_vJ|4[1]         -Rovibration_vJ|5[0]             1.8214E-05  1.5080E+02   4.916E+04     201- 261     3641
Rovibration_vJ|4[1]         -Rovibration_vJ|5[2]             3.6623E-05  6.1300E+01   4.890E+04     201- 263     3642
Rovibration_vJ|4[1]         -Rovibration_vJ|6[0]             4.4731E-07  1.4650E+01   2.472E+04     201- 321     3643
Rovibration_vJ|4[1]         -Rovibration_vJ|6[2]             9.0986E-07  5.9920E+00   2.465E+04     201- 324     3644
Rovibration_vJ|4[1]         -Rovibration_vJ|7[0]             7.1773E-09  5.2240E-01   1.658E+04     201- 382     3645
Rovibration_vJ|4[1]         -Rovibration_vJ|7[2]             1.4847E-08  2.1690E-01   1.655E+04     201- 384     3646
Rovibration_vJ|4[1]         -Rovibration_vJ|8[0]             7.1024E-11  9.0740E-03   1.252E+04     201- 443     3647
Rovibration_vJ|4[1]         -Rovibration_vJ|8[2]             1.5320E-10  3.9250E-03   1.250E+04     201- 445     3648
Rovibration_vJ|4[1]         -Rovibration_vJ|9[0]             1.5700E-15  3.0940E-07   1.008E+04     201- 504     3649
Rovibration_vJ|4[1]         -Rovibration_vJ|9[2]             2.5034E-14  9.8880E-07   1.007E+04     201- 506     3650
Rovibration_vJ|4[1]         -Rovibration_vJ|10[0]            1.0867E-13  3.0440E-05   8.452E+03     201- 565     3651
Rovibration_vJ|4[1]         -Rovibration_vJ|10[2]            1.9619E-13  1.1010E-05   8.445E+03     201- 567     3652
Rovibration_vJ|4[2]         -Rovibration_vJ|4[3]             1.6476E-10  9.6970E-09   8.997E+06     202- 203     3653
Rovibration_vJ|4[2]         -Rovibration_vJ|5[1]             2.1817E-05  9.9980E+01   4.925E+04     202- 262     3654
Rovibration_vJ|4[2]         -Rovibration_vJ|5[3]             3.3021E-05  6.6030E+01   4.881E+04     202- 264     3655
Rovibration_vJ|4[2]         -Rovibration_vJ|6[1]             5.3377E-07  9.6940E+00   2.474E+04     202- 323     3656
Rovibration_vJ|4[2]         -Rovibration_vJ|6[3]             8.2358E-07  6.4680E+00   2.463E+04     202- 325     3657
Rovibration_vJ|4[2]         -Rovibration_vJ|7[1]             8.5180E-09  3.4400E-01   1.659E+04     202- 383     3658
Rovibration_vJ|4[2]         -Rovibration_vJ|7[3]             1.3514E-08  2.3530E-01   1.654E+04     202- 385     3659
Rovibration_vJ|4[2]         -Rovibration_vJ|8[1]             8.3106E-11  5.8930E-03   1.252E+04     202- 444     3660
Rovibration_vJ|4[2]         -Rovibration_vJ|8[3]             1.4139E-10  4.3160E-03   1.249E+04     202- 446     3661
Rovibration_vJ|4[2]         -Rovibration_vJ|9[1]             3.0732E-16  3.3620E-08   1.008E+04     202- 505     3662
Rovibration_vJ|4[2]         -Rovibration_vJ|9[3]             3.3517E-14  1.5770E-06   1.006E+04     202- 507     3663
Rovibration_vJ|4[2]         -Rovibration_vJ|10[1]            1.3472E-13  2.0950E-05   8.455E+03     202- 566     3664
Rovibration_vJ|4[2]         -Rovibration_vJ|10[3]            1.7040E-13  1.1390E-05   8.443E+03     202- 568     3665
Rovibration_vJ|4[3]         -Rovibration_vJ|4[4]             2.0444E-10  2.3290E-08   6.748E+06     203- 205     3666
Rovibration_vJ|4[3]         -Rovibration_vJ|5[2]             2.3332E-05  8.9480E+01   4.935E+04     203- 263     3667
Rovibration_vJ|4[3]         -Rovibration_vJ|5[4]             3.1502E-05  6.8830E+01   4.873E+04     203- 266     3668
Rovibration_vJ|4[3]         -Rovibration_vJ|6[2]             5.6875E-07  8.6600E+00   2.476E+04     203- 324     3669
Rovibration_vJ|4[3]         -Rovibration_vJ|6[4]             7.8881E-07  6.7570E+00   2.461E+04     203- 326     3670
Rovibration_vJ|4[3]         -Rovibration_vJ|7[2]             9.0232E-09  3.0570E-01   1.660E+04     203- 384     3671
Rovibration_vJ|4[3]         -Rovibration_vJ|7[4]             1.3019E-08  2.4710E-01   1.653E+04     203- 387     3672
Rovibration_vJ|4[3]         -Rovibration_vJ|8[2]             8.6800E-11  5.1650E-03   1.253E+04     203- 445     3673
Rovibration_vJ|4[3]         -Rovibration_vJ|8[4]             1.3807E-10  4.5930E-03   1.249E+04     203- 447     3674
Rovibration_vJ|4[3]         -Rovibration_vJ|9[2]             7.0096E-17  6.4360E-09   1.008E+04     203- 506     3675
Rovibration_vJ|4[3]         -Rovibration_vJ|9[4]             4.4573E-14  2.2850E-06   1.006E+04     203- 508     3676
Rovibration_vJ|4[3]         -Rovibration_vJ|10[2]            1.4900E-13  1.9450E-05   8.458E+03     203- 567     3677
Rovibration_vJ|4[3]         -Rovibration_vJ|10[4]            1.5641E-13  1.1390E-05   8.441E+03     203- 569     3678
Rovibration_vJ|3[33]        -Rovibration_vJ|3[34]            1.1313E-08  1.1670E-04   7.924E+05     204- 211     3679
Rovibration_vJ|3[33]        -Rovibration_vJ|4[32]            2.0554E-05  5.2260E+01   5.200E+04     204- 258     3680
Rovibration_vJ|3[33]        -Rovibration_vJ|4[34]            2.3919E-05  7.2910E+01   4.610E+04     204- 272     3681
Rovibration_vJ|3[33]        -Rovibration_vJ|5[32]            3.6853E-07  3.9380E+00   2.537E+04     204- 319     3682
Rovibration_vJ|3[33]        -Rovibration_vJ|5[34]            5.5554E-07  6.3060E+00   2.389E+04     204- 333     3683
Rovibration_vJ|3[33]        -Rovibration_vJ|6[32]            4.0464E-09  9.8010E-02   1.685E+04     204- 380     3684
Rovibration_vJ|3[33]        -Rovibration_vJ|6[34]            9.0073E-09  2.2260E-01   1.619E+04     204- 395     3685
Rovibration_vJ|3[33]        -Rovibration_vJ|7[32]            1.8426E-11  7.9110E-04   1.265E+04     204- 441     3686
Rovibration_vJ|3[33]        -Rovibration_vJ|7[34]            1.1560E-10  4.9630E-03   1.228E+04     204- 456     3687
Rovibration_vJ|3[33]        -Rovibration_vJ|8[32]            3.5142E-13  2.3410E-05   1.016E+04     204- 502     3688
Rovibration_vJ|3[33]        -Rovibration_vJ|8[34]            5.4671E-13  3.5980E-05   9.920E+03     204- 517     3689
Rovibration_vJ|3[33]        -Rovibration_vJ|9[32]            1.2498E-13  1.1880E-05   8.505E+03     204- 563     3690
Rovibration_vJ|3[33]        -Rovibration_vJ|9[34]            4.7684E-15  4.4420E-07   8.338E+03     204- 578     3691
Rovibration_vJ|3[33]        -Rovibration_vJ|10[32]           9.0511E-15  1.1590E-06   7.328E+03     204- 624     3692
Rovibration_vJ|3[33]        -Rovibration_vJ|10[34]           8.3754E-16  1.0450E-07   7.205E+03     204- 629     3693
Rovibration_vJ|4[4]         -Rovibration_vJ|4[5]             2.4099E-10  4.5120E-08   5.399E+06     205- 206     3694
Rovibration_vJ|4[4]         -Rovibration_vJ|5[3]             2.4153E-05  8.4750E+01   4.944E+04     205- 264     3695
Rovibration_vJ|4[4]         -Rovibration_vJ|5[5]             3.0680E-05  7.0760E+01   4.864E+04     205- 267     3696
Rovibration_vJ|4[4]         -Rovibration_vJ|6[3]             5.8654E-07  8.1860E+00   2.479E+04     205- 325     3697
Rovibration_vJ|4[4]         -Rovibration_vJ|6[5]             7.7133E-07  6.9620E+00   2.459E+04     205- 328     3698
Rovibration_vJ|4[4]         -Rovibration_vJ|7[3]             9.2558E-09  2.8760E-01   1.661E+04     205- 385     3699
Rovibration_vJ|4[4]         -Rovibration_vJ|7[5]             1.2804E-08  2.5590E-01   1.652E+04     205- 389     3700
Rovibration_vJ|4[4]         -Rovibration_vJ|8[3]             8.7762E-11  4.7910E-03   1.253E+04     205- 446     3701
Rovibration_vJ|4[4]         -Rovibration_vJ|8[5]             1.3764E-10  4.8200E-03   1.248E+04     205- 450     3702
Rovibration_vJ|4[4]         -Rovibration_vJ|9[3]             1.2439E-15  1.0480E-07   1.009E+04     205- 507     3703
Rovibration_vJ|4[4]         -Rovibration_vJ|9[5]             5.7860E-14  3.1220E-06   1.006E+04     205- 509     3704
Rovibration_vJ|4[4]         -Rovibration_vJ|10[3]            1.5944E-13  1.9100E-05   8.461E+03     205- 568     3705
Rovibration_vJ|4[4]         -Rovibration_vJ|10[5]            1.4653E-13  1.1230E-05   8.439E+03     205- 570     3706
Rovibration_vJ|4[5]         -Rovibration_vJ|4[6]             2.7340E-10  7.6220E-08   4.499E+06     206- 208     3707
Rovibration_vJ|4[5]         -Rovibration_vJ|5[4]             2.4656E-05  8.1930E+01   4.953E+04     206- 266     3708
Rovibration_vJ|4[5]         -Rovibration_vJ|5[6]             3.0175E-05  7.2220E+01   4.856E+04     206- 268     3709
Rovibration_vJ|4[5]         -Rovibration_vJ|6[4]             5.9656E-07  7.8990E+00   2.481E+04     206- 326     3710
Rovibration_vJ|4[5]         -Rovibration_vJ|6[6]             7.6164E-07  7.1210E+00   2.457E+04     206- 329     3711
Rovibration_vJ|4[5]         -Rovibration_vJ|7[4]             9.3635E-09  2.7620E-01   1.662E+04     206- 387     3712
Rovibration_vJ|4[5]         -Rovibration_vJ|7[6]             1.2716E-08  2.6310E-01   1.652E+04     206- 390     3713
Rovibration_vJ|4[5]         -Rovibration_vJ|8[4]             8.7501E-11  4.5360E-03   1.254E+04     206- 447     3714
Rovibration_vJ|4[5]         -Rovibration_vJ|8[6]             1.3857E-10  5.0220E-03   1.248E+04     206- 451     3715
Rovibration_vJ|4[5]         -Rovibration_vJ|9[4]             3.9003E-15  3.1210E-07   1.009E+04     206- 508     3716
Rovibration_vJ|4[5]         -Rovibration_vJ|9[6]             7.3273E-14  4.0910E-06   1.005E+04     206- 512     3717
Rovibration_vJ|4[5]         -Rovibration_vJ|10[4]            1.6812E-13  1.9130E-05   8.464E+03     206- 569     3718
Rovibration_vJ|4[5]         -Rovibration_vJ|10[6]            1.3835E-13  1.0970E-05   8.437E+03     206- 572     3719
Rovibration_vJ|2[47]        -Rovibration_vJ|2[48]            4.2440E-08  8.8340E-04   5.602E+05     207- 216     3720
Rovibration_vJ|2[47]        -Rovibration_vJ|3[46]            1.5253E-05  3.6640E+01   5.326E+04     207- 259     3721
Rovibration_vJ|2[47]        -Rovibration_vJ|3[48]            1.8559E-05  6.0170E+01   4.489E+04     207- 277     3722
Rovibration_vJ|2[47]        -Rovibration_vJ|4[46]            2.0541E-07  2.1330E+00   2.562E+04     207- 320     3723
Rovibration_vJ|2[47]        -Rovibration_vJ|4[48]            3.6118E-07  4.2630E+00   2.353E+04     207- 338     3724
Rovibration_vJ|2[47]        -Rovibration_vJ|5[46]            1.6818E-09  3.9940E-02   1.694E+04     207- 381     3725
Rovibration_vJ|2[47]        -Rovibration_vJ|5[48]            5.1970E-09  1.3250E-01   1.601E+04     207- 400     3726
Rovibration_vJ|2[47]        -Rovibration_vJ|6[46]            3.7510E-12  1.5860E-04   1.269E+04     207- 442     3727
Rovibration_vJ|2[47]        -Rovibration_vJ|6[48]            6.2837E-11  2.7720E-03   1.217E+04     207- 461     3728
Rovibration_vJ|2[47]        -Rovibration_vJ|7[46]            2.9723E-13  1.9550E-05   1.018E+04     207- 503     3729
Rovibration_vJ|2[47]        -Rovibration_vJ|7[48]            3.8898E-13  2.6240E-05   9.841E+03     207- 523     3730
Rovibration_vJ|2[47]        -Rovibration_vJ|8[46]            5.9968E-14  5.6380E-06   8.513E+03     207- 564     3731
Rovibration_vJ|2[47]        -Rovibration_vJ|8[48]            6.4492E-17  6.1480E-09   8.278E+03     207- 585     3732
Rovibration_vJ|2[47]        -Rovibration_vJ|9[46]            4.1661E-15  5.2830E-07   7.330E+03     207- 625     3733
Rovibration_vJ|2[47]        -Rovibration_vJ|9[48]            1.6897E-16  2.1550E-08   7.157E+03     207- 632     3734
Rovibration_vJ|2[47]        -Rovibration_vJ|10[46]           4.2178E-17  6.9150E-09   6.447E+03     207- 653     3735
Rovibration_vJ|2[47]        -Rovibration_vJ|10[48]           3.1340E-17  5.1360E-09   6.314E+03     207- 657     3736
Rovibration_vJ|4[6]         -Rovibration_vJ|4[7]             3.0083E-10  1.1690E-07   3.857E+06     208- 209     3737
Rovibration_vJ|4[6]         -Rovibration_vJ|5[5]             2.4988E-05  7.9980E+01   4.963E+04     208- 267     3738
Rovibration_vJ|4[6]         -Rovibration_vJ|5[7]             2.9842E-05  7.3400E+01   4.848E+04     208- 270     3739
Rovibration_vJ|4[6]         -Rovibration_vJ|6[5]             6.0247E-07  7.6980E+00   2.484E+04     208- 328     3740
Rovibration_vJ|4[6]         -Rovibration_vJ|6[7]             7.5631E-07  7.2540E+00   2.455E+04     208- 331     3741
Rovibration_vJ|4[6]         -Rovibration_vJ|7[5]             9.4024E-09  2.6780E-01   1.664E+04     208- 389     3742
Rovibration_vJ|4[6]         -Rovibration_vJ|7[7]             1.2700E-08  2.6940E-01   1.651E+04     208- 391     3743
Rovibration_vJ|4[6]         -Rovibration_vJ|8[5]             8.6598E-11  4.3360E-03   1.255E+04     208- 450     3744
Rovibration_vJ|4[6]         -Rovibration_vJ|8[7]             1.4023E-10  5.2090E-03   1.247E+04     208- 452     3745
Rovibration_vJ|4[6]         -Rovibration_vJ|9[5]             8.0373E-15  6.2130E-07   1.010E+04     208- 509     3746
Rovibration_vJ|4[6]         -Rovibration_vJ|9[7]             9.0869E-14  5.1990E-06   1.005E+04     208- 513     3747
Rovibration_vJ|4[6]         -Rovibration_vJ|10[5]            1.7582E-13  1.9330E-05   8.468E+03     208- 570     3748
Rovibration_vJ|4[6]         -Rovibration_vJ|10[7]            1.3133E-13  1.0670E-05   8.435E+03     208- 574     3749
Rovibration_vJ|4[7]         -Rovibration_vJ|4[8]             3.2266E-10  1.6670E-07   3.375E+06     209- 210     3750
Rovibration_vJ|4[7]         -Rovibration_vJ|5[6]             2.5222E-05  7.8510E+01   4.972E+04     209- 268     3751
Rovibration_vJ|4[7]         -Rovibration_vJ|5[8]             2.9609E-05  7.4390E+01   4.840E+04     209- 271     3752
Rovibration_vJ|4[7]         -Rovibration_vJ|6[6]             6.0581E-07  7.5420E+00   2.486E+04     209- 329     3753
Rovibration_vJ|4[7]         -Rovibration_vJ|6[8]             7.5347E-07  7.3690E+00   2.453E+04     209- 332     3754
Rovibration_vJ|4[7]         -Rovibration_vJ|7[6]             9.4029E-09  2.6110E-01   1.665E+04     209- 390     3755
Rovibration_vJ|4[7]         -Rovibration_vJ|7[8]             1.2726E-08  2.7510E-01   1.650E+04     209- 393     3756
Rovibration_vJ|4[7]         -Rovibration_vJ|8[6]             8.5338E-11  4.1670E-03   1.255E+04     209- 451     3757
Rovibration_vJ|4[7]         -Rovibration_vJ|8[8]             1.4238E-10  5.3880E-03   1.247E+04     209- 454     3758
Rovibration_vJ|4[7]         -Rovibration_vJ|9[6]             1.3634E-14  1.0280E-06   1.010E+04     209- 512     3759
Rovibration_vJ|4[7]         -Rovibration_vJ|9[8]             1.1066E-13  6.4490E-06   1.005E+04     209- 514     3760
Rovibration_vJ|4[7]         -Rovibration_vJ|10[6]            1.8303E-13  1.9630E-05   8.471E+03     209- 572     3761
Rovibration_vJ|4[7]         -Rovibration_vJ|10[8]            1.2484E-13  1.0330E-05   8.434E+03     209- 575     3762
Rovibration_vJ|4[8]         -Rovibration_vJ|4[9]             3.3852E-10  2.2440E-07   3.001E+06     210- 212     3763
Rovibration_vJ|4[8]         -Rovibration_vJ|5[7]             2.5385E-05  7.7310E+01   4.982E+04     210- 270     3764
Rovibration_vJ|4[8]         -Rovibration_vJ|5[9]             2.9440E-05  7.5250E+01   4.832E+04     210- 273     3765
Rovibration_vJ|4[8]         -Rovibration_vJ|6[7]             6.0757E-07  7.4140E+00   2.489E+04     210- 331     3766
Rovibration_vJ|4[8]         -Rovibration_vJ|6[9]             7.5230E-07  7.4720E+00   2.451E+04     210- 334     3767
Rovibration_vJ|4[8]         -Rovibration_vJ|7[7]             9.3780E-09  2.5540E-01   1.666E+04     210- 391     3768
Rovibration_vJ|4[8]         -Rovibration_vJ|7[9]             1.2780E-08  2.8040E-01   1.649E+04     210- 394     3769
Rovibration_vJ|4[8]         -Rovibration_vJ|8[7]             8.3874E-11  4.0180E-03   1.256E+04     210- 452     3770
Rovibration_vJ|4[8]         -Rovibration_vJ|8[9]             1.4488E-10  5.5630E-03   1.247E+04     210- 455     3771
Rovibration_vJ|4[8]         -Rovibration_vJ|9[7]             2.0653E-14  1.5280E-06   1.011E+04     210- 513     3772
Rovibration_vJ|4[8]         -Rovibration_vJ|9[9]             1.3270E-13  7.8450E-06   1.005E+04     210- 516     3773
Rovibration_vJ|4[8]         -Rovibration_vJ|10[7]            1.8993E-13  1.9990E-05   8.475E+03     210- 574     3774
Rovibration_vJ|4[8]         -Rovibration_vJ|10[9]            1.1883E-13  9.9730E-06   8.433E+03     210- 577     3775
Rovibration_vJ|3[34]        -Rovibration_vJ|3[35]            1.0667E-08  1.1660E-04   7.701E+05     211- 217     3776
Rovibration_vJ|3[34]        -Rovibration_vJ|4[33]            2.0522E-05  5.1870E+01   5.213E+04     211- 265     3777
Rovibration_vJ|3[34]        -Rovibration_vJ|4[35]            2.3943E-05  7.3210E+01   4.604E+04     211- 279     3778
Rovibration_vJ|3[34]        -Rovibration_vJ|5[33]            3.6697E-07  3.9060E+00   2.540E+04     211- 327     3779
Rovibration_vJ|3[34]        -Rovibration_vJ|5[35]            5.5889E-07  6.3530E+00   2.388E+04     211- 340     3780
Rovibration_vJ|3[34]        -Rovibration_vJ|6[33]            4.0093E-09  9.6790E-02   1.687E+04     211- 388     3781
Rovibration_vJ|3[34]        -Rovibration_vJ|6[35]            9.1211E-09  2.2560E-01   1.619E+04     211- 401     3782
Rovibration_vJ|3[34]        -Rovibration_vJ|7[33]            1.7890E-11  7.6580E-04   1.267E+04     211- 449     3783
Rovibration_vJ|3[34]        -Rovibration_vJ|7[35]            1.1840E-10  5.0860E-03   1.228E+04     211- 462     3784
Rovibration_vJ|3[34]        -Rovibration_vJ|8[33]            3.6942E-13  2.4540E-05   1.017E+04     211- 510     3785
Rovibration_vJ|3[34]        -Rovibration_vJ|8[35]            5.8662E-13  3.8620E-05   9.923E+03     211- 522     3786
Rovibration_vJ|3[34]        -Rovibration_vJ|9[33]            1.2785E-13  1.2120E-05   8.512E+03     211- 571     3787
Rovibration_vJ|3[34]        -Rovibration_vJ|9[35]            4.0869E-15  3.8080E-07   8.341E+03     211- 583     3788
Rovibration_vJ|3[34]        -Rovibration_vJ|10[33]           9.1218E-15  1.1650E-06   7.334E+03     211- 626     3789
Rovibration_vJ|3[34]        -Rovibration_vJ|10[35]           7.3766E-16  9.2050E-08   7.207E+03     211- 631     3790
Rovibration_vJ|4[9]         -Rovibration_vJ|4[10]            3.4762E-10  2.8760E-07   2.701E+06     212- 214     3791
Rovibration_vJ|4[9]         -Rovibration_vJ|5[8]             2.5506E-05  7.6300E+01   4.992E+04     212- 271     3792
Rovibration_vJ|4[9]         -Rovibration_vJ|5[10]            2.9320E-05  7.6030E+01   4.824E+04     212- 275     3793
Rovibration_vJ|4[9]         -Rovibration_vJ|6[8]             6.0833E-07  7.3050E+00   2.492E+04     212- 332     3794
Rovibration_vJ|4[9]         -Rovibration_vJ|6[10]            7.5232E-07  7.5670E+00   2.449E+04     212- 335     3795
Rovibration_vJ|4[9]         -Rovibration_vJ|7[8]             9.3413E-09  2.5050E-01   1.667E+04     212- 393     3796
Rovibration_vJ|4[9]         -Rovibration_vJ|7[10]            1.2852E-08  2.8540E-01   1.649E+04     212- 396     3797
Rovibration_vJ|4[9]         -Rovibration_vJ|8[8]             8.2293E-11  3.8830E-03   1.257E+04     212- 454     3798
Rovibration_vJ|4[9]         -Rovibration_vJ|8[10]            1.4764E-10  5.7360E-03   1.246E+04     212- 457     3799
Rovibration_vJ|4[9]         -Rovibration_vJ|9[8]             2.9059E-14  2.1180E-06   1.011E+04     212- 514     3800
Rovibration_vJ|4[9]         -Rovibration_vJ|9[10]            1.5704E-13  9.3920E-06   1.005E+04     212- 518     3801
Rovibration_vJ|4[9]         -Rovibration_vJ|10[8]            1.9663E-13  2.0390E-05   8.479E+03     212- 575     3802
Rovibration_vJ|4[9]         -Rovibration_vJ|10[10]           1.1313E-13  9.6040E-06   8.431E+03     212- 579     3803
Rovibration_vJ|1[58]        -Rovibration_vJ|1[59]            9.9399E-08  3.1490E-03   4.550E+05     213- 221     3804
Rovibration_vJ|1[58]        -Rovibration_vJ|2[57]            1.0085E-05  2.3240E+01   5.427E+04     213- 260     3805
Rovibration_vJ|1[58]        -Rovibration_vJ|2[59]            1.2767E-05  4.3320E+01   4.396E+04     213- 282     3806
Rovibration_vJ|1[58]        -Rovibration_vJ|3[57]            9.6741E-08  9.8590E-01   2.581E+04     213- 322     3807
Rovibration_vJ|1[58]        -Rovibration_vJ|3[59]            1.9303E-07  2.3440E+00   2.324E+04     213- 344     3808
Rovibration_vJ|1[58]        -Rovibration_vJ|4[57]            5.7510E-10  1.3500E-02   1.700E+04     213- 386     3809
Rovibration_vJ|1[58]        -Rovibration_vJ|4[59]            2.3301E-09  6.0750E-02   1.586E+04     213- 406     3810
Rovibration_vJ|1[58]        -Rovibration_vJ|5[57]            5.5390E-13  2.3230E-05   1.272E+04     213- 448     3811
Rovibration_vJ|1[58]        -Rovibration_vJ|5[59]            2.5372E-11  1.1410E-03   1.208E+04     213- 467     3812
Rovibration_vJ|1[58]        -Rovibration_vJ|6[57]            1.3872E-13  9.0690E-06   1.019E+04     213- 511     3813
Rovibration_vJ|1[58]        -Rovibration_vJ|6[59]            1.6405E-13  1.1260E-05   9.775E+03     213- 528     3814
Rovibration_vJ|1[58]        -Rovibration_vJ|7[57]            2.3874E-14  2.2340E-06   8.516E+03     213- 573     3815
Rovibration_vJ|1[58]        -Rovibration_vJ|7[59]            3.9690E-17  3.8450E-09   8.228E+03     213- 591     3816
Rovibration_vJ|1[58]        -Rovibration_vJ|8[57]            2.3968E-15  3.0280E-07   7.329E+03     213- 627     3817
Rovibration_vJ|1[58]        -Rovibration_vJ|8[59]            3.8391E-16  4.9710E-08   7.117E+03     213- 635     3818
Rovibration_vJ|1[58]        -Rovibration_vJ|9[57]            1.9211E-18  3.1400E-10   6.443E+03     213- 654     3819
Rovibration_vJ|1[58]        -Rovibration_vJ|9[59]            1.7808E-17  2.9610E-09   6.280E+03     213- 659     3820
Rovibration_vJ|1[58]        -Rovibration_vJ|10[57]           4.1928E-16  8.5840E-08   5.757E+03     213- 668     3821
Rovibration_vJ|1[58]        -Rovibration_vJ|10[59]           4.9457E-16  1.0240E-07   5.628E+03     213- 670     3822
Rovibration_vJ|4[10]        -Rovibration_vJ|4[11]            3.5011E-10  3.5360E-07   2.456E+06     214- 215     3823
Rovibration_vJ|4[10]        -Rovibration_vJ|5[9]             2.5590E-05  7.5400E+01   5.002E+04     214- 273     3824
Rovibration_vJ|4[10]        -Rovibration_vJ|5[11]            2.9229E-05  7.6730E+01   4.817E+04     214- 276     3825
Rovibration_vJ|4[10]        -Rovibration_vJ|6[9]             6.0820E-07  7.2070E+00   2.494E+04     214- 334     3826
Rovibration_vJ|4[10]        -Rovibration_vJ|6[11]            7.5308E-07  7.6550E+00   2.448E+04     214- 337     3827
Rovibration_vJ|4[10]        -Rovibration_vJ|7[9]             9.2868E-09  2.4590E-01   1.669E+04     214- 394     3828
Rovibration_vJ|4[10]        -Rovibration_vJ|7[11]            1.2939E-08  2.9020E-01   1.648E+04     214- 398     3829
Rovibration_vJ|4[10]        -Rovibration_vJ|8[9]             8.0615E-11  3.7570E-03   1.258E+04     214- 455     3830
Rovibration_vJ|4[10]        -Rovibration_vJ|8[11]            1.5059E-10  5.9070E-03   1.246E+04     214- 458     3831
Rovibration_vJ|4[10]        -Rovibration_vJ|9[9]             3.8818E-14  2.7950E-06   1.012E+04     214- 516     3832
Rovibration_vJ|4[10]        -Rovibration_vJ|9[11]            1.8385E-13  1.1100E-05   1.004E+04     214- 519     3833
Rovibration_vJ|4[10]        -Rovibration_vJ|10[9]            2.0312E-13  2.0810E-05   8.483E+03     214- 577     3834
Rovibration_vJ|4[10]        -Rovibration_vJ|10[11]           1.0769E-13  9.2280E-06   8.430E+03     214- 580     3835
Rovibration_vJ|4[11]        -Rovibration_vJ|4[12]            3.4574E-10  4.1860E-07   2.251E+06     215- 218     3836
Rovibration_vJ|4[11]        -Rovibration_vJ|5[10]            2.5654E-05  7.4600E+01   5.012E+04     215- 275     3837
Rovibration_vJ|4[11]        -Rovibration_vJ|5[12]            2.9161E-05  7.7380E+01   4.809E+04     215- 278     3838
Rovibration_vJ|4[11]        -Rovibration_vJ|6[10]            6.0761E-07  7.1190E+00   2.497E+04     215- 335     3839
Rovibration_vJ|4[11]        -Rovibration_vJ|6[12]            7.5453E-07  7.7390E+00   2.446E+04     215- 339     3840
Rovibration_vJ|4[11]        -Rovibration_vJ|7[10]            9.2302E-09  2.4180E-01   1.670E+04     215- 396     3841
Rovibration_vJ|4[11]        -Rovibration_vJ|7[12]            1.3043E-08  2.9500E-01   1.647E+04     215- 399     3842
Rovibration_vJ|4[11]        -Rovibration_vJ|8[10]            7.8899E-11  3.6390E-03   1.259E+04     215- 457     3843
Rovibration_vJ|4[11]        -Rovibration_vJ|8[12]            1.5375E-10  6.0800E-03   1.246E+04     215- 460     3844
Rovibration_vJ|4[11]        -Rovibration_vJ|9[10]            4.9895E-14  3.5560E-06   1.012E+04     215- 518     3845
Rovibration_vJ|4[11]        -Rovibration_vJ|9[12]            2.1297E-13  1.2960E-05   1.004E+04     215- 521     3846
Rovibration_vJ|4[11]        -Rovibration_vJ|10[10]           2.0962E-13  2.1260E-05   8.487E+03     215- 579     3847
Rovibration_vJ|4[11]        -Rovibration_vJ|10[12]           1.0245E-13  8.8480E-06   8.430E+03     215- 581     3848
Rovibration_vJ|2[48]        -Rovibration_vJ|2[49]            4.0187E-08  8.7100E-04   5.491E+05     216- 223     3849
Rovibration_vJ|2[48]        -Rovibration_vJ|3[47]            1.5224E-05  3.6350E+01   5.341E+04     216- 269     3850
Rovibration_vJ|2[48]        -Rovibration_vJ|3[49]            1.8582E-05  6.0370E+01   4.485E+04     216- 285     3851
Rovibration_vJ|2[48]        -Rovibration_vJ|4[47]            2.0459E-07  2.1160E+00   2.566E+04     216- 330     3852
Rovibration_vJ|2[48]        -Rovibration_vJ|4[49]            3.6354E-07  4.2930E+00   2.353E+04     216- 346     3853
Rovibration_vJ|2[48]        -Rovibration_vJ|5[47]            1.6675E-09  3.9470E-02   1.696E+04     216- 392     3854
Rovibration_vJ|2[48]        -Rovibration_vJ|5[49]            5.2680E-09  1.3430E-01   1.601E+04     216- 407     3855
Rovibration_vJ|2[48]        -Rovibration_vJ|6[47]            3.6201E-12  1.5260E-04   1.271E+04     216- 453     3856
Rovibration_vJ|2[48]        -Rovibration_vJ|6[49]            6.4402E-11  2.8400E-03   1.217E+04     216- 468     3857
Rovibration_vJ|2[48]        -Rovibration_vJ|7[47]            3.0677E-13  2.0120E-05   1.019E+04     216- 515     3858
Rovibration_vJ|2[48]        -Rovibration_vJ|7[49]            4.1204E-13  2.7780E-05   9.846E+03     216- 530     3859
Rovibration_vJ|2[48]        -Rovibration_vJ|8[47]            6.1178E-14  5.7360E-06   8.523E+03     216- 576     3860
Rovibration_vJ|2[48]        -Rovibration_vJ|8[49]            2.4112E-17  2.2970E-09   8.283E+03     216- 590     3861
Rovibration_vJ|2[48]        -Rovibration_vJ|9[47]            4.2666E-15  5.3960E-07   7.338E+03     216- 628     3862
Rovibration_vJ|2[48]        -Rovibration_vJ|9[49]            1.5734E-16  2.0050E-08   7.161E+03     216- 634     3863
Rovibration_vJ|2[48]        -Rovibration_vJ|10[47]           4.9920E-17  8.1630E-09   6.454E+03     216- 655     3864
Rovibration_vJ|2[48]        -Rovibration_vJ|10[49]           2.7971E-17  4.5800E-09   6.318E+03     216- 658     3865
Rovibration_vJ|3[35]        -Rovibration_vJ|3[36]            9.9892E-09  1.1550E-04   7.491E+05     217- 222     3866
Rovibration_vJ|3[35]        -Rovibration_vJ|4[34]            2.0488E-05  5.1480E+01   5.226E+04     217- 272     3867
Rovibration_vJ|3[35]        -Rovibration_vJ|4[36]            2.3970E-05  7.3510E+01   4.599E+04     217- 283     3868
Rovibration_vJ|3[35]        -Rovibration_vJ|5[34]            3.6539E-07  3.8740E+00   2.544E+04     217- 333     3869
Rovibration_vJ|3[35]        -Rovibration_vJ|5[36]            5.6228E-07  6.4000E+00   2.387E+04     217- 343     3870
Rovibration_vJ|3[35]        -Rovibration_vJ|6[34]            3.9726E-09  9.5590E-02   1.689E+04     217- 395     3871
Rovibration_vJ|3[35]        -Rovibration_vJ|6[36]            9.2354E-09  2.2860E-01   1.619E+04     217- 404     3872
Rovibration_vJ|3[35]        -Rovibration_vJ|7[34]            1.7369E-11  7.4130E-04   1.268E+04     217- 456     3873
Rovibration_vJ|3[35]        -Rovibration_vJ|7[36]            1.2125E-10  5.2110E-03   1.229E+04     217- 465     3874
Rovibration_vJ|3[35]        -Rovibration_vJ|8[34]            3.8781E-13  2.5690E-05   1.018E+04     217- 517     3875
Rovibration_vJ|3[35]        -Rovibration_vJ|8[36]            6.2822E-13  4.1370E-05   9.925E+03     217- 527     3876
Rovibration_vJ|3[35]        -Rovibration_vJ|9[34]            1.3073E-13  1.2360E-05   8.520E+03     217- 578     3877
Rovibration_vJ|3[35]        -Rovibration_vJ|9[36]            3.4543E-15  3.2190E-07   8.344E+03     217- 588     3878
Rovibration_vJ|3[35]        -Rovibration_vJ|10[34]           9.1847E-15  1.1700E-06   7.340E+03     217- 629     3879
Rovibration_vJ|3[35]        -Rovibration_vJ|10[36]           6.4331E-16  8.0280E-08   7.210E+03     217- 633     3880
Rovibration_vJ|4[12]        -Rovibration_vJ|4[13]            3.3463E-10  4.7840E-07   2.078E+06     218- 219     3881
Rovibration_vJ|4[12]        -Rovibration_vJ|5[11]            2.5698E-05  7.3860E+01   5.023E+04     218- 276     3882
Rovibration_vJ|4[12]        -Rovibration_vJ|5[13]            2.9116E-05  7.8000E+01   4.802E+04     218- 280     3883
Rovibration_vJ|4[12]        -Rovibration_vJ|6[11]            6.0662E-07  7.0380E+00   2.500E+04     218- 337     3884
Rovibration_vJ|4[12]        -Rovibration_vJ|6[13]            7.5652E-07  7.8200E+00   2.444E+04     218- 341     3885
Rovibration_vJ|4[12]        -Rovibration_vJ|7[11]            9.1653E-09  2.3790E-01   1.671E+04     218- 398     3886
Rovibration_vJ|4[12]        -Rovibration_vJ|7[13]            1.3152E-08  2.9960E-01   1.647E+04     218- 402     3887
Rovibration_vJ|4[12]        -Rovibration_vJ|8[11]            7.7177E-11  3.5280E-03   1.259E+04     218- 458     3888
Rovibration_vJ|4[12]        -Rovibration_vJ|8[13]            1.5704E-10  6.2530E-03   1.245E+04     218- 463     3889
Rovibration_vJ|4[12]        -Rovibration_vJ|9[11]            6.2250E-14  4.3980E-06   1.013E+04     218- 519     3890
Rovibration_vJ|4[12]        -Rovibration_vJ|9[13]            2.4452E-13  1.4980E-05   1.004E+04     218- 524     3891
Rovibration_vJ|4[12]        -Rovibration_vJ|10[11]           2.1600E-13  2.1720E-05   8.491E+03     218- 580     3892
Rovibration_vJ|4[12]        -Rovibration_vJ|10[13]           9.7399E-14  8.4670E-06   8.429E+03     218- 584     3893
Rovibration_vJ|4[13]        -Rovibration_vJ|4[14]            3.1700E-10  5.2830E-07   1.930E+06     219- 220     3894
Rovibration_vJ|4[13]        -Rovibration_vJ|5[12]            2.5732E-05  7.3180E+01   5.033E+04     219- 278     3895
Rovibration_vJ|4[13]        -Rovibration_vJ|5[14]            2.9078E-05  7.8570E+01   4.794E+04     219- 281     3896
Rovibration_vJ|4[13]        -Rovibration_vJ|6[12]            6.0522E-07  6.9610E+00   2.503E+04     219- 339     3897
Rovibration_vJ|4[13]        -Rovibration_vJ|6[14]            7.5887E-07  7.8980E+00   2.443E+04     219- 342     3898
Rovibration_vJ|4[13]        -Rovibration_vJ|7[12]            9.0960E-09  2.3420E-01   1.673E+04     219- 399     3899
Rovibration_vJ|4[13]        -Rovibration_vJ|7[14]            1.3271E-08  3.0420E-01   1.646E+04     219- 403     3900
Rovibration_vJ|4[13]        -Rovibration_vJ|8[12]            7.5420E-11  3.4210E-03   1.260E+04     219- 460     3901
Rovibration_vJ|4[13]        -Rovibration_vJ|8[14]            1.6048E-10  6.4280E-03   1.245E+04     219- 464     3902
Rovibration_vJ|4[13]        -Rovibration_vJ|9[12]            7.5831E-14  5.3170E-06   1.014E+04     219- 521     3903
Rovibration_vJ|4[13]        -Rovibration_vJ|9[14]            2.7882E-13  1.7180E-05   1.004E+04     219- 525     3904
Rovibration_vJ|4[13]        -Rovibration_vJ|10[12]           2.2233E-13  2.2190E-05   8.496E+03     219- 581     3905
Rovibration_vJ|4[13]        -Rovibration_vJ|10[14]           9.2494E-14  8.0860E-06   8.428E+03     219- 586     3906
Rovibration_vJ|4[14]        -Rovibration_vJ|4[15]            2.9341E-10  5.6380E-07   1.802E+06     220- 224     3907
Rovibration_vJ|4[14]        -Rovibration_vJ|5[13]            2.5748E-05  7.2520E+01   5.043E+04     220- 280     3908
Rovibration_vJ|4[14]        -Rovibration_vJ|5[15]            2.9058E-05  7.9130E+01   4.787E+04     220- 284     3909
Rovibration_vJ|4[14]        -Rovibration_vJ|6[13]            6.0365E-07  6.8890E+00   2.506E+04     220- 341     3910
Rovibration_vJ|4[14]        -Rovibration_vJ|6[15]            7.6154E-07  7.9740E+00   2.441E+04     220- 345     3911
Rovibration_vJ|4[14]        -Rovibration_vJ|7[13]            9.0247E-09  2.3070E-01   1.674E+04     220- 402     3912
Rovibration_vJ|4[14]        -Rovibration_vJ|7[15]            1.3393E-08  3.0870E-01   1.645E+04     220- 405     3913
Rovibration_vJ|4[14]        -Rovibration_vJ|8[13]            7.3700E-11  3.3200E-03   1.261E+04     220- 463     3914
Rovibration_vJ|4[14]        -Rovibration_vJ|8[15]            1.6405E-10  6.6050E-03   1.245E+04     220- 466     3915
Rovibration_vJ|4[14]        -Rovibration_vJ|9[13]            9.0614E-14  6.3110E-06   1.014E+04     220- 524     3916
Rovibration_vJ|4[14]        -Rovibration_vJ|9[15]            3.1570E-13  1.9550E-05   1.004E+04     220- 526     3917
Rovibration_vJ|4[14]        -Rovibration_vJ|10[13]           2.2875E-13  2.2680E-05   8.501E+03     220- 584     3918
Rovibration_vJ|4[14]        -Rovibration_vJ|10[15]           8.7732E-14  7.7070E-06   8.428E+03     220- 587     3919
Rovibration_vJ|1[59]        -Rovibration_vJ|1[60]            9.4554E-08  3.0940E-03   4.477E+05     221- 229     3920
Rovibration_vJ|1[59]        -Rovibration_vJ|2[58]            1.0067E-05  2.3050E+01   5.443E+04     221- 274     3921
Rovibration_vJ|1[59]        -Rovibration_vJ|2[60]            1.2782E-05  4.3440E+01   4.394E+04     221- 291     3922
Rovibration_vJ|1[59]        -Rovibration_vJ|3[58]            9.6383E-08  9.7810E-01   2.586E+04     221- 336     3923
Rovibration_vJ|1[59]        -Rovibration_vJ|3[60]            1.9435E-07  2.3600E+00   2.324E+04     221- 352     3924
Rovibration_vJ|1[59]        -Rovibration_vJ|4[58]            5.7032E-10  1.3340E-02   1.703E+04     221- 397     3925
Rovibration_vJ|1[59]        -Rovibration_vJ|4[60]            2.3618E-09  6.1540E-02   1.587E+04     221- 413     3926
Rovibration_vJ|1[59]        -Rovibration_vJ|5[58]            5.2892E-13  2.2110E-05   1.274E+04     221- 459     3927
Rovibration_vJ|1[59]        -Rovibration_vJ|5[60]            2.6017E-11  1.1690E-03   1.208E+04     221- 475     3928
Rovibration_vJ|1[59]        -Rovibration_vJ|6[58]            1.4153E-13  9.2240E-06   1.020E+04     221- 520     3929
Rovibration_vJ|1[59]        -Rovibration_vJ|6[60]            1.7326E-13  1.1880E-05   9.781E+03     221- 536     3930
Rovibration_vJ|1[59]        -Rovibration_vJ|7[58]            2.4160E-14  2.2540E-06   8.527E+03     221- 582     3931
Rovibration_vJ|1[59]        -Rovibration_vJ|7[60]            1.7797E-17  1.7220E-09   8.234E+03     221- 598     3932
Rovibration_vJ|1[59]        -Rovibration_vJ|8[58]            2.4721E-15  3.1140E-07   7.339E+03     221- 630     3933
Rovibration_vJ|1[59]        -Rovibration_vJ|8[60]            3.8897E-16  5.0300E-08   7.122E+03     221- 639     3934
Rovibration_vJ|1[59]        -Rovibration_vJ|9[58]            5.0661E-18  8.2570E-10   6.452E+03     221- 656     3935
Rovibration_vJ|1[59]        -Rovibration_vJ|9[60]            1.1889E-17  1.9740E-09   6.286E+03     221- 661     3936
Rovibration_vJ|1[59]        -Rovibration_vJ|10[58]           4.0689E-16  8.3070E-08   5.765E+03     221- 669     3937
Rovibration_vJ|1[59]        -Rovibration_vJ|10[60]           4.7966E-16  9.9170E-08   5.633E+03     221- 671     3938
Rovibration_vJ|3[36]        -Rovibration_vJ|3[37]            9.2702E-09  1.1320E-04   7.292E+05     222- 226     3939
Rovibration_vJ|3[36]        -Rovibration_vJ|4[35]            2.0453E-05  5.1090E+01   5.240E+04     222- 279     3940
Rovibration_vJ|3[36]        -Rovibration_vJ|4[37]            2.3994E-05  7.3800E+01   4.594E+04     222- 287     3941
Rovibration_vJ|3[36]        -Rovibration_vJ|5[35]            3.6389E-07  3.8430E+00   2.548E+04     222- 340     3942
Rovibration_vJ|3[36]        -Rovibration_vJ|5[37]            5.6570E-07  6.4470E+00   2.387E+04     222- 349     3943
Rovibration_vJ|3[36]        -Rovibration_vJ|6[35]            3.9364E-09  9.4410E-02   1.691E+04     222- 401     3944
Rovibration_vJ|3[36]        -Rovibration_vJ|6[37]            9.3503E-09  2.3160E-01   1.619E+04     222- 410     3945
Rovibration_vJ|3[36]        -Rovibration_vJ|7[35]            1.6859E-11  7.1740E-04   1.270E+04     222- 462     3946
Rovibration_vJ|3[36]        -Rovibration_vJ|7[37]            1.2419E-10  5.3390E-03   1.229E+04     222- 471     3947
Rovibration_vJ|3[36]        -Rovibration_vJ|8[35]            4.0661E-13  2.6860E-05   1.019E+04     222- 522     3948
Rovibration_vJ|3[36]        -Rovibration_vJ|8[37]            6.7183E-13  4.4250E-05   9.928E+03     222- 532     3949
Rovibration_vJ|3[36]        -Rovibration_vJ|9[35]            1.3362E-13  1.2600E-05   8.528E+03     222- 583     3950
Rovibration_vJ|3[36]        -Rovibration_vJ|9[37]            2.8746E-15  2.6790E-07   8.347E+03     222- 593     3951
Rovibration_vJ|3[36]        -Rovibration_vJ|10[35]           9.2558E-15  1.1760E-06   7.347E+03     222- 631     3952
Rovibration_vJ|3[36]        -Rovibration_vJ|10[37]           5.5518E-16  6.9280E-08   7.213E+03     222- 636     3953
Rovibration_vJ|2[49]        -Rovibration_vJ|2[50]            3.7863E-08  8.5370E-04   5.385E+05     223- 228     3954
Rovibration_vJ|2[49]        -Rovibration_vJ|3[48]            1.5194E-05  3.6060E+01   5.356E+04     223- 277     3955
Rovibration_vJ|2[49]        -Rovibration_vJ|3[50]            1.8602E-05  6.0560E+01   4.481E+04     223- 290     3956
Rovibration_vJ|2[49]        -Rovibration_vJ|4[48]            2.0376E-07  2.0990E+00   2.571E+04     223- 338     3957
Rovibration_vJ|2[49]        -Rovibration_vJ|4[50]            3.6591E-07  4.3230E+00   2.352E+04     223- 351     3958
Rovibration_vJ|2[49]        -Rovibration_vJ|5[48]            1.6532E-09  3.9000E-02   1.699E+04     223- 400     3959
Rovibration_vJ|2[49]        -Rovibration_vJ|5[50]            5.3353E-09  1.3600E-01   1.602E+04     223- 412     3960
Rovibration_vJ|2[49]        -Rovibration_vJ|6[48]            3.4931E-12  1.4680E-04   1.273E+04     223- 461     3961
Rovibration_vJ|2[49]        -Rovibration_vJ|6[50]            6.5972E-11  2.9080E-03   1.218E+04     223- 473     3962
Rovibration_vJ|2[49]        -Rovibration_vJ|7[48]            3.1622E-13  2.0680E-05   1.020E+04     223- 523     3963
Rovibration_vJ|2[49]        -Rovibration_vJ|7[50]            4.3603E-13  2.9380E-05   9.851E+03     223- 534     3964
Rovibration_vJ|2[49]        -Rovibration_vJ|8[48]            6.2416E-14  5.8360E-06   8.533E+03     223- 585     3965
Rovibration_vJ|2[49]        -Rovibration_vJ|8[50]            3.1073E-18  2.9580E-10   8.287E+03     223- 596     3966
Rovibration_vJ|2[49]        -Rovibration_vJ|9[48]            4.3692E-15  5.5110E-07   7.347E+03     223- 632     3967
Rovibration_vJ|2[49]        -Rovibration_vJ|9[50]            1.4600E-16  1.8590E-08   7.166E+03     223- 637     3968
Rovibration_vJ|2[49]        -Rovibration_vJ|10[48]           5.8685E-17  9.5710E-09   6.461E+03     223- 657     3969
Rovibration_vJ|2[49]        -Rovibration_vJ|10[50]           2.4567E-17  4.0190E-09   6.322E+03     223- 660     3970
Rovibration_vJ|4[15]        -Rovibration_vJ|4[16]            2.6447E-10  5.8040E-07   1.690E+06     224- 225     3971
Rovibration_vJ|4[15]        -Rovibration_vJ|5[14]            2.5758E-05  7.1900E+01   5.054E+04     224- 281     3972
Rovibration_vJ|4[15]        -Rovibration_vJ|5[16]            2.9040E-05  7.9650E+01   4.780E+04     224- 286     3973
Rovibration_vJ|4[15]        -Rovibration_vJ|6[14]            6.0187E-07  6.8200E+00   2.508E+04     224- 342     3974
Rovibration_vJ|4[15]        -Rovibration_vJ|6[16]            7.6445E-07  8.0480E+00   2.440E+04     224- 347     3975
Rovibration_vJ|4[15]        -Rovibration_vJ|7[14]            8.9497E-09  2.2730E-01   1.676E+04     224- 403     3976
Rovibration_vJ|4[15]        -Rovibration_vJ|7[16]            1.3523E-08  3.1320E-01   1.645E+04     224- 408     3977
Rovibration_vJ|4[15]        -Rovibration_vJ|8[14]            7.1969E-11  3.2220E-03   1.262E+04     224- 464     3978
Rovibration_vJ|4[15]        -Rovibration_vJ|8[16]            1.6773E-10  6.7840E-03   1.245E+04     224- 469     3979
Rovibration_vJ|4[15]        -Rovibration_vJ|9[14]            1.0656E-13  7.3770E-06   1.015E+04     224- 525     3980
Rovibration_vJ|4[15]        -Rovibration_vJ|9[16]            3.5533E-13  2.2100E-05   1.004E+04     224- 529     3981
Rovibration_vJ|4[15]        -Rovibration_vJ|10[14]           2.3507E-13  2.3170E-05   8.505E+03     224- 586     3982
Rovibration_vJ|4[15]        -Rovibration_vJ|10[16]           8.3088E-14  7.3300E-06   8.428E+03     224- 589     3983
Rovibration_vJ|4[16]        -Rovibration_vJ|4[17]            2.3110E-10  5.7440E-07   1.591E+06     225- 227     3984
Rovibration_vJ|4[16]        -Rovibration_vJ|5[15]            2.5763E-05  7.1310E+01   5.065E+04     225- 284     3985
Rovibration_vJ|4[16]        -Rovibration_vJ|5[17]            2.9033E-05  8.0160E+01   4.773E+04     225- 288     3986
Rovibration_vJ|4[16]        -Rovibration_vJ|6[15]            5.9996E-07  6.7540E+00   2.511E+04     225- 345     3987
Rovibration_vJ|4[16]        -Rovibration_vJ|6[17]            7.6752E-07  8.1200E+00   2.438E+04     225- 348     3988
Rovibration_vJ|4[16]        -Rovibration_vJ|7[15]            8.8762E-09  2.2410E-01   1.677E+04     225- 405     3989
Rovibration_vJ|4[16]        -Rovibration_vJ|7[17]            1.3659E-08  3.1770E-01   1.644E+04     225- 409     3990
Rovibration_vJ|4[16]        -Rovibration_vJ|8[15]            7.0241E-11  3.1270E-03   1.263E+04     225- 466     3991
Rovibration_vJ|4[16]        -Rovibration_vJ|8[17]            1.7152E-10  6.9650E-03   1.244E+04     225- 470     3992
Rovibration_vJ|4[16]        -Rovibration_vJ|9[15]            1.2364E-13  8.5130E-06   1.016E+04     225- 526     3993
Rovibration_vJ|4[16]        -Rovibration_vJ|9[17]            3.9771E-13  2.4830E-05   1.004E+04     225- 531     3994
Rovibration_vJ|4[16]        -Rovibration_vJ|10[15]           2.4143E-13  2.3670E-05   8.510E+03     225- 587     3995
Rovibration_vJ|4[16]        -Rovibration_vJ|10[17]           7.8569E-14  6.9570E-06   8.428E+03     225- 592     3996
Rovibration_vJ|3[37]        -Rovibration_vJ|3[38]            8.5271E-09  1.0980E-04   7.103E+05     226- 231     3997
Rovibration_vJ|3[37]        -Rovibration_vJ|4[36]            2.0417E-05  5.0700E+01   5.253E+04     226- 283     3998
Rovibration_vJ|3[37]        -Rovibration_vJ|4[38]            2.4024E-05  7.4100E+01   4.590E+04     226- 292     3999
Rovibration_vJ|3[37]        -Rovibration_vJ|5[36]            3.6236E-07  3.8120E+00   2.552E+04     226- 343     4000
Rovibration_vJ|3[37]        -Rovibration_vJ|5[38]            5.6915E-07  6.4940E+00   2.386E+04     226- 354     4001
Rovibration_vJ|3[37]        -Rovibration_vJ|6[36]            3.9007E-09  9.3250E-02   1.693E+04     226- 404     4002
Rovibration_vJ|3[37]        -Rovibration_vJ|6[38]            9.4658E-09  2.3460E-01   1.619E+04     226- 415     4003
Rovibration_vJ|3[37]        -Rovibration_vJ|7[36]            1.6364E-11  6.9430E-04   1.271E+04     226- 465     4004
Rovibration_vJ|3[37]        -Rovibration_vJ|7[38]            1.2717E-10  5.4690E-03   1.229E+04     226- 476     4005
Rovibration_vJ|3[37]        -Rovibration_vJ|8[36]            4.2550E-13  2.8030E-05   1.020E+04     226- 527     4006
Rovibration_vJ|3[37]        -Rovibration_vJ|8[38]            7.1714E-13  4.7240E-05   9.931E+03     226- 537     4007
Rovibration_vJ|3[37]        -Rovibration_vJ|9[36]            1.3664E-13  1.2850E-05   8.536E+03     226- 588     4008
Rovibration_vJ|3[37]        -Rovibration_vJ|9[38]            2.3457E-15  2.1860E-07   8.350E+03     226- 597     4009
Rovibration_vJ|3[37]        -Rovibration_vJ|10[36]           9.3271E-15  1.1820E-06   7.354E+03     226- 633     4010
Rovibration_vJ|3[37]        -Rovibration_vJ|10[38]           4.7333E-16  5.9060E-08   7.216E+03     226- 638     4011
Rovibration_vJ|4[17]        -Rovibration_vJ|4[18]            1.9446E-10  5.4340E-07   1.503E+06     227- 230     4012
Rovibration_vJ|4[17]        -Rovibration_vJ|5[16]            2.5758E-05  7.0730E+01   5.076E+04     227- 286     4013
Rovibration_vJ|4[17]        -Rovibration_vJ|5[18]            2.9034E-05  8.0660E+01   4.766E+04     227- 289     4014
Rovibration_vJ|4[17]        -Rovibration_vJ|6[16]            5.9800E-07  6.6910E+00   2.515E+04     227- 347     4015
Rovibration_vJ|4[17]        -Rovibration_vJ|6[18]            7.7089E-07  8.1920E+00   2.437E+04     227- 350     4016
Rovibration_vJ|4[17]        -Rovibration_vJ|7[16]            8.7975E-09  2.2090E-01   1.679E+04     227- 408     4017
Rovibration_vJ|4[17]        -Rovibration_vJ|7[18]            1.3803E-08  3.2230E-01   1.644E+04     227- 411     4018
Rovibration_vJ|4[17]        -Rovibration_vJ|8[16]            6.8551E-11  3.0360E-03   1.264E+04     227- 469     4019
Rovibration_vJ|4[17]        -Rovibration_vJ|8[18]            1.7545E-10  7.1500E-03   1.244E+04     227- 472     4020
Rovibration_vJ|4[17]        -Rovibration_vJ|9[16]            1.4180E-13  9.7150E-06   1.016E+04     227- 529     4021
Rovibration_vJ|4[17]        -Rovibration_vJ|9[18]            4.4298E-13  2.7750E-05   1.004E+04     227- 533     4022
Rovibration_vJ|4[17]        -Rovibration_vJ|10[16]           2.4773E-13  2.4170E-05   8.515E+03     227- 589     4023
Rovibration_vJ|4[17]        -Rovibration_vJ|10[18]           7.4171E-14  6.5890E-06   8.428E+03     227- 594     4024
Rovibration_vJ|2[50]        -Rovibration_vJ|2[51]            3.5484E-08  8.3160E-04   5.283E+05     228- 234     4025
Rovibration_vJ|2[50]        -Rovibration_vJ|3[49]            1.5169E-05  3.5780E+01   5.371E+04     228- 285     4026
Rovibration_vJ|2[50]        -Rovibration_vJ|3[51]            1.8626E-05  6.0760E+01   4.478E+04     228- 295     4027
Rovibration_vJ|2[50]        -Rovibration_vJ|4[49]            2.0292E-07  2.0820E+00   2.575E+04     228- 346     4028
Rovibration_vJ|2[50]        -Rovibration_vJ|4[51]            3.6839E-07  4.3540E+00   2.352E+04     228- 356     4029
Rovibration_vJ|2[50]        -Rovibration_vJ|5[49]            1.6397E-09  3.8550E-02   1.701E+04     228- 407     4030
Rovibration_vJ|2[50]        -Rovibration_vJ|5[51]            5.4069E-09  1.3780E-01   1.602E+04     228- 417     4031
Rovibration_vJ|2[50]        -Rovibration_vJ|6[49]            3.3702E-12  1.4120E-04   1.274E+04     228- 468     4032
Rovibration_vJ|2[50]        -Rovibration_vJ|6[51]            6.7614E-11  2.9790E-03   1.218E+04     228- 479     4033
Rovibration_vJ|2[50]        -Rovibration_vJ|7[49]            3.2587E-13  2.1250E-05   1.022E+04     228- 530     4034
Rovibration_vJ|2[50]        -Rovibration_vJ|7[51]            4.6097E-13  3.1040E-05   9.856E+03     228- 541     4035
Rovibration_vJ|2[50]        -Rovibration_vJ|8[49]            6.3662E-14  5.9360E-06   8.543E+03     228- 590     4036
Rovibration_vJ|2[50]        -Rovibration_vJ|8[51]            1.9922E-18  1.8950E-10   8.292E+03     228- 602     4037
Rovibration_vJ|2[50]        -Rovibration_vJ|9[49]            4.4741E-15  5.6280E-07   7.355E+03     228- 634     4038
Rovibration_vJ|2[50]        -Rovibration_vJ|9[51]            1.3497E-16  1.7170E-08   7.170E+03     228- 641     4039
Rovibration_vJ|2[50]        -Rovibration_vJ|10[49]           6.8547E-17  1.1150E-08   6.468E+03     228- 658     4040
Rovibration_vJ|2[50]        -Rovibration_vJ|10[51]           2.1177E-17  3.4610E-09   6.326E+03     228- 662     4041
Rovibration_vJ|1[60]        -Rovibration_vJ|2[59]            1.0048E-05  2.2860E+01   5.460E+04     229- 282     4042
Rovibration_vJ|1[60]        -Rovibration_vJ|3[59]            9.6032E-08  9.7040E-01   2.591E+04     229- 344     4043
Rovibration_vJ|1[60]        -Rovibration_vJ|4[59]            5.6595E-10  1.3190E-02   1.706E+04     229- 406     4044
Rovibration_vJ|1[60]        -Rovibration_vJ|5[59]            5.0499E-13  2.1040E-05   1.276E+04     229- 467     4045
Rovibration_vJ|1[60]        -Rovibration_vJ|6[59]            1.4433E-13  9.3770E-06   1.022E+04     229- 528     4046
Rovibration_vJ|1[60]        -Rovibration_vJ|7[59]            2.4448E-14  2.2740E-06   8.539E+03     229- 591     4047
Rovibration_vJ|1[60]        -Rovibration_vJ|8[59]            2.5478E-15  3.2000E-07   7.348E+03     229- 635     4048
Rovibration_vJ|1[60]        -Rovibration_vJ|9[59]            9.8142E-18  1.5950E-09   6.460E+03     229- 659     4049
Rovibration_vJ|1[60]        -Rovibration_vJ|10[59]           3.9370E-16  8.0150E-08   5.772E+03     229- 670     4050
Rovibration_vJ|4[18]        -Rovibration_vJ|4[19]            1.5594E-10  4.8670E-07   1.424E+06     230- 232     4051
Rovibration_vJ|4[18]        -Rovibration_vJ|5[17]            2.5750E-05  7.0170E+01   5.087E+04     230- 288     4052
Rovibration_vJ|4[18]        -Rovibration_vJ|5[19]            2.9034E-05  8.1130E+01   4.759E+04     230- 293     4053
Rovibration_vJ|4[18]        -Rovibration_vJ|6[17]            5.9586E-07  6.6290E+00   2.518E+04     230- 348     4054
Rovibration_vJ|4[18]        -Rovibration_vJ|6[19]            7.7441E-07  8.2630E+00   2.435E+04     230- 353     4055
Rovibration_vJ|4[18]        -Rovibration_vJ|7[17]            8.7225E-09  2.1790E-01   1.680E+04     230- 409     4056
Rovibration_vJ|4[18]        -Rovibration_vJ|7[19]            1.3947E-08  3.2680E-01   1.643E+04     230- 414     4057
Rovibration_vJ|4[18]        -Rovibration_vJ|8[17]            6.6907E-11  2.9490E-03   1.265E+04     230- 470     4058
Rovibration_vJ|4[18]        -Rovibration_vJ|8[19]            1.7949E-10  7.3380E-03   1.244E+04     230- 474     4059
Rovibration_vJ|4[18]        -Rovibration_vJ|9[17]            1.6101E-13  1.0980E-05   1.017E+04     230- 531     4060
Rovibration_vJ|4[18]        -Rovibration_vJ|9[19]            4.9115E-13  3.0860E-05   1.004E+04     230- 535     4061
Rovibration_vJ|4[18]        -Rovibration_vJ|10[17]           2.5410E-13  2.4680E-05   8.521E+03     230- 592     4062
Rovibration_vJ|4[18]        -Rovibration_vJ|10[19]           6.9884E-14  6.2260E-06   8.428E+03     230- 595     4063
Rovibration_vJ|3[38]        -Rovibration_vJ|3[39]            7.7589E-09  1.0520E-04   6.925E+05     231- 235     4064
Rovibration_vJ|3[38]        -Rovibration_vJ|4[37]            2.0384E-05  5.0320E+01   5.267E+04     231- 287     4065
Rovibration_vJ|3[38]        -Rovibration_vJ|4[39]            2.4048E-05  7.4380E+01   4.585E+04     231- 296     4066
Rovibration_vJ|3[38]        -Rovibration_vJ|5[37]            3.6081E-07  3.7810E+00   2.556E+04     231- 349     4067
Rovibration_vJ|3[38]        -Rovibration_vJ|5[39]            5.7272E-07  6.5420E+00   2.386E+04     231- 357     4068
Rovibration_vJ|3[38]        -Rovibration_vJ|6[37]            3.8660E-09  9.2120E-02   1.695E+04     231- 410     4069
Rovibration_vJ|3[38]        -Rovibration_vJ|6[39]            9.5858E-09  2.3770E-01   1.619E+04     231- 419     4070
Rovibration_vJ|3[38]        -Rovibration_vJ|7[37]            1.5883E-11  6.7190E-04   1.272E+04     231- 471     4071
Rovibration_vJ|3[38]        -Rovibration_vJ|7[39]            1.3024E-10  5.6020E-03   1.229E+04     231- 480     4072
Rovibration_vJ|3[38]        -Rovibration_vJ|8[37]            4.4480E-13  2.9220E-05   1.021E+04     231- 532     4073
Rovibration_vJ|3[38]        -Rovibration_vJ|8[39]            7.6463E-13  5.0370E-05   9.934E+03     231- 540     4074
Rovibration_vJ|3[38]        -Rovibration_vJ|9[37]            1.3967E-13  1.3100E-05   8.545E+03     231- 593     4075
Rovibration_vJ|3[38]        -Rovibration_vJ|9[39]            1.8683E-15  1.7410E-07   8.353E+03     231- 601     4076
Rovibration_vJ|3[38]        -Rovibration_vJ|10[37]           9.3907E-15  1.1870E-06   7.361E+03     231- 636     4077
Rovibration_vJ|3[38]        -Rovibration_vJ|10[39]           3.9799E-16  4.9650E-08   7.219E+03     231- 640     4078
Rovibration_vJ|4[19]        -Rovibration_vJ|4[20]            1.1721E-10  4.0620E-07   1.353E+06     232- 233     4079
Rovibration_vJ|4[19]        -Rovibration_vJ|5[18]            2.5736E-05  6.9620E+01   5.098E+04     232- 289     4080
Rovibration_vJ|4[19]        -Rovibration_vJ|5[20]            2.9043E-05  8.1600E+01   4.752E+04     232- 294     4081
Rovibration_vJ|4[19]        -Rovibration_vJ|6[18]            5.9367E-07  6.5690E+00   2.521E+04     232- 350     4082
Rovibration_vJ|4[19]        -Rovibration_vJ|6[20]            7.7806E-07  8.3330E+00   2.434E+04     232- 355     4083
Rovibration_vJ|4[19]        -Rovibration_vJ|7[18]            8.6438E-09  2.1490E-01   1.682E+04     232- 411     4084
Rovibration_vJ|4[19]        -Rovibration_vJ|7[20]            1.4095E-08  3.3130E-01   1.643E+04     232- 416     4085
Rovibration_vJ|4[19]        -Rovibration_vJ|8[18]            6.5249E-11  2.8630E-03   1.266E+04     232- 472     4086
Rovibration_vJ|4[19]        -Rovibration_vJ|8[20]            1.8361E-10  7.5280E-03   1.244E+04     232- 477     4087
Rovibration_vJ|4[19]        -Rovibration_vJ|9[18]            1.8129E-13  1.2310E-05   1.018E+04     232- 533     4088
Rovibration_vJ|4[19]        -Rovibration_vJ|9[20]            5.4238E-13  3.4170E-05   1.004E+04     232- 538     4089
Rovibration_vJ|4[19]        -Rovibration_vJ|10[18]           2.6055E-13  2.5200E-05   8.526E+03     232- 594     4090
Rovibration_vJ|4[19]        -Rovibration_vJ|10[20]           6.5709E-14  5.8690E-06   8.428E+03     232- 599     4091
Rovibration_vJ|4[20]        -Rovibration_vJ|4[21]            8.0281E-11  3.0730E-07   1.289E+06     233- 236     4092
Rovibration_vJ|4[20]        -Rovibration_vJ|5[19]            2.5721E-05  6.9090E+01   5.109E+04     233- 293     4093
Rovibration_vJ|4[20]        -Rovibration_vJ|5[21]            2.9053E-05  8.2050E+01   4.746E+04     233- 297     4094
Rovibration_vJ|4[20]        -Rovibration_vJ|6[19]            5.9138E-07  6.5100E+00   2.524E+04     233- 353     4095
Rovibration_vJ|4[20]        -Rovibration_vJ|6[21]            7.8188E-07  8.4030E+00   2.433E+04     233- 358     4096
Rovibration_vJ|4[20]        -Rovibration_vJ|7[19]            8.5700E-09  2.1210E-01   1.683E+04     233- 414     4097
Rovibration_vJ|4[20]        -Rovibration_vJ|7[21]            1.4249E-08  3.3590E-01   1.643E+04     233- 418     4098
Rovibration_vJ|4[20]        -Rovibration_vJ|8[19]            6.3649E-11  2.7810E-03   1.267E+04     233- 474     4099
Rovibration_vJ|4[20]        -Rovibration_vJ|8[21]            1.8788E-10  7.7230E-03   1.244E+04     233- 478     4100
Rovibration_vJ|4[20]        -Rovibration_vJ|9[19]            2.0259E-13  1.3700E-05   1.018E+04     233- 535     4101
Rovibration_vJ|4[20]        -Rovibration_vJ|9[21]            5.9667E-13  3.7680E-05   1.004E+04     233- 539     4102
Rovibration_vJ|4[20]        -Rovibration_vJ|10[19]           2.6687E-13  2.5710E-05   8.532E+03     233- 595     4103
Rovibration_vJ|4[20]        -Rovibration_vJ|10[21]           6.1640E-14  5.5180E-06   8.429E+03     233- 600     4104
Rovibration_vJ|2[51]        -Rovibration_vJ|2[52]            3.3056E-08  8.0460E-04   5.185E+05     234- 239     4105
Rovibration_vJ|2[51]        -Rovibration_vJ|3[50]            1.5138E-05  3.5490E+01   5.387E+04     234- 290     4106
Rovibration_vJ|2[51]        -Rovibration_vJ|3[52]            1.8645E-05  6.0940E+01   4.474E+04     234- 300     4107
Rovibration_vJ|2[51]        -Rovibration_vJ|4[50]            2.0218E-07  2.0660E+00   2.580E+04     234- 351     4108
Rovibration_vJ|2[51]        -Rovibration_vJ|4[52]            3.7080E-07  4.3840E+00   2.352E+04     234- 362     4109
Rovibration_vJ|2[51]        -Rovibration_vJ|5[50]            1.6261E-09  3.8100E-02   1.704E+04     234- 412     4110
Rovibration_vJ|2[51]        -Rovibration_vJ|5[52]            5.4787E-09  1.3960E-01   1.602E+04     234- 423     4111
Rovibration_vJ|2[51]        -Rovibration_vJ|6[50]            3.2489E-12  1.3570E-04   1.276E+04     234- 473     4112
Rovibration_vJ|2[51]        -Rovibration_vJ|6[52]            6.9262E-11  3.0500E-03   1.219E+04     234- 484     4113
Rovibration_vJ|2[51]        -Rovibration_vJ|7[50]            3.3544E-13  2.1810E-05   1.023E+04     234- 534     4114
Rovibration_vJ|2[51]        -Rovibration_vJ|7[52]            4.8686E-13  3.2760E-05   9.861E+03     234- 545     4115
Rovibration_vJ|2[51]        -Rovibration_vJ|8[50]            6.4927E-14  6.0370E-06   8.553E+03     234- 596     4116
Rovibration_vJ|2[51]        -Rovibration_vJ|8[52]            2.1286E-17  2.0230E-09   8.297E+03     234- 606     4117
Rovibration_vJ|2[51]        -Rovibration_vJ|9[50]            4.5803E-15  5.7460E-07   7.364E+03     234- 637     4118
Rovibration_vJ|2[51]        -Rovibration_vJ|9[52]            1.2424E-16  1.5790E-08   7.175E+03     234- 643     4119
Rovibration_vJ|2[51]        -Rovibration_vJ|10[50]           7.9641E-17  1.2920E-08   6.475E+03     234- 660     4120
Rovibration_vJ|2[51]        -Rovibration_vJ|10[52]           1.7854E-17  2.9150E-09   6.331E+03     234- 663     4121
Rovibration_vJ|3[39]        -Rovibration_vJ|3[40]            6.9853E-09  9.9590E-05   6.755E+05     235- 238     4122
Rovibration_vJ|3[39]        -Rovibration_vJ|4[38]            2.0350E-05  4.9940E+01   5.281E+04     235- 292     4123
Rovibration_vJ|3[39]        -Rovibration_vJ|4[40]            2.4074E-05  7.4660E+01   4.580E+04     235- 299     4124
Rovibration_vJ|3[39]        -Rovibration_vJ|5[38]            3.5935E-07  3.7510E+00   2.560E+04     235- 354     4125
Rovibration_vJ|3[39]        -Rovibration_vJ|5[40]            5.7624E-07  6.5890E+00   2.385E+04     235- 360     4126
Rovibration_vJ|3[39]        -Rovibration_vJ|6[38]            3.8315E-09  9.1000E-02   1.697E+04     235- 415     4127
Rovibration_vJ|3[39]        -Rovibration_vJ|6[40]            9.7064E-09  2.4080E-01   1.619E+04     235- 421     4128
Rovibration_vJ|3[39]        -Rovibration_vJ|7[38]            1.5416E-11  6.5020E-04   1.274E+04     235- 476     4129
Rovibration_vJ|3[39]        -Rovibration_vJ|7[40]            1.3338E-10  5.7380E-03   1.230E+04     235- 482     4130
Rovibration_vJ|3[39]        -Rovibration_vJ|8[38]            4.6435E-13  3.0420E-05   1.022E+04     235- 537     4131
Rovibration_vJ|3[39]        -Rovibration_vJ|8[40]            8.1414E-13  5.3630E-05   9.938E+03     235- 544     4132
Rovibration_vJ|3[39]        -Rovibration_vJ|9[38]            1.4271E-13  1.3350E-05   8.553E+03     235- 597     4133
Rovibration_vJ|3[39]        -Rovibration_vJ|9[40]            1.4447E-15  1.3460E-07   8.356E+03     235- 605     4134
Rovibration_vJ|3[39]        -Rovibration_vJ|10[38]           9.4626E-15  1.1930E-06   7.368E+03     235- 638     4135
Rovibration_vJ|3[39]        -Rovibration_vJ|10[40]           3.2905E-16  4.1040E-08   7.222E+03     235- 642     4136
Rovibration_vJ|4[21]        -Rovibration_vJ|4[22]            4.7389E-11  1.9940E-07   1.231E+06     236- 237     4137
Rovibration_vJ|4[21]        -Rovibration_vJ|5[20]            2.5699E-05  6.8560E+01   5.121E+04     236- 294     4138
Rovibration_vJ|4[21]        -Rovibration_vJ|5[22]            2.9069E-05  8.2500E+01   4.739E+04     236- 298     4139
Rovibration_vJ|4[21]        -Rovibration_vJ|6[20]            5.8911E-07  6.4530E+00   2.527E+04     236- 355     4140
Rovibration_vJ|4[21]        -Rovibration_vJ|6[22]            7.8578E-07  8.4720E+00   2.431E+04     236- 359     4141
Rovibration_vJ|4[21]        -Rovibration_vJ|7[20]            8.4935E-09  2.0930E-01   1.685E+04     236- 416     4142
Rovibration_vJ|4[21]        -Rovibration_vJ|7[22]            1.4407E-08  3.4050E-01   1.642E+04     236- 420     4143
Rovibration_vJ|4[21]        -Rovibration_vJ|8[20]            6.2067E-11  2.7010E-03   1.268E+04     236- 477     4144
Rovibration_vJ|4[21]        -Rovibration_vJ|8[22]            1.9223E-10  7.9200E-03   1.244E+04     236- 481     4145
Rovibration_vJ|4[21]        -Rovibration_vJ|9[20]            2.2474E-13  1.5140E-05   1.019E+04     236- 538     4146
Rovibration_vJ|4[21]        -Rovibration_vJ|9[22]            6.5434E-13  4.1410E-05   1.004E+04     236- 542     4147
Rovibration_vJ|4[21]        -Rovibration_vJ|10[20]           2.7339E-13  2.6240E-05   8.537E+03     236- 599     4148
Rovibration_vJ|4[21]        -Rovibration_vJ|10[22]           5.7681E-14  5.1740E-06   8.430E+03     236- 603     4149
Rovibration_vJ|4[22]        -Rovibration_vJ|4[23]            2.1106E-11  9.7200E-08   1.178E+06     237- 240     4150
Rovibration_vJ|4[22]        -Rovibration_vJ|5[21]            2.5675E-05  6.8040E+01   5.132E+04     237- 297     4151
Rovibration_vJ|4[22]        -Rovibration_vJ|5[23]            2.9084E-05  8.2930E+01   4.733E+04     237- 301     4152
Rovibration_vJ|4[22]        -Rovibration_vJ|6[21]            5.8679E-07  6.3970E+00   2.530E+04     237- 358     4153
Rovibration_vJ|4[22]        -Rovibration_vJ|6[23]            7.8983E-07  8.5410E+00   2.430E+04     237- 361     4154
Rovibration_vJ|4[22]        -Rovibration_vJ|7[21]            8.4147E-09  2.0650E-01   1.687E+04     237- 418     4155
Rovibration_vJ|4[22]        -Rovibration_vJ|7[23]            1.4567E-08  3.4510E-01   1.642E+04     237- 422     4156
Rovibration_vJ|4[22]        -Rovibration_vJ|8[21]            6.0507E-11  2.6230E-03   1.269E+04     237- 478     4157
Rovibration_vJ|4[22]        -Rovibration_vJ|8[23]            1.9672E-10  8.1220E-03   1.244E+04     237- 483     4158
Rovibration_vJ|4[22]        -Rovibration_vJ|9[21]            2.4777E-13  1.6630E-05   1.020E+04     237- 539     4159
Rovibration_vJ|4[22]        -Rovibration_vJ|9[23]            7.1507E-13  4.5340E-05   1.004E+04     237- 543     4160
Rovibration_vJ|4[22]        -Rovibration_vJ|10[21]           2.7980E-13  2.6760E-05   8.543E+03     237- 600     4161
Rovibration_vJ|4[22]        -Rovibration_vJ|10[23]           5.3840E-14  4.8380E-06   8.430E+03     237- 604     4162
Rovibration_vJ|3[40]        -Rovibration_vJ|3[41]            6.2029E-09  9.2870E-05   6.594E+05     238- 242     4163
Rovibration_vJ|3[40]        -Rovibration_vJ|4[39]            2.0311E-05  4.9550E+01   5.295E+04     238- 296     4164
Rovibration_vJ|3[40]        -Rovibration_vJ|4[41]            2.4101E-05  7.4940E+01   4.576E+04     238- 303     4165
Rovibration_vJ|3[40]        -Rovibration_vJ|5[39]            3.5777E-07  3.7200E+00   2.565E+04     238- 357     4166
Rovibration_vJ|3[40]        -Rovibration_vJ|5[41]            5.7979E-07  6.6360E+00   2.385E+04     238- 364     4167
Rovibration_vJ|3[40]        -Rovibration_vJ|6[39]            3.7975E-09  8.9900E-02   1.700E+04     238- 419     4168
Rovibration_vJ|3[40]        -Rovibration_vJ|6[41]            9.8316E-09  2.4400E-01   1.620E+04     238- 425     4169
Rovibration_vJ|3[40]        -Rovibration_vJ|7[39]            1.4960E-11  6.2910E-04   1.275E+04     238- 480     4170
Rovibration_vJ|3[40]        -Rovibration_vJ|7[41]            1.3657E-10  5.8760E-03   1.230E+04     238- 486     4171
Rovibration_vJ|3[40]        -Rovibration_vJ|8[39]            4.8432E-13  3.1640E-05   1.023E+04     238- 540     4172
Rovibration_vJ|3[40]        -Rovibration_vJ|8[41]            8.6568E-13  5.7020E-05   9.941E+03     238- 547     4173
Rovibration_vJ|3[40]        -Rovibration_vJ|9[39]            1.4588E-13  1.3610E-05   8.562E+03     238- 601     4174
Rovibration_vJ|3[40]        -Rovibration_vJ|9[41]            1.0746E-15  1.0010E-07   8.360E+03     238- 608     4175
Rovibration_vJ|3[40]        -Rovibration_vJ|10[39]           9.5427E-15  1.2000E-06   7.375E+03     238- 640     4176
Rovibration_vJ|3[40]        -Rovibration_vJ|10[41]           2.6676E-16  3.3260E-08   7.226E+03     238- 644     4177
Rovibration_vJ|2[52]        -Rovibration_vJ|2[53]            3.0598E-08  7.7290E-04   5.090E+05     239- 243     4178
Rovibration_vJ|2[52]        -Rovibration_vJ|3[51]            1.5108E-05  3.5200E+01   5.402E+04     239- 295     4179
Rovibration_vJ|2[52]        -Rovibration_vJ|3[53]            1.8667E-05  6.1130E+01   4.471E+04     239- 305     4180
Rovibration_vJ|2[52]        -Rovibration_vJ|4[51]            2.0133E-07  2.0490E+00   2.585E+04     239- 356     4181
Rovibration_vJ|2[52]        -Rovibration_vJ|4[53]            3.7322E-07  4.4140E+00   2.353E+04     239- 366     4182
Rovibration_vJ|2[52]        -Rovibration_vJ|5[51]            1.6124E-09  3.7650E-02   1.706E+04     239- 417     4183
Rovibration_vJ|2[52]        -Rovibration_vJ|5[53]            5.5509E-09  1.4140E-01   1.603E+04     239- 427     4184
Rovibration_vJ|2[52]        -Rovibration_vJ|6[51]            3.1342E-12  1.3050E-04   1.278E+04     239- 479     4185
Rovibration_vJ|2[52]        -Rovibration_vJ|6[53]            7.0961E-11  3.1230E-03   1.220E+04     239- 488     4186
Rovibration_vJ|2[52]        -Rovibration_vJ|7[51]            3.4522E-13  2.2380E-05   1.024E+04     239- 541     4187
Rovibration_vJ|2[52]        -Rovibration_vJ|7[53]            5.1371E-13  3.4540E-05   9.867E+03     239- 549     4188
Rovibration_vJ|2[52]        -Rovibration_vJ|8[51]            6.6200E-14  6.1380E-06   8.564E+03     239- 602     4189
Rovibration_vJ|2[52]        -Rovibration_vJ|8[53]            6.1534E-17  5.8430E-09   8.303E+03     239- 610     4190
Rovibration_vJ|2[52]        -Rovibration_vJ|9[51]            4.6880E-15  5.8650E-07   7.372E+03     239- 641     4191
Rovibration_vJ|2[52]        -Rovibration_vJ|9[53]            1.1380E-16  1.4450E-08   7.180E+03     239- 645     4192
Rovibration_vJ|2[52]        -Rovibration_vJ|10[51]           9.2032E-17  1.4890E-08   6.483E+03     239- 662     4193
Rovibration_vJ|2[52]        -Rovibration_vJ|10[53]           1.4660E-17  2.3910E-09   6.335E+03     239- 664     4194
Rovibration_vJ|4[23]        -Rovibration_vJ|4[24]            4.3602E-12  2.1890E-08   1.129E+06     240- 241     4195
Rovibration_vJ|4[23]        -Rovibration_vJ|5[22]            2.5650E-05  6.7530E+01   5.144E+04     240- 298     4196
Rovibration_vJ|4[23]        -Rovibration_vJ|5[24]            2.9104E-05  8.3360E+01   4.726E+04     240- 302     4197
Rovibration_vJ|4[23]        -Rovibration_vJ|6[22]            5.8443E-07  6.3420E+00   2.534E+04     240- 359     4198
Rovibration_vJ|4[23]        -Rovibration_vJ|6[24]            7.9391E-07  8.6090E+00   2.429E+04     240- 363     4199
Rovibration_vJ|4[23]        -Rovibration_vJ|7[22]            8.3379E-09  2.0380E-01   1.688E+04     240- 420     4200
Rovibration_vJ|4[23]        -Rovibration_vJ|7[24]            1.4729E-08  3.4970E-01   1.642E+04     240- 424     4201
Rovibration_vJ|4[23]        -Rovibration_vJ|8[22]            5.8994E-11  2.5480E-03   1.270E+04     240- 481     4202
Rovibration_vJ|4[23]        -Rovibration_vJ|8[24]            2.0131E-10  8.3270E-03   1.244E+04     240- 485     4203
Rovibration_vJ|4[23]        -Rovibration_vJ|9[22]            2.7181E-13  1.8180E-05   1.021E+04     240- 542     4204
Rovibration_vJ|4[23]        -Rovibration_vJ|9[24]            7.7935E-13  4.9500E-05   1.004E+04     240- 546     4205
Rovibration_vJ|4[23]        -Rovibration_vJ|10[22]           2.8631E-13  2.7290E-05   8.549E+03     240- 603     4206
Rovibration_vJ|4[23]        -Rovibration_vJ|10[24]           5.0099E-14  4.5090E-06   8.431E+03     240- 607     4207
Rovibration_vJ|4[24]        -Rovibration_vJ|4[25]            4.0729E-13  2.2210E-09   1.084E+06     241- 244     4208
Rovibration_vJ|4[24]        -Rovibration_vJ|5[23]            2.5624E-05  6.7030E+01   5.156E+04     241- 301     4209
Rovibration_vJ|4[24]        -Rovibration_vJ|5[25]            2.9125E-05  8.3780E+01   4.720E+04     241- 304     4210
Rovibration_vJ|4[24]        -Rovibration_vJ|6[23]            5.8206E-07  6.2880E+00   2.537E+04     241- 361     4211
Rovibration_vJ|4[24]        -Rovibration_vJ|6[25]            7.9811E-07  8.6770E+00   2.428E+04     241- 365     4212
Rovibration_vJ|4[24]        -Rovibration_vJ|7[23]            8.2635E-09  2.0120E-01   1.690E+04     241- 422     4213
Rovibration_vJ|4[24]        -Rovibration_vJ|7[25]            1.4897E-08  3.5440E-01   1.641E+04     241- 426     4214
Rovibration_vJ|4[24]        -Rovibration_vJ|8[23]            5.7509E-11  2.4750E-03   1.271E+04     241- 483     4215
Rovibration_vJ|4[24]        -Rovibration_vJ|8[25]            2.0601E-10  8.5360E-03   1.244E+04     241- 487     4216
Rovibration_vJ|4[24]        -Rovibration_vJ|9[23]            2.9674E-13  1.9780E-05   1.021E+04     241- 543     4217
Rovibration_vJ|4[24]        -Rovibration_vJ|9[25]            8.4702E-13  5.3880E-05   1.004E+04     241- 548     4218
Rovibration_vJ|4[24]        -Rovibration_vJ|10[23]           2.9293E-13  2.7830E-05   8.556E+03     241- 604     4219
Rovibration_vJ|4[24]        -Rovibration_vJ|10[25]           4.6478E-14  4.1890E-06   8.432E+03     241- 609     4220
Rovibration_vJ|3[41]        -Rovibration_vJ|3[42]            5.4224E-09  8.5150E-05   6.440E+05     242- 245     4221
Rovibration_vJ|3[41]        -Rovibration_vJ|4[40]            2.0275E-05  4.9170E+01   5.309E+04     242- 299     4222
Rovibration_vJ|3[41]        -Rovibration_vJ|4[42]            2.4130E-05  7.5220E+01   4.571E+04     242- 307     4223
Rovibration_vJ|3[41]        -Rovibration_vJ|5[40]            3.5637E-07  3.6910E+00   2.569E+04     242- 360     4224
Rovibration_vJ|3[41]        -Rovibration_vJ|5[42]            5.8346E-07  6.6840E+00   2.384E+04     242- 368     4225
Rovibration_vJ|3[41]        -Rovibration_vJ|6[40]            3.7642E-09  8.8820E-02   1.702E+04     242- 421     4226
Rovibration_vJ|3[41]        -Rovibration_vJ|6[42]            9.9533E-09  2.4710E-01   1.620E+04     242- 429     4227
Rovibration_vJ|3[41]        -Rovibration_vJ|7[40]            1.4515E-11  6.0860E-04   1.277E+04     242- 482     4228
Rovibration_vJ|3[41]        -Rovibration_vJ|7[42]            1.3985E-10  6.0170E-03   1.230E+04     242- 490     4229
Rovibration_vJ|3[41]        -Rovibration_vJ|8[40]            5.0439E-13  3.2860E-05   1.024E+04     242- 544     4230
Rovibration_vJ|3[41]        -Rovibration_vJ|8[42]            9.1928E-13  6.0540E-05   9.945E+03     242- 551     4231
Rovibration_vJ|3[41]        -Rovibration_vJ|9[40]            1.4906E-13  1.3870E-05   8.571E+03     242- 605     4232
Rovibration_vJ|3[41]        -Rovibration_vJ|9[42]            7.5792E-16  7.0580E-08   8.363E+03     242- 612     4233
Rovibration_vJ|3[41]        -Rovibration_vJ|10[40]           9.6153E-15  1.2060E-06   7.382E+03     242- 642     4234
Rovibration_vJ|3[41]        -Rovibration_vJ|10[42]           2.1110E-16  2.6310E-08   7.229E+03     242- 646     4235
Rovibration_vJ|2[53]        -Rovibration_vJ|2[54]            2.8120E-08  7.3660E-04   5.000E+05     243- 248     4236
Rovibration_vJ|2[53]        -Rovibration_vJ|3[52]            1.5076E-05  3.4910E+01   5.418E+04     243- 300     4237
Rovibration_vJ|2[53]        -Rovibration_vJ|3[54]            1.8688E-05  6.1310E+01   4.467E+04     243- 309     4238
Rovibration_vJ|2[53]        -Rovibration_vJ|4[52]            2.0058E-07  2.0330E+00   2.590E+04     243- 362     4239
Rovibration_vJ|2[53]        -Rovibration_vJ|4[54]            3.7575E-07  4.4450E+00   2.353E+04     243- 370     4240
Rovibration_vJ|2[53]        -Rovibration_vJ|5[52]            1.5995E-09  3.7220E-02   1.709E+04     243- 423     4241
Rovibration_vJ|2[53]        -Rovibration_vJ|5[54]            5.6234E-09  1.4320E-01   1.604E+04     243- 431     4242
Rovibration_vJ|2[53]        -Rovibration_vJ|6[52]            3.0236E-12  1.2550E-04   1.280E+04     243- 484     4243
Rovibration_vJ|2[53]        -Rovibration_vJ|6[54]            7.2688E-11  3.1970E-03   1.220E+04     243- 492     4244
Rovibration_vJ|2[53]        -Rovibration_vJ|7[52]            3.5506E-13  2.2950E-05   1.025E+04     243- 545     4245
Rovibration_vJ|2[53]        -Rovibration_vJ|7[54]            5.4166E-13  3.6390E-05   9.872E+03     243- 553     4246
Rovibration_vJ|2[53]        -Rovibration_vJ|8[52]            6.7503E-14  6.2410E-06   8.574E+03     243- 606     4247
Rovibration_vJ|2[53]        -Rovibration_vJ|8[54]            1.2333E-16  1.1700E-08   8.308E+03     243- 614     4248
Rovibration_vJ|2[53]        -Rovibration_vJ|9[52]            4.7980E-15  5.9860E-07   7.381E+03     243- 643     4249
Rovibration_vJ|2[53]        -Rovibration_vJ|9[54]            1.0367E-16  1.3150E-08   7.185E+03     243- 647     4250
Rovibration_vJ|2[53]        -Rovibration_vJ|10[52]           1.0579E-16  1.7070E-08   6.491E+03     243- 663     4251
Rovibration_vJ|2[53]        -Rovibration_vJ|10[54]           1.1638E-17  1.8960E-09   6.340E+03     243- 665     4252
Rovibration_vJ|4[25]        -Rovibration_vJ|4[26]            1.2871E-11  7.5980E-08   1.043E+06     244- 246     4253
Rovibration_vJ|4[25]        -Rovibration_vJ|5[24]            2.5594E-05  6.6530E+01   5.168E+04     244- 302     4254
Rovibration_vJ|4[25]        -Rovibration_vJ|5[26]            2.9147E-05  8.4190E+01   4.714E+04     244- 306     4255
Rovibration_vJ|4[25]        -Rovibration_vJ|6[24]            5.7969E-07  6.2350E+00   2.541E+04     244- 363     4256
Rovibration_vJ|4[25]        -Rovibration_vJ|6[26]            8.0241E-07  8.7450E+00   2.427E+04     244- 367     4257
Rovibration_vJ|4[25]        -Rovibration_vJ|7[24]            8.1874E-09  1.9860E-01   1.692E+04     244- 424     4258
Rovibration_vJ|4[25]        -Rovibration_vJ|7[26]            1.5066E-08  3.5910E-01   1.641E+04     244- 428     4259
Rovibration_vJ|4[25]        -Rovibration_vJ|8[24]            5.6052E-11  2.4040E-03   1.272E+04     244- 485     4260
Rovibration_vJ|4[25]        -Rovibration_vJ|8[26]            2.1080E-10  8.7480E-03   1.244E+04     244- 489     4261
Rovibration_vJ|4[25]        -Rovibration_vJ|9[24]            3.2239E-13  2.1420E-05   1.022E+04     244- 546     4262
Rovibration_vJ|4[25]        -Rovibration_vJ|9[26]            9.1840E-13  5.8500E-05   1.004E+04     244- 550     4263
Rovibration_vJ|4[25]        -Rovibration_vJ|10[24]           2.9945E-13  2.8360E-05   8.562E+03     244- 607     4264
Rovibration_vJ|4[25]        -Rovibration_vJ|10[26]           4.2975E-14  3.8780E-06   8.434E+03     244- 611     4265
Rovibration_vJ|3[42]        -Rovibration_vJ|3[43]            4.6539E-09  7.6560E-05   6.294E+05     245- 249     4266
Rovibration_vJ|3[42]        -Rovibration_vJ|4[41]            2.0238E-05  4.8790E+01   5.323E+04     245- 303     4267
Rovibration_vJ|3[42]        -Rovibration_vJ|4[43]            2.4157E-05  7.5490E+01   4.567E+04     245- 310     4268
Rovibration_vJ|3[42]        -Rovibration_vJ|5[41]            3.5486E-07  3.6610E+00   2.573E+04     245- 364     4269
Rovibration_vJ|3[42]        -Rovibration_vJ|5[43]            5.8716E-07  6.7320E+00   2.384E+04     245- 371     4270
Rovibration_vJ|3[42]        -Rovibration_vJ|6[41]            3.7315E-09  8.7760E-02   1.704E+04     245- 425     4271
Rovibration_vJ|3[42]        -Rovibration_vJ|6[43]            1.0080E-08  2.5030E-01   1.620E+04     245- 432     4272
Rovibration_vJ|3[42]        -Rovibration_vJ|7[41]            1.4085E-11  5.8880E-04   1.278E+04     245- 486     4273
Rovibration_vJ|3[42]        -Rovibration_vJ|7[43]            1.4320E-10  6.1610E-03   1.231E+04     245- 493     4274
Rovibration_vJ|3[42]        -Rovibration_vJ|8[41]            5.2474E-13  3.4090E-05   1.025E+04     245- 547     4275
Rovibration_vJ|3[42]        -Rovibration_vJ|8[43]            9.7522E-13  6.4210E-05   9.949E+03     245- 554     4276
Rovibration_vJ|3[42]        -Rovibration_vJ|9[41]            1.5237E-13  1.4140E-05   8.580E+03     245- 608     4277
Rovibration_vJ|3[42]        -Rovibration_vJ|9[43]            4.9576E-16  4.6150E-08   8.367E+03     245- 615     4278
Rovibration_vJ|3[42]        -Rovibration_vJ|10[41]           9.6963E-15  1.2130E-06   7.389E+03     245- 644     4279
Rovibration_vJ|3[42]        -Rovibration_vJ|10[43]           1.6199E-16  2.0180E-08   7.233E+03     245- 648     4280
Rovibration_vJ|4[26]        -Rovibration_vJ|4[27]            4.5757E-11  2.9150E-07   1.004E+06     246- 247     4281
Rovibration_vJ|4[26]        -Rovibration_vJ|5[25]            2.5564E-05  6.6040E+01   5.180E+04     246- 304     4282
Rovibration_vJ|4[26]        -Rovibration_vJ|5[27]            2.9169E-05  8.4590E+01   4.708E+04     246- 308     4283
Rovibration_vJ|4[26]        -Rovibration_vJ|6[25]            5.7723E-07  6.1820E+00   2.544E+04     246- 365     4284
Rovibration_vJ|4[26]        -Rovibration_vJ|6[27]            8.0680E-07  8.8130E+00   2.426E+04     246- 369     4285
Rovibration_vJ|4[26]        -Rovibration_vJ|7[25]            8.1140E-09  1.9610E-01   1.694E+04     246- 426     4286
Rovibration_vJ|4[26]        -Rovibration_vJ|7[27]            1.5242E-08  3.6390E-01   1.641E+04     246- 430     4287
Rovibration_vJ|4[26]        -Rovibration_vJ|8[25]            5.4627E-11  2.3350E-03   1.273E+04     246- 487     4288
Rovibration_vJ|4[26]        -Rovibration_vJ|8[27]            2.1573E-10  8.9650E-03   1.244E+04     246- 491     4289
Rovibration_vJ|4[26]        -Rovibration_vJ|9[25]            3.4894E-13  2.3110E-05   1.023E+04     246- 548     4290
Rovibration_vJ|4[26]        -Rovibration_vJ|9[27]            9.9334E-13  6.3350E-05   1.004E+04     246- 552     4291
Rovibration_vJ|4[26]        -Rovibration_vJ|10[25]           3.0609E-13  2.8900E-05   8.568E+03     246- 609     4292
Rovibration_vJ|4[26]        -Rovibration_vJ|10[27]           3.9574E-14  3.5750E-06   8.435E+03     246- 613     4293
Rovibration_vJ|4[27]        -Rovibration_vJ|4[28]            1.0344E-10  7.0910E-07   9.690E+05     247- 250     4294
Rovibration_vJ|4[27]        -Rovibration_vJ|5[26]            2.5531E-05  6.5550E+01   5.192E+04     247- 306     4295
Rovibration_vJ|4[27]        -Rovibration_vJ|5[28]            2.9195E-05  8.4990E+01   4.702E+04     247- 311     4296
Rovibration_vJ|4[27]        -Rovibration_vJ|6[26]            5.7489E-07  6.1310E+00   2.548E+04     247- 367     4297
Rovibration_vJ|4[27]        -Rovibration_vJ|6[28]            8.1129E-07  8.8810E+00   2.425E+04     247- 372     4298
Rovibration_vJ|4[27]        -Rovibration_vJ|7[26]            8.0435E-09  1.9370E-01   1.695E+04     247- 428     4299
Rovibration_vJ|4[27]        -Rovibration_vJ|7[28]            1.5419E-08  3.6870E-01   1.641E+04     247- 433     4300
Rovibration_vJ|4[27]        -Rovibration_vJ|8[26]            5.3234E-11  2.2680E-03   1.275E+04     247- 489     4301
Rovibration_vJ|4[27]        -Rovibration_vJ|8[28]            2.2077E-10  9.1860E-03   1.244E+04     247- 494     4302
Rovibration_vJ|4[27]        -Rovibration_vJ|9[26]            3.7622E-13  2.4840E-05   1.024E+04     247- 550     4303
Rovibration_vJ|4[27]        -Rovibration_vJ|9[28]            1.0720E-12  6.8440E-05   1.004E+04     247- 555     4304
Rovibration_vJ|4[27]        -Rovibration_vJ|10[26]           3.1274E-13  2.9440E-05   8.575E+03     247- 611     4305
Rovibration_vJ|4[27]        -Rovibration_vJ|10[28]           3.6296E-14  3.2820E-06   8.437E+03     247- 616     4306
Rovibration_vJ|2[54]        -Rovibration_vJ|2[55]            2.5633E-08  6.9580E-04   4.912E+05     248- 251     4307
Rovibration_vJ|2[54]        -Rovibration_vJ|3[53]            1.5049E-05  3.4630E+01   5.434E+04     248- 305     4308
Rovibration_vJ|2[54]        -Rovibration_vJ|3[55]            1.8709E-05  6.1490E+01   4.464E+04     248- 313     4309
Rovibration_vJ|2[54]        -Rovibration_vJ|4[53]            1.9982E-07  2.0170E+00   2.595E+04     248- 366     4310
Rovibration_vJ|2[54]        -Rovibration_vJ|4[55]            3.7821E-07  4.4750E+00   2.353E+04     248- 375     4311
Rovibration_vJ|2[54]        -Rovibration_vJ|5[53]            1.5865E-09  3.6790E-02   1.712E+04     248- 427     4312
Rovibration_vJ|2[54]        -Rovibration_vJ|5[55]            5.7001E-09  1.4510E-01   1.604E+04     248- 436     4313
Rovibration_vJ|2[54]        -Rovibration_vJ|6[53]            2.9147E-12  1.2060E-04   1.282E+04     248- 488     4314
Rovibration_vJ|2[54]        -Rovibration_vJ|6[55]            7.4466E-11  3.2730E-03   1.221E+04     248- 497     4315
Rovibration_vJ|2[54]        -Rovibration_vJ|7[53]            3.6497E-13  2.3520E-05   1.027E+04     248- 549     4316
Rovibration_vJ|2[54]        -Rovibration_vJ|7[55]            5.7073E-13  3.8310E-05   9.878E+03     248- 558     4317
Rovibration_vJ|2[54]        -Rovibration_vJ|8[53]            6.8814E-14  6.3440E-06   8.585E+03     248- 610     4318
Rovibration_vJ|2[54]        -Rovibration_vJ|8[55]            2.0723E-16  1.9640E-08   8.313E+03     248- 619     4319
Rovibration_vJ|2[54]        -Rovibration_vJ|9[53]            4.9087E-15  6.1070E-07   7.390E+03     248- 645     4320
Rovibration_vJ|2[54]        -Rovibration_vJ|9[55]            9.3842E-17  1.1890E-08   7.190E+03     248- 650     4321
Rovibration_vJ|2[54]        -Rovibration_vJ|10[53]           1.2100E-16  1.9470E-08   6.498E+03     248- 664     4322
Rovibration_vJ|2[54]        -Rovibration_vJ|10[55]           8.8493E-18  1.4400E-09   6.344E+03     248- 666     4323
Rovibration_vJ|3[43]        -Rovibration_vJ|3[44]            3.9055E-09  6.7230E-05   6.155E+05     249- 253     4324
Rovibration_vJ|3[43]        -Rovibration_vJ|4[42]            2.0201E-05  4.8410E+01   5.337E+04     249- 307     4325
Rovibration_vJ|3[43]        -Rovibration_vJ|4[44]            2.4182E-05  7.5750E+01   4.562E+04     249- 314     4326
Rovibration_vJ|3[43]        -Rovibration_vJ|5[42]            3.5343E-07  3.6320E+00   2.578E+04     249- 368     4327
Rovibration_vJ|3[43]        -Rovibration_vJ|5[44]            5.9080E-07  6.7790E+00   2.384E+04     249- 374     4328
Rovibration_vJ|3[43]        -Rovibration_vJ|6[42]            3.6994E-09  8.6720E-02   1.707E+04     249- 429     4329
Rovibration_vJ|3[43]        -Rovibration_vJ|6[44]            1.0210E-08  2.5360E-01   1.620E+04     249- 435     4330
Rovibration_vJ|3[43]        -Rovibration_vJ|7[42]            1.3666E-11  5.6960E-04   1.280E+04     249- 490     4331
Rovibration_vJ|3[43]        -Rovibration_vJ|7[44]            1.4661E-10  6.3070E-03   1.231E+04     249- 496     4332
Rovibration_vJ|3[43]        -Rovibration_vJ|8[42]            5.4535E-13  3.5330E-05   1.027E+04     249- 551     4333
Rovibration_vJ|3[43]        -Rovibration_vJ|8[44]            1.0334E-12  6.8020E-05   9.953E+03     249- 557     4334
Rovibration_vJ|3[43]        -Rovibration_vJ|9[42]            1.5570E-13  1.4410E-05   8.589E+03     249- 612     4335
Rovibration_vJ|3[43]        -Rovibration_vJ|9[44]            2.8844E-16  2.6840E-08   8.371E+03     249- 618     4336
Rovibration_vJ|3[43]        -Rovibration_vJ|10[42]           9.7777E-15  1.2200E-06   7.397E+03     249- 646     4337
Rovibration_vJ|3[43]        -Rovibration_vJ|10[44]           1.1958E-16  1.4890E-08   7.236E+03     249- 649     4338
Rovibration_vJ|4[28]        -Rovibration_vJ|4[29]            1.9070E-10  1.4030E-06   9.359E+05     250- 252     4339
Rovibration_vJ|4[28]        -Rovibration_vJ|5[27]            2.5495E-05  6.5060E+01   5.205E+04     250- 308     4340
Rovibration_vJ|4[28]        -Rovibration_vJ|5[29]            2.9217E-05  8.5370E+01   4.696E+04     250- 312     4341
Rovibration_vJ|4[28]        -Rovibration_vJ|6[27]            5.7248E-07  6.0800E+00   2.551E+04     250- 369     4342
Rovibration_vJ|4[28]        -Rovibration_vJ|6[29]            8.1586E-07  8.9490E+00   2.424E+04     250- 373     4343
Rovibration_vJ|4[28]        -Rovibration_vJ|7[27]            7.9677E-09  1.9120E-01   1.697E+04     250- 430     4344
Rovibration_vJ|4[28]        -Rovibration_vJ|7[29]            1.5602E-08  3.7360E-01   1.640E+04     250- 434     4345
Rovibration_vJ|4[28]        -Rovibration_vJ|8[27]            5.1851E-11  2.2020E-03   1.276E+04     250- 491     4346
Rovibration_vJ|4[28]        -Rovibration_vJ|8[29]            2.2592E-10  9.4110E-03   1.244E+04     250- 495     4347
Rovibration_vJ|4[28]        -Rovibration_vJ|9[27]            4.0426E-13  2.6610E-05   1.025E+04     250- 552     4348
Rovibration_vJ|4[28]        -Rovibration_vJ|9[29]            1.1547E-12  7.3790E-05   1.004E+04     250- 556     4349
Rovibration_vJ|4[28]        -Rovibration_vJ|10[27]           3.1941E-13  2.9980E-05   8.582E+03     250- 613     4350
Rovibration_vJ|4[28]        -Rovibration_vJ|10[29]           3.3139E-14  2.9990E-06   8.439E+03     250- 617     4351
Rovibration_vJ|2[55]        -Rovibration_vJ|2[56]            2.3160E-08  6.5100E-04   4.828E+05     251- 256     4352
Rovibration_vJ|2[55]        -Rovibration_vJ|3[54]            1.5017E-05  3.4340E+01   5.450E+04     251- 309     4353
Rovibration_vJ|2[55]        -Rovibration_vJ|3[56]            1.8731E-05  6.1670E+01   4.461E+04     251- 317     4354
Rovibration_vJ|2[55]        -Rovibration_vJ|4[54]            1.9906E-07  2.0010E+00   2.600E+04     251- 370     4355
Rovibration_vJ|2[55]        -Rovibration_vJ|4[56]            3.8078E-07  4.5060E+00   2.353E+04     251- 379     4356
Rovibration_vJ|2[55]        -Rovibration_vJ|5[54]            1.5739E-09  3.6370E-02   1.714E+04     251- 431     4357
Rovibration_vJ|2[55]        -Rovibration_vJ|5[56]            5.7772E-09  1.4700E-01   1.605E+04     251- 440     4358
Rovibration_vJ|2[55]        -Rovibration_vJ|6[54]            2.8101E-12  1.1590E-04   1.283E+04     251- 492     4359
Rovibration_vJ|2[55]        -Rovibration_vJ|6[56]            7.6296E-11  3.3510E-03   1.221E+04     251- 501     4360
Rovibration_vJ|2[55]        -Rovibration_vJ|7[54]            3.7478E-13  2.4080E-05   1.028E+04     251- 553     4361
Rovibration_vJ|2[55]        -Rovibration_vJ|7[56]            6.0093E-13  4.0300E-05   9.884E+03     251- 562     4362
Rovibration_vJ|2[55]        -Rovibration_vJ|8[54]            7.0145E-14  6.4480E-06   8.596E+03     251- 614     4363
Rovibration_vJ|2[55]        -Rovibration_vJ|8[56]            3.1403E-16  2.9730E-08   8.319E+03     251- 623     4364
Rovibration_vJ|2[55]        -Rovibration_vJ|9[54]            5.0209E-15  6.2290E-07   7.399E+03     251- 647     4365
Rovibration_vJ|2[55]        -Rovibration_vJ|9[56]            8.4310E-17  1.0670E-08   7.195E+03     251- 652     4366
Rovibration_vJ|2[55]        -Rovibration_vJ|10[54]           1.3772E-16  2.2100E-08   6.506E+03     251- 665     4367
Rovibration_vJ|2[55]        -Rovibration_vJ|10[56]           6.3497E-18  1.0320E-09   6.349E+03     251- 667     4368
Rovibration_vJ|4[29]        -Rovibration_vJ|4[30]            3.1284E-10  2.4640E-06   9.051E+05     252- 254     4369
Rovibration_vJ|4[29]        -Rovibration_vJ|5[28]            2.5461E-05  6.4580E+01   5.217E+04     252- 311     4370
Rovibration_vJ|4[29]        -Rovibration_vJ|5[30]            2.9245E-05  8.5760E+01   4.690E+04     252- 315     4371
Rovibration_vJ|4[29]        -Rovibration_vJ|6[28]            5.7010E-07  6.0300E+00   2.555E+04     252- 372     4372
Rovibration_vJ|4[29]        -Rovibration_vJ|6[30]            8.2050E-07  9.0170E+00   2.423E+04     252- 376     4373
Rovibration_vJ|4[29]        -Rovibration_vJ|7[28]            7.8992E-09  1.8890E-01   1.699E+04     252- 433     4374
Rovibration_vJ|4[29]        -Rovibration_vJ|7[30]            1.5781E-08  3.7840E-01   1.640E+04     252- 437     4375
Rovibration_vJ|4[29]        -Rovibration_vJ|8[28]            5.0527E-11  2.1390E-03   1.277E+04     252- 494     4376
Rovibration_vJ|4[29]        -Rovibration_vJ|8[30]            2.3121E-10  9.6410E-03   1.244E+04     252- 498     4377
Rovibration_vJ|4[29]        -Rovibration_vJ|9[28]            4.3305E-13  2.8420E-05   1.026E+04     252- 555     4378
Rovibration_vJ|4[29]        -Rovibration_vJ|9[30]            1.2413E-12  7.9390E-05   1.004E+04     252- 559     4379
Rovibration_vJ|4[29]        -Rovibration_vJ|10[28]           3.2621E-13  3.0530E-05   8.589E+03     252- 616     4380
Rovibration_vJ|4[29]        -Rovibration_vJ|10[30]           3.0101E-14  2.7260E-06   8.440E+03     252- 620     4381
Rovibration_vJ|3[44]        -Rovibration_vJ|3[45]            3.1884E-09  5.7370E-05   6.021E+05     253- 255     4382
Rovibration_vJ|3[44]        -Rovibration_vJ|4[43]            2.0167E-05  4.8040E+01   5.352E+04     253- 310     4383
Rovibration_vJ|3[44]        -Rovibration_vJ|4[45]            2.4208E-05  7.6010E+01   4.558E+04     253- 316     4384
Rovibration_vJ|3[44]        -Rovibration_vJ|5[43]            3.5200E-07  3.6030E+00   2.582E+04     253- 371     4385
Rovibration_vJ|3[44]        -Rovibration_vJ|5[45]            5.9455E-07  6.8270E+00   2.384E+04     253- 377     4386
Rovibration_vJ|3[44]        -Rovibration_vJ|6[43]            3.6676E-09  8.5690E-02   1.709E+04     253- 432     4387
Rovibration_vJ|3[44]        -Rovibration_vJ|6[45]            1.0342E-08  2.5690E-01   1.621E+04     253- 438     4388
Rovibration_vJ|3[44]        -Rovibration_vJ|7[43]            1.3257E-11  5.5090E-04   1.281E+04     253- 493     4389
Rovibration_vJ|3[44]        -Rovibration_vJ|7[45]            1.5012E-10  6.4570E-03   1.232E+04     253- 499     4390
Rovibration_vJ|3[44]        -Rovibration_vJ|8[43]            5.6608E-13  3.6570E-05   1.028E+04     253- 554     4391
Rovibration_vJ|3[44]        -Rovibration_vJ|8[45]            1.0939E-12  7.1980E-05   9.957E+03     253- 560     4392
Rovibration_vJ|3[44]        -Rovibration_vJ|9[43]            1.5905E-13  1.4680E-05   8.598E+03     253- 615     4393
Rovibration_vJ|3[44]        -Rovibration_vJ|9[45]            1.3655E-16  1.2700E-08   8.375E+03     253- 621     4394
Rovibration_vJ|3[44]        -Rovibration_vJ|10[43]           9.8676E-15  1.2280E-06   7.405E+03     253- 648     4395
Rovibration_vJ|3[44]        -Rovibration_vJ|10[45]           8.3813E-17  1.0430E-08   7.240E+03     253- 651     4396
Rovibration_vJ|4[30]        -Rovibration_vJ|4[31]            4.7537E-10  3.9990E-06   8.762E+05     254- 257     4397
Rovibration_vJ|4[30]        -Rovibration_vJ|5[29]            2.5424E-05  6.4100E+01   5.230E+04     254- 312     4398
Rovibration_vJ|4[30]        -Rovibration_vJ|5[31]            2.9273E-05  8.6140E+01   4.685E+04     254- 318     4399
Rovibration_vJ|4[30]        -Rovibration_vJ|6[29]            5.6776E-07  5.9810E+00   2.559E+04     254- 373     4400
Rovibration_vJ|4[30]        -Rovibration_vJ|6[31]            8.2521E-07  9.0850E+00   2.422E+04     254- 378     4401
Rovibration_vJ|4[30]        -Rovibration_vJ|7[29]            7.8256E-09  1.8650E-01   1.701E+04     254- 434     4402
Rovibration_vJ|4[30]        -Rovibration_vJ|7[31]            1.5971E-08  3.8340E-01   1.640E+04     254- 439     4403
Rovibration_vJ|4[30]        -Rovibration_vJ|8[29]            4.9216E-11  2.0770E-03   1.278E+04     254- 495     4404
Rovibration_vJ|4[30]        -Rovibration_vJ|8[31]            2.3661E-10  9.8750E-03   1.244E+04     254- 500     4405
Rovibration_vJ|4[30]        -Rovibration_vJ|9[29]            4.6259E-13  3.0270E-05   1.027E+04     254- 556     4406
Rovibration_vJ|4[30]        -Rovibration_vJ|9[31]            1.3320E-12  8.5250E-05   1.005E+04     254- 561     4407
Rovibration_vJ|4[30]        -Rovibration_vJ|10[29]           3.3291E-13  3.1070E-05   8.596E+03     254- 617     4408
Rovibration_vJ|4[30]        -Rovibration_vJ|10[31]           2.7192E-14  2.4640E-06   8.442E+03     254- 622     4409
Rovibration_vJ|3[45]        -Rovibration_vJ|3[46]            2.5133E-09  4.7220E-05   5.894E+05     255- 259     4410
Rovibration_vJ|3[45]        -Rovibration_vJ|4[44]            2.0128E-05  4.7660E+01   5.367E+04     255- 314     4411
Rovibration_vJ|3[45]        -Rovibration_vJ|4[46]            2.4235E-05  7.6270E+01   4.554E+04     255- 320     4412
Rovibration_vJ|3[45]        -Rovibration_vJ|5[44]            3.5055E-07  3.5740E+00   2.586E+04     255- 374     4413
Rovibration_vJ|3[45]        -Rovibration_vJ|5[46]            5.9834E-07  6.8750E+00   2.383E+04     255- 381     4414
Rovibration_vJ|3[45]        -Rovibration_vJ|6[44]            3.6364E-09  8.4680E-02   1.711E+04     255- 435     4415
Rovibration_vJ|3[45]        -Rovibration_vJ|6[46]            1.0474E-08  2.6020E-01   1.621E+04     255- 442     4416
Rovibration_vJ|3[45]        -Rovibration_vJ|7[44]            1.2862E-11  5.3290E-04   1.283E+04     255- 496     4417
Rovibration_vJ|3[45]        -Rovibration_vJ|7[46]            1.5369E-10  6.6090E-03   1.232E+04     255- 503     4418
Rovibration_vJ|3[45]        -Rovibration_vJ|8[44]            5.8724E-13  3.7830E-05   1.029E+04     255- 557     4419
Rovibration_vJ|3[45]        -Rovibration_vJ|8[46]            1.1569E-12  7.6090E-05   9.962E+03     255- 564     4420
Rovibration_vJ|3[45]        -Rovibration_vJ|9[44]            1.6252E-13  1.4960E-05   8.608E+03     255- 618     4421
Rovibration_vJ|3[45]        -Rovibration_vJ|9[46]            4.0599E-17  3.7740E-09   8.379E+03     255- 625     4422
Rovibration_vJ|3[45]        -Rovibration_vJ|10[44]           9.9581E-15  1.2360E-06   7.413E+03     255- 649     4423
Rovibration_vJ|3[45]        -Rovibration_vJ|10[46]           5.4533E-17  6.7820E-09   7.244E+03     255- 653     4424
Rovibration_vJ|2[56]        -Rovibration_vJ|2[57]            2.0710E-08  6.0240E-04   4.747E+05     256- 260     4425
Rovibration_vJ|2[56]        -Rovibration_vJ|3[55]            1.4988E-05  3.4060E+01   5.466E+04     256- 313     4426
Rovibration_vJ|2[56]        -Rovibration_vJ|3[57]            1.8751E-05  6.1840E+01   4.458E+04     256- 322     4427
Rovibration_vJ|2[56]        -Rovibration_vJ|4[55]            1.9830E-07  1.9850E+00   2.605E+04     256- 375     4428
Rovibration_vJ|2[56]        -Rovibration_vJ|4[57]            3.8327E-07  4.5360E+00   2.353E+04     256- 386     4429
Rovibration_vJ|2[56]        -Rovibration_vJ|5[55]            1.5616E-09  3.5960E-02   1.717E+04     256- 436     4430
Rovibration_vJ|2[56]        -Rovibration_vJ|5[57]            5.8547E-09  1.4890E-01   1.605E+04     256- 448     4431
Rovibration_vJ|2[56]        -Rovibration_vJ|6[55]            2.7097E-12  1.1140E-04   1.285E+04     256- 497     4432
Rovibration_vJ|2[56]        -Rovibration_vJ|6[57]            7.8154E-11  3.4300E-03   1.222E+04     256- 511     4433
Rovibration_vJ|2[56]        -Rovibration_vJ|7[55]            3.8482E-13  2.4650E-05   1.030E+04     256- 558     4434
Rovibration_vJ|2[56]        -Rovibration_vJ|7[57]            6.3225E-13  4.2360E-05   9.891E+03     256- 573     4435
Rovibration_vJ|2[56]        -Rovibration_vJ|8[55]            7.1496E-14  6.5530E-06   8.607E+03     256- 619     4436
Rovibration_vJ|2[56]        -Rovibration_vJ|8[57]            4.4422E-16  4.2010E-08   8.325E+03     256- 627     4437
Rovibration_vJ|2[56]        -Rovibration_vJ|9[55]            5.1347E-15  6.3520E-07   7.409E+03     256- 650     4438
Rovibration_vJ|2[56]        -Rovibration_vJ|9[57]            7.5043E-17  9.4860E-09   7.201E+03     256- 654     4439
Rovibration_vJ|2[56]        -Rovibration_vJ|10[55]           1.5611E-16  2.4980E-08   6.514E+03     256- 666     4440
Rovibration_vJ|2[56]        -Rovibration_vJ|10[57]           4.1942E-18  6.8080E-10   6.354E+03     256- 668     4441
Rovibration_vJ|4[31]        -Rovibration_vJ|4[32]            6.8452E-10  6.1370E-06   8.492E+05     257- 258     4442
Rovibration_vJ|4[31]        -Rovibration_vJ|5[30]            2.5385E-05  6.3620E+01   5.243E+04     257- 315     4443
Rovibration_vJ|4[31]        -Rovibration_vJ|5[32]            2.9300E-05  8.6510E+01   4.679E+04     257- 319     4444
Rovibration_vJ|4[31]        -Rovibration_vJ|6[30]            5.6537E-07  5.9320E+00   2.562E+04     257- 376     4445
Rovibration_vJ|4[31]        -Rovibration_vJ|6[32]            8.2999E-07  9.1530E+00   2.421E+04     257- 380     4446
Rovibration_vJ|4[31]        -Rovibration_vJ|7[30]            7.7553E-09  1.8420E-01   1.703E+04     257- 437     4447
Rovibration_vJ|4[31]        -Rovibration_vJ|7[32]            1.6161E-08  3.8840E-01   1.640E+04     257- 441     4448
Rovibration_vJ|4[31]        -Rovibration_vJ|8[30]            4.7965E-11  2.0180E-03   1.280E+04     257- 498     4449
Rovibration_vJ|4[31]        -Rovibration_vJ|8[32]            2.4204E-10  1.0110E-02   1.244E+04     257- 502     4450
Rovibration_vJ|4[31]        -Rovibration_vJ|9[30]            4.9275E-13  3.2150E-05   1.028E+04     257- 559     4451
Rovibration_vJ|4[31]        -Rovibration_vJ|9[32]            1.4269E-12  9.1380E-05   1.005E+04     257- 563     4452
Rovibration_vJ|4[31]        -Rovibration_vJ|10[30]           3.3975E-13  3.1620E-05   8.604E+03     257- 620     4453
Rovibration_vJ|4[31]        -Rovibration_vJ|10[32]           2.4399E-14  2.2120E-06   8.445E+03     257- 624     4454
Rovibration_vJ|4[32]        -Rovibration_vJ|4[33]            9.4680E-10  9.0280E-06   8.238E+05     258- 265     4455
Rovibration_vJ|4[32]        -Rovibration_vJ|5[31]            2.5348E-05  6.3150E+01   5.256E+04     258- 318     4456
Rovibration_vJ|4[32]        -Rovibration_vJ|5[33]            2.9330E-05  8.6880E+01   4.674E+04     258- 327     4457
Rovibration_vJ|4[32]        -Rovibration_vJ|6[31]            5.6294E-07  5.8830E+00   2.566E+04     258- 378     4458
Rovibration_vJ|4[32]        -Rovibration_vJ|6[33]            8.3483E-07  9.2210E+00   2.420E+04     258- 388     4459
Rovibration_vJ|4[32]        -Rovibration_vJ|7[31]            7.6884E-09  1.8200E-01   1.705E+04     258- 439     4460
Rovibration_vJ|4[32]        -Rovibration_vJ|7[33]            1.6353E-08  3.9340E-01   1.640E+04     258- 449     4461
Rovibration_vJ|4[32]        -Rovibration_vJ|8[31]            4.6705E-11  1.9590E-03   1.281E+04     258- 500     4462
Rovibration_vJ|4[32]        -Rovibration_vJ|8[33]            2.4786E-10  1.0360E-02   1.244E+04     258- 510     4463
Rovibration_vJ|4[32]        -Rovibration_vJ|9[31]            5.2353E-13  3.4060E-05   1.028E+04     258- 561     4464
Rovibration_vJ|4[32]        -Rovibration_vJ|9[33]            1.5262E-12  9.7790E-05   1.005E+04     258- 571     4465
Rovibration_vJ|4[32]        -Rovibration_vJ|10[31]           3.4661E-13  3.2170E-05   8.611E+03     258- 622     4466
Rovibration_vJ|4[32]        -Rovibration_vJ|10[33]           2.1744E-14  1.9720E-06   8.447E+03     258- 626     4467
Rovibration_vJ|3[46]        -Rovibration_vJ|3[47]            1.8914E-09  3.7070E-05   5.772E+05     259- 269     4468
Rovibration_vJ|3[46]        -Rovibration_vJ|4[45]            2.0092E-05  4.7290E+01   5.382E+04     259- 316     4469
Rovibration_vJ|3[46]        -Rovibration_vJ|4[47]            2.4260E-05  7.6520E+01   4.550E+04     259- 330     4470
Rovibration_vJ|3[46]        -Rovibration_vJ|5[45]            3.4918E-07  3.5460E+00   2.591E+04     259- 377     4471
Rovibration_vJ|3[46]        -Rovibration_vJ|5[47]            6.0215E-07  6.9230E+00   2.383E+04     259- 392     4472
Rovibration_vJ|3[46]        -Rovibration_vJ|6[45]            3.6059E-09  8.3690E-02   1.714E+04     259- 438     4473
Rovibration_vJ|3[46]        -Rovibration_vJ|6[47]            1.0610E-08  2.6360E-01   1.621E+04     259- 453     4474
Rovibration_vJ|3[46]        -Rovibration_vJ|7[45]            1.2478E-11  5.1540E-04   1.285E+04     259- 499     4475
Rovibration_vJ|3[46]        -Rovibration_vJ|7[47]            1.5736E-10  6.7650E-03   1.232E+04     259- 515     4476
Rovibration_vJ|3[46]        -Rovibration_vJ|8[45]            6.0853E-13  3.9090E-05   1.030E+04     259- 560     4477
Rovibration_vJ|3[46]        -Rovibration_vJ|8[47]            1.2222E-12  8.0350E-05   9.966E+03     259- 576     4478
Rovibration_vJ|3[46]        -Rovibration_vJ|9[45]            1.6602E-13  1.5240E-05   8.617E+03     259- 621     4479
Rovibration_vJ|3[46]        -Rovibration_vJ|9[47]            1.0807E-18  1.0040E-10   8.384E+03     259- 628     4480
Rovibration_vJ|3[46]        -Rovibration_vJ|10[45]           1.0057E-14  1.2450E-06   7.421E+03     259- 651     4481
Rovibration_vJ|3[46]        -Rovibration_vJ|10[47]           3.1687E-17  3.9380E-09   7.249E+03     259- 655     4482
Rovibration_vJ|2[57]        -Rovibration_vJ|2[58]            1.8304E-08  5.5060E-04   4.669E+05     260- 274     4483
Rovibration_vJ|2[57]        -Rovibration_vJ|3[56]            1.4960E-05  3.3780E+01   5.483E+04     260- 317     4484
Rovibration_vJ|2[57]        -Rovibration_vJ|3[58]            1.8771E-05  6.2010E+01   4.455E+04     260- 336     4485
Rovibration_vJ|2[57]        -Rovibration_vJ|4[56]            1.9763E-07  1.9700E+00   2.610E+04     260- 379     4486
Rovibration_vJ|2[57]        -Rovibration_vJ|4[58]            3.8587E-07  4.5670E+00   2.354E+04     260- 397     4487
Rovibration_vJ|2[57]        -Rovibration_vJ|5[56]            1.5493E-09  3.5550E-02   1.720E+04     260- 440     4488
Rovibration_vJ|2[57]        -Rovibration_vJ|5[58]            5.9325E-09  1.5080E-01   1.606E+04     260- 459     4489
Rovibration_vJ|2[57]        -Rovibration_vJ|6[56]            2.6111E-12  1.0700E-04   1.287E+04     260- 501     4490
Rovibration_vJ|2[57]        -Rovibration_vJ|6[58]            8.0043E-11  3.5100E-03   1.223E+04     260- 520     4491
Rovibration_vJ|2[57]        -Rovibration_vJ|7[56]            3.9477E-13  2.5210E-05   1.031E+04     260- 562     4492
Rovibration_vJ|2[57]        -Rovibration_vJ|7[58]            6.6471E-13  4.4490E-05   9.897E+03     260- 582     4493
Rovibration_vJ|2[57]        -Rovibration_vJ|8[56]            7.2868E-14  6.6590E-06   8.619E+03     260- 623     4494
Rovibration_vJ|2[57]        -Rovibration_vJ|8[58]            5.9855E-16  5.6540E-08   8.331E+03     260- 630     4495
Rovibration_vJ|2[57]        -Rovibration_vJ|9[56]            5.2491E-15  6.4750E-07   7.418E+03     260- 652     4496
Rovibration_vJ|2[57]        -Rovibration_vJ|9[58]            6.6130E-17  8.3490E-09   7.206E+03     260- 656     4497
Rovibration_vJ|2[57]        -Rovibration_vJ|10[56]           1.7616E-16  2.8110E-08   6.522E+03     260- 667     4498
Rovibration_vJ|2[57]        -Rovibration_vJ|10[58]           2.4367E-18  3.9500E-10   6.360E+03     260- 669     4499
Rovibration_vJ|5[0]         -Rovibration_vJ|5[1]             5.8870E-10  1.7630E-09   2.725E+07     261- 262     4500
Rovibration_vJ|5[0]         -Rovibration_vJ|6[1]             6.4701E-05  5.8420E+01   4.962E+04     261- 323     4501
Rovibration_vJ|5[0]         -Rovibration_vJ|7[1]             1.9062E-06  6.7830E+00   2.500E+04     261- 383     4502
Rovibration_vJ|5[0]         -Rovibration_vJ|8[1]             3.6771E-08  2.9040E-01   1.678E+04     261- 444     4503
Rovibration_vJ|5[0]         -Rovibration_vJ|9[1]             4.5313E-10  6.2770E-03   1.267E+04     261- 505     4504
Rovibration_vJ|5[0]         -Rovibration_vJ|10[1]            2.7046E-13  5.7760E-06   1.020E+04     261- 566     4505
Rovibration_vJ|5[1]         -Rovibration_vJ|5[2]             7.8799E-10  1.6990E-08   1.362E+07     262- 263     4506
Rovibration_vJ|5[1]         -Rovibration_vJ|6[0]             2.1494E-05  1.7340E+02   4.980E+04     262- 321     4507
Rovibration_vJ|5[1]         -Rovibration_vJ|6[2]             4.3211E-05  7.0480E+01   4.953E+04     262- 324     4508
Rovibration_vJ|5[1]         -Rovibration_vJ|7[0]             6.2833E-07  2.0050E+01   2.504E+04     262- 382     4509
Rovibration_vJ|5[1]         -Rovibration_vJ|7[2]             1.2779E-06  8.2000E+00   2.497E+04     262- 384     4510
Rovibration_vJ|5[1]         -Rovibration_vJ|8[0]             1.1991E-08  8.5020E-01   1.680E+04     262- 443     4511
Rovibration_vJ|5[1]         -Rovibration_vJ|8[2]             2.4782E-08  3.5270E-01   1.677E+04     262- 445     4512
Rovibration_vJ|5[1]         -Rovibration_vJ|9[0]             1.4400E-10  1.7920E-02   1.268E+04     262- 504     4513
Rovibration_vJ|5[1]         -Rovibration_vJ|9[2]             3.0939E-10  7.7210E-03   1.266E+04     262- 506     4514
Rovibration_vJ|5[1]         -Rovibration_vJ|10[0]            5.3770E-14  1.0320E-05   1.021E+04     262- 565     4515
Rovibration_vJ|5[1]         -Rovibration_vJ|10[2]            2.2445E-13  8.6340E-06   1.020E+04     262- 567     4516
Rovibration_vJ|5[2]         -Rovibration_vJ|5[3]             1.0705E-09  6.1820E-08   9.083E+06     263- 264     4517
Rovibration_vJ|5[2]         -Rovibration_vJ|6[1]             2.5754E-05  1.1500E+02   4.990E+04     263- 323     4518
Rovibration_vJ|5[2]         -Rovibration_vJ|6[3]             3.8956E-05  7.5910E+01   4.945E+04     263- 325     4519
Rovibration_vJ|5[2]         -Rovibration_vJ|7[1]             7.4995E-07  1.3270E+01   2.507E+04     263- 383     4520
Rovibration_vJ|5[2]         -Rovibration_vJ|7[3]             1.1566E-06  8.8500E+00   2.495E+04     263- 385     4521
Rovibration_vJ|5[2]         -Rovibration_vJ|8[1]             1.4232E-08  5.5990E-01   1.681E+04     263- 444     4522
Rovibration_vJ|5[2]         -Rovibration_vJ|8[3]             2.2556E-08  3.8260E-01   1.676E+04     263- 446     4523
Rovibration_vJ|5[2]         -Rovibration_vJ|9[1]             1.6867E-10  1.1650E-02   1.269E+04     263- 505     4524
Rovibration_vJ|5[2]         -Rovibration_vJ|9[3]             2.8513E-10  8.4780E-03   1.266E+04     263- 507     4525
Rovibration_vJ|5[2]         -Rovibration_vJ|10[1]            4.7136E-14  5.0220E-06   1.021E+04     263- 566     4526
Rovibration_vJ|5[2]         -Rovibration_vJ|10[3]            2.4659E-13  1.1300E-05   1.020E+04     263- 568     4527
Rovibration_vJ|5[3]         -Rovibration_vJ|5[4]             1.3714E-09  1.5330E-07   6.813E+06     264- 266     4528
Rovibration_vJ|5[3]         -Rovibration_vJ|6[2]             2.7536E-05  1.0290E+02   4.999E+04     264- 324     4529
Rovibration_vJ|5[3]         -Rovibration_vJ|6[4]             3.7164E-05  7.9130E+01   4.936E+04     264- 326     4530
Rovibration_vJ|5[3]         -Rovibration_vJ|7[2]             7.9879E-07  1.1850E+01   2.509E+04     264- 384     4531
Rovibration_vJ|5[3]         -Rovibration_vJ|7[4]             1.1078E-06  9.2460E+00   2.493E+04     264- 387     4532
Rovibration_vJ|5[3]         -Rovibration_vJ|8[2]             1.5086E-08  4.9790E-01   1.682E+04     264- 445     4533
Rovibration_vJ|5[3]         -Rovibration_vJ|8[4]             2.1720E-08  4.0160E-01   1.675E+04     264- 447     4534
Rovibration_vJ|5[3]         -Rovibration_vJ|9[2]             1.7650E-10  1.0230E-02   1.269E+04     264- 506     4535
Rovibration_vJ|5[3]         -Rovibration_vJ|9[4]             2.7810E-10  9.0110E-03   1.265E+04     264- 508     4536
Rovibration_vJ|5[3]         -Rovibration_vJ|10[2]            3.4947E-14  3.1250E-06   1.022E+04     264- 567     4537
Rovibration_vJ|5[3]         -Rovibration_vJ|10[4]            2.8201E-13  1.4080E-05   1.019E+04     264- 569     4538
Rovibration_vJ|4[33]        -Rovibration_vJ|4[34]            1.2695E-09  1.2850E-05   7.999E+05     265- 272     4539
Rovibration_vJ|4[33]        -Rovibration_vJ|5[32]            2.5310E-05  6.2680E+01   5.269E+04     265- 319     4540
Rovibration_vJ|4[33]        -Rovibration_vJ|5[34]            2.9358E-05  8.7240E+01   4.669E+04     265- 333     4541
Rovibration_vJ|4[33]        -Rovibration_vJ|6[32]            5.6066E-07  5.8360E+00   2.570E+04     265- 380     4542
Rovibration_vJ|4[33]        -Rovibration_vJ|6[34]            8.3973E-07  9.2890E+00   2.420E+04     265- 395     4543
Rovibration_vJ|4[33]        -Rovibration_vJ|7[32]            7.6208E-09  1.7980E-01   1.707E+04     265- 441     4544
Rovibration_vJ|4[33]        -Rovibration_vJ|7[34]            1.6550E-08  3.9850E-01   1.640E+04     265- 456     4545
Rovibration_vJ|4[33]        -Rovibration_vJ|8[32]            4.5507E-11  1.9030E-03   1.282E+04     265- 502     4546
Rovibration_vJ|4[33]        -Rovibration_vJ|8[34]            2.5344E-10  1.0600E-02   1.244E+04     265- 517     4547
Rovibration_vJ|4[33]        -Rovibration_vJ|9[32]            5.5492E-13  3.6000E-05   1.029E+04     265- 563     4548
Rovibration_vJ|4[33]        -Rovibration_vJ|9[34]            1.6302E-12  1.0450E-04   1.005E+04     265- 578     4549
Rovibration_vJ|4[33]        -Rovibration_vJ|10[32]           3.5361E-13  3.2730E-05   8.619E+03     265- 624     4550
Rovibration_vJ|4[33]        -Rovibration_vJ|10[34]           1.9224E-14  1.7440E-06   8.450E+03     265- 629     4551
Rovibration_vJ|5[4]         -Rovibration_vJ|5[5]             1.6864E-09  3.0980E-07   5.450E+06     266- 267     4552
Rovibration_vJ|5[4]         -Rovibration_vJ|6[3]             2.8503E-05  9.7450E+01   5.008E+04     266- 325     4553
Rovibration_vJ|5[4]         -Rovibration_vJ|6[5]             3.6195E-05  8.1350E+01   4.928E+04     266- 328     4554
Rovibration_vJ|5[4]         -Rovibration_vJ|7[3]             8.2442E-07  1.1210E+01   2.511E+04     266- 385     4555
Rovibration_vJ|5[4]         -Rovibration_vJ|7[5]             1.0832E-06  9.5260E+00   2.491E+04     266- 389     4556
Rovibration_vJ|5[4]         -Rovibration_vJ|8[3]             1.5474E-08  4.6840E-01   1.683E+04     266- 446     4557
Rovibration_vJ|5[4]         -Rovibration_vJ|8[5]             2.1355E-08  4.1580E-01   1.674E+04     266- 450     4558
Rovibration_vJ|5[4]         -Rovibration_vJ|9[3]             1.7868E-10  9.5010E-03   1.270E+04     266- 507     4559
Rovibration_vJ|5[4]         -Rovibration_vJ|9[5]             2.7686E-10  9.4440E-03   1.265E+04     266- 509     4560
Rovibration_vJ|5[4]         -Rovibration_vJ|10[3]            2.3193E-14  1.9030E-06   1.022E+04     266- 568     4561
Rovibration_vJ|5[4]         -Rovibration_vJ|10[5]            3.2482E-13  1.7070E-05   1.019E+04     266- 570     4562
Rovibration_vJ|5[5]         -Rovibration_vJ|5[6]             2.0150E-09  5.5120E-07   4.542E+06     267- 268     4563
Rovibration_vJ|5[5]         -Rovibration_vJ|6[4]             2.9101E-05  9.4220E+01   5.018E+04     267- 326     4564
Rovibration_vJ|5[5]         -Rovibration_vJ|6[6]             3.5595E-05  8.3020E+01   4.919E+04     267- 329     4565
Rovibration_vJ|5[5]         -Rovibration_vJ|7[4]             8.3796E-07  1.0810E+01   2.514E+04     267- 387     4566
Rovibration_vJ|5[5]         -Rovibration_vJ|7[6]             1.0695E-06  9.7430E+00   2.489E+04     267- 390     4567
Rovibration_vJ|5[5]         -Rovibration_vJ|8[4]             1.5657E-08  4.4990E-01   1.684E+04     267- 447     4568
Rovibration_vJ|5[5]         -Rovibration_vJ|8[6]             2.1203E-08  4.2740E-01   1.673E+04     267- 451     4569
Rovibration_vJ|5[5]         -Rovibration_vJ|9[4]             1.7840E-10  9.0080E-03   1.271E+04     267- 508     4570
Rovibration_vJ|5[5]         -Rovibration_vJ|9[6]             2.7834E-10  9.8260E-03   1.264E+04     267- 512     4571
Rovibration_vJ|5[5]         -Rovibration_vJ|10[4]            1.3435E-14  1.0470E-06   1.023E+04     267- 569     4572
Rovibration_vJ|5[5]         -Rovibration_vJ|10[6]            3.7332E-13  2.0300E-05   1.019E+04     267- 572     4573
Rovibration_vJ|5[6]         -Rovibration_vJ|5[7]             2.3591E-09  8.9950E-07   3.894E+06     268- 270     4574
Rovibration_vJ|5[6]         -Rovibration_vJ|6[5]             2.9494E-05  9.1980E+01   5.028E+04     268- 328     4575
Rovibration_vJ|5[6]         -Rovibration_vJ|6[7]             3.5199E-05  8.4370E+01   4.911E+04     268- 331     4576
Rovibration_vJ|5[6]         -Rovibration_vJ|7[5]             8.4667E-07  1.0540E+01   2.516E+04     268- 389     4577
Rovibration_vJ|5[6]         -Rovibration_vJ|7[7]             1.0618E-06  9.9230E+00   2.487E+04     268- 391     4578
Rovibration_vJ|5[6]         -Rovibration_vJ|8[5]             1.5728E-08  4.3640E-01   1.686E+04     268- 450     4579
Rovibration_vJ|5[6]         -Rovibration_vJ|8[7]             2.1170E-08  4.3750E-01   1.673E+04     268- 452     4580
Rovibration_vJ|5[6]         -Rovibration_vJ|9[5]             1.7685E-10  8.6250E-03   1.271E+04     268- 509     4581
Rovibration_vJ|5[6]         -Rovibration_vJ|9[7]             2.8135E-10  1.0180E-02   1.264E+04     268- 513     4582
Rovibration_vJ|5[6]         -Rovibration_vJ|10[5]            6.2071E-15  4.6730E-07   1.023E+04     268- 570     4583
Rovibration_vJ|5[6]         -Rovibration_vJ|10[7]            4.2729E-13  2.3810E-05   1.019E+04     268- 574     4584
Rovibration_vJ|3[47]        -Rovibration_vJ|3[48]            1.3346E-09  2.7260E-05   5.655E+05     269- 277     4585
Rovibration_vJ|3[47]        -Rovibration_vJ|4[46]            2.0052E-05  4.6910E+01   5.397E+04     269- 320     4586
Rovibration_vJ|3[47]        -Rovibration_vJ|4[48]            2.4287E-05  7.6770E+01   4.546E+04     269- 338     4587
Rovibration_vJ|3[47]        -Rovibration_vJ|5[46]            3.4781E-07  3.5180E+00   2.595E+04     269- 381     4588
Rovibration_vJ|3[47]        -Rovibration_vJ|5[48]            6.0609E-07  6.9720E+00   2.383E+04     269- 400     4589
Rovibration_vJ|3[47]        -Rovibration_vJ|6[46]            3.5756E-09  8.2710E-02   1.716E+04     269- 442     4590
Rovibration_vJ|3[47]        -Rovibration_vJ|6[48]            1.0748E-08  2.6700E-01   1.622E+04     269- 461     4591
Rovibration_vJ|3[47]        -Rovibration_vJ|7[46]            1.2103E-11  4.9840E-04   1.286E+04     269- 503     4592
Rovibration_vJ|3[47]        -Rovibration_vJ|7[48]            1.6109E-10  6.9230E-03   1.233E+04     269- 523     4593
Rovibration_vJ|3[47]        -Rovibration_vJ|8[46]            6.2995E-13  4.0350E-05   1.031E+04     269- 564     4594
Rovibration_vJ|3[47]        -Rovibration_vJ|8[48]            1.2901E-12  8.4770E-05   9.971E+03     269- 585     4595
Rovibration_vJ|3[47]        -Rovibration_vJ|9[46]            1.6964E-13  1.5530E-05   8.627E+03     269- 625     4596
Rovibration_vJ|3[47]        -Rovibration_vJ|9[48]            1.8569E-17  1.7240E-09   8.388E+03     269- 632     4597
Rovibration_vJ|3[47]        -Rovibration_vJ|10[46]           1.0157E-14  1.2540E-06   7.429E+03     269- 653     4598
Rovibration_vJ|3[47]        -Rovibration_vJ|10[48]           1.5130E-17  1.8790E-09   7.253E+03     269- 657     4599
Rovibration_vJ|5[7]         -Rovibration_vJ|5[8]             2.7204E-09  1.3790E-06   3.407E+06     270- 271     4600
Rovibration_vJ|5[7]         -Rovibration_vJ|6[6]             2.9770E-05  9.0290E+01   5.037E+04     270- 329     4601
Rovibration_vJ|5[7]         -Rovibration_vJ|6[8]             3.4920E-05  8.5500E+01   4.903E+04     270- 332     4602
Rovibration_vJ|5[7]         -Rovibration_vJ|7[6]             8.5167E-07  1.0330E+01   2.519E+04     270- 390     4603
Rovibration_vJ|5[7]         -Rovibration_vJ|7[8]             1.0578E-06  1.0080E+01   2.485E+04     270- 393     4604
Rovibration_vJ|5[7]         -Rovibration_vJ|8[6]             1.5734E-08  4.2560E-01   1.687E+04     270- 451     4605
Rovibration_vJ|5[7]         -Rovibration_vJ|8[8]             2.1206E-08  4.4660E-01   1.672E+04     270- 454     4606
Rovibration_vJ|5[7]         -Rovibration_vJ|9[6]             1.7455E-10  8.3020E-03   1.272E+04     270- 512     4607
Rovibration_vJ|5[7]         -Rovibration_vJ|9[8]             2.8539E-10  1.0520E-02   1.264E+04     270- 514     4608
Rovibration_vJ|5[7]         -Rovibration_vJ|10[6]            1.7145E-15  1.2590E-07   1.024E+04     270- 572     4609
Rovibration_vJ|5[7]         -Rovibration_vJ|10[8]            4.8628E-13  2.7600E-05   1.018E+04     270- 575     4610
Rovibration_vJ|5[8]         -Rovibration_vJ|5[9]             3.1041E-09  2.0190E-06   3.029E+06     271- 273     4611
Rovibration_vJ|5[8]         -Rovibration_vJ|6[7]             2.9963E-05  8.8910E+01   5.047E+04     271- 331     4612
Rovibration_vJ|5[8]         -Rovibration_vJ|6[9]             3.4721E-05  8.6490E+01   4.895E+04     271- 334     4613
Rovibration_vJ|5[8]         -Rovibration_vJ|7[7]             8.5376E-07  1.0150E+01   2.522E+04     271- 391     4614
Rovibration_vJ|5[8]         -Rovibration_vJ|7[9]             1.0561E-06  1.0220E+01   2.483E+04     271- 394     4615
Rovibration_vJ|5[8]         -Rovibration_vJ|8[7]             1.5699E-08  4.1650E-01   1.688E+04     271- 452     4616
Rovibration_vJ|5[8]         -Rovibration_vJ|8[9]             2.1291E-08  4.5510E-01   1.671E+04     271- 455     4617
Rovibration_vJ|5[8]         -Rovibration_vJ|9[7]             1.7182E-10  8.0170E-03   1.273E+04     271- 513     4618
Rovibration_vJ|5[8]         -Rovibration_vJ|9[9]             2.9009E-10  1.0850E-02   1.263E+04     271- 516     4619
Rovibration_vJ|5[8]         -Rovibration_vJ|10[7]            1.6044E-17  1.1560E-09   1.024E+04     271- 574     4620
Rovibration_vJ|5[8]         -Rovibration_vJ|10[9]            5.5038E-13  3.1690E-05   1.018E+04     271- 577     4621
Rovibration_vJ|4[34]        -Rovibration_vJ|4[35]            1.6596E-09  1.7800E-05   7.774E+05     272- 279     4622
Rovibration_vJ|4[34]        -Rovibration_vJ|5[33]            2.5269E-05  6.2210E+01   5.282E+04     272- 327     4623
Rovibration_vJ|4[34]        -Rovibration_vJ|5[35]            2.9386E-05  8.7590E+01   4.663E+04     272- 340     4624
Rovibration_vJ|4[34]        -Rovibration_vJ|6[33]            5.5824E-07  5.7880E+00   2.574E+04     272- 388     4625
Rovibration_vJ|4[34]        -Rovibration_vJ|6[35]            8.4469E-07  9.3570E+00   2.419E+04     272- 401     4626
Rovibration_vJ|4[34]        -Rovibration_vJ|7[33]            7.5526E-09  1.7760E-01   1.709E+04     272- 449     4627
Rovibration_vJ|4[34]        -Rovibration_vJ|7[35]            1.6752E-08  4.0370E-01   1.640E+04     272- 462     4628
Rovibration_vJ|4[34]        -Rovibration_vJ|8[33]            4.4325E-11  1.8480E-03   1.284E+04     272- 510     4629
Rovibration_vJ|4[34]        -Rovibration_vJ|8[35]            2.5952E-10  1.0860E-02   1.245E+04     272- 522     4630
Rovibration_vJ|4[34]        -Rovibration_vJ|9[33]            5.8695E-13  3.7970E-05   1.030E+04     272- 571     4631
Rovibration_vJ|4[34]        -Rovibration_vJ|9[35]            1.7373E-12  1.1140E-04   1.005E+04     272- 583     4632
Rovibration_vJ|4[34]        -Rovibration_vJ|10[33]           3.6053E-13  3.3280E-05   8.627E+03     272- 626     4633
Rovibration_vJ|4[34]        -Rovibration_vJ|10[35]           1.6839E-14  1.5280E-06   8.452E+03     272- 631     4634
Rovibration_vJ|5[9]         -Rovibration_vJ|5[10]            3.5095E-09  2.8490E-06   2.727E+06     273- 275     4635
Rovibration_vJ|5[9]         -Rovibration_vJ|6[8]             3.0107E-05  8.7750E+01   5.057E+04     273- 332     4636
Rovibration_vJ|5[9]         -Rovibration_vJ|6[10]            3.4578E-05  8.7380E+01   4.887E+04     273- 335     4637
Rovibration_vJ|5[9]         -Rovibration_vJ|7[8]             8.5477E-07  1.0000E+01   2.524E+04     273- 393     4638
Rovibration_vJ|5[9]         -Rovibration_vJ|7[10]            1.0561E-06  1.0350E+01   2.482E+04     273- 396     4639
Rovibration_vJ|5[9]         -Rovibration_vJ|8[8]             1.5638E-08  4.0850E-01   1.689E+04     273- 454     4640
Rovibration_vJ|5[9]         -Rovibration_vJ|8[10]            2.1407E-08  4.6310E-01   1.670E+04     273- 457     4641
Rovibration_vJ|5[9]         -Rovibration_vJ|9[8]             1.6883E-10  7.7590E-03   1.274E+04     273- 514     4642
Rovibration_vJ|5[9]         -Rovibration_vJ|9[10]            2.9517E-10  1.1170E-02   1.263E+04     273- 518     4643
Rovibration_vJ|5[9]         -Rovibration_vJ|10[8]            1.1082E-15  7.8660E-08   1.025E+04     273- 575     4644
Rovibration_vJ|5[9]         -Rovibration_vJ|10[10]           6.1961E-13  3.6090E-05   1.018E+04     273- 579     4645
Rovibration_vJ|2[58]        -Rovibration_vJ|2[59]            1.5955E-08  4.9600E-04   4.593E+05     274- 282     4646
Rovibration_vJ|2[58]        -Rovibration_vJ|3[57]            1.4926E-05  3.3490E+01   5.500E+04     274- 322     4647
Rovibration_vJ|2[58]        -Rovibration_vJ|3[59]            1.8790E-05  6.2170E+01   4.452E+04     274- 344     4648
Rovibration_vJ|2[58]        -Rovibration_vJ|4[57]            1.9686E-07  1.9540E+00   2.615E+04     274- 386     4649
Rovibration_vJ|2[58]        -Rovibration_vJ|4[59]            3.8849E-07  4.5980E+00   2.354E+04     274- 406     4650
Rovibration_vJ|2[58]        -Rovibration_vJ|5[57]            1.5378E-09  3.5160E-02   1.723E+04     274- 448     4651
Rovibration_vJ|2[58]        -Rovibration_vJ|5[59]            6.0106E-09  1.5270E-01   1.607E+04     274- 467     4652
Rovibration_vJ|2[58]        -Rovibration_vJ|6[57]            2.5168E-12  1.0280E-04   1.289E+04     274- 511     4653
Rovibration_vJ|2[58]        -Rovibration_vJ|6[59]            8.1984E-11  3.5920E-03   1.223E+04     274- 528     4654
Rovibration_vJ|2[58]        -Rovibration_vJ|7[57]            4.0495E-13  2.5780E-05   1.032E+04     274- 573     4655
Rovibration_vJ|2[58]        -Rovibration_vJ|7[59]            6.9832E-13  4.6690E-05   9.904E+03     274- 591     4656
Rovibration_vJ|2[58]        -Rovibration_vJ|8[57]            7.4259E-14  6.7660E-06   8.630E+03     274- 627     4657
Rovibration_vJ|2[58]        -Rovibration_vJ|8[59]            7.7774E-16  7.3380E-08   8.337E+03     274- 635     4658
Rovibration_vJ|2[58]        -Rovibration_vJ|9[57]            5.3652E-15  6.5990E-07   7.428E+03     274- 654     4659
Rovibration_vJ|2[58]        -Rovibration_vJ|9[59]            5.7570E-17  7.2590E-09   7.212E+03     274- 659     4660
Rovibration_vJ|2[58]        -Rovibration_vJ|10[57]           1.9791E-16  3.1490E-08   6.531E+03     274- 668     4661
Rovibration_vJ|2[58]        -Rovibration_vJ|10[59]           1.1242E-18  1.8200E-10   6.365E+03     274- 670     4662
Rovibration_vJ|5[10]        -Rovibration_vJ|5[11]            3.9416E-09  3.9060E-06   2.479E+06     275- 276     4663
Rovibration_vJ|5[10]        -Rovibration_vJ|6[9]             3.0208E-05  8.6720E+01   5.068E+04     275- 334     4664
Rovibration_vJ|5[10]        -Rovibration_vJ|6[11]            3.4467E-05  8.8180E+01   4.879E+04     275- 337     4665
Rovibration_vJ|5[10]        -Rovibration_vJ|7[9]             8.5488E-07  9.8690E+00   2.527E+04     275- 394     4666
Rovibration_vJ|5[10]        -Rovibration_vJ|7[11]            1.0571E-06  1.0470E+01   2.480E+04     275- 398     4667
Rovibration_vJ|5[10]        -Rovibration_vJ|8[9]             1.5555E-08  4.0120E-01   1.691E+04     275- 455     4668
Rovibration_vJ|5[10]        -Rovibration_vJ|8[11]            2.1547E-08  4.7080E-01   1.670E+04     275- 458     4669
Rovibration_vJ|5[10]        -Rovibration_vJ|9[9]             1.6567E-10  7.5200E-03   1.274E+04     275- 516     4670
Rovibration_vJ|5[10]        -Rovibration_vJ|9[11]            3.0071E-10  1.1490E-02   1.263E+04     275- 519     4671
Rovibration_vJ|5[10]        -Rovibration_vJ|10[9]            4.9557E-15  3.4750E-07   1.025E+04     275- 577     4672
Rovibration_vJ|5[10]        -Rovibration_vJ|10[11]           6.9404E-13  4.0810E-05   1.018E+04     275- 580     4673
Rovibration_vJ|5[11]        -Rovibration_vJ|5[12]            4.4025E-09  5.2300E-06   2.273E+06     276- 278     4674
Rovibration_vJ|5[11]        -Rovibration_vJ|6[10]            3.0284E-05  8.5800E+01   5.078E+04     276- 335     4675
Rovibration_vJ|5[11]        -Rovibration_vJ|6[12]            3.4389E-05  8.8930E+01   4.871E+04     276- 339     4676
Rovibration_vJ|5[11]        -Rovibration_vJ|7[10]            8.5401E-07  9.7480E+00   2.530E+04     276- 396     4677
Rovibration_vJ|5[11]        -Rovibration_vJ|7[12]            1.0587E-06  1.0580E+01   2.478E+04     276- 399     4678
Rovibration_vJ|5[11]        -Rovibration_vJ|8[10]            1.5463E-08  3.9460E-01   1.692E+04     276- 457     4679
Rovibration_vJ|5[11]        -Rovibration_vJ|8[12]            2.1712E-08  4.7840E-01   1.669E+04     276- 460     4680
Rovibration_vJ|5[11]        -Rovibration_vJ|9[10]            1.6241E-10  7.2960E-03   1.275E+04     276- 518     4681
Rovibration_vJ|5[11]        -Rovibration_vJ|9[12]            3.0660E-10  1.1810E-02   1.262E+04     276- 521     4682
Rovibration_vJ|5[11]        -Rovibration_vJ|10[10]           1.1504E-14  7.9850E-07   1.026E+04     276- 579     4683
Rovibration_vJ|5[11]        -Rovibration_vJ|10[12]           7.7395E-13  4.5870E-05   1.018E+04     276- 581     4684
Rovibration_vJ|3[48]        -Rovibration_vJ|3[49]            8.5672E-10  1.8220E-05   5.544E+05     277- 285     4685
Rovibration_vJ|3[48]        -Rovibration_vJ|4[47]            2.0015E-05  4.6540E+01   5.412E+04     277- 330     4686
Rovibration_vJ|3[48]        -Rovibration_vJ|4[49]            2.4315E-05  7.7020E+01   4.542E+04     277- 346     4687
Rovibration_vJ|3[48]        -Rovibration_vJ|5[47]            3.4643E-07  3.4900E+00   2.600E+04     277- 392     4688
Rovibration_vJ|3[48]        -Rovibration_vJ|5[49]            6.0996E-07  7.0200E+00   2.383E+04     277- 407     4689
Rovibration_vJ|3[48]        -Rovibration_vJ|6[47]            3.5464E-09  8.1760E-02   1.719E+04     277- 453     4690
Rovibration_vJ|3[48]        -Rovibration_vJ|6[49]            1.0885E-08  2.7040E-01   1.622E+04     277- 468     4691
Rovibration_vJ|3[48]        -Rovibration_vJ|7[47]            1.1740E-11  4.8200E-04   1.288E+04     277- 515     4692
Rovibration_vJ|3[48]        -Rovibration_vJ|7[49]            1.6490E-10  7.0840E-03   1.233E+04     277- 530     4693
Rovibration_vJ|3[48]        -Rovibration_vJ|8[47]            6.5165E-13  4.1620E-05   1.033E+04     277- 576     4694
Rovibration_vJ|3[48]        -Rovibration_vJ|8[49]            1.3607E-12  8.9360E-05   9.976E+03     277- 590     4695
Rovibration_vJ|3[48]        -Rovibration_vJ|9[47]            1.7329E-13  1.5820E-05   8.637E+03     277- 628     4696
Rovibration_vJ|3[48]        -Rovibration_vJ|9[49]            9.3644E-17  8.6880E-09   8.393E+03     277- 634     4697
Rovibration_vJ|3[48]        -Rovibration_vJ|10[47]           1.0266E-14  1.2640E-06   7.437E+03     277- 655     4698
Rovibration_vJ|3[48]        -Rovibration_vJ|10[49]           4.7071E-18  5.8410E-10   7.257E+03     277- 658     4699
Rovibration_vJ|5[12]        -Rovibration_vJ|5[13]            4.8955E-09  6.8670E-06   2.098E+06     278- 280     4700
Rovibration_vJ|5[12]        -Rovibration_vJ|6[11]            3.0341E-05  8.4960E+01   5.088E+04     278- 337     4701
Rovibration_vJ|5[12]        -Rovibration_vJ|6[13]            3.4331E-05  8.9630E+01   4.864E+04     278- 341     4702
Rovibration_vJ|5[12]        -Rovibration_vJ|7[11]            8.5262E-07  9.6370E+00   2.533E+04     278- 398     4703
Rovibration_vJ|5[12]        -Rovibration_vJ|7[13]            1.0614E-06  1.0690E+01   2.476E+04     278- 402     4704
Rovibration_vJ|5[12]        -Rovibration_vJ|8[11]            1.5357E-08  3.8830E-01   1.693E+04     278- 458     4705
Rovibration_vJ|5[12]        -Rovibration_vJ|8[13]            2.1890E-08  4.8580E-01   1.668E+04     278- 463     4706
Rovibration_vJ|5[12]        -Rovibration_vJ|9[11]            1.5908E-10  7.0830E-03   1.276E+04     278- 519     4707
Rovibration_vJ|5[12]        -Rovibration_vJ|9[13]            3.1300E-10  1.2140E-02   1.262E+04     278- 524     4708
Rovibration_vJ|5[12]        -Rovibration_vJ|10[11]           2.0696E-14  1.4240E-06   1.027E+04     278- 580     4709
Rovibration_vJ|5[12]        -Rovibration_vJ|10[13]           8.5912E-13  5.1260E-05   1.017E+04     278- 584     4710
Rovibration_vJ|4[35]        -Rovibration_vJ|4[36]            2.1251E-09  2.4110E-05   7.562E+05     279- 283     4711
Rovibration_vJ|4[35]        -Rovibration_vJ|5[34]            2.5227E-05  6.1740E+01   5.296E+04     279- 333     4712
Rovibration_vJ|4[35]        -Rovibration_vJ|5[36]            2.9415E-05  8.7940E+01   4.658E+04     279- 343     4713
Rovibration_vJ|4[35]        -Rovibration_vJ|6[34]            5.5599E-07  5.7420E+00   2.578E+04     279- 395     4714
Rovibration_vJ|4[35]        -Rovibration_vJ|6[36]            8.4970E-07  9.4250E+00   2.418E+04     279- 404     4715
Rovibration_vJ|4[35]        -Rovibration_vJ|7[34]            7.4879E-09  1.7550E-01   1.711E+04     279- 456     4716
Rovibration_vJ|4[35]        -Rovibration_vJ|7[36]            1.6955E-08  4.0890E-01   1.640E+04     279- 465     4717
Rovibration_vJ|4[35]        -Rovibration_vJ|8[34]            4.3159E-11  1.7940E-03   1.285E+04     279- 517     4718
Rovibration_vJ|4[35]        -Rovibration_vJ|8[36]            2.6538E-10  1.1110E-02   1.245E+04     279- 527     4719
Rovibration_vJ|4[35]        -Rovibration_vJ|9[34]            6.1945E-13  3.9960E-05   1.031E+04     279- 578     4720
Rovibration_vJ|4[35]        -Rovibration_vJ|9[36]            1.8507E-12  1.1870E-04   1.006E+04     279- 588     4721
Rovibration_vJ|4[35]        -Rovibration_vJ|10[34]           3.6759E-13  3.3840E-05   8.635E+03     279- 629     4722
Rovibration_vJ|4[35]        -Rovibration_vJ|10[36]           1.4589E-14  1.3240E-06   8.455E+03     279- 633     4723
Rovibration_vJ|5[13]        -Rovibration_vJ|5[14]            5.4250E-09  8.8710E-06   1.949E+06     280- 281     4724
Rovibration_vJ|5[13]        -Rovibration_vJ|6[12]            3.0378E-05  8.4170E+01   5.099E+04     280- 339     4725
Rovibration_vJ|5[13]        -Rovibration_vJ|6[14]            3.4288E-05  9.0290E+01   4.856E+04     280- 342     4726
Rovibration_vJ|5[13]        -Rovibration_vJ|7[12]            8.5079E-07  9.5330E+00   2.536E+04     280- 399     4727
Rovibration_vJ|5[13]        -Rovibration_vJ|7[14]            1.0650E-06  1.0800E+01   2.475E+04     280- 403     4728
Rovibration_vJ|5[13]        -Rovibration_vJ|8[12]            1.5247E-08  3.8240E-01   1.695E+04     280- 460     4729
Rovibration_vJ|5[13]        -Rovibration_vJ|8[14]            2.2081E-08  4.9310E-01   1.668E+04     280- 464     4730
Rovibration_vJ|5[13]        -Rovibration_vJ|9[12]            1.5575E-10  6.8810E-03   1.277E+04     280- 521     4731
Rovibration_vJ|5[13]        -Rovibration_vJ|9[14]            3.1935E-10  1.2460E-02   1.262E+04     280- 525     4732
Rovibration_vJ|5[13]        -Rovibration_vJ|10[12]           3.2453E-14  2.2160E-06   1.027E+04     280- 581     4733
Rovibration_vJ|5[13]        -Rovibration_vJ|10[14]           9.5018E-13  5.7020E-05   1.017E+04     280- 586     4734
Rovibration_vJ|5[14]        -Rovibration_vJ|5[15]            5.9935E-09  1.1300E-05   1.819E+06     281- 284     4735
Rovibration_vJ|5[14]        -Rovibration_vJ|6[13]            3.0401E-05  8.3420E+01   5.110E+04     281- 341     4736
Rovibration_vJ|5[14]        -Rovibration_vJ|6[15]            3.4259E-05  9.0920E+01   4.849E+04     281- 345     4737
Rovibration_vJ|5[14]        -Rovibration_vJ|7[13]            8.4857E-07  9.4340E+00   2.539E+04     281- 402     4738
Rovibration_vJ|5[14]        -Rovibration_vJ|7[15]            1.0684E-06  1.0900E+01   2.473E+04     281- 405     4739
Rovibration_vJ|5[14]        -Rovibration_vJ|8[13]            1.5132E-08  3.7680E-01   1.696E+04     281- 463     4740
Rovibration_vJ|5[14]        -Rovibration_vJ|8[15]            2.2281E-08  5.0030E-01   1.667E+04     281- 466     4741
Rovibration_vJ|5[14]        -Rovibration_vJ|9[13]            1.5243E-10  6.6880E-03   1.278E+04     281- 524     4742
Rovibration_vJ|5[14]        -Rovibration_vJ|9[15]            3.2612E-10  1.2790E-02   1.261E+04     281- 526     4743
Rovibration_vJ|5[14]        -Rovibration_vJ|10[13]           4.6708E-14  3.1680E-06   1.028E+04     281- 584     4744
Rovibration_vJ|5[14]        -Rovibration_vJ|10[15]           1.0468E-12  6.3130E-05   1.017E+04     281- 587     4745
Rovibration_vJ|2[59]        -Rovibration_vJ|2[60]            1.3688E-08  4.3950E-04   4.520E+05     282- 291     4746
Rovibration_vJ|2[59]        -Rovibration_vJ|3[58]            1.4897E-05  3.3210E+01   5.516E+04     282- 336     4747
Rovibration_vJ|2[59]        -Rovibration_vJ|3[60]            1.8812E-05  6.2340E+01   4.449E+04     282- 352     4748
Rovibration_vJ|2[59]        -Rovibration_vJ|4[58]            1.9618E-07  1.9390E+00   2.620E+04     282- 397     4749
Rovibration_vJ|2[59]        -Rovibration_vJ|4[60]            3.9112E-07  4.6290E+00   2.354E+04     282- 413     4750
Rovibration_vJ|2[59]        -Rovibration_vJ|5[58]            1.5258E-09  3.4760E-02   1.726E+04     282- 459     4751
Rovibration_vJ|2[59]        -Rovibration_vJ|5[60]            6.0931E-09  1.5470E-01   1.607E+04     282- 475     4752
Rovibration_vJ|2[59]        -Rovibration_vJ|6[58]            2.4257E-12  9.8750E-05   1.291E+04     282- 520     4753
Rovibration_vJ|2[59]        -Rovibration_vJ|6[60]            8.3955E-11  3.6750E-03   1.224E+04     282- 536     4754
Rovibration_vJ|2[59]        -Rovibration_vJ|7[58]            4.1504E-13  2.6340E-05   1.034E+04     282- 582     4755
Rovibration_vJ|2[59]        -Rovibration_vJ|7[60]            7.3338E-13  4.8980E-05   9.911E+03     282- 598     4756
Rovibration_vJ|2[59]        -Rovibration_vJ|8[58]            7.5672E-14  6.8740E-06   8.642E+03     282- 630     4757
Rovibration_vJ|2[59]        -Rovibration_vJ|8[60]            9.8266E-16  9.2600E-08   8.343E+03     282- 639     4758
Rovibration_vJ|2[59]        -Rovibration_vJ|9[58]            5.4821E-15  6.7230E-07   7.438E+03     282- 656     4759
Rovibration_vJ|2[59]        -Rovibration_vJ|9[60]            4.9388E-17  6.2190E-09   7.218E+03     282- 661     4760
Rovibration_vJ|2[59]        -Rovibration_vJ|10[58]           2.2148E-16  3.5140E-08   6.539E+03     282- 669     4761
Rovibration_vJ|2[59]        -Rovibration_vJ|10[60]           3.0026E-19  4.8540E-11   6.370E+03     282- 671     4762
Rovibration_vJ|4[36]        -Rovibration_vJ|4[37]            2.6758E-09  3.2060E-05   7.361E+05     283- 287     4763
Rovibration_vJ|4[36]        -Rovibration_vJ|5[35]            2.5184E-05  6.1270E+01   5.309E+04     283- 340     4764
Rovibration_vJ|4[36]        -Rovibration_vJ|5[37]            2.9447E-05  8.8290E+01   4.653E+04     283- 349     4765
Rovibration_vJ|4[36]        -Rovibration_vJ|6[35]            5.5370E-07  5.6960E+00   2.582E+04     283- 401     4766
Rovibration_vJ|4[36]        -Rovibration_vJ|6[37]            8.5477E-07  9.4930E+00   2.418E+04     283- 410     4767
Rovibration_vJ|4[36]        -Rovibration_vJ|7[35]            7.4227E-09  1.7340E-01   1.713E+04     283- 462     4768
Rovibration_vJ|4[36]        -Rovibration_vJ|7[37]            1.7159E-08  4.1410E-01   1.640E+04     283- 471     4769
Rovibration_vJ|4[36]        -Rovibration_vJ|8[35]            4.2033E-11  1.7420E-03   1.286E+04     283- 522     4770
Rovibration_vJ|4[36]        -Rovibration_vJ|8[37]            2.7173E-10  1.1380E-02   1.245E+04     283- 532     4771
Rovibration_vJ|4[36]        -Rovibration_vJ|9[35]            6.5259E-13  4.1980E-05   1.033E+04     283- 583     4772
Rovibration_vJ|4[36]        -Rovibration_vJ|9[37]            1.9688E-12  1.2630E-04   1.006E+04     283- 593     4773
Rovibration_vJ|4[36]        -Rovibration_vJ|10[35]           3.7468E-13  3.4400E-05   8.643E+03     283- 631     4774
Rovibration_vJ|4[36]        -Rovibration_vJ|10[37]           1.2495E-14  1.1340E-06   8.458E+03     283- 636     4775
Rovibration_vJ|5[15]        -Rovibration_vJ|5[16]            6.6087E-09  1.4230E-05   1.706E+06     284- 286     4776
Rovibration_vJ|5[15]        -Rovibration_vJ|6[14]            3.0415E-05  8.2710E+01   5.121E+04     284- 342     4777
Rovibration_vJ|5[15]        -Rovibration_vJ|6[16]            3.4238E-05  9.1520E+01   4.842E+04     284- 347     4778
Rovibration_vJ|5[15]        -Rovibration_vJ|7[14]            8.4612E-07  9.3400E+00   2.542E+04     284- 403     4779
Rovibration_vJ|5[15]        -Rovibration_vJ|7[16]            1.0724E-06  1.1000E+01   2.472E+04     284- 408     4780
Rovibration_vJ|5[15]        -Rovibration_vJ|8[14]            1.5013E-08  3.7140E-01   1.698E+04     284- 464     4781
Rovibration_vJ|5[15]        -Rovibration_vJ|8[16]            2.2493E-08  5.0750E-01   1.666E+04     284- 469     4782
Rovibration_vJ|5[15]        -Rovibration_vJ|9[14]            1.4909E-10  6.5010E-03   1.279E+04     284- 525     4783
Rovibration_vJ|5[15]        -Rovibration_vJ|9[16]            3.3303E-10  1.3120E-02   1.261E+04     284- 529     4784
Rovibration_vJ|5[15]        -Rovibration_vJ|10[14]           6.3395E-14  4.2740E-06   1.028E+04     284- 586     4785
Rovibration_vJ|5[15]        -Rovibration_vJ|10[16]           1.1494E-12  6.9620E-05   1.017E+04     284- 589     4786
Rovibration_vJ|3[49]        -Rovibration_vJ|3[50]            4.7008E-10  1.0400E-05   5.436E+05     285- 290     4787
Rovibration_vJ|3[49]        -Rovibration_vJ|4[48]            1.9978E-05  4.6170E+01   5.427E+04     285- 338     4788
Rovibration_vJ|3[49]        -Rovibration_vJ|4[50]            2.4341E-05  7.7260E+01   4.539E+04     285- 351     4789
Rovibration_vJ|3[49]        -Rovibration_vJ|5[48]            3.4504E-07  3.4620E+00   2.605E+04     285- 400     4790
Rovibration_vJ|3[49]        -Rovibration_vJ|5[50]            6.1386E-07  7.0680E+00   2.383E+04     285- 412     4791
Rovibration_vJ|3[49]        -Rovibration_vJ|6[48]            3.5171E-09  8.0810E-02   1.721E+04     285- 461     4792
Rovibration_vJ|3[49]        -Rovibration_vJ|6[50]            1.1028E-08  2.7390E-01   1.622E+04     285- 473     4793
Rovibration_vJ|3[49]        -Rovibration_vJ|7[48]            1.1388E-11  4.6610E-04   1.290E+04     285- 523     4794
Rovibration_vJ|3[49]        -Rovibration_vJ|7[50]            1.6881E-10  7.2490E-03   1.234E+04     285- 534     4795
Rovibration_vJ|3[49]        -Rovibration_vJ|8[48]            6.7348E-13  4.2890E-05   1.034E+04     285- 585     4796
Rovibration_vJ|3[49]        -Rovibration_vJ|8[50]            1.4341E-12  9.4120E-05   9.981E+03     285- 596     4797
Rovibration_vJ|3[49]        -Rovibration_vJ|9[48]            1.7695E-13  1.6110E-05   8.647E+03     285- 632     4798
Rovibration_vJ|3[49]        -Rovibration_vJ|9[50]            2.2695E-16  2.1040E-08   8.398E+03     285- 637     4799
Rovibration_vJ|3[49]        -Rovibration_vJ|10[48]           1.0383E-14  1.2750E-06   7.446E+03     285- 657     4800
Rovibration_vJ|3[49]        -Rovibration_vJ|10[50]           2.2205E-19  2.7530E-11   7.262E+03     285- 660     4801
Rovibration_vJ|5[16]        -Rovibration_vJ|5[17]            7.2662E-09  1.7720E-05   1.606E+06     286- 288     4802
Rovibration_vJ|5[16]        -Rovibration_vJ|6[15]            3.0417E-05  8.2020E+01   5.132E+04     286- 345     4803
Rovibration_vJ|5[16]        -Rovibration_vJ|6[17]            3.4228E-05  9.2100E+01   4.835E+04     286- 348     4804
Rovibration_vJ|5[16]        -Rovibration_vJ|7[15]            8.4348E-07  9.2500E+00   2.545E+04     286- 405     4805
Rovibration_vJ|5[16]        -Rovibration_vJ|7[17]            1.0768E-06  1.1100E+01   2.470E+04     286- 409     4806
Rovibration_vJ|5[16]        -Rovibration_vJ|8[15]            1.4891E-08  3.6620E-01   1.699E+04     286- 466     4807
Rovibration_vJ|5[16]        -Rovibration_vJ|8[17]            2.2714E-08  5.1470E-01   1.666E+04     286- 470     4808
Rovibration_vJ|5[16]        -Rovibration_vJ|9[15]            1.4581E-10  6.3220E-03   1.280E+04     286- 526     4809
Rovibration_vJ|5[16]        -Rovibration_vJ|9[17]            3.4029E-10  1.3460E-02   1.261E+04     286- 531     4810
Rovibration_vJ|5[16]        -Rovibration_vJ|10[15]           8.2429E-14  5.5270E-06   1.029E+04     286- 587     4811
Rovibration_vJ|5[16]        -Rovibration_vJ|10[17]           1.2580E-12  7.6490E-05   1.017E+04     286- 592     4812
Rovibration_vJ|4[37]        -Rovibration_vJ|4[38]            3.3195E-09  4.1940E-05   7.171E+05     287- 292     4813
Rovibration_vJ|4[37]        -Rovibration_vJ|5[36]            2.5144E-05  6.0810E+01   5.323E+04     287- 343     4814
Rovibration_vJ|4[37]        -Rovibration_vJ|5[38]            2.9477E-05  8.8630E+01   4.648E+04     287- 354     4815
Rovibration_vJ|4[37]        -Rovibration_vJ|6[36]            5.5139E-07  5.6500E+00   2.586E+04     287- 404     4816
Rovibration_vJ|4[37]        -Rovibration_vJ|6[38]            8.5998E-07  9.5620E+00   2.417E+04     287- 415     4817
Rovibration_vJ|4[37]        -Rovibration_vJ|7[36]            7.3569E-09  1.7130E-01   1.716E+04     287- 465     4818
Rovibration_vJ|4[37]        -Rovibration_vJ|7[38]            1.7369E-08  4.1940E-01   1.640E+04     287- 476     4819
Rovibration_vJ|4[37]        -Rovibration_vJ|8[36]            4.0948E-11  1.6920E-03   1.288E+04     287- 527     4820
Rovibration_vJ|4[37]        -Rovibration_vJ|8[38]            2.7786E-10  1.1640E-02   1.245E+04     287- 537     4821
Rovibration_vJ|4[37]        -Rovibration_vJ|9[36]            6.8622E-13  4.4020E-05   1.034E+04     287- 588     4822
Rovibration_vJ|4[37]        -Rovibration_vJ|9[38]            2.0917E-12  1.3420E-04   1.006E+04     287- 597     4823
Rovibration_vJ|4[37]        -Rovibration_vJ|10[36]           3.8180E-13  3.4960E-05   8.651E+03     287- 633     4824
Rovibration_vJ|4[37]        -Rovibration_vJ|10[38]           1.0539E-14  9.5640E-07   8.461E+03     287- 638     4825
Rovibration_vJ|5[17]        -Rovibration_vJ|5[18]            7.9768E-09  2.1870E-05   1.517E+06     288- 289     4826
Rovibration_vJ|5[17]        -Rovibration_vJ|6[16]            3.0415E-05  8.1360E+01   5.143E+04     288- 347     4827
Rovibration_vJ|5[17]        -Rovibration_vJ|6[18]            3.4223E-05  9.2660E+01   4.827E+04     288- 350     4828
Rovibration_vJ|5[17]        -Rovibration_vJ|7[16]            8.4067E-07  9.1630E+00   2.548E+04     288- 408     4829
Rovibration_vJ|5[17]        -Rovibration_vJ|7[18]            1.0817E-06  1.1200E+01   2.469E+04     288- 411     4830
Rovibration_vJ|5[17]        -Rovibration_vJ|8[16]            1.4764E-08  3.6110E-01   1.701E+04     288- 469     4831
Rovibration_vJ|5[17]        -Rovibration_vJ|8[18]            2.2939E-08  5.2180E-01   1.665E+04     288- 472     4832
Rovibration_vJ|5[17]        -Rovibration_vJ|9[16]            1.4256E-10  6.1490E-03   1.281E+04     288- 529     4833
Rovibration_vJ|5[17]        -Rovibration_vJ|9[18]            3.4765E-10  1.3800E-02   1.261E+04     288- 533     4834
Rovibration_vJ|5[17]        -Rovibration_vJ|10[16]           1.0375E-13  6.9220E-06   1.030E+04     288- 589     4835
Rovibration_vJ|5[17]        -Rovibration_vJ|10[18]           1.3729E-12  8.3760E-05   1.017E+04     288- 594     4836
Rovibration_vJ|5[18]        -Rovibration_vJ|5[19]            8.7485E-09  2.6790E-05   1.438E+06     289- 293     4837
Rovibration_vJ|5[18]        -Rovibration_vJ|6[17]            3.0407E-05  8.0720E+01   5.154E+04     289- 348     4838
Rovibration_vJ|5[18]        -Rovibration_vJ|6[19]            3.4224E-05  9.3200E+01   4.821E+04     289- 353     4839
Rovibration_vJ|5[18]        -Rovibration_vJ|7[17]            8.3775E-07  9.0790E+00   2.551E+04     289- 409     4840
Rovibration_vJ|5[18]        -Rovibration_vJ|7[19]            1.0860E-06  1.1290E+01   2.467E+04     289- 414     4841
Rovibration_vJ|5[18]        -Rovibration_vJ|8[17]            1.4643E-08  3.5630E-01   1.702E+04     289- 470     4842
Rovibration_vJ|5[18]        -Rovibration_vJ|8[19]            2.3175E-08  5.2900E-01   1.665E+04     289- 474     4843
Rovibration_vJ|5[18]        -Rovibration_vJ|9[17]            1.3935E-10  5.9820E-03   1.282E+04     289- 531     4844
Rovibration_vJ|5[18]        -Rovibration_vJ|9[19]            3.5534E-10  1.4150E-02   1.261E+04     289- 535     4845
Rovibration_vJ|5[18]        -Rovibration_vJ|10[17]           1.2727E-13  8.4520E-06   1.030E+04     289- 592     4846
Rovibration_vJ|5[18]        -Rovibration_vJ|10[19]           1.4942E-12  9.1430E-05   1.017E+04     289- 595     4847
Rovibration_vJ|3[50]        -Rovibration_vJ|3[51]            1.8981E-10  4.3650E-06   5.333E+05     290- 295     4848
Rovibration_vJ|3[50]        -Rovibration_vJ|4[49]            1.9940E-05  4.5800E+01   5.443E+04     290- 346     4849
Rovibration_vJ|3[50]        -Rovibration_vJ|4[51]            2.4367E-05  7.7500E+01   4.535E+04     290- 356     4850
Rovibration_vJ|3[50]        -Rovibration_vJ|5[49]            3.4374E-07  3.4350E+00   2.610E+04     290- 407     4851
Rovibration_vJ|3[50]        -Rovibration_vJ|5[51]            6.1788E-07  7.1170E+00   2.383E+04     290- 417     4852
Rovibration_vJ|3[50]        -Rovibration_vJ|6[49]            3.4890E-09  7.9890E-02   1.724E+04     290- 468     4853
Rovibration_vJ|3[50]        -Rovibration_vJ|6[51]            1.1171E-08  2.7740E-01   1.623E+04     290- 479     4854
Rovibration_vJ|3[50]        -Rovibration_vJ|7[49]            1.1046E-11  4.5070E-04   1.291E+04     290- 530     4855
Rovibration_vJ|3[50]        -Rovibration_vJ|7[51]            1.7281E-10  7.4170E-03   1.234E+04     290- 541     4856
Rovibration_vJ|3[50]        -Rovibration_vJ|8[49]            6.9545E-13  4.4160E-05   1.035E+04     290- 590     4857
Rovibration_vJ|3[50]        -Rovibration_vJ|8[51]            1.5101E-12  9.9040E-05   9.986E+03     290- 602     4858
Rovibration_vJ|3[50]        -Rovibration_vJ|9[49]            1.8076E-13  1.6410E-05   8.658E+03     290- 634     4859
Rovibration_vJ|3[50]        -Rovibration_vJ|9[51]            4.1897E-16  3.8810E-08   8.403E+03     290- 641     4860
Rovibration_vJ|3[50]        -Rovibration_vJ|10[49]           1.0509E-14  1.2870E-06   7.454E+03     290- 658     4861
Rovibration_vJ|3[50]        -Rovibration_vJ|10[51]           1.4475E-18  1.7930E-10   7.267E+03     290- 662     4862
Rovibration_vJ|2[60]        -Rovibration_vJ|3[59]            1.4867E-05  3.2930E+01   5.533E+04     291- 344     4863
Rovibration_vJ|2[60]        -Rovibration_vJ|4[59]            1.9550E-07  1.9240E+00   2.625E+04     291- 406     4864
Rovibration_vJ|2[60]        -Rovibration_vJ|5[59]            1.5146E-09  3.4380E-02   1.729E+04     291- 467     4865
Rovibration_vJ|2[60]        -Rovibration_vJ|6[59]            2.3376E-12  9.4850E-05   1.293E+04     291- 528     4866
Rovibration_vJ|2[60]        -Rovibration_vJ|7[59]            4.2504E-13  2.6890E-05   1.035E+04     291- 591     4867
Rovibration_vJ|2[60]        -Rovibration_vJ|8[59]            7.7094E-14  6.9820E-06   8.654E+03     291- 635     4868
Rovibration_vJ|2[60]        -Rovibration_vJ|9[59]            5.5989E-15  6.8460E-07   7.448E+03     291- 659     4869
Rovibration_vJ|2[60]        -Rovibration_vJ|10[59]           2.4684E-16  3.9050E-08   6.548E+03     291- 670     4870
Rovibration_vJ|4[38]        -Rovibration_vJ|4[39]            4.0666E-09  5.4100E-05   6.991E+05     292- 296     4871
Rovibration_vJ|4[38]        -Rovibration_vJ|5[37]            2.5102E-05  6.0350E+01   5.337E+04     292- 349     4872
Rovibration_vJ|4[38]        -Rovibration_vJ|5[39]            2.9505E-05  8.8960E+01   4.644E+04     292- 357     4873
Rovibration_vJ|4[38]        -Rovibration_vJ|6[37]            5.4914E-07  5.6050E+00   2.590E+04     292- 410     4874
Rovibration_vJ|4[38]        -Rovibration_vJ|6[39]            8.6515E-07  9.6300E+00   2.417E+04     292- 419     4875
Rovibration_vJ|4[38]        -Rovibration_vJ|7[37]            7.2949E-09  1.6930E-01   1.718E+04     292- 471     4876
Rovibration_vJ|4[38]        -Rovibration_vJ|7[39]            1.7584E-08  4.2480E-01   1.640E+04     292- 480     4877
Rovibration_vJ|4[38]        -Rovibration_vJ|8[37]            3.9857E-11  1.6420E-03   1.289E+04     292- 532     4878
Rovibration_vJ|4[38]        -Rovibration_vJ|8[39]            2.8449E-10  1.1920E-02   1.246E+04     292- 540     4879
Rovibration_vJ|4[38]        -Rovibration_vJ|9[37]            7.2034E-13  4.6080E-05   1.035E+04     292- 593     4880
Rovibration_vJ|4[38]        -Rovibration_vJ|9[39]            2.2195E-12  1.4240E-04   1.007E+04     292- 601     4881
Rovibration_vJ|4[38]        -Rovibration_vJ|10[37]           3.8906E-13  3.5530E-05   8.660E+03     292- 636     4882
Rovibration_vJ|4[38]        -Rovibration_vJ|10[39]           8.7356E-15  7.9270E-07   8.464E+03     292- 640     4883
Rovibration_vJ|5[19]        -Rovibration_vJ|5[20]            9.5758E-09  3.2560E-05   1.366E+06     293- 294     4884
Rovibration_vJ|5[19]        -Rovibration_vJ|6[18]            3.0392E-05  8.0090E+01   5.165E+04     293- 350     4885
Rovibration_vJ|5[19]        -Rovibration_vJ|6[20]            3.4231E-05  9.3730E+01   4.814E+04     293- 355     4886
Rovibration_vJ|5[19]        -Rovibration_vJ|7[18]            8.3471E-07  8.9970E+00   2.554E+04     293- 411     4887
Rovibration_vJ|5[19]        -Rovibration_vJ|7[20]            1.0915E-06  1.1390E+01   2.466E+04     293- 416     4888
Rovibration_vJ|5[19]        -Rovibration_vJ|8[18]            1.4515E-08  3.5150E-01   1.704E+04     293- 472     4889
Rovibration_vJ|5[19]        -Rovibration_vJ|8[20]            2.3416E-08  5.3620E-01   1.665E+04     293- 477     4890
Rovibration_vJ|5[19]        -Rovibration_vJ|9[18]            1.3617E-10  5.8190E-03   1.283E+04     293- 533     4891
Rovibration_vJ|5[19]        -Rovibration_vJ|9[20]            3.6309E-10  1.4500E-02   1.260E+04     293- 538     4892
Rovibration_vJ|5[19]        -Rovibration_vJ|10[18]           1.5290E-13  1.0110E-05   1.031E+04     293- 594     4893
Rovibration_vJ|5[19]        -Rovibration_vJ|10[20]           1.6220E-12  9.9520E-05   1.017E+04     293- 599     4894
Rovibration_vJ|5[20]        -Rovibration_vJ|5[21]            1.0472E-08  3.9330E-05   1.301E+06     294- 297     4895
Rovibration_vJ|5[20]        -Rovibration_vJ|6[19]            3.0371E-05  7.9470E+01   5.177E+04     294- 353     4896
Rovibration_vJ|5[20]        -Rovibration_vJ|6[21]            3.4243E-05  9.4250E+01   4.807E+04     294- 358     4897
Rovibration_vJ|5[20]        -Rovibration_vJ|7[19]            8.3158E-07  8.9170E+00   2.557E+04     294- 414     4898
Rovibration_vJ|5[20]        -Rovibration_vJ|7[21]            1.0963E-06  1.1480E+01   2.464E+04     294- 418     4899
Rovibration_vJ|5[20]        -Rovibration_vJ|8[19]            1.4391E-08  3.4690E-01   1.706E+04     294- 474     4900
Rovibration_vJ|5[20]        -Rovibration_vJ|8[21]            2.3667E-08  5.4350E-01   1.664E+04     294- 478     4901
Rovibration_vJ|5[20]        -Rovibration_vJ|9[19]            1.3306E-10  5.6620E-03   1.284E+04     294- 535     4902
Rovibration_vJ|5[20]        -Rovibration_vJ|9[21]            3.7115E-10  1.4860E-02   1.260E+04     294- 539     4903
Rovibration_vJ|5[20]        -Rovibration_vJ|10[19]           1.8071E-13  1.1900E-05   1.032E+04     294- 595     4904
Rovibration_vJ|5[20]        -Rovibration_vJ|10[21]           1.7561E-12  1.0800E-04   1.017E+04     294- 600     4905
Rovibration_vJ|3[51]        -Rovibration_vJ|3[52]            3.0833E-11  7.3640E-07   5.234E+05     295- 300     4906
Rovibration_vJ|3[51]        -Rovibration_vJ|4[50]            1.9901E-05  4.5430E+01   5.459E+04     295- 351     4907
Rovibration_vJ|3[51]        -Rovibration_vJ|4[52]            2.4392E-05  7.7730E+01   4.531E+04     295- 362     4908
Rovibration_vJ|3[51]        -Rovibration_vJ|5[50]            3.4243E-07  3.4080E+00   2.614E+04     295- 412     4909
Rovibration_vJ|3[51]        -Rovibration_vJ|5[52]            6.2184E-07  7.1650E+00   2.383E+04     295- 423     4910
Rovibration_vJ|3[51]        -Rovibration_vJ|6[50]            3.4611E-09  7.8980E-02   1.727E+04     295- 473     4911
Rovibration_vJ|3[51]        -Rovibration_vJ|6[52]            1.1315E-08  2.8090E-01   1.623E+04     295- 484     4912
Rovibration_vJ|3[51]        -Rovibration_vJ|7[50]            1.0714E-11  4.3580E-04   1.293E+04     295- 534     4913
Rovibration_vJ|3[51]        -Rovibration_vJ|7[52]            1.7689E-10  7.5880E-03   1.235E+04     295- 545     4914
Rovibration_vJ|3[51]        -Rovibration_vJ|8[50]            7.1756E-13  4.5430E-05   1.037E+04     295- 596     4915
Rovibration_vJ|3[51]        -Rovibration_vJ|8[52]            1.5884E-12  1.0410E-04   9.992E+03     295- 606     4916
Rovibration_vJ|3[51]        -Rovibration_vJ|9[50]            1.8469E-13  1.6720E-05   8.668E+03     295- 637     4917
Rovibration_vJ|3[51]        -Rovibration_vJ|9[52]            6.7065E-16  6.2070E-08   8.408E+03     295- 643     4918
Rovibration_vJ|3[51]        -Rovibration_vJ|10[50]           1.0645E-14  1.3000E-06   7.463E+03     295- 660     4919
Rovibration_vJ|3[51]        -Rovibration_vJ|10[52]           8.1212E-18  1.0050E-09   7.271E+03     295- 663     4920
Rovibration_vJ|4[39]        -Rovibration_vJ|4[40]            4.9268E-09  6.8920E-05   6.820E+05     296- 299     4921
Rovibration_vJ|4[39]        -Rovibration_vJ|5[38]            2.5059E-05  5.9890E+01   5.351E+04     296- 354     4922
Rovibration_vJ|4[39]        -Rovibration_vJ|5[40]            2.9536E-05  8.9290E+01   4.639E+04     296- 360     4923
Rovibration_vJ|4[39]        -Rovibration_vJ|6[38]            5.4687E-07  5.5600E+00   2.594E+04     296- 415     4924
Rovibration_vJ|4[39]        -Rovibration_vJ|6[40]            8.7046E-07  9.6990E+00   2.416E+04     296- 421     4925
Rovibration_vJ|4[39]        -Rovibration_vJ|7[38]            7.2325E-09  1.6730E-01   1.720E+04     296- 476     4926
Rovibration_vJ|4[39]        -Rovibration_vJ|7[40]            1.7799E-08  4.3020E-01   1.641E+04     296- 482     4927
Rovibration_vJ|4[39]        -Rovibration_vJ|8[38]            3.8831E-11  1.5950E-03   1.291E+04     296- 537     4928
Rovibration_vJ|4[39]        -Rovibration_vJ|8[40]            2.9089E-10  1.2190E-02   1.246E+04     296- 544     4929
Rovibration_vJ|4[39]        -Rovibration_vJ|9[38]            7.5496E-13  4.8160E-05   1.036E+04     296- 597     4930
Rovibration_vJ|4[39]        -Rovibration_vJ|9[40]            2.3521E-12  1.5090E-04   1.007E+04     296- 605     4931
Rovibration_vJ|4[39]        -Rovibration_vJ|10[38]           3.9626E-13  3.6090E-05   8.668E+03     296- 638     4932
Rovibration_vJ|4[39]        -Rovibration_vJ|10[40]           7.0883E-15  6.4310E-07   8.468E+03     296- 642     4933
Rovibration_vJ|5[21]        -Rovibration_vJ|5[22]            1.1440E-08  4.7230E-05   1.243E+06     297- 298     4934
Rovibration_vJ|5[21]        -Rovibration_vJ|6[20]            3.0350E-05  7.8870E+01   5.188E+04     297- 355     4935
Rovibration_vJ|5[21]        -Rovibration_vJ|6[22]            3.4255E-05  9.4750E+01   4.800E+04     297- 359     4936
Rovibration_vJ|5[21]        -Rovibration_vJ|7[20]            8.2831E-07  8.8380E+00   2.561E+04     297- 416     4937
Rovibration_vJ|5[21]        -Rovibration_vJ|7[22]            1.1023E-06  1.1580E+01   2.463E+04     297- 420     4938
Rovibration_vJ|5[21]        -Rovibration_vJ|8[20]            1.4266E-08  3.4240E-01   1.707E+04     297- 477     4939
Rovibration_vJ|5[21]        -Rovibration_vJ|8[22]            2.3923E-08  5.5080E-01   1.664E+04     297- 481     4940
Rovibration_vJ|5[21]        -Rovibration_vJ|9[20]            1.3001E-10  5.5100E-03   1.285E+04     297- 538     4941
Rovibration_vJ|5[21]        -Rovibration_vJ|9[22]            3.7952E-10  1.5230E-02   1.260E+04     297- 542     4942
Rovibration_vJ|5[21]        -Rovibration_vJ|10[20]           2.1037E-13  1.3800E-05   1.033E+04     297- 599     4943
Rovibration_vJ|5[21]        -Rovibration_vJ|10[22]           1.8984E-12  1.1700E-04   1.017E+04     297- 603     4944
Rovibration_vJ|5[22]        -Rovibration_vJ|5[23]            1.2487E-08  5.6420E-05   1.189E+06     298- 301     4945
Rovibration_vJ|5[22]        -Rovibration_vJ|6[21]            3.0322E-05  7.8270E+01   5.200E+04     298- 358     4946
Rovibration_vJ|5[22]        -Rovibration_vJ|6[23]            3.4275E-05  9.5250E+01   4.794E+04     298- 361     4947
Rovibration_vJ|5[22]        -Rovibration_vJ|7[21]            8.2512E-07  8.7620E+00   2.564E+04     298- 418     4948
Rovibration_vJ|5[22]        -Rovibration_vJ|7[23]            1.1076E-06  1.1670E+01   2.462E+04     298- 422     4949
Rovibration_vJ|5[22]        -Rovibration_vJ|8[21]            1.4141E-08  3.3800E-01   1.709E+04     298- 478     4950
Rovibration_vJ|5[22]        -Rovibration_vJ|8[23]            2.4182E-08  5.5810E-01   1.663E+04     298- 483     4951
Rovibration_vJ|5[22]        -Rovibration_vJ|9[21]            1.2701E-10  5.3620E-03   1.286E+04     298- 539     4952
Rovibration_vJ|5[22]        -Rovibration_vJ|9[23]            3.8793E-10  1.5600E-02   1.260E+04     298- 543     4953
Rovibration_vJ|5[22]        -Rovibration_vJ|10[21]           2.4205E-13  1.5820E-05   1.033E+04     298- 600     4954
Rovibration_vJ|5[22]        -Rovibration_vJ|10[23]           2.0470E-12  1.2640E-04   1.017E+04     298- 604     4955
Rovibration_vJ|4[40]        -Rovibration_vJ|4[41]            5.9115E-09  8.6840E-05   6.657E+05     299- 303     4956
Rovibration_vJ|4[40]        -Rovibration_vJ|5[39]            2.5015E-05  5.9430E+01   5.365E+04     299- 357     4957
Rovibration_vJ|4[40]        -Rovibration_vJ|5[41]            2.9568E-05  8.9620E+01   4.634E+04     299- 364     4958
Rovibration_vJ|4[40]        -Rovibration_vJ|6[39]            5.4468E-07  5.5160E+00   2.599E+04     299- 419     4959
Rovibration_vJ|4[40]        -Rovibration_vJ|6[41]            8.7581E-07  9.7680E+00   2.416E+04     299- 425     4960
Rovibration_vJ|4[40]        -Rovibration_vJ|7[39]            7.1739E-09  1.6540E-01   1.722E+04     299- 480     4961
Rovibration_vJ|4[40]        -Rovibration_vJ|7[41]            1.8020E-08  4.3570E-01   1.641E+04     299- 486     4962
Rovibration_vJ|4[40]        -Rovibration_vJ|8[39]            3.7799E-11  1.5480E-03   1.292E+04     299- 540     4963
Rovibration_vJ|4[40]        -Rovibration_vJ|8[41]            2.9779E-10  1.2480E-02   1.246E+04     299- 547     4964
Rovibration_vJ|4[40]        -Rovibration_vJ|9[39]            7.9009E-13  5.0260E-05   1.037E+04     299- 601     4965
Rovibration_vJ|4[40]        -Rovibration_vJ|9[41]            2.4911E-12  1.5980E-04   1.007E+04     299- 608     4966
Rovibration_vJ|4[40]        -Rovibration_vJ|10[39]           4.0360E-13  3.6660E-05   8.677E+03     299- 640     4967
Rovibration_vJ|4[40]        -Rovibration_vJ|10[41]           5.6005E-15  5.0800E-07   8.471E+03     299- 644     4968
Rovibration_vJ|3[52]        -Rovibration_vJ|3[53]            8.9691E-12  2.2230E-07   5.139E+05     300- 305     4969
Rovibration_vJ|3[52]        -Rovibration_vJ|4[51]            1.9862E-05  4.5060E+01   5.475E+04     300- 356     4970
Rovibration_vJ|3[52]        -Rovibration_vJ|4[53]            2.4418E-05  7.7960E+01   4.528E+04     300- 366     4971
Rovibration_vJ|3[52]        -Rovibration_vJ|5[51]            3.4111E-07  3.3810E+00   2.619E+04     300- 417     4972
Rovibration_vJ|3[52]        -Rovibration_vJ|5[53]            6.2592E-07  7.2140E+00   2.383E+04     300- 427     4973
Rovibration_vJ|3[52]        -Rovibration_vJ|6[51]            3.4335E-09  7.8080E-02   1.729E+04     300- 479     4974
Rovibration_vJ|3[52]        -Rovibration_vJ|6[53]            1.1463E-08  2.8450E-01   1.624E+04     300- 488     4975
Rovibration_vJ|3[52]        -Rovibration_vJ|7[51]            1.0393E-11  4.2140E-04   1.295E+04     300- 541     4976
Rovibration_vJ|3[52]        -Rovibration_vJ|7[53]            1.8105E-10  7.7620E-03   1.236E+04     300- 549     4977
Rovibration_vJ|3[52]        -Rovibration_vJ|8[51]            7.3997E-13  4.6710E-05   1.038E+04     300- 602     4978
Rovibration_vJ|3[52]        -Rovibration_vJ|8[53]            1.6706E-12  1.0940E-04   9.998E+03     300- 610     4979
Rovibration_vJ|3[52]        -Rovibration_vJ|9[51]            1.8865E-13  1.7030E-05   8.679E+03     300- 641     4980
Rovibration_vJ|3[52]        -Rovibration_vJ|9[53]            9.8251E-16  9.0850E-08   8.414E+03     300- 645     4981
Rovibration_vJ|3[52]        -Rovibration_vJ|10[51]           1.0789E-14  1.3140E-06   7.472E+03     300- 662     4982
Rovibration_vJ|3[52]        -Rovibration_vJ|10[53]           1.9963E-17  2.4680E-09   7.276E+03     300- 664     4983
Rovibration_vJ|5[23]        -Rovibration_vJ|5[24]            1.3618E-08  6.7080E-05   1.140E+06     301- 302     4984
Rovibration_vJ|5[23]        -Rovibration_vJ|6[22]            3.0295E-05  7.7690E+01   5.212E+04     301- 359     4985
Rovibration_vJ|5[23]        -Rovibration_vJ|6[24]            3.4294E-05  9.5730E+01   4.787E+04     301- 363     4986
Rovibration_vJ|5[23]        -Rovibration_vJ|7[22]            8.2186E-07  8.6870E+00   2.567E+04     301- 420     4987
Rovibration_vJ|5[23]        -Rovibration_vJ|7[24]            1.1131E-06  1.1760E+01   2.461E+04     301- 424     4988
Rovibration_vJ|5[23]        -Rovibration_vJ|8[22]            1.4021E-08  3.3380E-01   1.711E+04     301- 481     4989
Rovibration_vJ|5[23]        -Rovibration_vJ|8[24]            2.4449E-08  5.6550E-01   1.663E+04     301- 485     4990
Rovibration_vJ|5[23]        -Rovibration_vJ|9[22]            1.2406E-10  5.2180E-03   1.287E+04     301- 542     4991
Rovibration_vJ|5[23]        -Rovibration_vJ|9[24]            3.9663E-10  1.5980E-02   1.260E+04     301- 546     4992
Rovibration_vJ|5[23]        -Rovibration_vJ|10[22]           2.7561E-13  1.7950E-05   1.034E+04     301- 603     4993
Rovibration_vJ|5[23]        -Rovibration_vJ|10[24]           2.2036E-12  1.3630E-04   1.017E+04     301- 607     4994
Rovibration_vJ|5[24]        -Rovibration_vJ|5[25]            1.4839E-08  7.9390E-05   1.094E+06     302- 304     4995
Rovibration_vJ|5[24]        -Rovibration_vJ|6[23]            3.0264E-05  7.7110E+01   5.224E+04     302- 361     4996
Rovibration_vJ|5[24]        -Rovibration_vJ|6[25]            3.4314E-05  9.6200E+01   4.781E+04     302- 365     4997
Rovibration_vJ|5[24]        -Rovibration_vJ|7[23]            8.1853E-07  8.6130E+00   2.571E+04     302- 422     4998
Rovibration_vJ|5[24]        -Rovibration_vJ|7[25]            1.1187E-06  1.1850E+01   2.460E+04     302- 426     4999
Rovibration_vJ|5[24]        -Rovibration_vJ|8[23]            1.3899E-08  3.2960E-01   1.712E+04     302- 483     5000
Rovibration_vJ|5[24]        -Rovibration_vJ|8[25]            2.4720E-08  5.7290E-01   1.663E+04     302- 487     5001
Rovibration_vJ|5[24]        -Rovibration_vJ|9[23]            1.2116E-10  5.0780E-03   1.288E+04     302- 543     5002
Rovibration_vJ|5[24]        -Rovibration_vJ|9[25]            4.0538E-10  1.6360E-02   1.260E+04     302- 548     5003
Rovibration_vJ|5[24]        -Rovibration_vJ|10[23]           3.1090E-13  2.0180E-05   1.035E+04     302- 604     5004
Rovibration_vJ|5[24]        -Rovibration_vJ|10[25]           2.3665E-12  1.4660E-04   1.017E+04     302- 609     5005
Rovibration_vJ|4[41]        -Rovibration_vJ|4[42]            7.0291E-09  1.0830E-04   6.502E+05     303- 307     5006
Rovibration_vJ|4[41]        -Rovibration_vJ|5[40]            2.4970E-05  5.8970E+01   5.380E+04     303- 360     5007
Rovibration_vJ|4[41]        -Rovibration_vJ|5[42]            2.9598E-05  8.9940E+01   4.630E+04     303- 368     5008
Rovibration_vJ|4[41]        -Rovibration_vJ|6[40]            5.4246E-07  5.4720E+00   2.603E+04     303- 421     5009
Rovibration_vJ|4[41]        -Rovibration_vJ|6[42]            8.8113E-07  9.8360E+00   2.416E+04     303- 429     5010
Rovibration_vJ|4[41]        -Rovibration_vJ|7[40]            7.1105E-09  1.6340E-01   1.725E+04     303- 482     5011
Rovibration_vJ|4[41]        -Rovibration_vJ|7[42]            1.8242E-08  4.4120E-01   1.641E+04     303- 490     5012
Rovibration_vJ|4[41]        -Rovibration_vJ|8[40]            3.6810E-11  1.5030E-03   1.294E+04     303- 544     5013
Rovibration_vJ|4[41]        -Rovibration_vJ|8[42]            3.0447E-10  1.2760E-02   1.247E+04     303- 551     5014
Rovibration_vJ|4[41]        -Rovibration_vJ|9[40]            8.2558E-13  5.2370E-05   1.038E+04     303- 605     5015
Rovibration_vJ|4[41]        -Rovibration_vJ|9[42]            2.6350E-12  1.6900E-04   1.008E+04     303- 612     5016
Rovibration_vJ|4[41]        -Rovibration_vJ|10[40]           4.1098E-13  3.7230E-05   8.686E+03     303- 642     5017
Rovibration_vJ|4[41]        -Rovibration_vJ|10[42]           4.2767E-15  3.8780E-07   8.475E+03     303- 646     5018
Rovibration_vJ|5[25]        -Rovibration_vJ|5[26]            1.6156E-08  9.3570E-05   1.053E+06     304- 306     5019
Rovibration_vJ|5[25]        -Rovibration_vJ|6[24]            3.0227E-05  7.6530E+01   5.236E+04     304- 363     5020
Rovibration_vJ|5[25]        -Rovibration_vJ|6[26]            3.4340E-05  9.6670E+01   4.775E+04     304- 367     5021
Rovibration_vJ|5[25]        -Rovibration_vJ|7[24]            8.1517E-07  8.5400E+00   2.574E+04     304- 424     5022
Rovibration_vJ|5[25]        -Rovibration_vJ|7[26]            1.1254E-06  1.1950E+01   2.459E+04     304- 428     5023
Rovibration_vJ|5[25]        -Rovibration_vJ|8[24]            1.3774E-08  3.2540E-01   1.714E+04     304- 485     5024
Rovibration_vJ|5[25]        -Rovibration_vJ|8[26]            2.4998E-08  5.8040E-01   1.663E+04     304- 489     5025
Rovibration_vJ|5[25]        -Rovibration_vJ|9[24]            1.1832E-10  4.9420E-03   1.289E+04     304- 546     5026
Rovibration_vJ|5[25]        -Rovibration_vJ|9[26]            4.1440E-10  1.6750E-02   1.260E+04     304- 550     5027
Rovibration_vJ|5[25]        -Rovibration_vJ|10[24]           3.4794E-13  2.2510E-05   1.036E+04     304- 607     5028
Rovibration_vJ|5[25]        -Rovibration_vJ|10[26]           2.5374E-12  1.5740E-04   1.017E+04     304- 611     5029
Rovibration_vJ|3[53]        -Rovibration_vJ|3[54]            1.4085E-10  3.6200E-06   5.047E+05     305- 309     5030
Rovibration_vJ|3[53]        -Rovibration_vJ|4[52]            1.9822E-05  4.4690E+01   5.491E+04     305- 362     5031
Rovibration_vJ|3[53]        -Rovibration_vJ|4[54]            2.4442E-05  7.8180E+01   4.525E+04     305- 370     5032
Rovibration_vJ|3[53]        -Rovibration_vJ|5[52]            3.3979E-07  3.3540E+00   2.624E+04     305- 423     5033
Rovibration_vJ|3[53]        -Rovibration_vJ|5[54]            6.3002E-07  7.2630E+00   2.383E+04     305- 431     5034
Rovibration_vJ|3[53]        -Rovibration_vJ|6[52]            3.4066E-09  7.7200E-02   1.732E+04     305- 484     5035
Rovibration_vJ|3[53]        -Rovibration_vJ|6[54]            1.1612E-08  2.8810E-01   1.625E+04     305- 492     5036
Rovibration_vJ|3[53]        -Rovibration_vJ|7[52]            1.0079E-11  4.0740E-04   1.297E+04     305- 545     5037
Rovibration_vJ|3[53]        -Rovibration_vJ|7[54]            1.8533E-10  7.9400E-03   1.236E+04     305- 553     5038
Rovibration_vJ|3[53]        -Rovibration_vJ|8[52]            7.6236E-13  4.7980E-05   1.039E+04     305- 606     5039
Rovibration_vJ|3[53]        -Rovibration_vJ|8[54]            1.7561E-12  1.1490E-04   1.000E+04     305- 614     5040
Rovibration_vJ|3[53]        -Rovibration_vJ|9[52]            1.9275E-13  1.7350E-05   8.690E+03     305- 643     5041
Rovibration_vJ|3[53]        -Rovibration_vJ|9[54]            1.3553E-15  1.2520E-07   8.419E+03     305- 647     5042
Rovibration_vJ|3[53]        -Rovibration_vJ|10[52]           1.0943E-14  1.3290E-06   7.481E+03     305- 663     5043
Rovibration_vJ|3[53]        -Rovibration_vJ|10[54]           3.6658E-17  4.5270E-09   7.282E+03     305- 665     5044
Rovibration_vJ|5[26]        -Rovibration_vJ|5[27]            1.7583E-08  1.0990E-04   1.014E+06     306- 308     5045
Rovibration_vJ|5[26]        -Rovibration_vJ|6[25]            3.0190E-05  7.5960E+01   5.249E+04     306- 365     5046
Rovibration_vJ|5[26]        -Rovibration_vJ|6[27]            3.4363E-05  9.7120E+01   4.769E+04     306- 369     5047
Rovibration_vJ|5[26]        -Rovibration_vJ|7[25]            8.1179E-07  8.4680E+00   2.578E+04     306- 426     5048
Rovibration_vJ|5[26]        -Rovibration_vJ|7[27]            1.1313E-06  1.2040E+01   2.458E+04     306- 430     5049
Rovibration_vJ|5[26]        -Rovibration_vJ|8[25]            1.3655E-08  3.2140E-01   1.716E+04     306- 487     5050
Rovibration_vJ|5[26]        -Rovibration_vJ|8[27]            2.5278E-08  5.8790E-01   1.662E+04     306- 491     5051
Rovibration_vJ|5[26]        -Rovibration_vJ|9[25]            1.1555E-10  4.8100E-03   1.290E+04     306- 548     5052
Rovibration_vJ|5[26]        -Rovibration_vJ|9[27]            4.2371E-10  1.7150E-02   1.260E+04     306- 552     5053
Rovibration_vJ|5[26]        -Rovibration_vJ|10[25]           3.8674E-13  2.4940E-05   1.037E+04     306- 609     5054
Rovibration_vJ|5[26]        -Rovibration_vJ|10[27]           2.7163E-12  1.6870E-04   1.017E+04     306- 613     5055
Rovibration_vJ|4[42]        -Rovibration_vJ|4[43]            8.3022E-09  1.3400E-04   6.354E+05     307- 310     5056
Rovibration_vJ|4[42]        -Rovibration_vJ|5[41]            2.4924E-05  5.8510E+01   5.394E+04     307- 364     5057
Rovibration_vJ|4[42]        -Rovibration_vJ|5[43]            2.9627E-05  9.0250E+01   4.625E+04     307- 371     5058
Rovibration_vJ|4[42]        -Rovibration_vJ|6[41]            5.4022E-07  5.4280E+00   2.607E+04     307- 425     5059
Rovibration_vJ|4[42]        -Rovibration_vJ|6[43]            8.8658E-07  9.9050E+00   2.415E+04     307- 432     5060
Rovibration_vJ|4[42]        -Rovibration_vJ|7[41]            7.0511E-09  1.6150E-01   1.727E+04     307- 486     5061
Rovibration_vJ|4[42]        -Rovibration_vJ|7[43]            1.8469E-08  4.4680E-01   1.641E+04     307- 493     5062
Rovibration_vJ|4[42]        -Rovibration_vJ|8[41]            3.5840E-11  1.4590E-03   1.295E+04     307- 547     5063
Rovibration_vJ|4[42]        -Rovibration_vJ|8[43]            3.1164E-10  1.3060E-02   1.247E+04     307- 554     5064
Rovibration_vJ|4[42]        -Rovibration_vJ|9[41]            8.6142E-13  5.4490E-05   1.039E+04     307- 608     5065
Rovibration_vJ|4[42]        -Rovibration_vJ|9[43]            2.7838E-12  1.7850E-04   1.008E+04     307- 615     5066
Rovibration_vJ|4[42]        -Rovibration_vJ|10[41]           4.1840E-13  3.7800E-05   8.695E+03     307- 644     5067
Rovibration_vJ|4[42]        -Rovibration_vJ|10[43]           3.1221E-15  2.8300E-07   8.479E+03     307- 648     5068
Rovibration_vJ|5[27]        -Rovibration_vJ|5[28]            1.9106E-08  1.2850E-04   9.782E+05     308- 311     5069
Rovibration_vJ|5[27]        -Rovibration_vJ|6[26]            3.0153E-05  7.5400E+01   5.261E+04     308- 367     5070
Rovibration_vJ|5[27]        -Rovibration_vJ|6[28]            3.4390E-05  9.7570E+01   4.763E+04     308- 372     5071
Rovibration_vJ|5[27]        -Rovibration_vJ|7[26]            8.0849E-07  8.3980E+00   2.581E+04     308- 428     5072
Rovibration_vJ|5[27]        -Rovibration_vJ|7[28]            1.1373E-06  1.2130E+01   2.457E+04     308- 433     5073
Rovibration_vJ|5[27]        -Rovibration_vJ|8[26]            1.3538E-08  3.1750E-01   1.718E+04     308- 489     5074
Rovibration_vJ|5[27]        -Rovibration_vJ|8[28]            2.5569E-08  5.9560E-01   1.662E+04     308- 494     5075
Rovibration_vJ|5[27]        -Rovibration_vJ|9[26]            1.1283E-10  4.6810E-03   1.292E+04     308- 550     5076
Rovibration_vJ|5[27]        -Rovibration_vJ|9[28]            4.3330E-10  1.7560E-02   1.260E+04     308- 555     5077
Rovibration_vJ|5[27]        -Rovibration_vJ|10[26]           4.2699E-13  2.7450E-05   1.038E+04     308- 611     5078
Rovibration_vJ|5[27]        -Rovibration_vJ|10[28]           2.9049E-12  1.8060E-04   1.017E+04     308- 616     5079
Rovibration_vJ|3[54]        -Rovibration_vJ|3[55]            4.4381E-10  1.1820E-05   4.959E+05     309- 313     5080
Rovibration_vJ|3[54]        -Rovibration_vJ|4[53]            1.9782E-05  4.4320E+01   5.507E+04     309- 366     5081
Rovibration_vJ|3[54]        -Rovibration_vJ|4[55]            2.4468E-05  7.8400E+01   4.521E+04     309- 375     5082
Rovibration_vJ|3[54]        -Rovibration_vJ|5[53]            3.3856E-07  3.3280E+00   2.629E+04     309- 427     5083
Rovibration_vJ|3[54]        -Rovibration_vJ|5[55]            6.3416E-07  7.3120E+00   2.383E+04     309- 436     5084
Rovibration_vJ|3[54]        -Rovibration_vJ|6[53]            3.3805E-09  7.6340E-02   1.735E+04     309- 488     5085
Rovibration_vJ|3[54]        -Rovibration_vJ|6[55]            1.1766E-08  2.9180E-01   1.625E+04     309- 497     5086
Rovibration_vJ|3[54]        -Rovibration_vJ|7[53]            9.7766E-12  3.9390E-04   1.299E+04     309- 549     5087
Rovibration_vJ|3[54]        -Rovibration_vJ|7[55]            1.8968E-10  8.1210E-03   1.237E+04     309- 558     5088
Rovibration_vJ|3[54]        -Rovibration_vJ|8[53]            7.8490E-13  4.9250E-05   1.041E+04     309- 610     5089
Rovibration_vJ|3[54]        -Rovibration_vJ|8[55]            1.8448E-12  1.2060E-04   1.001E+04     309- 619     5090
Rovibration_vJ|3[54]        -Rovibration_vJ|9[53]            1.9688E-13  1.7670E-05   8.701E+03     309- 645     5091
Rovibration_vJ|3[54]        -Rovibration_vJ|9[55]            1.7901E-15  1.6520E-07   8.425E+03     309- 650     5092
Rovibration_vJ|3[54]        -Rovibration_vJ|10[53]           1.1106E-14  1.3450E-06   7.490E+03     309- 664     5093
Rovibration_vJ|3[54]        -Rovibration_vJ|10[55]           5.7848E-17  7.1360E-09   7.287E+03     309- 666     5094
Rovibration_vJ|4[43]        -Rovibration_vJ|4[44]            9.7281E-09  1.6430E-04   6.213E+05     310- 314     5095
Rovibration_vJ|4[43]        -Rovibration_vJ|5[42]            2.4881E-05  5.8060E+01   5.409E+04     310- 368     5096
Rovibration_vJ|4[43]        -Rovibration_vJ|5[44]            2.9657E-05  9.0560E+01   4.621E+04     310- 374     5097
Rovibration_vJ|4[43]        -Rovibration_vJ|6[42]            5.3807E-07  5.3850E+00   2.612E+04     310- 429     5098
Rovibration_vJ|4[43]        -Rovibration_vJ|6[44]            8.9207E-07  9.9740E+00   2.415E+04     310- 435     5099
Rovibration_vJ|4[43]        -Rovibration_vJ|7[42]            6.9956E-09  1.5970E-01   1.729E+04     310- 490     5100
Rovibration_vJ|4[43]        -Rovibration_vJ|7[44]            1.8697E-08  4.5240E-01   1.642E+04     310- 496     5101
Rovibration_vJ|4[43]        -Rovibration_vJ|8[42]            3.4913E-11  1.4170E-03   1.297E+04     310- 551     5102
Rovibration_vJ|4[43]        -Rovibration_vJ|8[44]            3.1884E-10  1.3360E-02   1.247E+04     310- 557     5103
Rovibration_vJ|4[43]        -Rovibration_vJ|9[42]            8.9778E-13  5.6630E-05   1.040E+04     310- 612     5104
Rovibration_vJ|4[43]        -Rovibration_vJ|9[44]            2.9391E-12  1.8840E-04   1.009E+04     310- 618     5105
Rovibration_vJ|4[43]        -Rovibration_vJ|10[42]           4.2586E-13  3.8370E-05   8.705E+03     310- 646     5106
Rovibration_vJ|4[43]        -Rovibration_vJ|10[44]           2.1401E-15  1.9390E-07   8.483E+03     310- 649     5107
Rovibration_vJ|5[28]        -Rovibration_vJ|5[29]            2.0767E-08  1.4990E-04   9.449E+05     311- 312     5108
Rovibration_vJ|5[28]        -Rovibration_vJ|6[27]            3.0113E-05  7.4840E+01   5.274E+04     311- 369     5109
Rovibration_vJ|5[28]        -Rovibration_vJ|6[29]            3.4417E-05  9.8010E+01   4.757E+04     311- 373     5110
Rovibration_vJ|5[28]        -Rovibration_vJ|7[27]            8.0510E-07  8.3280E+00   2.585E+04     311- 430     5111
Rovibration_vJ|5[28]        -Rovibration_vJ|7[29]            1.1434E-06  1.2220E+01   2.456E+04     311- 434     5112
Rovibration_vJ|5[28]        -Rovibration_vJ|8[27]            1.3419E-08  3.1360E-01   1.720E+04     311- 491     5113
Rovibration_vJ|5[28]        -Rovibration_vJ|8[29]            2.5859E-08  6.0320E-01   1.662E+04     311- 495     5114
Rovibration_vJ|5[28]        -Rovibration_vJ|9[27]            1.1017E-10  4.5560E-03   1.293E+04     311- 552     5115
Rovibration_vJ|5[28]        -Rovibration_vJ|9[29]            4.4317E-10  1.7980E-02   1.260E+04     311- 556     5116
Rovibration_vJ|5[28]        -Rovibration_vJ|10[27]           4.6886E-13  3.0050E-05   1.039E+04     311- 613     5117
Rovibration_vJ|5[28]        -Rovibration_vJ|10[29]           3.0998E-12  1.9290E-04   1.018E+04     311- 617     5118
Rovibration_vJ|5[29]        -Rovibration_vJ|5[30]            2.2544E-08  1.7420E-04   9.137E+05     312- 315     5119
Rovibration_vJ|5[29]        -Rovibration_vJ|6[28]            3.0074E-05  7.4290E+01   5.287E+04     312- 372     5120
Rovibration_vJ|5[29]        -Rovibration_vJ|6[30]            3.4445E-05  9.8440E+01   4.751E+04     312- 376     5121
Rovibration_vJ|5[29]        -Rovibration_vJ|7[28]            8.0182E-07  8.2600E+00   2.589E+04     312- 433     5122
Rovibration_vJ|5[29]        -Rovibration_vJ|7[30]            1.1497E-06  1.2310E+01   2.455E+04     312- 437     5123
Rovibration_vJ|5[29]        -Rovibration_vJ|8[28]            1.3302E-08  3.0980E-01   1.722E+04     312- 494     5124
Rovibration_vJ|5[29]        -Rovibration_vJ|8[30]            2.6159E-08  6.1100E-01   1.662E+04     312- 498     5125
Rovibration_vJ|5[29]        -Rovibration_vJ|9[28]            1.0756E-10  4.4340E-03   1.294E+04     312- 555     5126
Rovibration_vJ|5[29]        -Rovibration_vJ|9[30]            4.5307E-10  1.8400E-02   1.260E+04     312- 559     5127
Rovibration_vJ|5[29]        -Rovibration_vJ|10[28]           5.1221E-13  3.2730E-05   1.039E+04     312- 616     5128
Rovibration_vJ|5[29]        -Rovibration_vJ|10[30]           3.3044E-12  2.0580E-04   1.018E+04     312- 620     5129
Rovibration_vJ|3[55]        -Rovibration_vJ|3[56]            9.3623E-10  2.5820E-05   4.874E+05     313- 317     5130
Rovibration_vJ|3[55]        -Rovibration_vJ|4[54]            1.9745E-05  4.3960E+01   5.524E+04     313- 370     5131
Rovibration_vJ|3[55]        -Rovibration_vJ|4[56]            2.4494E-05  7.8620E+01   4.518E+04     313- 379     5132
Rovibration_vJ|3[55]        -Rovibration_vJ|5[54]            3.3732E-07  3.3020E+00   2.634E+04     313- 431     5133
Rovibration_vJ|3[55]        -Rovibration_vJ|5[56]            6.3833E-07  7.3610E+00   2.384E+04     313- 440     5134
Rovibration_vJ|3[55]        -Rovibration_vJ|6[54]            3.3546E-09  7.5490E-02   1.737E+04     313- 492     5135
Rovibration_vJ|3[55]        -Rovibration_vJ|6[56]            1.1920E-08  2.9550E-01   1.626E+04     313- 501     5136
Rovibration_vJ|3[55]        -Rovibration_vJ|7[54]            9.4844E-12  3.8090E-04   1.301E+04     313- 553     5137
Rovibration_vJ|3[55]        -Rovibration_vJ|7[56]            1.9412E-10  8.3050E-03   1.238E+04     313- 562     5138
Rovibration_vJ|3[55]        -Rovibration_vJ|8[54]            8.0759E-13  5.0520E-05   1.042E+04     313- 614     5139
Rovibration_vJ|3[55]        -Rovibration_vJ|8[56]            1.9353E-12  1.2640E-04   1.002E+04     313- 623     5140
Rovibration_vJ|3[55]        -Rovibration_vJ|9[54]            2.0103E-13  1.7990E-05   8.712E+03     313- 647     5141
Rovibration_vJ|3[55]        -Rovibration_vJ|9[56]            2.2889E-15  2.1100E-07   8.431E+03     313- 652     5142
Rovibration_vJ|3[55]        -Rovibration_vJ|10[54]           1.1278E-14  1.3620E-06   7.500E+03     313- 665     5143
Rovibration_vJ|3[55]        -Rovibration_vJ|10[56]           8.3189E-17  1.0250E-08   7.292E+03     313- 667     5144
Rovibration_vJ|4[44]        -Rovibration_vJ|4[45]            1.1329E-08  2.0000E-04   6.079E+05     314- 316     5145
Rovibration_vJ|4[44]        -Rovibration_vJ|5[43]            2.4833E-05  5.7600E+01   5.424E+04     314- 371     5146
Rovibration_vJ|4[44]        -Rovibration_vJ|5[45]            2.9686E-05  9.0860E+01   4.617E+04     314- 377     5147
Rovibration_vJ|4[44]        -Rovibration_vJ|6[43]            5.3599E-07  5.3430E+00   2.616E+04     314- 432     5148
Rovibration_vJ|4[44]        -Rovibration_vJ|6[45]            8.9734E-07  1.0040E+01   2.415E+04     314- 438     5149
Rovibration_vJ|4[44]        -Rovibration_vJ|7[43]            6.9354E-09  1.5780E-01   1.732E+04     314- 493     5150
Rovibration_vJ|4[44]        -Rovibration_vJ|7[45]            1.8930E-08  4.5810E-01   1.642E+04     314- 499     5151
Rovibration_vJ|4[44]        -Rovibration_vJ|8[43]            3.3980E-11  1.3750E-03   1.299E+04     314- 554     5152
Rovibration_vJ|4[44]        -Rovibration_vJ|8[45]            3.2606E-10  1.3660E-02   1.248E+04     314- 560     5153
Rovibration_vJ|4[44]        -Rovibration_vJ|9[43]            9.3435E-13  5.8770E-05   1.042E+04     314- 615     5154
Rovibration_vJ|4[44]        -Rovibration_vJ|9[45]            3.1009E-12  1.9870E-04   1.009E+04     314- 621     5155
Rovibration_vJ|4[44]        -Rovibration_vJ|10[43]           4.3347E-13  3.8950E-05   8.714E+03     314- 648     5156
Rovibration_vJ|4[44]        -Rovibration_vJ|10[45]           1.3361E-15  1.2100E-07   8.487E+03     314- 651     5157
Rovibration_vJ|5[30]        -Rovibration_vJ|5[31]            2.4463E-08  2.0190E-04   8.846E+05     315- 318     5158
Rovibration_vJ|5[30]        -Rovibration_vJ|6[29]            3.0029E-05  7.3730E+01   5.300E+04     315- 373     5159
Rovibration_vJ|5[30]        -Rovibration_vJ|6[31]            3.4475E-05  9.8870E+01   4.746E+04     315- 378     5160
Rovibration_vJ|5[30]        -Rovibration_vJ|7[29]            7.9846E-07  8.1920E+00   2.593E+04     315- 434     5161
Rovibration_vJ|5[30]        -Rovibration_vJ|7[31]            1.1560E-06  1.2400E+01   2.454E+04     315- 439     5162
Rovibration_vJ|5[30]        -Rovibration_vJ|8[29]            1.3185E-08  3.0600E-01   1.724E+04     315- 495     5163
Rovibration_vJ|5[30]        -Rovibration_vJ|8[31]            2.6462E-08  6.1880E-01   1.662E+04     315- 500     5164
Rovibration_vJ|5[30]        -Rovibration_vJ|9[29]            1.0503E-10  4.3160E-03   1.295E+04     315- 556     5165
Rovibration_vJ|5[30]        -Rovibration_vJ|9[31]            4.6324E-10  1.8830E-02   1.261E+04     315- 561     5166
Rovibration_vJ|5[30]        -Rovibration_vJ|10[29]           5.5705E-13  3.5490E-05   1.040E+04     315- 617     5167
Rovibration_vJ|5[30]        -Rovibration_vJ|10[31]           3.5171E-12  2.1920E-04   1.018E+04     315- 622     5168
Rovibration_vJ|4[45]        -Rovibration_vJ|4[46]            1.3117E-08  2.4180E-04   5.950E+05     316- 320     5169
Rovibration_vJ|4[45]        -Rovibration_vJ|5[44]            2.4788E-05  5.7150E+01   5.439E+04     316- 374     5170
Rovibration_vJ|4[45]        -Rovibration_vJ|5[46]            2.9716E-05  9.1160E+01   4.613E+04     316- 381     5171
Rovibration_vJ|4[45]        -Rovibration_vJ|6[44]            5.3380E-07  5.3000E+00   2.621E+04     316- 435     5172
Rovibration_vJ|4[45]        -Rovibration_vJ|6[46]            9.0302E-07  1.0110E+01   2.414E+04     316- 442     5173
Rovibration_vJ|4[45]        -Rovibration_vJ|7[44]            6.8792E-09  1.5600E-01   1.734E+04     316- 496     5174
Rovibration_vJ|4[45]        -Rovibration_vJ|7[46]            1.9169E-08  4.6390E-01   1.642E+04     316- 503     5175
Rovibration_vJ|4[45]        -Rovibration_vJ|8[44]            3.3092E-11  1.3350E-03   1.300E+04     316- 557     5176
Rovibration_vJ|4[45]        -Rovibration_vJ|8[46]            3.3354E-10  1.3970E-02   1.248E+04     316- 564     5177
Rovibration_vJ|4[45]        -Rovibration_vJ|9[44]            9.7146E-13  6.0930E-05   1.043E+04     316- 618     5178
Rovibration_vJ|4[45]        -Rovibration_vJ|9[46]            3.2693E-12  2.0940E-04   1.009E+04     316- 625     5179
Rovibration_vJ|4[45]        -Rovibration_vJ|10[44]           4.4102E-13  3.9520E-05   8.724E+03     316- 649     5180
Rovibration_vJ|4[45]        -Rovibration_vJ|10[46]           7.1639E-16  6.4840E-08   8.492E+03     316- 653     5181
Rovibration_vJ|3[56]        -Rovibration_vJ|3[57]            1.6371E-09  4.6720E-05   4.792E+05     317- 322     5182
Rovibration_vJ|3[56]        -Rovibration_vJ|4[55]            1.9704E-05  4.3590E+01   5.540E+04     317- 375     5183
Rovibration_vJ|3[56]        -Rovibration_vJ|4[57]            2.4518E-05  7.8830E+01   4.515E+04     317- 386     5184
Rovibration_vJ|3[56]        -Rovibration_vJ|5[55]            3.3608E-07  3.2760E+00   2.639E+04     317- 436     5185
Rovibration_vJ|3[56]        -Rovibration_vJ|5[57]            6.4252E-07  7.4100E+00   2.384E+04     317- 448     5186
Rovibration_vJ|3[56]        -Rovibration_vJ|6[55]            3.3291E-09  7.4650E-02   1.740E+04     317- 497     5187
Rovibration_vJ|3[56]        -Rovibration_vJ|6[57]            1.2076E-08  2.9920E-01   1.626E+04     317- 511     5188
Rovibration_vJ|3[56]        -Rovibration_vJ|7[55]            9.2005E-12  3.6830E-04   1.302E+04     317- 558     5189
Rovibration_vJ|3[56]        -Rovibration_vJ|7[57]            1.9868E-10  8.4930E-03   1.238E+04     317- 573     5190
Rovibration_vJ|3[56]        -Rovibration_vJ|8[55]            8.3027E-13  5.1780E-05   1.043E+04     317- 619     5191
Rovibration_vJ|3[56]        -Rovibration_vJ|8[57]            2.0307E-12  1.3250E-04   1.002E+04     317- 627     5192
Rovibration_vJ|3[56]        -Rovibration_vJ|9[55]            2.0544E-13  1.8330E-05   8.724E+03     317- 650     5193
Rovibration_vJ|3[56]        -Rovibration_vJ|9[57]            2.8507E-15  2.6250E-07   8.437E+03     317- 654     5194
Rovibration_vJ|3[56]        -Rovibration_vJ|10[55]           1.1469E-14  1.3810E-06   7.509E+03     317- 666     5195
Rovibration_vJ|3[56]        -Rovibration_vJ|10[57]           1.1222E-16  1.3810E-08   7.298E+03     317- 668     5196
Rovibration_vJ|5[31]        -Rovibration_vJ|5[32]            2.6536E-08  2.3340E-04   8.573E+05     318- 319     5197
Rovibration_vJ|5[31]        -Rovibration_vJ|6[30]            2.9988E-05  7.3190E+01   5.313E+04     318- 376     5198
Rovibration_vJ|5[31]        -Rovibration_vJ|6[32]            3.4506E-05  9.9290E+01   4.740E+04     318- 380     5199
Rovibration_vJ|5[31]        -Rovibration_vJ|7[30]            7.9513E-07  8.1250E+00   2.596E+04     318- 437     5200
Rovibration_vJ|5[31]        -Rovibration_vJ|7[32]            1.1634E-06  1.2500E+01   2.453E+04     318- 441     5201
Rovibration_vJ|5[31]        -Rovibration_vJ|8[30]            1.3074E-08  3.0240E-01   1.726E+04     318- 498     5202
Rovibration_vJ|5[31]        -Rovibration_vJ|8[32]            2.6770E-08  6.2670E-01   1.662E+04     318- 502     5203
Rovibration_vJ|5[31]        -Rovibration_vJ|9[30]            1.0255E-10  4.2010E-03   1.297E+04     318- 559     5204
Rovibration_vJ|5[31]        -Rovibration_vJ|9[32]            4.7370E-10  1.9270E-02   1.261E+04     318- 563     5205
Rovibration_vJ|5[31]        -Rovibration_vJ|10[30]           6.0323E-13  3.8320E-05   1.041E+04     318- 620     5206
Rovibration_vJ|5[31]        -Rovibration_vJ|10[32]           3.7411E-12  2.3330E-04   1.018E+04     318- 624     5207
Rovibration_vJ|5[32]        -Rovibration_vJ|5[33]            2.8756E-08  2.6900E-04   8.317E+05     319- 327     5208
Rovibration_vJ|5[32]        -Rovibration_vJ|6[31]            2.9942E-05  7.2640E+01   5.326E+04     319- 378     5209
Rovibration_vJ|5[32]        -Rovibration_vJ|6[33]            3.4535E-05  9.9700E+01   4.735E+04     319- 388     5210
Rovibration_vJ|5[32]        -Rovibration_vJ|7[31]            7.9184E-07  8.0590E+00   2.600E+04     319- 439     5211
Rovibration_vJ|5[32]        -Rovibration_vJ|7[33]            1.1699E-06  1.2590E+01   2.452E+04     319- 449     5212
Rovibration_vJ|5[32]        -Rovibration_vJ|8[31]            1.2962E-08  2.9880E-01   1.728E+04     319- 500     5213
Rovibration_vJ|5[32]        -Rovibration_vJ|8[33]            2.7085E-08  6.3470E-01   1.662E+04     319- 510     5214
Rovibration_vJ|5[32]        -Rovibration_vJ|9[31]            1.0012E-10  4.0890E-03   1.298E+04     319- 561     5215
Rovibration_vJ|5[32]        -Rovibration_vJ|9[33]            4.8418E-10  1.9710E-02   1.261E+04     319- 571     5216
Rovibration_vJ|5[32]        -Rovibration_vJ|10[31]           6.5075E-13  4.1220E-05   1.042E+04     319- 622     5217
Rovibration_vJ|5[32]        -Rovibration_vJ|10[33]           3.9716E-12  2.4780E-04   1.018E+04     319- 626     5218
Rovibration_vJ|4[46]        -Rovibration_vJ|4[47]            1.5113E-08  2.9060E-04   5.827E+05     320- 330     5219
Rovibration_vJ|4[46]        -Rovibration_vJ|5[45]            2.4743E-05  5.6700E+01   5.454E+04     320- 377     5220
Rovibration_vJ|4[46]        -Rovibration_vJ|5[47]            2.9748E-05  9.1460E+01   4.609E+04     320- 392     5221
Rovibration_vJ|4[46]        -Rovibration_vJ|6[45]            5.3169E-07  5.2580E+00   2.626E+04     320- 438     5222
Rovibration_vJ|4[46]        -Rovibration_vJ|6[47]            9.0874E-07  1.0180E+01   2.414E+04     320- 453     5223
Rovibration_vJ|4[46]        -Rovibration_vJ|7[45]            6.8272E-09  1.5430E-01   1.737E+04     320- 499     5224
Rovibration_vJ|4[46]        -Rovibration_vJ|7[47]            1.9408E-08  4.6970E-01   1.643E+04     320- 515     5225
Rovibration_vJ|4[46]        -Rovibration_vJ|8[45]            3.2223E-11  1.2960E-03   1.302E+04     320- 560     5226
Rovibration_vJ|4[46]        -Rovibration_vJ|8[47]            3.4128E-10  1.4290E-02   1.249E+04     320- 576     5227
Rovibration_vJ|4[46]        -Rovibration_vJ|9[45]            1.0088E-12  6.3090E-05   1.044E+04     320- 621     5228
Rovibration_vJ|4[46]        -Rovibration_vJ|9[47]            3.4427E-12  2.2040E-04   1.010E+04     320- 628     5229
Rovibration_vJ|4[46]        -Rovibration_vJ|10[45]           4.4873E-13  4.0100E-05   8.734E+03     320- 651     5230
Rovibration_vJ|4[46]        -Rovibration_vJ|10[47]           2.8489E-16  2.5770E-08   8.496E+03     320- 655     5231
Rovibration_vJ|6[0]         -Rovibration_vJ|6[1]             3.3558E-09  9.8590E-09   2.751E+07     321- 323     5232
Rovibration_vJ|6[0]         -Rovibration_vJ|7[1]             7.4873E-05  6.5860E+01   5.028E+04     321- 383     5233
Rovibration_vJ|6[0]         -Rovibration_vJ|8[1]             2.5645E-06  8.8890E+00   2.533E+04     321- 444     5234
Rovibration_vJ|6[0]         -Rovibration_vJ|9[1]             5.7491E-08  4.4220E-01   1.700E+04     321- 505     5235
Rovibration_vJ|6[0]         -Rovibration_vJ|10[1]            8.4066E-10  1.1340E-02   1.284E+04     321- 566     5236
Rovibration_vJ|3[57]        -Rovibration_vJ|3[58]            2.5664E-09  7.5740E-05   4.713E+05     322- 336     5237
Rovibration_vJ|3[57]        -Rovibration_vJ|4[56]            1.9666E-05  4.3230E+01   5.557E+04     322- 379     5238
Rovibration_vJ|3[57]        -Rovibration_vJ|4[58]            2.4543E-05  7.9040E+01   4.512E+04     322- 397     5239
Rovibration_vJ|3[57]        -Rovibration_vJ|5[56]            3.3483E-07  3.2500E+00   2.645E+04     322- 440     5240
Rovibration_vJ|3[57]        -Rovibration_vJ|5[58]            6.4675E-07  7.4590E+00   2.384E+04     322- 459     5241
Rovibration_vJ|3[57]        -Rovibration_vJ|6[56]            3.3044E-09  7.3830E-02   1.743E+04     322- 501     5242
Rovibration_vJ|3[57]        -Rovibration_vJ|6[58]            1.2236E-08  3.0300E-01   1.627E+04     322- 520     5243
Rovibration_vJ|3[57]        -Rovibration_vJ|7[56]            8.9249E-12  3.5610E-04   1.304E+04     322- 562     5244
Rovibration_vJ|3[57]        -Rovibration_vJ|7[58]            2.0334E-10  8.6850E-03   1.239E+04     322- 582     5245
Rovibration_vJ|3[57]        -Rovibration_vJ|8[56]            8.5311E-13  5.3040E-05   1.045E+04     322- 623     5246
Rovibration_vJ|3[57]        -Rovibration_vJ|8[58]            2.1295E-12  1.3880E-04   1.003E+04     322- 630     5247
Rovibration_vJ|3[57]        -Rovibration_vJ|9[56]            2.0976E-13  1.8660E-05   8.735E+03     322- 652     5248
Rovibration_vJ|3[57]        -Rovibration_vJ|9[58]            3.4792E-15  3.2000E-07   8.443E+03     322- 656     5249
Rovibration_vJ|3[57]        -Rovibration_vJ|10[56]           1.1677E-14  1.4020E-06   7.519E+03     322- 667     5250
Rovibration_vJ|3[57]        -Rovibration_vJ|10[58]           1.4466E-16  1.7780E-08   7.304E+03     322- 669     5251
Rovibration_vJ|6[1]         -Rovibration_vJ|6[2]             4.4818E-09  9.4800E-08   1.376E+07     323- 324     5252
Rovibration_vJ|6[1]         -Rovibration_vJ|7[0]             2.4876E-05  1.9550E+02   5.046E+04     323- 382     5253
Rovibration_vJ|6[1]         -Rovibration_vJ|7[2]             5.0000E-05  7.9450E+01   5.019E+04     323- 384     5254
Rovibration_vJ|6[1]         -Rovibration_vJ|8[0]             8.4551E-07  2.6280E+01   2.537E+04     323- 443     5255
Rovibration_vJ|6[1]         -Rovibration_vJ|8[2]             1.7184E-06  1.0740E+01   2.530E+04     323- 445     5256
Rovibration_vJ|6[1]         -Rovibration_vJ|9[0]             1.8753E-08  1.2950E+00   1.702E+04     323- 504     5257
Rovibration_vJ|6[1]         -Rovibration_vJ|9[2]             3.8741E-08  5.3700E-01   1.699E+04     323- 506     5258
Rovibration_vJ|6[1]         -Rovibration_vJ|10[0]            2.6769E-10  3.2440E-02   1.285E+04     323- 565     5259
Rovibration_vJ|6[1]         -Rovibration_vJ|10[2]            5.7320E-10  1.3930E-02   1.283E+04     323- 567     5260
Rovibration_vJ|6[2]         -Rovibration_vJ|6[3]             6.0667E-09  3.4370E-07   9.171E+06     324- 325     5261
Rovibration_vJ|6[2]         -Rovibration_vJ|7[1]             2.9793E-05  1.2960E+02   5.055E+04     324- 383     5262
Rovibration_vJ|6[2]         -Rovibration_vJ|7[3]             4.5075E-05  8.5570E+01   5.010E+04     324- 385     5263
Rovibration_vJ|6[2]         -Rovibration_vJ|8[1]             1.0090E-06  1.7390E+01   2.540E+04     324- 444     5264
Rovibration_vJ|6[2]         -Rovibration_vJ|8[3]             1.5563E-06  1.1600E+01   2.528E+04     324- 446     5265
Rovibration_vJ|6[2]         -Rovibration_vJ|9[1]             2.2270E-08  8.5330E-01   1.703E+04     324- 505     5266
Rovibration_vJ|6[2]         -Rovibration_vJ|9[3]             3.5248E-08  5.8230E-01   1.698E+04     324- 507     5267
Rovibration_vJ|6[2]         -Rovibration_vJ|10[1]            3.1401E-10  2.1120E-02   1.286E+04     324- 566     5268
Rovibration_vJ|6[2]         -Rovibration_vJ|10[3]            5.2772E-10  1.5280E-02   1.283E+04     324- 568     5269
Rovibration_vJ|6[3]         -Rovibration_vJ|6[4]             7.7330E-09  8.4800E-07   6.878E+06     325- 326     5270
Rovibration_vJ|6[3]         -Rovibration_vJ|7[2]             3.1865E-05  1.1600E+02   5.065E+04     325- 384     5271
Rovibration_vJ|6[3]         -Rovibration_vJ|7[4]             4.3001E-05  8.9200E+01   5.001E+04     325- 387     5272
Rovibration_vJ|6[3]         -Rovibration_vJ|8[2]             1.0754E-06  1.5540E+01   2.542E+04     325- 445     5273
Rovibration_vJ|6[3]         -Rovibration_vJ|8[4]             1.4896E-06  1.2110E+01   2.526E+04     325- 447     5274
Rovibration_vJ|6[3]         -Rovibration_vJ|9[2]             2.3610E-08  7.5890E-01   1.704E+04     325- 506     5275
Rovibration_vJ|6[3]         -Rovibration_vJ|9[4]             3.3935E-08  6.1110E-01   1.697E+04     325- 508     5276
Rovibration_vJ|6[3]         -Rovibration_vJ|10[2]            3.2902E-10  1.8570E-02   1.286E+04     325- 567     5277
Rovibration_vJ|6[3]         -Rovibration_vJ|10[4]            5.1405E-10  1.6220E-02   1.282E+04     325- 569     5278
Rovibration_vJ|6[4]         -Rovibration_vJ|6[5]             9.4439E-09  1.7020E-06   5.503E+06     326- 328     5279
Rovibration_vJ|6[4]         -Rovibration_vJ|7[3]             3.2998E-05  1.0990E+02   5.074E+04     326- 385     5280
Rovibration_vJ|6[4]         -Rovibration_vJ|7[5]             4.1874E-05  9.1690E+01   4.992E+04     326- 389     5281
Rovibration_vJ|6[4]         -Rovibration_vJ|8[3]             1.1092E-06  1.4690E+01   2.545E+04     326- 446     5282
Rovibration_vJ|6[4]         -Rovibration_vJ|8[5]             1.4569E-06  1.2480E+01   2.524E+04     326- 450     5283
Rovibration_vJ|6[4]         -Rovibration_vJ|9[3]             2.4227E-08  7.1420E-01   1.706E+04     326- 507     5284
Rovibration_vJ|6[4]         -Rovibration_vJ|9[5]             3.3353E-08  6.3250E-01   1.696E+04     326- 509     5285
Rovibration_vJ|6[4]         -Rovibration_vJ|10[3]            3.3353E-10  1.7270E-02   1.287E+04     326- 568     5286
Rovibration_vJ|6[4]         -Rovibration_vJ|10[5]            5.1118E-10  1.6980E-02   1.282E+04     326- 570     5287
Rovibration_vJ|5[33]        -Rovibration_vJ|5[34]            3.1138E-08  3.0920E-04   8.076E+05     327- 333     5288
Rovibration_vJ|5[33]        -Rovibration_vJ|6[32]            2.9897E-05  7.2100E+01   5.339E+04     327- 380     5289
Rovibration_vJ|5[33]        -Rovibration_vJ|6[34]            3.4565E-05  1.0010E+02   4.729E+04     327- 395     5290
Rovibration_vJ|5[33]        -Rovibration_vJ|7[32]            7.8849E-07  7.9930E+00   2.604E+04     327- 441     5291
Rovibration_vJ|5[33]        -Rovibration_vJ|7[34]            1.1766E-06  1.2680E+01   2.451E+04     327- 456     5292
Rovibration_vJ|5[33]        -Rovibration_vJ|8[32]            1.2849E-08  2.9520E-01   1.730E+04     327- 502     5293
Rovibration_vJ|5[33]        -Rovibration_vJ|8[34]            2.7406E-08  6.4280E-01   1.662E+04     327- 517     5294
Rovibration_vJ|5[33]        -Rovibration_vJ|9[32]            9.7746E-11  3.9800E-03   1.299E+04     327- 563     5295
Rovibration_vJ|5[33]        -Rovibration_vJ|9[34]            4.9518E-10  2.0170E-02   1.261E+04     327- 578     5296
Rovibration_vJ|5[33]        -Rovibration_vJ|10[32]           6.9949E-13  4.4180E-05   1.043E+04     327- 624     5297
Rovibration_vJ|5[33]        -Rovibration_vJ|10[34]           4.2135E-12  2.6300E-04   1.019E+04     327- 629     5298
Rovibration_vJ|6[5]         -Rovibration_vJ|6[6]             1.1190E-08  3.0030E-06   4.586E+06     328- 329     5299
Rovibration_vJ|6[5]         -Rovibration_vJ|7[4]             3.3672E-05  1.0620E+02   5.084E+04     328- 387     5300
Rovibration_vJ|6[5]         -Rovibration_vJ|7[6]             4.1179E-05  9.3570E+01   4.984E+04     328- 390     5301
Rovibration_vJ|6[5]         -Rovibration_vJ|8[4]             1.1285E-06  1.4180E+01   2.547E+04     328- 447     5302
Rovibration_vJ|6[5]         -Rovibration_vJ|8[6]             1.4380E-06  1.2760E+01   2.522E+04     328- 451     5303
Rovibration_vJ|6[5]         -Rovibration_vJ|9[4]             2.4520E-08  6.8620E-01   1.707E+04     328- 508     5304
Rovibration_vJ|6[5]         -Rovibration_vJ|9[6]             3.3109E-08  6.5000E-01   1.696E+04     328- 512     5305
Rovibration_vJ|6[5]         -Rovibration_vJ|10[4]            3.3334E-10  1.6390E-02   1.288E+04     328- 569     5306
Rovibration_vJ|6[5]         -Rovibration_vJ|10[6]            5.1341E-10  1.7650E-02   1.281E+04     328- 572     5307
Rovibration_vJ|6[6]         -Rovibration_vJ|6[7]             1.2980E-08  4.8550E-06   3.931E+06     329- 331     5308
Rovibration_vJ|6[6]         -Rovibration_vJ|7[5]             3.4136E-05  1.0370E+02   5.094E+04     329- 389     5309
Rovibration_vJ|6[6]         -Rovibration_vJ|7[7]             4.0720E-05  9.5090E+01   4.975E+04     329- 391     5310
Rovibration_vJ|6[6]         -Rovibration_vJ|8[5]             1.1398E-06  1.3820E+01   2.550E+04     329- 450     5311
Rovibration_vJ|6[6]         -Rovibration_vJ|8[7]             1.4281E-06  1.3000E+01   2.520E+04     329- 452     5312
Rovibration_vJ|6[6]         -Rovibration_vJ|9[5]             2.4640E-08  6.6580E-01   1.708E+04     329- 509     5313
Rovibration_vJ|6[6]         -Rovibration_vJ|9[7]             3.3044E-08  6.6510E-01   1.695E+04     329- 513     5314
Rovibration_vJ|6[6]         -Rovibration_vJ|10[5]            3.3080E-10  1.5710E-02   1.288E+04     329- 570     5315
Rovibration_vJ|6[6]         -Rovibration_vJ|10[7]            5.1823E-10  1.8260E-02   1.281E+04     329- 574     5316
Rovibration_vJ|4[47]        -Rovibration_vJ|4[48]            1.7321E-08  3.4710E-04   5.710E+05     330- 338     5317
Rovibration_vJ|4[47]        -Rovibration_vJ|5[46]            2.4697E-05  5.6250E+01   5.470E+04     330- 381     5318
Rovibration_vJ|4[47]        -Rovibration_vJ|5[48]            2.9778E-05  9.1750E+01   4.605E+04     330- 400     5319
Rovibration_vJ|4[47]        -Rovibration_vJ|6[46]            5.2967E-07  5.2170E+00   2.630E+04     330- 442     5320
Rovibration_vJ|4[47]        -Rovibration_vJ|6[48]            9.1450E-07  1.0250E+01   2.414E+04     330- 461     5321
Rovibration_vJ|4[47]        -Rovibration_vJ|7[46]            6.7703E-09  1.5250E-01   1.739E+04     330- 503     5322
Rovibration_vJ|4[47]        -Rovibration_vJ|7[48]            1.9653E-08  4.7560E-01   1.643E+04     330- 523     5323
Rovibration_vJ|4[47]        -Rovibration_vJ|8[46]            3.1375E-11  1.2580E-03   1.304E+04     330- 564     5324
Rovibration_vJ|4[47]        -Rovibration_vJ|8[48]            3.4904E-10  1.4610E-02   1.249E+04     330- 585     5325
Rovibration_vJ|4[47]        -Rovibration_vJ|9[46]            1.0465E-12  6.5260E-05   1.045E+04     330- 625     5326
Rovibration_vJ|4[47]        -Rovibration_vJ|9[48]            3.6227E-12  2.3180E-04   1.010E+04     330- 632     5327
Rovibration_vJ|4[47]        -Rovibration_vJ|10[46]           4.5648E-13  4.0680E-05   8.744E+03     330- 653     5328
Rovibration_vJ|4[47]        -Rovibration_vJ|10[48]           4.7603E-17  4.3030E-09   8.501E+03     330- 657     5329
Rovibration_vJ|6[7]         -Rovibration_vJ|6[8]             1.4812E-08  7.3660E-06   3.440E+06     331- 332     5330
Rovibration_vJ|6[7]         -Rovibration_vJ|7[6]             3.4457E-05  1.0180E+02   5.104E+04     331- 390     5331
Rovibration_vJ|6[7]         -Rovibration_vJ|7[8]             4.0395E-05  9.6360E+01   4.967E+04     331- 393     5332
Rovibration_vJ|6[7]         -Rovibration_vJ|8[6]             1.1461E-06  1.3540E+01   2.552E+04     331- 451     5333
Rovibration_vJ|6[7]         -Rovibration_vJ|8[8]             1.4221E-06  1.3200E+01   2.518E+04     331- 454     5334
Rovibration_vJ|6[7]         -Rovibration_vJ|9[6]             2.4655E-08  6.4950E-01   1.709E+04     331- 512     5335
Rovibration_vJ|6[7]         -Rovibration_vJ|9[8]             3.3094E-08  6.7880E-01   1.694E+04     331- 514     5336
Rovibration_vJ|6[7]         -Rovibration_vJ|10[6]            3.2691E-10  1.5140E-02   1.289E+04     331- 572     5337
Rovibration_vJ|6[7]         -Rovibration_vJ|10[8]            5.2513E-10  1.8850E-02   1.280E+04     331- 575     5338
Rovibration_vJ|6[8]         -Rovibration_vJ|6[9]             1.6691E-08  1.0650E-05   3.058E+06     332- 334     5339
Rovibration_vJ|6[8]         -Rovibration_vJ|7[7]             3.4701E-05  1.0030E+02   5.114E+04     332- 391     5340
Rovibration_vJ|6[8]         -Rovibration_vJ|7[9]             4.0163E-05  9.7470E+01   4.959E+04     332- 394     5341
Rovibration_vJ|6[8]         -Rovibration_vJ|8[7]             1.1495E-06  1.3310E+01   2.555E+04     332- 452     5342
Rovibration_vJ|6[8]         -Rovibration_vJ|8[9]             1.4194E-06  1.3380E+01   2.516E+04     332- 455     5343
Rovibration_vJ|6[8]         -Rovibration_vJ|9[7]             2.4608E-08  6.3580E-01   1.711E+04     332- 513     5344
Rovibration_vJ|6[8]         -Rovibration_vJ|9[9]             3.3216E-08  6.9150E-01   1.693E+04     332- 516     5345
Rovibration_vJ|6[8]         -Rovibration_vJ|10[7]            3.2221E-10  1.4640E-02   1.290E+04     332- 574     5346
Rovibration_vJ|6[8]         -Rovibration_vJ|10[9]            5.3320E-10  1.9420E-02   1.280E+04     332- 577     5347
Rovibration_vJ|5[34]        -Rovibration_vJ|5[35]            3.3701E-08  3.5460E-04   7.849E+05     333- 340     5348
Rovibration_vJ|5[34]        -Rovibration_vJ|6[33]            2.9851E-05  7.1560E+01   5.353E+04     333- 388     5349
Rovibration_vJ|5[34]        -Rovibration_vJ|6[35]            3.4596E-05  1.0050E+02   4.724E+04     333- 401     5350
Rovibration_vJ|5[34]        -Rovibration_vJ|7[33]            7.8528E-07  7.9290E+00   2.608E+04     333- 449     5351
Rovibration_vJ|5[34]        -Rovibration_vJ|7[35]            1.1833E-06  1.2770E+01   2.451E+04     333- 462     5352
Rovibration_vJ|5[34]        -Rovibration_vJ|8[33]            1.2739E-08  2.9170E-01   1.732E+04     333- 510     5353
Rovibration_vJ|5[34]        -Rovibration_vJ|8[35]            2.7729E-08  6.5090E-01   1.662E+04     333- 522     5354
Rovibration_vJ|5[34]        -Rovibration_vJ|9[33]            9.5406E-11  3.8730E-03   1.301E+04     333- 571     5355
Rovibration_vJ|5[34]        -Rovibration_vJ|9[35]            5.0622E-10  2.0630E-02   1.261E+04     333- 583     5356
Rovibration_vJ|5[34]        -Rovibration_vJ|10[33]           7.4943E-13  4.7200E-05   1.044E+04     333- 626     5357
Rovibration_vJ|5[34]        -Rovibration_vJ|10[35]           4.4652E-12  2.7880E-04   1.019E+04     333- 631     5358
Rovibration_vJ|6[9]         -Rovibration_vJ|6[10]            1.8622E-08  1.4830E-05   2.753E+06     334- 335     5359
Rovibration_vJ|6[9]         -Rovibration_vJ|7[8]             3.4857E-05  9.8960E+01   5.124E+04     334- 393     5360
Rovibration_vJ|6[9]         -Rovibration_vJ|7[10]            3.9995E-05  9.8470E+01   4.951E+04     334- 396     5361
Rovibration_vJ|6[9]         -Rovibration_vJ|8[8]             1.1514E-06  1.3120E+01   2.558E+04     334- 454     5362
Rovibration_vJ|6[9]         -Rovibration_vJ|8[10]            1.4194E-06  1.3550E+01   2.514E+04     334- 457     5363
Rovibration_vJ|6[9]         -Rovibration_vJ|9[8]             2.4516E-08  6.2370E-01   1.712E+04     334- 514     5364
Rovibration_vJ|6[9]         -Rovibration_vJ|9[10]            3.3389E-08  7.0350E-01   1.692E+04     334- 518     5365
Rovibration_vJ|6[9]         -Rovibration_vJ|10[8]            3.1708E-10  1.4190E-02   1.291E+04     334- 575     5366
Rovibration_vJ|6[9]         -Rovibration_vJ|10[10]           5.4218E-10  1.9980E-02   1.280E+04     334- 579     5367
Rovibration_vJ|6[10]        -Rovibration_vJ|6[11]            2.0614E-08  2.0040E-05   2.503E+06     335- 337     5368
Rovibration_vJ|6[10]        -Rovibration_vJ|7[9]             3.4976E-05  9.7800E+01   5.135E+04     335- 394     5369
Rovibration_vJ|6[10]        -Rovibration_vJ|7[11]            3.9866E-05  9.9370E+01   4.943E+04     335- 398     5370
Rovibration_vJ|6[10]        -Rovibration_vJ|8[9]             1.1509E-06  1.2940E+01   2.561E+04     335- 455     5371
Rovibration_vJ|6[10]        -Rovibration_vJ|8[11]            1.4211E-06  1.3710E+01   2.512E+04     335- 458     5372
Rovibration_vJ|6[10]        -Rovibration_vJ|9[9]             2.4396E-08  6.1280E-01   1.713E+04     335- 516     5373
Rovibration_vJ|6[10]        -Rovibration_vJ|9[11]            3.3604E-08  7.1510E-01   1.692E+04     335- 519     5374
Rovibration_vJ|6[10]        -Rovibration_vJ|10[9]            3.1154E-10  1.3770E-02   1.291E+04     335- 577     5375
Rovibration_vJ|6[10]        -Rovibration_vJ|10[11]           5.5176E-10  2.0530E-02   1.279E+04     335- 580     5376
Rovibration_vJ|3[58]        -Rovibration_vJ|3[59]            3.7442E-09  1.1420E-04   4.637E+05     336- 344     5377
Rovibration_vJ|3[58]        -Rovibration_vJ|4[57]            1.9623E-05  4.2860E+01   5.574E+04     336- 386     5378
Rovibration_vJ|3[58]        -Rovibration_vJ|4[59]            2.4567E-05  7.9240E+01   4.509E+04     336- 406     5379
Rovibration_vJ|3[58]        -Rovibration_vJ|5[57]            3.3367E-07  3.2250E+00   2.650E+04     336- 448     5380
Rovibration_vJ|3[58]        -Rovibration_vJ|5[59]            6.5101E-07  7.5080E+00   2.385E+04     336- 467     5381
Rovibration_vJ|3[58]        -Rovibration_vJ|6[57]            3.2804E-09  7.3030E-02   1.746E+04     336- 511     5382
Rovibration_vJ|3[58]        -Rovibration_vJ|6[59]            1.2396E-08  3.0680E-01   1.628E+04     336- 528     5383
Rovibration_vJ|3[58]        -Rovibration_vJ|7[57]            8.6577E-12  3.4430E-04   1.306E+04     336- 573     5384
Rovibration_vJ|3[58]        -Rovibration_vJ|7[59]            2.0809E-10  8.8800E-03   1.240E+04     336- 591     5385
Rovibration_vJ|3[58]        -Rovibration_vJ|8[57]            8.7611E-13  5.4300E-05   1.046E+04     336- 627     5386
Rovibration_vJ|3[58]        -Rovibration_vJ|8[59]            2.2301E-12  1.4520E-04   1.004E+04     336- 635     5387
Rovibration_vJ|3[58]        -Rovibration_vJ|9[57]            2.1434E-13  1.9010E-05   8.747E+03     336- 654     5388
Rovibration_vJ|3[58]        -Rovibration_vJ|9[59]            4.1735E-15  3.8340E-07   8.449E+03     336- 659     5389
Rovibration_vJ|3[58]        -Rovibration_vJ|10[57]           1.1895E-14  1.4240E-06   7.529E+03     336- 668     5390
Rovibration_vJ|3[58]        -Rovibration_vJ|10[59]           1.7996E-16  2.2090E-08   7.309E+03     336- 670     5391
Rovibration_vJ|6[11]        -Rovibration_vJ|6[12]            2.2670E-08  2.6420E-05   2.295E+06     337- 339     5392
Rovibration_vJ|6[11]        -Rovibration_vJ|7[10]            3.5068E-05  9.6770E+01   5.145E+04     337- 396     5393
Rovibration_vJ|6[11]        -Rovibration_vJ|7[12]            3.9769E-05  1.0020E+02   4.935E+04     337- 399     5394
Rovibration_vJ|6[11]        -Rovibration_vJ|8[10]            1.1505E-06  1.2790E+01   2.563E+04     337- 457     5395
Rovibration_vJ|6[11]        -Rovibration_vJ|8[12]            1.4238E-06  1.3860E+01   2.511E+04     337- 460     5396
Rovibration_vJ|6[11]        -Rovibration_vJ|9[10]            2.4252E-08  6.0270E-01   1.715E+04     337- 518     5397
Rovibration_vJ|6[11]        -Rovibration_vJ|9[12]            3.3850E-08  7.2640E-01   1.691E+04     337- 521     5398
Rovibration_vJ|6[11]        -Rovibration_vJ|10[10]           3.0588E-10  1.3380E-02   1.292E+04     337- 579     5399
Rovibration_vJ|6[11]        -Rovibration_vJ|10[12]           5.6198E-10  2.1080E-02   1.279E+04     337- 581     5400
Rovibration_vJ|4[48]        -Rovibration_vJ|4[49]            1.9761E-08  4.1230E-04   5.597E+05     338- 346     5401
Rovibration_vJ|4[48]        -Rovibration_vJ|5[47]            2.4650E-05  5.5800E+01   5.485E+04     338- 392     5402
Rovibration_vJ|4[48]        -Rovibration_vJ|5[49]            2.9806E-05  9.2030E+01   4.601E+04     338- 407     5403
Rovibration_vJ|4[48]        -Rovibration_vJ|6[47]            5.2764E-07  5.1760E+00   2.635E+04     338- 453     5404
Rovibration_vJ|4[48]        -Rovibration_vJ|6[49]            9.2031E-07  1.0320E+01   2.414E+04     338- 468     5405
Rovibration_vJ|4[48]        -Rovibration_vJ|7[47]            6.7176E-09  1.5080E-01   1.742E+04     338- 515     5406
Rovibration_vJ|4[48]        -Rovibration_vJ|7[49]            1.9903E-08  4.8160E-01   1.643E+04     338- 530     5407
Rovibration_vJ|4[48]        -Rovibration_vJ|8[47]            3.0546E-11  1.2210E-03   1.305E+04     338- 576     5408
Rovibration_vJ|4[48]        -Rovibration_vJ|8[49]            3.5707E-10  1.4940E-02   1.250E+04     338- 590     5409
Rovibration_vJ|4[48]        -Rovibration_vJ|9[47]            1.0844E-12  6.7430E-05   1.047E+04     338- 628     5410
Rovibration_vJ|4[48]        -Rovibration_vJ|9[49]            3.8109E-12  2.4370E-04   1.011E+04     338- 634     5411
Rovibration_vJ|4[48]        -Rovibration_vJ|10[47]           4.6440E-13  4.1270E-05   8.754E+03     338- 655     5412
Rovibration_vJ|4[48]        -Rovibration_vJ|10[49]           1.0105E-17  9.1280E-10   8.506E+03     338- 658     5413
Rovibration_vJ|6[12]        -Rovibration_vJ|6[13]            2.4803E-08  3.4130E-05   2.119E+06     339- 341     5414
Rovibration_vJ|6[12]        -Rovibration_vJ|7[11]            3.5133E-05  9.5820E+01   5.156E+04     339- 398     5415
Rovibration_vJ|6[12]        -Rovibration_vJ|7[13]            3.9706E-05  1.0100E+02   4.927E+04     339- 402     5416
Rovibration_vJ|6[12]        -Rovibration_vJ|8[11]            1.1482E-06  1.2640E+01   2.566E+04     339- 458     5417
Rovibration_vJ|6[12]        -Rovibration_vJ|8[13]            1.4270E-06  1.4000E+01   2.509E+04     339- 463     5418
Rovibration_vJ|6[12]        -Rovibration_vJ|9[11]            2.4095E-08  5.9330E-01   1.716E+04     339- 519     5419
Rovibration_vJ|6[12]        -Rovibration_vJ|9[13]            3.4116E-08  7.3740E-01   1.690E+04     339- 524     5420
Rovibration_vJ|6[12]        -Rovibration_vJ|10[11]           3.0009E-10  1.3010E-02   1.293E+04     339- 580     5421
Rovibration_vJ|6[12]        -Rovibration_vJ|10[13]           5.7295E-10  2.1640E-02   1.279E+04     339- 584     5422
Rovibration_vJ|5[35]        -Rovibration_vJ|5[36]            3.6460E-08  4.0580E-04   7.635E+05     340- 343     5423
Rovibration_vJ|5[35]        -Rovibration_vJ|6[34]            2.9803E-05  7.1020E+01   5.367E+04     340- 395     5424
Rovibration_vJ|5[35]        -Rovibration_vJ|6[36]            3.4631E-05  1.0090E+02   4.719E+04     340- 404     5425
Rovibration_vJ|5[35]        -Rovibration_vJ|7[34]            7.8203E-07  7.8650E+00   2.612E+04     340- 456     5426
Rovibration_vJ|5[35]        -Rovibration_vJ|7[36]            1.1900E-06  1.2860E+01   2.450E+04     340- 465     5427
Rovibration_vJ|5[35]        -Rovibration_vJ|8[34]            1.2632E-08  2.8830E-01   1.734E+04     340- 517     5428
Rovibration_vJ|5[35]        -Rovibration_vJ|8[36]            2.8058E-08  6.5910E-01   1.662E+04     340- 527     5429
Rovibration_vJ|5[35]        -Rovibration_vJ|9[34]            9.3149E-11  3.7700E-03   1.302E+04     340- 578     5430
Rovibration_vJ|5[35]        -Rovibration_vJ|9[36]            5.1753E-10  2.1100E-02   1.261E+04     340- 588     5431
Rovibration_vJ|5[35]        -Rovibration_vJ|10[34]           8.0060E-13  5.0280E-05   1.045E+04     340- 629     5432
Rovibration_vJ|5[35]        -Rovibration_vJ|10[36]           4.7267E-12  2.9520E-04   1.019E+04     340- 633     5433
Rovibration_vJ|6[13]        -Rovibration_vJ|6[14]            2.7012E-08  4.3330E-05   1.968E+06     341- 342     5434
Rovibration_vJ|6[13]        -Rovibration_vJ|7[12]            3.5177E-05  9.4930E+01   5.167E+04     341- 399     5435
Rovibration_vJ|6[13]        -Rovibration_vJ|7[14]            3.9639E-05  1.0170E+02   4.920E+04     341- 403     5436
Rovibration_vJ|6[13]        -Rovibration_vJ|8[12]            1.1464E-06  1.2510E+01   2.569E+04     341- 460     5437
Rovibration_vJ|6[13]        -Rovibration_vJ|8[14]            1.4304E-06  1.4130E+01   2.507E+04     341- 464     5438
Rovibration_vJ|6[13]        -Rovibration_vJ|9[12]            2.3927E-08  5.8440E-01   1.717E+04     341- 521     5439
Rovibration_vJ|6[13]        -Rovibration_vJ|9[14]            3.4405E-08  7.4830E-01   1.690E+04     341- 525     5440
Rovibration_vJ|6[13]        -Rovibration_vJ|10[12]           2.9430E-10  1.2660E-02   1.294E+04     341- 581     5441
Rovibration_vJ|6[13]        -Rovibration_vJ|10[14]           5.8430E-10  2.2200E-02   1.278E+04     341- 586     5442
Rovibration_vJ|6[14]        -Rovibration_vJ|6[15]            2.9299E-08  5.4190E-05   1.837E+06     342- 345     5443
Rovibration_vJ|6[14]        -Rovibration_vJ|7[13]            3.5206E-05  9.4090E+01   5.178E+04     342- 402     5444
Rovibration_vJ|6[14]        -Rovibration_vJ|7[15]            3.9602E-05  1.0240E+02   4.912E+04     342- 405     5445
Rovibration_vJ|6[14]        -Rovibration_vJ|8[13]            1.1434E-06  1.2380E+01   2.572E+04     342- 463     5446
Rovibration_vJ|6[14]        -Rovibration_vJ|8[15]            1.4359E-06  1.4270E+01   2.506E+04     342- 466     5447
Rovibration_vJ|6[14]        -Rovibration_vJ|9[13]            2.3754E-08  5.7600E-01   1.719E+04     342- 524     5448
Rovibration_vJ|6[14]        -Rovibration_vJ|9[15]            3.4712E-08  7.5910E-01   1.689E+04     342- 526     5449
Rovibration_vJ|6[14]        -Rovibration_vJ|10[13]           2.8838E-10  1.2320E-02   1.295E+04     342- 584     5450
Rovibration_vJ|6[14]        -Rovibration_vJ|10[15]           5.9596E-10  2.2760E-02   1.278E+04     342- 587     5451
Rovibration_vJ|5[36]        -Rovibration_vJ|5[37]            3.9407E-08  4.6320E-04   7.432E+05     343- 349     5452
Rovibration_vJ|5[36]        -Rovibration_vJ|6[35]            2.9753E-05  7.0480E+01   5.381E+04     343- 401     5453
Rovibration_vJ|5[36]        -Rovibration_vJ|6[37]            3.4667E-05  1.0130E+02   4.714E+04     343- 410     5454
Rovibration_vJ|5[36]        -Rovibration_vJ|7[35]            7.7873E-07  7.8010E+00   2.617E+04     343- 462     5455
Rovibration_vJ|5[36]        -Rovibration_vJ|7[37]            1.1969E-06  1.2950E+01   2.450E+04     343- 471     5456
Rovibration_vJ|5[36]        -Rovibration_vJ|8[35]            1.2525E-08  2.8490E-01   1.736E+04     343- 522     5457
Rovibration_vJ|5[36]        -Rovibration_vJ|8[37]            2.8393E-08  6.6740E-01   1.662E+04     343- 532     5458
Rovibration_vJ|5[36]        -Rovibration_vJ|9[35]            9.0926E-11  3.6690E-03   1.304E+04     343- 583     5459
Rovibration_vJ|5[36]        -Rovibration_vJ|9[37]            5.2912E-10  2.1580E-02   1.262E+04     343- 593     5460
Rovibration_vJ|5[36]        -Rovibration_vJ|10[35]           8.5284E-13  5.3410E-05   1.046E+04     343- 631     5461
Rovibration_vJ|5[36]        -Rovibration_vJ|10[37]           4.9981E-12  3.1220E-04   1.020E+04     343- 636     5462
Rovibration_vJ|3[59]        -Rovibration_vJ|3[60]            5.1933E-09  1.6360E-04   4.563E+05     344- 352     5463
Rovibration_vJ|3[59]        -Rovibration_vJ|4[58]            1.9585E-05  4.2500E+01   5.591E+04     344- 397     5464
Rovibration_vJ|3[59]        -Rovibration_vJ|4[60]            2.4591E-05  7.9440E+01   4.506E+04     344- 413     5465
Rovibration_vJ|3[59]        -Rovibration_vJ|5[58]            3.3251E-07  3.2000E+00   2.655E+04     344- 459     5466
Rovibration_vJ|3[59]        -Rovibration_vJ|5[60]            6.5538E-07  7.5580E+00   2.385E+04     344- 475     5467
Rovibration_vJ|3[59]        -Rovibration_vJ|6[58]            3.2563E-09  7.2230E-02   1.749E+04     344- 520     5468
Rovibration_vJ|3[59]        -Rovibration_vJ|6[60]            1.2562E-08  3.1070E-01   1.629E+04     344- 536     5469
Rovibration_vJ|3[59]        -Rovibration_vJ|7[58]            8.4014E-12  3.3300E-04   1.308E+04     344- 582     5470
Rovibration_vJ|3[59]        -Rovibration_vJ|7[60]            2.1295E-10  9.0790E-03   1.240E+04     344- 598     5471
Rovibration_vJ|3[59]        -Rovibration_vJ|8[58]            8.9894E-13  5.5540E-05   1.048E+04     344- 630     5472
Rovibration_vJ|3[59]        -Rovibration_vJ|8[60]            2.3356E-12  1.5190E-04   1.004E+04     344- 639     5473
Rovibration_vJ|3[59]        -Rovibration_vJ|9[58]            2.1883E-13  1.9350E-05   8.759E+03     344- 656     5474
Rovibration_vJ|3[59]        -Rovibration_vJ|9[60]            4.9363E-15  4.5290E-07   8.456E+03     344- 661     5475
Rovibration_vJ|3[59]        -Rovibration_vJ|10[58]           1.2131E-14  1.4480E-06   7.539E+03     344- 669     5476
Rovibration_vJ|3[59]        -Rovibration_vJ|10[60]           2.1773E-16  2.6690E-08   7.315E+03     344- 671     5477
Rovibration_vJ|6[15]        -Rovibration_vJ|6[16]            3.1686E-08  6.6930E-05   1.722E+06     345- 347     5478
Rovibration_vJ|6[15]        -Rovibration_vJ|7[14]            3.5223E-05  9.3290E+01   5.189E+04     345- 403     5479
Rovibration_vJ|6[15]        -Rovibration_vJ|7[16]            3.9587E-05  1.0310E+02   4.905E+04     345- 408     5480
Rovibration_vJ|6[15]        -Rovibration_vJ|8[14]            1.1404E-06  1.2260E+01   2.575E+04     345- 464     5481
Rovibration_vJ|6[15]        -Rovibration_vJ|8[16]            1.4411E-06  1.4400E+01   2.504E+04     345- 469     5482
Rovibration_vJ|6[15]        -Rovibration_vJ|9[14]            2.3573E-08  5.6790E-01   1.720E+04     345- 525     5483
Rovibration_vJ|6[15]        -Rovibration_vJ|9[16]            3.5032E-08  7.6980E-01   1.689E+04     345- 529     5484
Rovibration_vJ|6[15]        -Rovibration_vJ|10[14]           2.8241E-10  1.1990E-02   1.296E+04     345- 586     5485
Rovibration_vJ|6[15]        -Rovibration_vJ|10[16]           6.0813E-10  2.3330E-02   1.278E+04     345- 589     5486
Rovibration_vJ|4[49]        -Rovibration_vJ|4[50]            2.2456E-08  4.8740E-04   5.488E+05     346- 351     5487
Rovibration_vJ|4[49]        -Rovibration_vJ|5[48]            2.4602E-05  5.5350E+01   5.501E+04     346- 400     5488
Rovibration_vJ|4[49]        -Rovibration_vJ|5[50]            2.9836E-05  9.2310E+01   4.597E+04     346- 412     5489
Rovibration_vJ|4[49]        -Rovibration_vJ|6[48]            5.2559E-07  5.1350E+00   2.640E+04     346- 461     5490
Rovibration_vJ|4[49]        -Rovibration_vJ|6[50]            9.2616E-07  1.0390E+01   2.414E+04     346- 473     5491
Rovibration_vJ|4[49]        -Rovibration_vJ|7[48]            6.6646E-09  1.4910E-01   1.744E+04     346- 523     5492
Rovibration_vJ|4[49]        -Rovibration_vJ|7[50]            2.0154E-08  4.8760E-01   1.644E+04     346- 534     5493
Rovibration_vJ|4[49]        -Rovibration_vJ|8[48]            2.9762E-11  1.1860E-03   1.307E+04     346- 585     5494
Rovibration_vJ|4[49]        -Rovibration_vJ|8[50]            3.6513E-10  1.5270E-02   1.250E+04     346- 596     5495
Rovibration_vJ|4[49]        -Rovibration_vJ|9[48]            1.1228E-12  6.9610E-05   1.048E+04     346- 632     5496
Rovibration_vJ|4[49]        -Rovibration_vJ|9[50]            4.0043E-12  2.5590E-04   1.011E+04     346- 637     5497
Rovibration_vJ|4[49]        -Rovibration_vJ|10[48]           4.7225E-13  4.1850E-05   8.765E+03     346- 657     5498
Rovibration_vJ|4[49]        -Rovibration_vJ|10[50]           1.7838E-16  1.6100E-08   8.511E+03     346- 660     5499
Rovibration_vJ|6[16]        -Rovibration_vJ|6[17]            3.4168E-08  8.1740E-05   1.621E+06     347- 348     5500
Rovibration_vJ|6[16]        -Rovibration_vJ|7[15]            3.5230E-05  9.2520E+01   5.200E+04     347- 405     5501
Rovibration_vJ|6[16]        -Rovibration_vJ|7[17]            3.9592E-05  1.0380E+02   4.898E+04     347- 409     5502
Rovibration_vJ|6[16]        -Rovibration_vJ|8[15]            1.1367E-06  1.2140E+01   2.578E+04     347- 466     5503
Rovibration_vJ|6[16]        -Rovibration_vJ|8[17]            1.4471E-06  1.4530E+01   2.503E+04     347- 470     5504
Rovibration_vJ|6[16]        -Rovibration_vJ|9[15]            2.3388E-08  5.6010E-01   1.722E+04     347- 526     5505
Rovibration_vJ|6[16]        -Rovibration_vJ|9[17]            3.5366E-08  7.8050E-01   1.688E+04     347- 531     5506
Rovibration_vJ|6[16]        -Rovibration_vJ|10[15]           2.7667E-10  1.1680E-02   1.297E+04     347- 587     5507
Rovibration_vJ|6[16]        -Rovibration_vJ|10[17]           6.2076E-10  2.3910E-02   1.278E+04     347- 592     5508
Rovibration_vJ|6[17]        -Rovibration_vJ|6[18]            3.6753E-08  9.8850E-05   1.532E+06     348- 350     5509
Rovibration_vJ|6[17]        -Rovibration_vJ|7[16]            3.5226E-05  9.1770E+01   5.211E+04     348- 408     5510
Rovibration_vJ|6[17]        -Rovibration_vJ|7[18]            3.9575E-05  1.0440E+02   4.891E+04     348- 411     5511
Rovibration_vJ|6[17]        -Rovibration_vJ|8[16]            1.1324E-06  1.2020E+01   2.582E+04     348- 469     5512
Rovibration_vJ|6[17]        -Rovibration_vJ|8[18]            1.4525E-06  1.4650E+01   2.501E+04     348- 472     5513
Rovibration_vJ|6[17]        -Rovibration_vJ|9[16]            2.3198E-08  5.5250E-01   1.723E+04     348- 529     5514
Rovibration_vJ|6[17]        -Rovibration_vJ|9[18]            3.5713E-08  7.9120E-01   1.688E+04     348- 533     5515
Rovibration_vJ|6[17]        -Rovibration_vJ|10[16]           2.7096E-10  1.1380E-02   1.298E+04     348- 589     5516
Rovibration_vJ|6[17]        -Rovibration_vJ|10[18]           6.3357E-10  2.4490E-02   1.278E+04     348- 594     5517
Rovibration_vJ|5[37]        -Rovibration_vJ|5[38]            4.2575E-08  5.2770E-04   7.240E+05     349- 354     5518
Rovibration_vJ|5[37]        -Rovibration_vJ|6[36]            2.9705E-05  6.9950E+01   5.395E+04     349- 404     5519
Rovibration_vJ|5[37]        -Rovibration_vJ|6[38]            3.4706E-05  1.0170E+02   4.709E+04     349- 415     5520
Rovibration_vJ|5[37]        -Rovibration_vJ|7[36]            7.7559E-07  7.7390E+00   2.621E+04     349- 465     5521
Rovibration_vJ|5[37]        -Rovibration_vJ|7[38]            1.2038E-06  1.3040E+01   2.449E+04     349- 476     5522
Rovibration_vJ|5[37]        -Rovibration_vJ|8[36]            1.2420E-08  2.8160E-01   1.739E+04     349- 527     5523
Rovibration_vJ|5[37]        -Rovibration_vJ|8[38]            2.8734E-08  6.7580E-01   1.662E+04     349- 537     5524
Rovibration_vJ|5[37]        -Rovibration_vJ|9[36]            8.8763E-11  3.5710E-03   1.305E+04     349- 588     5525
Rovibration_vJ|5[37]        -Rovibration_vJ|9[38]            5.4099E-10  2.2070E-02   1.262E+04     349- 597     5526
Rovibration_vJ|5[37]        -Rovibration_vJ|10[36]           9.0617E-13  5.6590E-05   1.048E+04     349- 633     5527
Rovibration_vJ|5[37]        -Rovibration_vJ|10[38]           5.2794E-12  3.2980E-04   1.020E+04     349- 638     5528
Rovibration_vJ|6[18]        -Rovibration_vJ|6[19]            3.9448E-08  1.1850E-04   1.451E+06     350- 353     5529
Rovibration_vJ|6[18]        -Rovibration_vJ|7[17]            3.5218E-05  9.1050E+01   5.223E+04     350- 409     5530
Rovibration_vJ|6[18]        -Rovibration_vJ|7[19]            3.9572E-05  1.0500E+02   4.884E+04     350- 414     5531
Rovibration_vJ|6[18]        -Rovibration_vJ|8[17]            1.1294E-06  1.1920E+01   2.585E+04     350- 470     5532
Rovibration_vJ|6[18]        -Rovibration_vJ|8[19]            1.4595E-06  1.4780E+01   2.500E+04     350- 474     5533
Rovibration_vJ|6[18]        -Rovibration_vJ|9[17]            2.3009E-08  5.4520E-01   1.725E+04     350- 531     5534
Rovibration_vJ|6[18]        -Rovibration_vJ|9[19]            3.6071E-08  8.0190E-01   1.687E+04     350- 535     5535
Rovibration_vJ|6[18]        -Rovibration_vJ|10[17]           2.6510E-10  1.1080E-02   1.299E+04     350- 592     5536
Rovibration_vJ|6[18]        -Rovibration_vJ|10[19]           6.4704E-10  2.5090E-02   1.277E+04     350- 595     5537
Rovibration_vJ|4[50]        -Rovibration_vJ|4[51]            2.5416E-08  5.7340E-04   5.384E+05     351- 356     5538
Rovibration_vJ|4[50]        -Rovibration_vJ|5[49]            2.4557E-05  5.4910E+01   5.517E+04     351- 407     5539
Rovibration_vJ|4[50]        -Rovibration_vJ|5[51]            2.9864E-05  9.2580E+01   4.593E+04     351- 417     5540
Rovibration_vJ|4[50]        -Rovibration_vJ|6[49]            5.2363E-07  5.0950E+00   2.645E+04     351- 468     5541
Rovibration_vJ|4[50]        -Rovibration_vJ|6[51]            9.3206E-07  1.0460E+01   2.414E+04     351- 479     5542
Rovibration_vJ|4[50]        -Rovibration_vJ|7[49]            6.6158E-09  1.4750E-01   1.747E+04     351- 530     5543
Rovibration_vJ|4[50]        -Rovibration_vJ|7[51]            2.0411E-08  4.9370E-01   1.644E+04     351- 541     5544
Rovibration_vJ|4[50]        -Rovibration_vJ|8[49]            2.8975E-11  1.1510E-03   1.309E+04     351- 590     5545
Rovibration_vJ|4[50]        -Rovibration_vJ|8[51]            3.7345E-10  1.5610E-02   1.251E+04     351- 602     5546
Rovibration_vJ|4[50]        -Rovibration_vJ|9[49]            1.1612E-12  7.1780E-05   1.049E+04     351- 634     5547
Rovibration_vJ|4[50]        -Rovibration_vJ|9[51]            4.2060E-12  2.6860E-04   1.012E+04     351- 641     5548
Rovibration_vJ|4[50]        -Rovibration_vJ|10[49]           4.8026E-13  4.2440E-05   8.775E+03     351- 658     5549
Rovibration_vJ|4[50]        -Rovibration_vJ|10[51]           5.5864E-16  5.0380E-08   8.516E+03     351- 662     5550
Rovibration_vJ|3[60]        -Rovibration_vJ|4[59]            1.9545E-05  4.2140E+01   5.609E+04     352- 406     5551
Rovibration_vJ|3[60]        -Rovibration_vJ|5[59]            3.3124E-07  3.1740E+00   2.660E+04     352- 467     5552
Rovibration_vJ|3[60]        -Rovibration_vJ|6[59]            3.2334E-09  7.1460E-02   1.752E+04     352- 528     5553
Rovibration_vJ|3[60]        -Rovibration_vJ|7[59]            8.1512E-12  3.2200E-04   1.310E+04     352- 591     5554
Rovibration_vJ|3[60]        -Rovibration_vJ|8[59]            9.2194E-13  5.6780E-05   1.049E+04     352- 635     5555
Rovibration_vJ|3[60]        -Rovibration_vJ|9[59]            2.2359E-13  1.9710E-05   8.771E+03     352- 659     5556
Rovibration_vJ|3[60]        -Rovibration_vJ|10[59]           1.2378E-14  1.4730E-06   7.549E+03     352- 670     5557
Rovibration_vJ|6[19]        -Rovibration_vJ|6[20]            4.2272E-08  1.4100E-04   1.379E+06     353- 355     5558
Rovibration_vJ|6[19]        -Rovibration_vJ|7[18]            3.5202E-05  9.0340E+01   5.234E+04     353- 411     5559
Rovibration_vJ|6[19]        -Rovibration_vJ|7[20]            3.9581E-05  1.0560E+02   4.877E+04     353- 416     5560
Rovibration_vJ|6[19]        -Rovibration_vJ|8[18]            1.1251E-06  1.1810E+01   2.588E+04     353- 472     5561
Rovibration_vJ|6[19]        -Rovibration_vJ|8[20]            1.4658E-06  1.4900E+01   2.498E+04     353- 477     5562
Rovibration_vJ|6[19]        -Rovibration_vJ|9[18]            2.2820E-08  5.3810E-01   1.727E+04     353- 533     5563
Rovibration_vJ|6[19]        -Rovibration_vJ|9[20]            3.6438E-08  8.1260E-01   1.687E+04     353- 538     5564
Rovibration_vJ|6[19]        -Rovibration_vJ|10[18]           2.5957E-10  1.0800E-02   1.300E+04     353- 594     5565
Rovibration_vJ|6[19]        -Rovibration_vJ|10[20]           6.6063E-10  2.5690E-02   1.277E+04     353- 599     5566
Rovibration_vJ|5[38]        -Rovibration_vJ|5[39]            4.5967E-08  5.9990E-04   7.058E+05     354- 357     5567
Rovibration_vJ|5[38]        -Rovibration_vJ|6[37]            2.9652E-05  6.9410E+01   5.409E+04     354- 410     5568
Rovibration_vJ|5[38]        -Rovibration_vJ|6[39]            3.4713E-05  1.0200E+02   4.704E+04     354- 419     5569
Rovibration_vJ|5[38]        -Rovibration_vJ|7[37]            7.7242E-07  7.6770E+00   2.625E+04     354- 471     5570
Rovibration_vJ|5[38]        -Rovibration_vJ|7[39]            1.2117E-06  1.3140E+01   2.449E+04     354- 480     5571
Rovibration_vJ|5[38]        -Rovibration_vJ|8[37]            1.2320E-08  2.7840E-01   1.741E+04     354- 532     5572
Rovibration_vJ|5[38]        -Rovibration_vJ|8[39]            2.9081E-08  6.8430E-01   1.662E+04     354- 540     5573
Rovibration_vJ|5[38]        -Rovibration_vJ|9[37]            8.6661E-11  3.4760E-03   1.307E+04     354- 593     5574
Rovibration_vJ|5[38]        -Rovibration_vJ|9[39]            5.5314E-10  2.2570E-02   1.262E+04     354- 601     5575
Rovibration_vJ|5[38]        -Rovibration_vJ|10[37]           9.6059E-13  5.9820E-05   1.049E+04     354- 636     5576
Rovibration_vJ|5[38]        -Rovibration_vJ|10[39]           5.5739E-12  3.4820E-04   1.020E+04     354- 640     5577
Rovibration_vJ|6[20]        -Rovibration_vJ|6[21]            4.5248E-08  1.6670E-04   1.314E+06     355- 358     5578
Rovibration_vJ|6[20]        -Rovibration_vJ|7[19]            3.5182E-05  8.9650E+01   5.246E+04     355- 414     5579
Rovibration_vJ|6[20]        -Rovibration_vJ|7[21]            3.9563E-05  1.0610E+02   4.870E+04     355- 418     5580
Rovibration_vJ|6[20]        -Rovibration_vJ|8[19]            1.1204E-06  1.1700E+01   2.591E+04     355- 474     5581
Rovibration_vJ|6[20]        -Rovibration_vJ|8[21]            1.4725E-06  1.5020E+01   2.497E+04     355- 478     5582
Rovibration_vJ|6[20]        -Rovibration_vJ|9[19]            2.2630E-08  5.3120E-01   1.728E+04     355- 535     5583
Rovibration_vJ|6[20]        -Rovibration_vJ|9[21]            3.6817E-08  8.2340E-01   1.686E+04     355- 539     5584
Rovibration_vJ|6[20]        -Rovibration_vJ|10[19]           2.5392E-10  1.0520E-02   1.301E+04     355- 595     5585
Rovibration_vJ|6[20]        -Rovibration_vJ|10[21]           6.7459E-10  2.6300E-02   1.277E+04     355- 600     5586
Rovibration_vJ|4[51]        -Rovibration_vJ|4[52]            2.8664E-08  6.7160E-04   5.285E+05     356- 362     5587
Rovibration_vJ|4[51]        -Rovibration_vJ|5[50]            2.4508E-05  5.4460E+01   5.533E+04     356- 412     5588
Rovibration_vJ|4[51]        -Rovibration_vJ|5[52]            2.9893E-05  9.2850E+01   4.590E+04     356- 423     5589
Rovibration_vJ|4[51]        -Rovibration_vJ|6[50]            5.2165E-07  5.0550E+00   2.649E+04     356- 473     5590
Rovibration_vJ|4[51]        -Rovibration_vJ|6[52]            9.3800E-07  1.0530E+01   2.414E+04     356- 484     5591
Rovibration_vJ|4[51]        -Rovibration_vJ|7[50]            6.5667E-09  1.4590E-01   1.750E+04     356- 534     5592
Rovibration_vJ|4[51]        -Rovibration_vJ|7[52]            2.0668E-08  4.9980E-01   1.645E+04     356- 545     5593
Rovibration_vJ|4[51]        -Rovibration_vJ|8[50]            2.8207E-11  1.1170E-03   1.311E+04     356- 596     5594
Rovibration_vJ|4[51]        -Rovibration_vJ|8[52]            3.8204E-10  1.5960E-02   1.252E+04     356- 606     5595
Rovibration_vJ|4[51]        -Rovibration_vJ|9[50]            1.2000E-12  7.3960E-05   1.051E+04     356- 637     5596
Rovibration_vJ|4[51]        -Rovibration_vJ|9[52]            4.4144E-12  2.8170E-04   1.013E+04     356- 643     5597
Rovibration_vJ|4[51]        -Rovibration_vJ|10[50]           4.8822E-13  4.3020E-05   8.786E+03     356- 660     5598
Rovibration_vJ|4[51]        -Rovibration_vJ|10[52]           1.1576E-15  1.0430E-07   8.522E+03     356- 663     5599
Rovibration_vJ|5[39]        -Rovibration_vJ|5[40]            4.9596E-08  6.8060E-04   6.885E+05     357- 360     5600
Rovibration_vJ|5[39]        -Rovibration_vJ|6[38]            2.9602E-05  6.8880E+01   5.423E+04     357- 415     5601
Rovibration_vJ|5[39]        -Rovibration_vJ|6[40]            3.4757E-05  1.0240E+02   4.699E+04     357- 421     5602
Rovibration_vJ|5[39]        -Rovibration_vJ|7[38]            7.6921E-07  7.6150E+00   2.629E+04     357- 476     5603
Rovibration_vJ|5[39]        -Rovibration_vJ|7[40]            1.2188E-06  1.3230E+01   2.448E+04     357- 482     5604
Rovibration_vJ|5[39]        -Rovibration_vJ|8[38]            1.2219E-08  2.7520E-01   1.743E+04     357- 537     5605
Rovibration_vJ|5[39]        -Rovibration_vJ|8[40]            2.9434E-08  6.9290E-01   1.662E+04     357- 544     5606
Rovibration_vJ|5[39]        -Rovibration_vJ|9[38]            8.4596E-11  3.3830E-03   1.308E+04     357- 597     5607
Rovibration_vJ|5[39]        -Rovibration_vJ|9[40]            5.6557E-10  2.3080E-02   1.263E+04     357- 605     5608
Rovibration_vJ|5[39]        -Rovibration_vJ|10[38]           1.0158E-12  6.3080E-05   1.050E+04     357- 638     5609
Rovibration_vJ|5[39]        -Rovibration_vJ|10[40]           5.8784E-12  3.6720E-04   1.021E+04     357- 642     5610
Rovibration_vJ|6[21]        -Rovibration_vJ|6[22]            4.8324E-08  1.9570E-04   1.255E+06     358- 359     5611
Rovibration_vJ|6[21]        -Rovibration_vJ|7[20]            3.5157E-05  8.8970E+01   5.258E+04     358- 416     5612
Rovibration_vJ|6[21]        -Rovibration_vJ|7[22]            3.9592E-05  1.0670E+02   4.863E+04     358- 420     5613
Rovibration_vJ|6[21]        -Rovibration_vJ|8[20]            1.1164E-06  1.1600E+01   2.595E+04     358- 477     5614
Rovibration_vJ|6[21]        -Rovibration_vJ|8[22]            1.4796E-06  1.5140E+01   2.496E+04     358- 481     5615
Rovibration_vJ|6[21]        -Rovibration_vJ|9[20]            2.2442E-08  5.2450E-01   1.730E+04     358- 538     5616
Rovibration_vJ|6[21]        -Rovibration_vJ|9[22]            3.7203E-08  8.3420E-01   1.686E+04     358- 542     5617
Rovibration_vJ|6[21]        -Rovibration_vJ|10[20]           2.4865E-10  1.0260E-02   1.302E+04     358- 599     5618
Rovibration_vJ|6[21]        -Rovibration_vJ|10[22]           6.8891E-10  2.6920E-02   1.277E+04     358- 603     5619
Rovibration_vJ|6[22]        -Rovibration_vJ|6[23]            5.1575E-08  2.2860E-04   1.200E+06     359- 361     5620
Rovibration_vJ|6[22]        -Rovibration_vJ|7[21]            3.5128E-05  8.8300E+01   5.270E+04     359- 418     5621
Rovibration_vJ|6[22]        -Rovibration_vJ|7[23]            3.9628E-05  1.0730E+02   4.857E+04     359- 422     5622
Rovibration_vJ|6[22]        -Rovibration_vJ|8[21]            1.1121E-06  1.1500E+01   2.598E+04     359- 478     5623
Rovibration_vJ|6[22]        -Rovibration_vJ|8[23]            1.4869E-06  1.5260E+01   2.495E+04     359- 483     5624
Rovibration_vJ|6[22]        -Rovibration_vJ|9[21]            2.2252E-08  5.1790E-01   1.732E+04     359- 539     5625
Rovibration_vJ|6[22]        -Rovibration_vJ|9[23]            3.7599E-08  8.4510E-01   1.686E+04     359- 543     5626
Rovibration_vJ|6[22]        -Rovibration_vJ|10[21]           2.4324E-10  9.9980E-03   1.303E+04     359- 600     5627
Rovibration_vJ|6[22]        -Rovibration_vJ|10[23]           7.0383E-10  2.7560E-02   1.277E+04     359- 604     5628
Rovibration_vJ|5[40]        -Rovibration_vJ|5[41]            5.3474E-08  7.7060E-04   6.721E+05     360- 364     5629
Rovibration_vJ|5[40]        -Rovibration_vJ|6[39]            2.9551E-05  6.8350E+01   5.438E+04     360- 419     5630
Rovibration_vJ|5[40]        -Rovibration_vJ|6[41]            3.4802E-05  1.0280E+02   4.694E+04     360- 425     5631
Rovibration_vJ|5[40]        -Rovibration_vJ|7[39]            7.6606E-07  7.5540E+00   2.634E+04     360- 480     5632
Rovibration_vJ|5[40]        -Rovibration_vJ|7[41]            1.2259E-06  1.3320E+01   2.448E+04     360- 486     5633
Rovibration_vJ|5[40]        -Rovibration_vJ|8[39]            1.2117E-08  2.7200E-01   1.745E+04     360- 540     5634
Rovibration_vJ|5[40]        -Rovibration_vJ|8[41]            2.9788E-08  7.0150E-01   1.663E+04     360- 547     5635
Rovibration_vJ|5[40]        -Rovibration_vJ|9[39]            8.2593E-11  3.2930E-03   1.310E+04     360- 601     5636
Rovibration_vJ|5[40]        -Rovibration_vJ|9[41]            5.7828E-10  2.3600E-02   1.263E+04     360- 608     5637
Rovibration_vJ|5[40]        -Rovibration_vJ|10[39]           1.0721E-12  6.6390E-05   1.051E+04     360- 640     5638
Rovibration_vJ|5[40]        -Rovibration_vJ|10[41]           6.1946E-12  3.8690E-04   1.021E+04     360- 644     5639
Rovibration_vJ|6[23]        -Rovibration_vJ|6[24]            5.4968E-08  2.6560E-04   1.151E+06     361- 363     5640
Rovibration_vJ|6[23]        -Rovibration_vJ|7[22]            3.5096E-05  8.7640E+01   5.282E+04     361- 420     5641
Rovibration_vJ|6[23]        -Rovibration_vJ|7[24]            3.9635E-05  1.0780E+02   4.850E+04     361- 424     5642
Rovibration_vJ|6[23]        -Rovibration_vJ|8[22]            1.1076E-06  1.1400E+01   2.602E+04     361- 481     5643
Rovibration_vJ|6[23]        -Rovibration_vJ|8[24]            1.4944E-06  1.5380E+01   2.493E+04     361- 485     5644
Rovibration_vJ|6[23]        -Rovibration_vJ|9[22]            2.2062E-08  5.1140E-01   1.734E+04     361- 542     5645
Rovibration_vJ|6[23]        -Rovibration_vJ|9[24]            3.8006E-08  8.5610E-01   1.685E+04     361- 546     5646
Rovibration_vJ|6[23]        -Rovibration_vJ|10[22]           2.3799E-10  9.7460E-03   1.304E+04     361- 603     5647
Rovibration_vJ|6[23]        -Rovibration_vJ|10[24]           7.1883E-10  2.8200E-02   1.277E+04     361- 607     5648
Rovibration_vJ|4[52]        -Rovibration_vJ|4[53]            3.2215E-08  7.8330E-04   5.188E+05     362- 366     5649
Rovibration_vJ|4[52]        -Rovibration_vJ|5[51]            2.4462E-05  5.4020E+01   5.549E+04     362- 417     5650
Rovibration_vJ|4[52]        -Rovibration_vJ|5[53]            2.9924E-05  9.3120E+01   4.586E+04     362- 427     5651
Rovibration_vJ|4[52]        -Rovibration_vJ|6[51]            5.1967E-07  5.0150E+00   2.654E+04     362- 479     5652
Rovibration_vJ|4[52]        -Rovibration_vJ|6[53]            9.4399E-07  1.0600E+01   2.414E+04     362- 488     5653
Rovibration_vJ|4[52]        -Rovibration_vJ|7[51]            6.5173E-09  1.4430E-01   1.752E+04     362- 541     5654
Rovibration_vJ|4[52]        -Rovibration_vJ|7[53]            2.0931E-08  5.0600E-01   1.645E+04     362- 549     5655
Rovibration_vJ|4[52]        -Rovibration_vJ|8[51]            2.7486E-11  1.0850E-03   1.312E+04     362- 602     5656
Rovibration_vJ|4[52]        -Rovibration_vJ|8[53]            3.9090E-10  1.6320E-02   1.252E+04     362- 610     5657
Rovibration_vJ|4[52]        -Rovibration_vJ|9[51]            1.2391E-12  7.6140E-05   1.052E+04     362- 641     5658
Rovibration_vJ|4[52]        -Rovibration_vJ|9[53]            4.6297E-12  2.9520E-04   1.013E+04     362- 645     5659
Rovibration_vJ|4[52]        -Rovibration_vJ|10[51]           4.9634E-13  4.3610E-05   8.797E+03     362- 662     5660
Rovibration_vJ|4[52]        -Rovibration_vJ|10[53]           1.9807E-15  1.7830E-07   8.527E+03     362- 664     5661
Rovibration_vJ|6[24]        -Rovibration_vJ|6[25]            5.8535E-08  3.0720E-04   1.105E+06     363- 365     5662
Rovibration_vJ|6[24]        -Rovibration_vJ|7[23]            3.5058E-05  8.6980E+01   5.294E+04     363- 422     5663
Rovibration_vJ|6[24]        -Rovibration_vJ|7[25]            3.9647E-05  1.0830E+02   4.844E+04     363- 426     5664
Rovibration_vJ|6[24]        -Rovibration_vJ|8[23]            1.1038E-06  1.1310E+01   2.605E+04     363- 483     5665
Rovibration_vJ|6[24]        -Rovibration_vJ|8[25]            1.5022E-06  1.5500E+01   2.492E+04     363- 487     5666
Rovibration_vJ|6[24]        -Rovibration_vJ|9[23]            2.1875E-08  5.0510E-01   1.735E+04     363- 543     5667
Rovibration_vJ|6[24]        -Rovibration_vJ|9[25]            3.8418E-08  8.6710E-01   1.685E+04     363- 548     5668
Rovibration_vJ|6[24]        -Rovibration_vJ|10[23]           2.3282E-10  9.5000E-03   1.305E+04     363- 604     5669
Rovibration_vJ|6[24]        -Rovibration_vJ|10[25]           7.3441E-10  2.8860E-02   1.277E+04     363- 609     5670
Rovibration_vJ|5[41]        -Rovibration_vJ|5[42]            5.7621E-08  8.7090E-04   6.565E+05     364- 368     5671
Rovibration_vJ|5[41]        -Rovibration_vJ|6[40]            2.9498E-05  6.7820E+01   5.452E+04     364- 421     5672
Rovibration_vJ|5[41]        -Rovibration_vJ|6[42]            3.4815E-05  1.0310E+02   4.690E+04     364- 429     5673
Rovibration_vJ|5[41]        -Rovibration_vJ|7[40]            7.6299E-07  7.4940E+00   2.638E+04     364- 482     5674
Rovibration_vJ|5[41]        -Rovibration_vJ|7[42]            1.2331E-06  1.3410E+01   2.447E+04     364- 490     5675
Rovibration_vJ|5[41]        -Rovibration_vJ|8[40]            1.2023E-08  2.6900E-01   1.748E+04     364- 544     5676
Rovibration_vJ|5[41]        -Rovibration_vJ|8[42]            3.0149E-08  7.1020E-01   1.663E+04     364- 551     5677
Rovibration_vJ|5[41]        -Rovibration_vJ|9[40]            8.0628E-11  3.2050E-03   1.311E+04     364- 605     5678
Rovibration_vJ|5[41]        -Rovibration_vJ|9[42]            5.9102E-10  2.4120E-02   1.263E+04     364- 612     5679
Rovibration_vJ|5[41]        -Rovibration_vJ|10[40]           1.1292E-12  6.9730E-05   1.052E+04     364- 642     5680
Rovibration_vJ|5[41]        -Rovibration_vJ|10[42]           6.5225E-12  4.0730E-04   1.021E+04     364- 646     5681
Rovibration_vJ|6[25]        -Rovibration_vJ|6[26]            6.2275E-08  3.5380E-04   1.063E+06     365- 367     5682
Rovibration_vJ|6[25]        -Rovibration_vJ|7[24]            3.5022E-05  8.6340E+01   5.307E+04     365- 424     5683
Rovibration_vJ|6[25]        -Rovibration_vJ|7[26]            3.9666E-05  1.0880E+02   4.837E+04     365- 428     5684
Rovibration_vJ|6[25]        -Rovibration_vJ|8[24]            1.0989E-06  1.1210E+01   2.609E+04     365- 485     5685
Rovibration_vJ|6[25]        -Rovibration_vJ|8[26]            1.5102E-06  1.5620E+01   2.491E+04     365- 489     5686
Rovibration_vJ|6[25]        -Rovibration_vJ|9[24]            2.1693E-08  4.9900E-01   1.737E+04     365- 546     5687
Rovibration_vJ|6[25]        -Rovibration_vJ|9[26]            3.8843E-08  8.7830E-01   1.685E+04     365- 550     5688
Rovibration_vJ|6[25]        -Rovibration_vJ|10[24]           2.2778E-10  9.2620E-03   1.307E+04     365- 607     5689
Rovibration_vJ|6[25]        -Rovibration_vJ|10[26]           7.5031E-10  2.9530E-02   1.277E+04     365- 611     5690
Rovibration_vJ|4[53]        -Rovibration_vJ|4[54]            3.6092E-08  9.1000E-04   5.096E+05     366- 370     5691
Rovibration_vJ|4[53]        -Rovibration_vJ|5[52]            2.4411E-05  5.3570E+01   5.565E+04     366- 423     5692
Rovibration_vJ|4[53]        -Rovibration_vJ|5[54]            2.9950E-05  9.3370E+01   4.583E+04     366- 431     5693
Rovibration_vJ|4[53]        -Rovibration_vJ|6[52]            5.1778E-07  4.9760E+00   2.660E+04     366- 484     5694
Rovibration_vJ|4[53]        -Rovibration_vJ|6[54]            9.5002E-07  1.0670E+01   2.415E+04     366- 492     5695
Rovibration_vJ|4[53]        -Rovibration_vJ|7[52]            6.4677E-09  1.4270E-01   1.755E+04     366- 545     5696
Rovibration_vJ|4[53]        -Rovibration_vJ|7[54]            2.1200E-08  5.1230E-01   1.646E+04     366- 553     5697
Rovibration_vJ|4[53]        -Rovibration_vJ|8[52]            2.6761E-11  1.0530E-03   1.314E+04     366- 606     5698
Rovibration_vJ|4[53]        -Rovibration_vJ|8[54]            3.9979E-10  1.6680E-02   1.253E+04     366- 614     5699
Rovibration_vJ|4[53]        -Rovibration_vJ|9[52]            1.2783E-12  7.8310E-05   1.053E+04     366- 643     5700
Rovibration_vJ|4[53]        -Rovibration_vJ|9[54]            4.8534E-12  3.0920E-04   1.014E+04     366- 647     5701
Rovibration_vJ|4[53]        -Rovibration_vJ|10[52]           5.0463E-13  4.4210E-05   8.808E+03     366- 663     5702
Rovibration_vJ|4[53]        -Rovibration_vJ|10[54]           3.0368E-15  2.7310E-07   8.533E+03     366- 665     5703
Rovibration_vJ|6[26]        -Rovibration_vJ|6[27]            6.6204E-08  4.0590E-04   1.024E+06     367- 369     5704
Rovibration_vJ|6[26]        -Rovibration_vJ|7[25]            3.4981E-05  8.5700E+01   5.319E+04     367- 426     5705
Rovibration_vJ|6[26]        -Rovibration_vJ|7[27]            3.9690E-05  1.0930E+02   4.831E+04     367- 430     5706
Rovibration_vJ|6[26]        -Rovibration_vJ|8[25]            1.0948E-06  1.1120E+01   2.612E+04     367- 487     5707
Rovibration_vJ|6[26]        -Rovibration_vJ|8[27]            1.5183E-06  1.5740E+01   2.490E+04     367- 491     5708
Rovibration_vJ|6[26]        -Rovibration_vJ|9[25]            2.1507E-08  4.9290E-01   1.739E+04     367- 548     5709
Rovibration_vJ|6[26]        -Rovibration_vJ|9[27]            3.9272E-08  8.8950E-01   1.685E+04     367- 552     5710
Rovibration_vJ|6[26]        -Rovibration_vJ|10[25]           2.2280E-10  9.0290E-03   1.308E+04     367- 609     5711
Rovibration_vJ|6[26]        -Rovibration_vJ|10[27]           7.6653E-10  3.0210E-02   1.277E+04     367- 613     5712
Rovibration_vJ|5[42]        -Rovibration_vJ|5[43]            6.2047E-08  9.8240E-04   6.416E+05     368- 371     5713
Rovibration_vJ|5[42]        -Rovibration_vJ|6[41]            2.9449E-05  6.7300E+01   5.467E+04     368- 425     5714
Rovibration_vJ|5[42]        -Rovibration_vJ|6[43]            3.4865E-05  1.0350E+02   4.685E+04     368- 432     5715
Rovibration_vJ|5[42]        -Rovibration_vJ|7[41]            7.5989E-07  7.4340E+00   2.642E+04     368- 486     5716
Rovibration_vJ|5[42]        -Rovibration_vJ|7[43]            1.2413E-06  1.3510E+01   2.447E+04     368- 493     5717
Rovibration_vJ|5[42]        -Rovibration_vJ|8[41]            1.1924E-08  2.6590E-01   1.750E+04     368- 547     5718
Rovibration_vJ|5[42]        -Rovibration_vJ|8[43]            3.0520E-08  7.1910E-01   1.663E+04     368- 554     5719
Rovibration_vJ|5[42]        -Rovibration_vJ|9[41]            7.8727E-11  3.1200E-03   1.313E+04     368- 608     5720
Rovibration_vJ|5[42]        -Rovibration_vJ|9[43]            6.0430E-10  2.4660E-02   1.264E+04     368- 615     5721
Rovibration_vJ|5[42]        -Rovibration_vJ|10[41]           1.1872E-12  7.3100E-05   1.053E+04     368- 644     5722
Rovibration_vJ|5[42]        -Rovibration_vJ|10[43]           6.8638E-12  4.2850E-04   1.022E+04     368- 648     5723
Rovibration_vJ|6[27]        -Rovibration_vJ|6[28]            7.0346E-08  4.6410E-04   9.877E+05     369- 372     5724
Rovibration_vJ|6[27]        -Rovibration_vJ|7[26]            3.4936E-05  8.5060E+01   5.332E+04     369- 428     5725
Rovibration_vJ|6[27]        -Rovibration_vJ|7[28]            3.9719E-05  1.0980E+02   4.825E+04     369- 433     5726
Rovibration_vJ|6[27]        -Rovibration_vJ|8[26]            1.0905E-06  1.1030E+01   2.616E+04     369- 489     5727
Rovibration_vJ|6[27]        -Rovibration_vJ|8[28]            1.5257E-06  1.5850E+01   2.489E+04     369- 494     5728
Rovibration_vJ|6[27]        -Rovibration_vJ|9[26]            2.1327E-08  4.8700E-01   1.741E+04     369- 550     5729
Rovibration_vJ|6[27]        -Rovibration_vJ|9[28]            3.9710E-08  9.0080E-01   1.684E+04     369- 555     5730
Rovibration_vJ|6[27]        -Rovibration_vJ|10[26]           2.1795E-10  8.8030E-03   1.309E+04     369- 611     5731
Rovibration_vJ|6[27]        -Rovibration_vJ|10[28]           7.8307E-10  3.0900E-02   1.277E+04     369- 616     5732
Rovibration_vJ|4[54]        -Rovibration_vJ|4[55]            4.0303E-08  1.0530E-03   5.007E+05     370- 375     5733
Rovibration_vJ|4[54]        -Rovibration_vJ|5[53]            2.4364E-05  5.3130E+01   5.582E+04     370- 427     5734
Rovibration_vJ|4[54]        -Rovibration_vJ|5[55]            2.9980E-05  9.3630E+01   4.580E+04     370- 436     5735
Rovibration_vJ|4[54]        -Rovibration_vJ|6[53]            5.1588E-07  4.9370E+00   2.665E+04     370- 488     5736
Rovibration_vJ|4[54]        -Rovibration_vJ|6[55]            9.5610E-07  1.0740E+01   2.415E+04     370- 497     5737
Rovibration_vJ|4[54]        -Rovibration_vJ|7[53]            6.4178E-09  1.4110E-01   1.758E+04     370- 549     5738
Rovibration_vJ|4[54]        -Rovibration_vJ|7[55]            2.1473E-08  5.1870E-01   1.647E+04     370- 558     5739
Rovibration_vJ|4[54]        -Rovibration_vJ|8[53]            2.6057E-11  1.0220E-03   1.316E+04     370- 610     5740
Rovibration_vJ|4[54]        -Rovibration_vJ|8[55]            4.0871E-10  1.7040E-02   1.253E+04     370- 619     5741
Rovibration_vJ|4[54]        -Rovibration_vJ|9[53]            1.3175E-12  8.0470E-05   1.055E+04     370- 645     5742
Rovibration_vJ|4[54]        -Rovibration_vJ|9[55]            5.0841E-12  3.2360E-04   1.014E+04     370- 650     5743
Rovibration_vJ|4[54]        -Rovibration_vJ|10[53]           5.1287E-13  4.4800E-05   8.820E+03     370- 664     5744
Rovibration_vJ|4[54]        -Rovibration_vJ|10[55]           4.3323E-15  3.8920E-07   8.539E+03     370- 666     5745
Rovibration_vJ|5[43]        -Rovibration_vJ|5[44]            6.6757E-08  1.1060E-03   6.273E+05     371- 374     5746
Rovibration_vJ|5[43]        -Rovibration_vJ|6[42]            2.9394E-05  6.6770E+01   5.482E+04     371- 429     5747
Rovibration_vJ|5[43]        -Rovibration_vJ|6[44]            3.4882E-05  1.0380E+02   4.681E+04     371- 435     5748
Rovibration_vJ|5[43]        -Rovibration_vJ|7[42]            7.5687E-07  7.3750E+00   2.647E+04     371- 490     5749
Rovibration_vJ|5[43]        -Rovibration_vJ|7[44]            1.2487E-06  1.3600E+01   2.447E+04     371- 496     5750
Rovibration_vJ|5[43]        -Rovibration_vJ|8[42]            1.1829E-08  2.6290E-01   1.753E+04     371- 551     5751
Rovibration_vJ|5[43]        -Rovibration_vJ|8[44]            3.0893E-08  7.2800E-01   1.663E+04     371- 557     5752
Rovibration_vJ|5[43]        -Rovibration_vJ|9[42]            7.6865E-11  3.0370E-03   1.315E+04     371- 612     5753
Rovibration_vJ|5[43]        -Rovibration_vJ|9[44]            6.1786E-10  2.5210E-02   1.264E+04     371- 618     5754
Rovibration_vJ|5[43]        -Rovibration_vJ|10[42]           1.2459E-12  7.6500E-05   1.054E+04     371- 646     5755
Rovibration_vJ|5[43]        -Rovibration_vJ|10[44]           7.2153E-12  4.5030E-04   1.022E+04     371- 649     5756
Rovibration_vJ|6[28]        -Rovibration_vJ|6[29]            7.4672E-08  5.2870E-04   9.540E+05     372- 373     5757
Rovibration_vJ|6[28]        -Rovibration_vJ|7[27]            3.4892E-05  8.4430E+01   5.345E+04     372- 430     5758
Rovibration_vJ|6[28]        -Rovibration_vJ|7[29]            3.9753E-05  1.1030E+02   4.819E+04     372- 434     5759
Rovibration_vJ|6[28]        -Rovibration_vJ|8[27]            1.0862E-06  1.0940E+01   2.620E+04     372- 491     5760
Rovibration_vJ|6[28]        -Rovibration_vJ|8[29]            1.5342E-06  1.5970E+01   2.488E+04     372- 495     5761
Rovibration_vJ|6[28]        -Rovibration_vJ|9[27]            2.1148E-08  4.8120E-01   1.743E+04     372- 552     5762
Rovibration_vJ|6[28]        -Rovibration_vJ|9[29]            4.0156E-08  9.1220E-01   1.684E+04     372- 556     5763
Rovibration_vJ|6[28]        -Rovibration_vJ|10[27]           2.1319E-10  8.5830E-03   1.310E+04     372- 613     5764
Rovibration_vJ|6[28]        -Rovibration_vJ|10[29]           7.9992E-10  3.1600E-02   1.277E+04     372- 617     5765
Rovibration_vJ|6[29]        -Rovibration_vJ|6[30]            7.9238E-08  6.0060E-04   9.226E+05     373- 376     5766
Rovibration_vJ|6[29]        -Rovibration_vJ|7[28]            3.4848E-05  8.3810E+01   5.358E+04     373- 433     5767
Rovibration_vJ|6[29]        -Rovibration_vJ|7[30]            3.9790E-05  1.1080E+02   4.813E+04     373- 437     5768
Rovibration_vJ|6[29]        -Rovibration_vJ|8[28]            1.0817E-06  1.0850E+01   2.624E+04     373- 494     5769
Rovibration_vJ|6[29]        -Rovibration_vJ|8[30]            1.5428E-06  1.6090E+01   2.487E+04     373- 498     5770
Rovibration_vJ|6[29]        -Rovibration_vJ|9[28]            2.0971E-08  4.7550E-01   1.745E+04     373- 555     5771
Rovibration_vJ|6[29]        -Rovibration_vJ|9[30]            4.0609E-08  9.2370E-01   1.684E+04     373- 559     5772
Rovibration_vJ|6[29]        -Rovibration_vJ|10[28]           2.0854E-10  8.3690E-03   1.312E+04     373- 616     5773
Rovibration_vJ|6[29]        -Rovibration_vJ|10[30]           8.1734E-10  3.2320E-02   1.277E+04     373- 620     5774
Rovibration_vJ|5[44]        -Rovibration_vJ|5[45]            7.1837E-08  1.2440E-03   6.138E+05     374- 377     5775
Rovibration_vJ|5[44]        -Rovibration_vJ|6[43]            2.9342E-05  6.6250E+01   5.497E+04     374- 432     5776
Rovibration_vJ|5[44]        -Rovibration_vJ|6[45]            3.4935E-05  1.0420E+02   4.677E+04     374- 438     5777
Rovibration_vJ|5[44]        -Rovibration_vJ|7[43]            7.5392E-07  7.3170E+00   2.652E+04     374- 493     5778
Rovibration_vJ|5[44]        -Rovibration_vJ|7[45]            1.2561E-06  1.3690E+01   2.447E+04     374- 499     5779
Rovibration_vJ|5[44]        -Rovibration_vJ|8[43]            1.1738E-08  2.6000E-01   1.755E+04     374- 554     5780
Rovibration_vJ|5[44]        -Rovibration_vJ|8[45]            3.1271E-08  7.3700E-01   1.664E+04     374- 560     5781
Rovibration_vJ|5[44]        -Rovibration_vJ|9[43]            7.5042E-11  2.9560E-03   1.316E+04     374- 615     5782
Rovibration_vJ|5[44]        -Rovibration_vJ|9[45]            6.3147E-10  2.5760E-02   1.265E+04     374- 621     5783
Rovibration_vJ|5[44]        -Rovibration_vJ|10[43]           1.3055E-12  7.9930E-05   1.056E+04     374- 648     5784
Rovibration_vJ|5[44]        -Rovibration_vJ|10[45]           7.5820E-12  4.7300E-04   1.023E+04     374- 651     5785
Rovibration_vJ|4[55]        -Rovibration_vJ|4[56]            4.4910E-08  1.2150E-03   4.921E+05     375- 379     5786
Rovibration_vJ|4[55]        -Rovibration_vJ|5[54]            2.4316E-05  5.2690E+01   5.599E+04     375- 431     5787
Rovibration_vJ|4[55]        -Rovibration_vJ|5[56]            3.0006E-05  9.3870E+01   4.576E+04     375- 440     5788
Rovibration_vJ|4[55]        -Rovibration_vJ|6[54]            5.1396E-07  4.8980E+00   2.670E+04     375- 492     5789
Rovibration_vJ|4[55]        -Rovibration_vJ|6[56]            9.6222E-07  1.0810E+01   2.415E+04     375- 501     5790
Rovibration_vJ|4[55]        -Rovibration_vJ|7[54]            6.3722E-09  1.3960E-01   1.761E+04     375- 553     5791
Rovibration_vJ|4[55]        -Rovibration_vJ|7[56]            2.1749E-08  5.2510E-01   1.647E+04     375- 562     5792
Rovibration_vJ|4[55]        -Rovibration_vJ|8[54]            2.5385E-11  9.9240E-04   1.318E+04     375- 614     5793
Rovibration_vJ|4[55]        -Rovibration_vJ|8[56]            4.1791E-10  1.7410E-02   1.254E+04     375- 623     5794
Rovibration_vJ|4[55]        -Rovibration_vJ|9[54]            1.3572E-12  8.2640E-05   1.056E+04     375- 647     5795
Rovibration_vJ|4[55]        -Rovibration_vJ|9[56]            5.3233E-12  3.3850E-04   1.015E+04     375- 652     5796
Rovibration_vJ|4[55]        -Rovibration_vJ|10[54]           5.2127E-13  4.5400E-05   8.831E+03     375- 665     5797
Rovibration_vJ|4[55]        -Rovibration_vJ|10[56]           5.8748E-15  5.2720E-07   8.545E+03     375- 667     5798
Rovibration_vJ|6[30]        -Rovibration_vJ|6[31]            8.4022E-08  6.8020E-04   8.932E+05     376- 378     5799
Rovibration_vJ|6[30]        -Rovibration_vJ|7[29]            3.4800E-05  8.3190E+01   5.371E+04     376- 434     5800
Rovibration_vJ|6[30]        -Rovibration_vJ|7[31]            3.9832E-05  1.1130E+02   4.808E+04     376- 439     5801
Rovibration_vJ|6[30]        -Rovibration_vJ|8[29]            1.0771E-06  1.0760E+01   2.627E+04     376- 495     5802
Rovibration_vJ|6[30]        -Rovibration_vJ|8[31]            1.5515E-06  1.6210E+01   2.486E+04     376- 500     5803
Rovibration_vJ|6[30]        -Rovibration_vJ|9[29]            2.0791E-08  4.6980E-01   1.747E+04     376- 556     5804
Rovibration_vJ|6[30]        -Rovibration_vJ|9[31]            4.1071E-08  9.3530E-01   1.684E+04     376- 561     5805
Rovibration_vJ|6[30]        -Rovibration_vJ|10[29]           2.0398E-10  8.1600E-03   1.313E+04     376- 617     5806
Rovibration_vJ|6[30]        -Rovibration_vJ|10[31]           8.3507E-10  3.3050E-02   1.277E+04     376- 622     5807
Rovibration_vJ|5[45]        -Rovibration_vJ|5[46]            7.7204E-08  1.3960E-03   6.008E+05     377- 381     5808
Rovibration_vJ|5[45]        -Rovibration_vJ|6[44]            2.9289E-05  6.5730E+01   5.513E+04     377- 435     5809
Rovibration_vJ|5[45]        -Rovibration_vJ|6[46]            3.4956E-05  1.0450E+02   4.673E+04     377- 442     5810
Rovibration_vJ|5[45]        -Rovibration_vJ|7[44]            7.5095E-07  7.2590E+00   2.656E+04     377- 496     5811
Rovibration_vJ|5[45]        -Rovibration_vJ|7[46]            1.2635E-06  1.3780E+01   2.446E+04     377- 503     5812
Rovibration_vJ|5[45]        -Rovibration_vJ|8[44]            1.1646E-08  2.5710E-01   1.758E+04     377- 557     5813
Rovibration_vJ|5[45]        -Rovibration_vJ|8[46]            3.1656E-08  7.4610E-01   1.664E+04     377- 564     5814
Rovibration_vJ|5[45]        -Rovibration_vJ|9[44]            7.3286E-11  2.8780E-03   1.318E+04     377- 618     5815
Rovibration_vJ|5[45]        -Rovibration_vJ|9[46]            6.4560E-10  2.6330E-02   1.265E+04     377- 625     5816
Rovibration_vJ|5[45]        -Rovibration_vJ|10[44]           1.3658E-12  8.3380E-05   1.057E+04     377- 649     5817
Rovibration_vJ|5[45]        -Rovibration_vJ|10[46]           7.9606E-12  4.9640E-04   1.023E+04     377- 653     5818
Rovibration_vJ|6[31]        -Rovibration_vJ|6[32]            8.9052E-08  7.6830E-04   8.656E+05     378- 380     5819
Rovibration_vJ|6[31]        -Rovibration_vJ|7[30]            3.4750E-05  8.2570E+01   5.384E+04     378- 437     5820
Rovibration_vJ|6[31]        -Rovibration_vJ|7[32]            3.9841E-05  1.1170E+02   4.802E+04     378- 441     5821
Rovibration_vJ|6[31]        -Rovibration_vJ|8[30]            1.0725E-06  1.0670E+01   2.631E+04     378- 498     5822
Rovibration_vJ|6[31]        -Rovibration_vJ|8[32]            1.5595E-06  1.6320E+01   2.485E+04     378- 502     5823
Rovibration_vJ|6[31]        -Rovibration_vJ|9[30]            2.0618E-08  4.6430E-01   1.749E+04     378- 559     5824
Rovibration_vJ|6[31]        -Rovibration_vJ|9[32]            4.1540E-08  9.4700E-01   1.684E+04     378- 563     5825
Rovibration_vJ|6[31]        -Rovibration_vJ|10[30]           1.9952E-10  7.9570E-03   1.314E+04     378- 620     5826
Rovibration_vJ|6[31]        -Rovibration_vJ|10[32]           8.5310E-10  3.3790E-02   1.278E+04     378- 624     5827
Rovibration_vJ|4[56]        -Rovibration_vJ|4[57]            4.9865E-08  1.3960E-03   4.839E+05     379- 386     5828
Rovibration_vJ|4[56]        -Rovibration_vJ|5[55]            2.4268E-05  5.2250E+01   5.616E+04     379- 436     5829
Rovibration_vJ|4[56]        -Rovibration_vJ|5[57]            3.0035E-05  9.4120E+01   4.573E+04     379- 448     5830
Rovibration_vJ|4[56]        -Rovibration_vJ|6[55]            5.1214E-07  4.8600E+00   2.675E+04     379- 497     5831
Rovibration_vJ|4[56]        -Rovibration_vJ|6[57]            9.6839E-07  1.0880E+01   2.415E+04     379- 511     5832
Rovibration_vJ|4[56]        -Rovibration_vJ|7[55]            6.3264E-09  1.3810E-01   1.764E+04     379- 558     5833
Rovibration_vJ|4[56]        -Rovibration_vJ|7[57]            2.2025E-08  5.3150E-01   1.648E+04     379- 573     5834
Rovibration_vJ|4[56]        -Rovibration_vJ|8[55]            2.4726E-11  9.6350E-04   1.320E+04     379- 619     5835
Rovibration_vJ|4[56]        -Rovibration_vJ|8[57]            4.2738E-10  1.7790E-02   1.255E+04     379- 627     5836
Rovibration_vJ|4[56]        -Rovibration_vJ|9[55]            1.3968E-12  8.4790E-05   1.058E+04     379- 650     5837
Rovibration_vJ|4[56]        -Rovibration_vJ|9[57]            5.5711E-12  3.5390E-04   1.016E+04     379- 654     5838
Rovibration_vJ|4[56]        -Rovibration_vJ|10[55]           5.2962E-13  4.5990E-05   8.843E+03     379- 666     5839
Rovibration_vJ|4[56]        -Rovibration_vJ|10[57]           7.6721E-15  6.8770E-07   8.551E+03     379- 668     5840
Rovibration_vJ|6[32]        -Rovibration_vJ|6[33]            9.4346E-08  8.6570E-04   8.398E+05     380- 388     5841
Rovibration_vJ|6[32]        -Rovibration_vJ|7[31]            3.4698E-05  8.1950E+01   5.398E+04     380- 439     5842
Rovibration_vJ|6[32]        -Rovibration_vJ|7[33]            3.9889E-05  1.1220E+02   4.796E+04     380- 449     5843
Rovibration_vJ|6[32]        -Rovibration_vJ|8[31]            1.0687E-06  1.0590E+01   2.635E+04     380- 500     5844
Rovibration_vJ|6[32]        -Rovibration_vJ|8[33]            1.5685E-06  1.6440E+01   2.485E+04     380- 510     5845
Rovibration_vJ|6[32]        -Rovibration_vJ|9[31]            2.0448E-08  4.5890E-01   1.751E+04     380- 561     5846
Rovibration_vJ|6[32]        -Rovibration_vJ|9[33]            4.2016E-08  9.5880E-01   1.684E+04     380- 571     5847
Rovibration_vJ|6[32]        -Rovibration_vJ|10[31]           1.9516E-10  7.7590E-03   1.316E+04     380- 622     5848
Rovibration_vJ|6[32]        -Rovibration_vJ|10[33]           8.7170E-10  3.4550E-02   1.278E+04     380- 626     5849
Rovibration_vJ|5[46]        -Rovibration_vJ|5[47]            8.2919E-08  1.5640E-03   5.884E+05     381- 392     5850
Rovibration_vJ|5[46]        -Rovibration_vJ|6[45]            2.9236E-05  6.5210E+01   5.528E+04     381- 438     5851
Rovibration_vJ|5[46]        -Rovibration_vJ|6[47]            3.4979E-05  1.0480E+02   4.668E+04     381- 453     5852
Rovibration_vJ|5[46]        -Rovibration_vJ|7[45]            7.4796E-07  7.2010E+00   2.661E+04     381- 499     5853
Rovibration_vJ|5[46]        -Rovibration_vJ|7[47]            1.2720E-06  1.3880E+01   2.446E+04     381- 515     5854
Rovibration_vJ|5[46]        -Rovibration_vJ|8[45]            1.1558E-08  2.5430E-01   1.760E+04     381- 560     5855
Rovibration_vJ|5[46]        -Rovibration_vJ|8[47]            3.2046E-08  7.5530E-01   1.664E+04     381- 576     5856
Rovibration_vJ|5[46]        -Rovibration_vJ|9[45]            7.1545E-11  2.8010E-03   1.320E+04     381- 621     5857
Rovibration_vJ|5[46]        -Rovibration_vJ|9[47]            6.6003E-10  2.6910E-02   1.266E+04     381- 628     5858
Rovibration_vJ|5[46]        -Rovibration_vJ|10[45]           1.4266E-12  8.6840E-05   1.058E+04     381- 651     5859
Rovibration_vJ|5[46]        -Rovibration_vJ|10[47]           8.3529E-12  5.2060E-04   1.024E+04     381- 655     5860
Rovibration_vJ|7[0]         -Rovibration_vJ|7[1]             8.8006E-09  2.5360E-08   2.778E+07     382- 383     5861
Rovibration_vJ|7[0]         -Rovibration_vJ|8[1]             8.4067E-05  7.2020E+01   5.094E+04     382- 444     5862
Rovibration_vJ|7[0]         -Rovibration_vJ|9[1]             3.3241E-06  1.1220E+01   2.567E+04     382- 505     5863
Rovibration_vJ|7[0]         -Rovibration_vJ|10[1]            8.5511E-08  6.4040E-01   1.723E+04     382- 566     5864
Rovibration_vJ|7[1]         -Rovibration_vJ|7[2]             1.1746E-08  2.4370E-07   1.389E+07     383- 384     5865
Rovibration_vJ|7[1]         -Rovibration_vJ|8[0]             2.7933E-05  2.1380E+02   5.113E+04     383- 443     5866
Rovibration_vJ|7[1]         -Rovibration_vJ|8[2]             5.6139E-05  8.6880E+01   5.085E+04     383- 445     5867
Rovibration_vJ|7[1]         -Rovibration_vJ|9[0]             1.0962E-06  3.3180E+01   2.571E+04     383- 504     5868
Rovibration_vJ|7[1]         -Rovibration_vJ|9[2]             2.2279E-06  1.3560E+01   2.564E+04     383- 506     5869
Rovibration_vJ|7[1]         -Rovibration_vJ|10[0]            2.7916E-08  1.8770E+00   1.725E+04     383- 565     5870
Rovibration_vJ|7[1]         -Rovibration_vJ|10[2]            5.7609E-08  7.7750E-01   1.722E+04     383- 567     5871
Rovibration_vJ|7[2]         -Rovibration_vJ|7[3]             1.5887E-08  8.8280E-07   9.260E+06     384- 385     5872
Rovibration_vJ|7[2]         -Rovibration_vJ|8[1]             3.3471E-05  1.4180E+02   5.123E+04     384- 444     5873
Rovibration_vJ|7[2]         -Rovibration_vJ|8[3]             5.0608E-05  9.3570E+01   5.076E+04     384- 446     5874
Rovibration_vJ|7[2]         -Rovibration_vJ|9[1]             1.3085E-06  2.1960E+01   2.574E+04     384- 505     5875
Rovibration_vJ|7[2]         -Rovibration_vJ|9[3]             2.0170E-06  1.4640E+01   2.562E+04     384- 507     5876
Rovibration_vJ|7[2]         -Rovibration_vJ|10[1]            3.3158E-08  1.2370E+00   1.726E+04     384- 566     5877
Rovibration_vJ|7[2]         -Rovibration_vJ|10[3]            5.2397E-08  8.4280E-01   1.721E+04     384- 568     5878
Rovibration_vJ|7[3]         -Rovibration_vJ|7[4]             2.0221E-08  2.1750E-06   6.945E+06     385- 387     5879
Rovibration_vJ|7[3]         -Rovibration_vJ|8[2]             3.5794E-05  1.2690E+02   5.132E+04     385- 445     5880
Rovibration_vJ|7[3]         -Rovibration_vJ|8[4]             4.8274E-05  9.7530E+01   5.067E+04     385- 447     5881
Rovibration_vJ|7[3]         -Rovibration_vJ|9[2]             1.3944E-06  1.9620E+01   2.576E+04     385- 506     5882
Rovibration_vJ|7[3]         -Rovibration_vJ|9[4]             1.9313E-06  1.5290E+01   2.560E+04     385- 508     5883
Rovibration_vJ|7[3]         -Rovibration_vJ|10[2]            3.5148E-08  1.1000E+00   1.727E+04     385- 567     5884
Rovibration_vJ|7[3]         -Rovibration_vJ|10[4]            5.0434E-08  8.8430E-01   1.720E+04     385- 569     5885
Rovibration_vJ|4[57]        -Rovibration_vJ|4[58]            5.5267E-08  1.6000E-03   4.759E+05     386- 397     5886
Rovibration_vJ|4[57]        -Rovibration_vJ|5[56]            2.4219E-05  5.1810E+01   5.633E+04     386- 440     5887
Rovibration_vJ|4[57]        -Rovibration_vJ|5[58]            3.0060E-05  9.4350E+01   4.570E+04     386- 459     5888
Rovibration_vJ|4[57]        -Rovibration_vJ|6[56]            5.1031E-07  4.8220E+00   2.680E+04     386- 501     5889
Rovibration_vJ|4[57]        -Rovibration_vJ|6[58]            9.7461E-07  1.0950E+01   2.416E+04     386- 520     5890
Rovibration_vJ|4[57]        -Rovibration_vJ|7[56]            6.2804E-09  1.3660E-01   1.767E+04     386- 562     5891
Rovibration_vJ|4[57]        -Rovibration_vJ|7[58]            2.2311E-08  5.3810E-01   1.649E+04     386- 582     5892
Rovibration_vJ|4[57]        -Rovibration_vJ|8[56]            2.4087E-11  9.3550E-04   1.322E+04     386- 623     5893
Rovibration_vJ|4[57]        -Rovibration_vJ|8[58]            4.3712E-10  1.8180E-02   1.256E+04     386- 630     5894
Rovibration_vJ|4[57]        -Rovibration_vJ|9[56]            1.4367E-12  8.6940E-05   1.059E+04     386- 652     5895
Rovibration_vJ|4[57]        -Rovibration_vJ|9[58]            5.8275E-12  3.6980E-04   1.016E+04     386- 656     5896
Rovibration_vJ|4[57]        -Rovibration_vJ|10[56]           5.3815E-13  4.6590E-05   8.855E+03     386- 667     5897
Rovibration_vJ|4[57]        -Rovibration_vJ|10[58]           9.7320E-15  8.7130E-07   8.557E+03     386- 669     5898
Rovibration_vJ|7[4]         -Rovibration_vJ|7[5]             2.4648E-08  4.3570E-06   5.556E+06     387- 389     5899
Rovibration_vJ|7[4]         -Rovibration_vJ|8[3]             3.7059E-05  1.2020E+02   5.142E+04     387- 446     5900
Rovibration_vJ|7[4]         -Rovibration_vJ|8[5]             4.7030E-05  1.0030E+02   5.059E+04     387- 450     5901
Rovibration_vJ|7[4]         -Rovibration_vJ|9[3]             1.4383E-06  1.8550E+01   2.579E+04     387- 507     5902
Rovibration_vJ|7[4]         -Rovibration_vJ|9[5]             1.8880E-06  1.5750E+01   2.558E+04     387- 509     5903
Rovibration_vJ|7[4]         -Rovibration_vJ|10[3]            3.6095E-08  1.0360E+00   1.729E+04     387- 568     5904
Rovibration_vJ|7[4]         -Rovibration_vJ|10[5]            4.9561E-08  9.1510E-01   1.719E+04     387- 570     5905
Rovibration_vJ|6[33]        -Rovibration_vJ|6[34]            9.9906E-08  9.7310E-04   8.155E+05     388- 395     5906
Rovibration_vJ|6[33]        -Rovibration_vJ|7[32]            3.4647E-05  8.1340E+01   5.412E+04     388- 441     5907
Rovibration_vJ|6[33]        -Rovibration_vJ|7[34]            3.9941E-05  1.1270E+02   4.791E+04     388- 456     5908
Rovibration_vJ|6[33]        -Rovibration_vJ|8[32]            1.0639E-06  1.0500E+01   2.639E+04     388- 502     5909
Rovibration_vJ|6[33]        -Rovibration_vJ|8[34]            1.5776E-06  1.6560E+01   2.484E+04     388- 517     5910
Rovibration_vJ|6[33]        -Rovibration_vJ|9[32]            2.0280E-08  4.5360E-01   1.753E+04     388- 563     5911
Rovibration_vJ|6[33]        -Rovibration_vJ|9[34]            4.2505E-08  9.7080E-01   1.684E+04     388- 578     5912
Rovibration_vJ|6[33]        -Rovibration_vJ|10[32]           1.9089E-10  7.5660E-03   1.317E+04     388- 624     5913
Rovibration_vJ|6[33]        -Rovibration_vJ|10[34]           8.9061E-10  3.5320E-02   1.278E+04     388- 629     5914
Rovibration_vJ|7[5]         -Rovibration_vJ|7[6]             2.9148E-08  7.6720E-06   4.631E+06     389- 390     5915
Rovibration_vJ|7[5]         -Rovibration_vJ|8[4]             3.7832E-05  1.1620E+02   5.152E+04     389- 447     5916
Rovibration_vJ|7[5]         -Rovibration_vJ|8[6]             4.6223E-05  1.0230E+02   5.050E+04     389- 451     5917
Rovibration_vJ|7[5]         -Rovibration_vJ|9[4]             1.4638E-06  1.7910E+01   2.581E+04     389- 508     5918
Rovibration_vJ|7[5]         -Rovibration_vJ|9[6]             1.8632E-06  1.6100E+01   2.556E+04     389- 512     5919
Rovibration_vJ|7[5]         -Rovibration_vJ|10[4]            3.6525E-08  9.9520E-01   1.730E+04     389- 569     5920
Rovibration_vJ|7[5]         -Rovibration_vJ|10[6]            4.9181E-08  9.4010E-01   1.718E+04     389- 572     5921
Rovibration_vJ|7[6]         -Rovibration_vJ|7[7]             3.3717E-08  1.2370E-05   3.969E+06     390- 391     5922
Rovibration_vJ|7[6]         -Rovibration_vJ|8[5]             3.8365E-05  1.1350E+02   5.162E+04     390- 450     5923
Rovibration_vJ|7[6]         -Rovibration_vJ|8[7]             4.5724E-05  1.0400E+02   5.041E+04     390- 452     5924
Rovibration_vJ|7[6]         -Rovibration_vJ|9[5]             1.4780E-06  1.7450E+01   2.584E+04     390- 509     5925
Rovibration_vJ|7[6]         -Rovibration_vJ|9[7]             1.8500E-06  1.6400E+01   2.554E+04     390- 513     5926
Rovibration_vJ|7[6]         -Rovibration_vJ|10[5]            3.6710E-08  9.6580E-01   1.731E+04     390- 570     5927
Rovibration_vJ|7[6]         -Rovibration_vJ|10[7]            4.9077E-08  9.6180E-01   1.717E+04     390- 574     5928
Rovibration_vJ|7[7]         -Rovibration_vJ|7[8]             3.8359E-08  1.8710E-05   3.474E+06     391- 393     5929
Rovibration_vJ|7[7]         -Rovibration_vJ|8[6]             3.8720E-05  1.1140E+02   5.172E+04     391- 451     5930
Rovibration_vJ|7[7]         -Rovibration_vJ|8[8]             4.5364E-05  1.0540E+02   5.033E+04     391- 454     5931
Rovibration_vJ|7[7]         -Rovibration_vJ|9[6]             1.4865E-06  1.7100E+01   2.587E+04     391- 512     5932
Rovibration_vJ|7[7]         -Rovibration_vJ|9[8]             1.8431E-06  1.6660E+01   2.552E+04     391- 514     5933
Rovibration_vJ|7[7]         -Rovibration_vJ|10[6]            3.6747E-08  9.4250E-01   1.732E+04     391- 572     5934
Rovibration_vJ|7[7]         -Rovibration_vJ|10[8]            4.9136E-08  9.8130E-01   1.717E+04     391- 575     5935
Rovibration_vJ|5[47]        -Rovibration_vJ|5[48]            8.8979E-08  1.7490E-03   5.765E+05     392- 400     5936
Rovibration_vJ|5[47]        -Rovibration_vJ|6[46]            2.9181E-05  6.4690E+01   5.544E+04     392- 442     5937
Rovibration_vJ|5[47]        -Rovibration_vJ|6[48]            3.5037E-05  1.0520E+02   4.665E+04     392- 461     5938
Rovibration_vJ|5[47]        -Rovibration_vJ|7[46]            7.4505E-07  7.1440E+00   2.666E+04     392- 503     5939
Rovibration_vJ|5[47]        -Rovibration_vJ|7[48]            1.2795E-06  1.3970E+01   2.446E+04     392- 523     5940
Rovibration_vJ|5[47]        -Rovibration_vJ|8[46]            1.1470E-08  2.5150E-01   1.763E+04     392- 564     5941
Rovibration_vJ|5[47]        -Rovibration_vJ|8[48]            3.2443E-08  7.6460E-01   1.665E+04     392- 585     5942
Rovibration_vJ|5[47]        -Rovibration_vJ|9[46]            6.9870E-11  2.7270E-03   1.321E+04     392- 625     5943
Rovibration_vJ|5[47]        -Rovibration_vJ|9[48]            6.7475E-10  2.7500E-02   1.266E+04     392- 632     5944
Rovibration_vJ|5[47]        -Rovibration_vJ|10[46]           1.4883E-12  9.0330E-05   1.060E+04     392- 653     5945
Rovibration_vJ|5[47]        -Rovibration_vJ|10[48]           8.7605E-12  5.4570E-04   1.024E+04     392- 657     5946
Rovibration_vJ|7[8]         -Rovibration_vJ|7[9]             4.3078E-08  2.6960E-05   3.088E+06     393- 394     5947
Rovibration_vJ|7[8]         -Rovibration_vJ|8[7]             3.8974E-05  1.0970E+02   5.182E+04     393- 452     5948
Rovibration_vJ|7[8]         -Rovibration_vJ|8[9]             4.5097E-05  1.0660E+02   5.025E+04     393- 455     5949
Rovibration_vJ|7[8]         -Rovibration_vJ|9[7]             1.4918E-06  1.6820E+01   2.589E+04     393- 513     5950
Rovibration_vJ|7[8]         -Rovibration_vJ|9[9]             1.8388E-06  1.6880E+01   2.550E+04     393- 516     5951
Rovibration_vJ|7[8]         -Rovibration_vJ|10[7]            3.6681E-08  9.2270E-01   1.734E+04     393- 574     5952
Rovibration_vJ|7[8]         -Rovibration_vJ|10[9]            4.9304E-08  9.9940E-01   1.716E+04     393- 577     5953
Rovibration_vJ|7[9]         -Rovibration_vJ|7[10]            4.7881E-08  3.7400E-05   2.780E+06     394- 396     5954
Rovibration_vJ|7[9]         -Rovibration_vJ|8[8]             3.9174E-05  1.0830E+02   5.193E+04     394- 454     5955
Rovibration_vJ|7[9]         -Rovibration_vJ|8[10]            4.4869E-05  1.0760E+02   5.017E+04     394- 457     5956
Rovibration_vJ|7[9]         -Rovibration_vJ|9[8]             1.4935E-06  1.6570E+01   2.592E+04     394- 514     5957
Rovibration_vJ|7[9]         -Rovibration_vJ|9[10]            1.8383E-06  1.7090E+01   2.548E+04     394- 518     5958
Rovibration_vJ|7[9]         -Rovibration_vJ|10[8]            3.6555E-08  9.0540E-01   1.735E+04     394- 575     5959
Rovibration_vJ|7[9]         -Rovibration_vJ|10[10]           4.9573E-08  1.0170E+00   1.715E+04     394- 579     5960
Rovibration_vJ|6[34]        -Rovibration_vJ|6[35]            1.0571E-07  1.0910E-03   7.925E+05     395- 401     5961
Rovibration_vJ|6[34]        -Rovibration_vJ|7[33]            3.4594E-05  8.0730E+01   5.425E+04     395- 449     5962
Rovibration_vJ|6[34]        -Rovibration_vJ|7[35]            3.9960E-05  1.1310E+02   4.786E+04     395- 462     5963
Rovibration_vJ|6[34]        -Rovibration_vJ|8[33]            1.0600E-06  1.0420E+01   2.643E+04     395- 510     5964
Rovibration_vJ|6[34]        -Rovibration_vJ|8[35]            1.5868E-06  1.6680E+01   2.483E+04     395- 522     5965
Rovibration_vJ|6[34]        -Rovibration_vJ|9[33]            2.0115E-08  4.4840E-01   1.755E+04     395- 571     5966
Rovibration_vJ|6[34]        -Rovibration_vJ|9[35]            4.2996E-08  9.8280E-01   1.684E+04     395- 583     5967
Rovibration_vJ|6[34]        -Rovibration_vJ|10[33]           1.8674E-10  7.3790E-03   1.318E+04     395- 626     5968
Rovibration_vJ|6[34]        -Rovibration_vJ|10[35]           9.0983E-10  3.6100E-02   1.278E+04     395- 631     5969
Rovibration_vJ|7[10]        -Rovibration_vJ|7[11]            5.2784E-08  5.0330E-05   2.527E+06     396- 398     5970
Rovibration_vJ|7[10]        -Rovibration_vJ|8[9]             3.9297E-05  1.0700E+02   5.203E+04     396- 455     5971
Rovibration_vJ|7[10]        -Rovibration_vJ|8[11]            4.4731E-05  1.0860E+02   5.008E+04     396- 458     5972
Rovibration_vJ|7[10]        -Rovibration_vJ|9[9]             1.4943E-06  1.6360E+01   2.595E+04     396- 516     5973
Rovibration_vJ|7[10]        -Rovibration_vJ|9[11]            1.8403E-06  1.7290E+01   2.546E+04     396- 519     5974
Rovibration_vJ|7[10]        -Rovibration_vJ|10[9]            3.6385E-08  8.8980E-01   1.736E+04     396- 577     5975
Rovibration_vJ|7[10]        -Rovibration_vJ|10[11]           4.9855E-08  1.0330E+00   1.714E+04     396- 580     5976
Rovibration_vJ|4[58]        -Rovibration_vJ|4[59]            6.1098E-08  1.8280E-03   4.682E+05     397- 406     5977
Rovibration_vJ|4[58]        -Rovibration_vJ|5[57]            2.4173E-05  5.1380E+01   5.650E+04     397- 448     5978
Rovibration_vJ|4[58]        -Rovibration_vJ|5[59]            3.0087E-05  9.4580E+01   4.567E+04     397- 467     5979
Rovibration_vJ|4[58]        -Rovibration_vJ|6[57]            5.0858E-07  4.7850E+00   2.686E+04     397- 511     5980
Rovibration_vJ|4[58]        -Rovibration_vJ|6[59]            9.8177E-07  1.1030E+01   2.416E+04     397- 528     5981
Rovibration_vJ|4[58]        -Rovibration_vJ|7[57]            6.2387E-09  1.3520E-01   1.770E+04     397- 573     5982
Rovibration_vJ|4[58]        -Rovibration_vJ|7[59]            2.2599E-08  5.4470E-01   1.650E+04     397- 591     5983
Rovibration_vJ|4[58]        -Rovibration_vJ|8[57]            2.3467E-11  9.0840E-04   1.324E+04     397- 627     5984
Rovibration_vJ|4[58]        -Rovibration_vJ|8[59]            4.4715E-10  1.8580E-02   1.256E+04     397- 635     5985
Rovibration_vJ|4[58]        -Rovibration_vJ|9[57]            1.4766E-12  8.9070E-05   1.061E+04     397- 654     5986
Rovibration_vJ|4[58]        -Rovibration_vJ|9[59]            6.0927E-12  3.8620E-04   1.017E+04     397- 659     5987
Rovibration_vJ|4[58]        -Rovibration_vJ|10[57]           5.4674E-13  4.7190E-05   8.867E+03     397- 668     5988
Rovibration_vJ|4[58]        -Rovibration_vJ|10[59]           1.2067E-14  1.0790E-06   8.564E+03     397- 670     5989
Rovibration_vJ|7[11]        -Rovibration_vJ|7[12]            5.7793E-08  6.6060E-05   2.317E+06     398- 399     5990
Rovibration_vJ|7[11]        -Rovibration_vJ|8[10]            3.9410E-05  1.0590E+02   5.214E+04     398- 457     5991
Rovibration_vJ|7[11]        -Rovibration_vJ|8[12]            4.4619E-05  1.0950E+02   5.001E+04     398- 460     5992
Rovibration_vJ|7[11]        -Rovibration_vJ|9[10]            1.4929E-06  1.6160E+01   2.598E+04     398- 518     5993
Rovibration_vJ|7[11]        -Rovibration_vJ|9[12]            1.8428E-06  1.7470E+01   2.544E+04     398- 521     5994
Rovibration_vJ|7[11]        -Rovibration_vJ|10[10]           3.6182E-08  8.7540E-01   1.738E+04     398- 579     5995
Rovibration_vJ|7[11]        -Rovibration_vJ|10[12]           5.0204E-08  1.0490E+00   1.714E+04     398- 581     5996
Rovibration_vJ|7[12]        -Rovibration_vJ|7[13]            6.2911E-08  8.4910E-05   2.139E+06     399- 402     5997
Rovibration_vJ|7[12]        -Rovibration_vJ|8[11]            3.9462E-05  1.0480E+02   5.225E+04     399- 458     5998
Rovibration_vJ|7[12]        -Rovibration_vJ|8[13]            4.4558E-05  1.1040E+02   4.993E+04     399- 463     5999
Rovibration_vJ|7[12]        -Rovibration_vJ|9[11]            1.4909E-06  1.5980E+01   2.601E+04     399- 519     6000
Rovibration_vJ|7[12]        -Rovibration_vJ|9[13]            1.8474E-06  1.7650E+01   2.543E+04     399- 524     6001
Rovibration_vJ|7[12]        -Rovibration_vJ|10[11]           3.5959E-08  8.6200E-01   1.739E+04     399- 580     6002
Rovibration_vJ|7[12]        -Rovibration_vJ|10[13]           5.0605E-08  1.0650E+00   1.713E+04     399- 584     6003
Rovibration_vJ|5[48]        -Rovibration_vJ|5[49]            9.5476E-08  1.9540E-03   5.651E+05     400- 407     6004
Rovibration_vJ|5[48]        -Rovibration_vJ|6[47]            2.9125E-05  6.4170E+01   5.560E+04     400- 453     6005
Rovibration_vJ|5[48]        -Rovibration_vJ|6[49]            3.5064E-05  1.0550E+02   4.661E+04     400- 468     6006
Rovibration_vJ|5[48]        -Rovibration_vJ|7[47]            7.4212E-07  7.0870E+00   2.671E+04     400- 515     6007
Rovibration_vJ|5[48]        -Rovibration_vJ|7[49]            1.2872E-06  1.4060E+01   2.446E+04     400- 530     6008
Rovibration_vJ|5[48]        -Rovibration_vJ|8[47]            1.1381E-08  2.4870E-01   1.765E+04     400- 576     6009
Rovibration_vJ|5[48]        -Rovibration_vJ|8[49]            3.2846E-08  7.7400E-01   1.665E+04     400- 590     6010
Rovibration_vJ|5[48]        -Rovibration_vJ|9[47]            6.8237E-11  2.6550E-03   1.323E+04     400- 628     6011
Rovibration_vJ|5[48]        -Rovibration_vJ|9[49]            6.8977E-10  2.8100E-02   1.267E+04     400- 634     6012
Rovibration_vJ|5[48]        -Rovibration_vJ|10[47]           1.5503E-12  9.3820E-05   1.061E+04     400- 655     6013
Rovibration_vJ|5[48]        -Rovibration_vJ|10[49]           9.1803E-12  5.7150E-04   1.025E+04     400- 658     6014
Rovibration_vJ|6[35]        -Rovibration_vJ|6[36]            1.1194E-07  1.2220E-03   7.709E+05     401- 404     6015
Rovibration_vJ|6[35]        -Rovibration_vJ|7[34]            3.4538E-05  8.0120E+01   5.439E+04     401- 456     6016
Rovibration_vJ|6[35]        -Rovibration_vJ|7[36]            3.9982E-05  1.1350E+02   4.781E+04     401- 465     6017
Rovibration_vJ|6[35]        -Rovibration_vJ|8[34]            1.0550E-06  1.0330E+01   2.648E+04     401- 517     6018
Rovibration_vJ|6[35]        -Rovibration_vJ|8[36]            1.5952E-06  1.6790E+01   2.483E+04     401- 527     6019
Rovibration_vJ|6[35]        -Rovibration_vJ|9[34]            1.9948E-08  4.4320E-01   1.758E+04     401- 578     6020
Rovibration_vJ|6[35]        -Rovibration_vJ|9[36]            4.3498E-08  9.9500E-01   1.684E+04     401- 588     6021
Rovibration_vJ|6[35]        -Rovibration_vJ|10[34]           1.8266E-10  7.1960E-03   1.320E+04     401- 629     6022
Rovibration_vJ|6[35]        -Rovibration_vJ|10[36]           9.2961E-10  3.6900E-02   1.278E+04     401- 633     6023
Rovibration_vJ|7[13]        -Rovibration_vJ|7[14]            6.8134E-08  1.0720E-04   1.987E+06     402- 403     6024
Rovibration_vJ|7[13]        -Rovibration_vJ|8[12]            3.9540E-05  1.0390E+02   5.236E+04     402- 460     6025
Rovibration_vJ|7[13]        -Rovibration_vJ|8[14]            4.4497E-05  1.1120E+02   4.985E+04     402- 464     6026
Rovibration_vJ|7[13]        -Rovibration_vJ|9[12]            1.4879E-06  1.5810E+01   2.604E+04     402- 521     6027
Rovibration_vJ|7[13]        -Rovibration_vJ|9[14]            1.8525E-06  1.7820E+01   2.541E+04     402- 525     6028
Rovibration_vJ|7[13]        -Rovibration_vJ|10[12]           3.5717E-08  8.4930E-01   1.741E+04     402- 581     6029
Rovibration_vJ|7[13]        -Rovibration_vJ|10[14]           5.0999E-08  1.0800E+00   1.712E+04     402- 586     6030
Rovibration_vJ|7[14]        -Rovibration_vJ|7[15]            7.3536E-08  1.3340E-04   1.855E+06     403- 405     6031
Rovibration_vJ|7[14]        -Rovibration_vJ|8[13]            3.9543E-05  1.0290E+02   5.247E+04     403- 463     6032
Rovibration_vJ|7[14]        -Rovibration_vJ|8[15]            4.4428E-05  1.1190E+02   4.977E+04     403- 466     6033
Rovibration_vJ|7[14]        -Rovibration_vJ|9[13]            1.4835E-06  1.5640E+01   2.607E+04     403- 524     6034
Rovibration_vJ|7[14]        -Rovibration_vJ|9[15]            1.8589E-06  1.7990E+01   2.539E+04     403- 526     6035
Rovibration_vJ|7[14]        -Rovibration_vJ|10[13]           3.5464E-08  8.3720E-01   1.742E+04     403- 584     6036
Rovibration_vJ|7[14]        -Rovibration_vJ|10[15]           5.1473E-08  1.0960E+00   1.712E+04     403- 587     6037
Rovibration_vJ|6[36]        -Rovibration_vJ|6[37]            1.1840E-07  1.3650E-03   7.504E+05     404- 410     6038
Rovibration_vJ|6[36]        -Rovibration_vJ|7[35]            3.4486E-05  7.9520E+01   5.454E+04     404- 462     6039
Rovibration_vJ|6[36]        -Rovibration_vJ|7[37]            4.0042E-05  1.1400E+02   4.775E+04     404- 471     6040
Rovibration_vJ|6[36]        -Rovibration_vJ|8[35]            1.0510E-06  1.0250E+01   2.652E+04     404- 522     6041
Rovibration_vJ|6[36]        -Rovibration_vJ|8[37]            1.6047E-06  1.6910E+01   2.482E+04     404- 532     6042
Rovibration_vJ|6[36]        -Rovibration_vJ|9[35]            1.9789E-08  4.3820E-01   1.760E+04     404- 583     6043
Rovibration_vJ|6[36]        -Rovibration_vJ|9[37]            4.3995E-08  1.0070E+00   1.684E+04     404- 593     6044
Rovibration_vJ|6[36]        -Rovibration_vJ|10[35]           1.7868E-10  7.0180E-03   1.321E+04     404- 631     6045
Rovibration_vJ|6[36]        -Rovibration_vJ|10[37]           9.4995E-10  3.7720E-02   1.279E+04     404- 636     6046
Rovibration_vJ|7[15]        -Rovibration_vJ|7[16]            7.9063E-08  1.6380E-04   1.739E+06     405- 408     6047
Rovibration_vJ|7[15]        -Rovibration_vJ|8[14]            3.9592E-05  1.0210E+02   5.258E+04     405- 464     6048
Rovibration_vJ|7[15]        -Rovibration_vJ|8[16]            4.4426E-05  1.1270E+02   4.970E+04     405- 469     6049
Rovibration_vJ|7[15]        -Rovibration_vJ|9[14]            1.4798E-06  1.5490E+01   2.610E+04     405- 525     6050
Rovibration_vJ|7[15]        -Rovibration_vJ|9[16]            1.8653E-06  1.8150E+01   2.538E+04     405- 529     6051
Rovibration_vJ|7[15]        -Rovibration_vJ|10[14]           3.5206E-08  8.2570E-01   1.744E+04     405- 586     6052
Rovibration_vJ|7[15]        -Rovibration_vJ|10[16]           5.1927E-08  1.1110E+00   1.711E+04     405- 589     6053
Rovibration_vJ|4[59]        -Rovibration_vJ|4[60]            6.7376E-08  2.0820E-03   4.607E+05     406- 413     6054
Rovibration_vJ|4[59]        -Rovibration_vJ|5[58]            2.4123E-05  5.0940E+01   5.668E+04     406- 459     6055
Rovibration_vJ|4[59]        -Rovibration_vJ|5[60]            3.0114E-05  9.4810E+01   4.565E+04     406- 475     6056
Rovibration_vJ|4[59]        -Rovibration_vJ|6[58]            5.0674E-07  4.7470E+00   2.691E+04     406- 520     6057
Rovibration_vJ|4[59]        -Rovibration_vJ|6[60]            9.8808E-07  1.1100E+01   2.416E+04     406- 536     6058
Rovibration_vJ|4[59]        -Rovibration_vJ|7[58]            6.1968E-09  1.3380E-01   1.773E+04     406- 582     6059
Rovibration_vJ|4[59]        -Rovibration_vJ|7[60]            2.2892E-08  5.5140E-01   1.650E+04     406- 598     6060
Rovibration_vJ|4[59]        -Rovibration_vJ|8[58]            2.2862E-11  8.8200E-04   1.326E+04     406- 630     6061
Rovibration_vJ|4[59]        -Rovibration_vJ|8[60]            4.5722E-10  1.8980E-02   1.257E+04     406- 639     6062
Rovibration_vJ|4[59]        -Rovibration_vJ|9[58]            1.5167E-12  9.1200E-05   1.062E+04     406- 656     6063
Rovibration_vJ|4[59]        -Rovibration_vJ|9[60]            6.3667E-12  4.0310E-04   1.018E+04     406- 661     6064
Rovibration_vJ|4[59]        -Rovibration_vJ|10[58]           5.5551E-13  4.7800E-05   8.879E+03     406- 669     6065
Rovibration_vJ|4[59]        -Rovibration_vJ|10[60]           1.4680E-14  1.3110E-06   8.571E+03     406- 671     6066
Rovibration_vJ|5[49]        -Rovibration_vJ|5[50]            1.0235E-07  2.1790E-03   5.542E+05     407- 412     6067
Rovibration_vJ|5[49]        -Rovibration_vJ|6[48]            2.9069E-05  6.3650E+01   5.576E+04     407- 461     6068
Rovibration_vJ|5[49]        -Rovibration_vJ|6[50]            3.5092E-05  1.0580E+02   4.657E+04     407- 473     6069
Rovibration_vJ|5[49]        -Rovibration_vJ|7[48]            7.3927E-07  7.0310E+00   2.675E+04     407- 523     6070
Rovibration_vJ|5[49]        -Rovibration_vJ|7[50]            1.2958E-06  1.4160E+01   2.446E+04     407- 534     6071
Rovibration_vJ|5[49]        -Rovibration_vJ|8[48]            1.1296E-08  2.4600E-01   1.768E+04     407- 585     6072
Rovibration_vJ|5[49]        -Rovibration_vJ|8[50]            3.3255E-08  7.8350E-01   1.666E+04     407- 596     6073
Rovibration_vJ|5[49]        -Rovibration_vJ|9[48]            6.6647E-11  2.5850E-03   1.325E+04     407- 632     6074
Rovibration_vJ|5[49]        -Rovibration_vJ|9[50]            7.0508E-10  2.8710E-02   1.267E+04     407- 637     6075
Rovibration_vJ|5[49]        -Rovibration_vJ|10[48]           1.6131E-12  9.7330E-05   1.062E+04     407- 657     6076
Rovibration_vJ|5[49]        -Rovibration_vJ|10[50]           9.6156E-12  5.9820E-04   1.025E+04     407- 660     6077
Rovibration_vJ|7[16]        -Rovibration_vJ|7[17]            8.4726E-08  1.9880E-04   1.637E+06     408- 409     6078
Rovibration_vJ|7[16]        -Rovibration_vJ|8[15]            3.9578E-05  1.0120E+02   5.270E+04     408- 466     6079
Rovibration_vJ|7[16]        -Rovibration_vJ|8[17]            4.4406E-05  1.1340E+02   4.963E+04     408- 470     6080
Rovibration_vJ|7[16]        -Rovibration_vJ|9[15]            1.4752E-06  1.5340E+01   2.613E+04     408- 526     6081
Rovibration_vJ|7[16]        -Rovibration_vJ|9[17]            1.8725E-06  1.8310E+01   2.536E+04     408- 531     6082
Rovibration_vJ|7[16]        -Rovibration_vJ|10[15]           3.4936E-08  8.1450E-01   1.745E+04     408- 587     6083
Rovibration_vJ|7[16]        -Rovibration_vJ|10[17]           5.2402E-08  1.1260E+00   1.711E+04     408- 592     6084
Rovibration_vJ|7[17]        -Rovibration_vJ|7[18]            9.0564E-08  2.3890E-04   1.547E+06     409- 411     6085
Rovibration_vJ|7[17]        -Rovibration_vJ|8[16]            3.9582E-05  1.0040E+02   5.281E+04     409- 469     6086
Rovibration_vJ|7[17]        -Rovibration_vJ|8[18]            4.4404E-05  1.1410E+02   4.955E+04     409- 472     6087
Rovibration_vJ|7[17]        -Rovibration_vJ|9[16]            1.4707E-06  1.5200E+01   2.616E+04     409- 529     6088
Rovibration_vJ|7[17]        -Rovibration_vJ|9[18]            1.8805E-06  1.8470E+01   2.535E+04     409- 533     6089
Rovibration_vJ|7[17]        -Rovibration_vJ|10[16]           3.4668E-08  8.0380E-01   1.747E+04     409- 589     6090
Rovibration_vJ|7[17]        -Rovibration_vJ|10[18]           5.2896E-08  1.1410E+00   1.710E+04     409- 594     6091
Rovibration_vJ|6[37]        -Rovibration_vJ|6[38]            1.2511E-07  1.5210E-03   7.310E+05     410- 415     6092
Rovibration_vJ|6[37]        -Rovibration_vJ|7[36]            3.4431E-05  7.8920E+01   5.468E+04     410- 465     6093
Rovibration_vJ|6[37]        -Rovibration_vJ|7[38]            4.0070E-05  1.1440E+02   4.770E+04     410- 476     6094
Rovibration_vJ|6[37]        -Rovibration_vJ|8[36]            1.0470E-06  1.0170E+01   2.656E+04     410- 527     6095
Rovibration_vJ|6[37]        -Rovibration_vJ|8[38]            1.6142E-06  1.7030E+01   2.482E+04     410- 537     6096
Rovibration_vJ|6[37]        -Rovibration_vJ|9[36]            1.9628E-08  4.3320E-01   1.762E+04     410- 588     6097
Rovibration_vJ|6[37]        -Rovibration_vJ|9[38]            4.4538E-08  1.0200E+00   1.684E+04     410- 597     6098
Rovibration_vJ|6[37]        -Rovibration_vJ|10[36]           1.7478E-10  6.8440E-03   1.323E+04     410- 633     6099
Rovibration_vJ|6[37]        -Rovibration_vJ|10[38]           9.7035E-10  3.8540E-02   1.279E+04     410- 638     6100
Rovibration_vJ|7[18]        -Rovibration_vJ|7[19]            9.6596E-08  2.8460E-04   1.466E+06     411- 414     6101
Rovibration_vJ|7[18]        -Rovibration_vJ|8[17]            3.9578E-05  9.9620E+01   5.293E+04     411- 470     6102
Rovibration_vJ|7[18]        -Rovibration_vJ|8[19]            4.4379E-05  1.1470E+02   4.948E+04     411- 474     6103
Rovibration_vJ|7[18]        -Rovibration_vJ|9[17]            1.4656E-06  1.5060E+01   2.620E+04     411- 531     6104
Rovibration_vJ|7[18]        -Rovibration_vJ|9[19]            1.8881E-06  1.8620E+01   2.533E+04     411- 535     6105
Rovibration_vJ|7[18]        -Rovibration_vJ|10[17]           3.4391E-08  7.9330E-01   1.748E+04     411- 592     6106
Rovibration_vJ|7[18]        -Rovibration_vJ|10[19]           5.3406E-08  1.1560E+00   1.710E+04     411- 595     6107
Rovibration_vJ|5[50]        -Rovibration_vJ|5[51]            1.0968E-07  2.4270E-03   5.437E+05     412- 417     6108
Rovibration_vJ|5[50]        -Rovibration_vJ|6[49]            2.9016E-05  6.3140E+01   5.592E+04     412- 468     6109
Rovibration_vJ|5[50]        -Rovibration_vJ|6[51]            3.5123E-05  1.0610E+02   4.653E+04     412- 479     6110
Rovibration_vJ|5[50]        -Rovibration_vJ|7[49]            7.3652E-07  6.9760E+00   2.680E+04     412- 530     6111
Rovibration_vJ|5[50]        -Rovibration_vJ|7[51]            1.3036E-06  1.4250E+01   2.446E+04     412- 541     6112
Rovibration_vJ|5[50]        -Rovibration_vJ|8[49]            1.1211E-08  2.4330E-01   1.771E+04     412- 590     6113
Rovibration_vJ|5[50]        -Rovibration_vJ|8[51]            3.3670E-08  7.9310E-01   1.666E+04     412- 602     6114
Rovibration_vJ|5[50]        -Rovibration_vJ|9[49]            6.5072E-11  2.5160E-03   1.327E+04     412- 634     6115
Rovibration_vJ|5[50]        -Rovibration_vJ|9[51]            7.2069E-10  2.9330E-02   1.268E+04     412- 641     6116
Rovibration_vJ|5[50]        -Rovibration_vJ|10[49]           1.6755E-12  1.0080E-04   1.064E+04     412- 658     6117
Rovibration_vJ|5[50]        -Rovibration_vJ|10[51]           1.0067E-11  6.2580E-04   1.026E+04     412- 662     6118
Rovibration_vJ|4[60]        -Rovibration_vJ|5[59]            2.4076E-05  5.0510E+01   5.686E+04     413- 467     6119
Rovibration_vJ|4[60]        -Rovibration_vJ|6[59]            5.0509E-07  4.7110E+00   2.697E+04     413- 528     6120
Rovibration_vJ|4[60]        -Rovibration_vJ|7[59]            6.1548E-09  1.3240E-01   1.776E+04     413- 591     6121
Rovibration_vJ|4[60]        -Rovibration_vJ|8[59]            2.2276E-11  8.5650E-04   1.328E+04     413- 635     6122
Rovibration_vJ|4[60]        -Rovibration_vJ|9[59]            1.5568E-12  9.3310E-05   1.064E+04     413- 659     6123
Rovibration_vJ|4[60]        -Rovibration_vJ|10[59]           5.6423E-13  4.8400E-05   8.892E+03     413- 670     6124
Rovibration_vJ|7[19]        -Rovibration_vJ|7[20]            1.0280E-07  3.3630E-04   1.393E+06     414- 416     6125
Rovibration_vJ|7[19]        -Rovibration_vJ|8[18]            3.9559E-05  9.8840E+01   5.305E+04     414- 472     6126
Rovibration_vJ|7[19]        -Rovibration_vJ|8[20]            4.4368E-05  1.1530E+02   4.941E+04     414- 477     6127
Rovibration_vJ|7[19]        -Rovibration_vJ|9[18]            1.4609E-06  1.4930E+01   2.623E+04     414- 533     6128
Rovibration_vJ|7[19]        -Rovibration_vJ|9[20]            1.8962E-06  1.8770E+01   2.532E+04     414- 538     6129
Rovibration_vJ|7[19]        -Rovibration_vJ|10[18]           3.4118E-08  7.8320E-01   1.750E+04     414- 594     6130
Rovibration_vJ|7[19]        -Rovibration_vJ|10[20]           5.3930E-08  1.1710E+00   1.709E+04     414- 599     6131
Rovibration_vJ|6[38]        -Rovibration_vJ|6[39]            1.3226E-07  1.6930E-03   7.127E+05     415- 419     6132
Rovibration_vJ|6[38]        -Rovibration_vJ|7[37]            3.4375E-05  7.8320E+01   5.482E+04     415- 471     6133
Rovibration_vJ|6[38]        -Rovibration_vJ|7[39]            4.0100E-05  1.1480E+02   4.765E+04     415- 480     6134
Rovibration_vJ|6[38]        -Rovibration_vJ|8[37]            1.0429E-06  1.0090E+01   2.660E+04     415- 532     6135
Rovibration_vJ|6[38]        -Rovibration_vJ|8[39]            1.6238E-06  1.7150E+01   2.481E+04     415- 540     6136
Rovibration_vJ|6[38]        -Rovibration_vJ|9[37]            1.9471E-08  4.2830E-01   1.764E+04     415- 593     6137
Rovibration_vJ|6[38]        -Rovibration_vJ|9[39]            4.5040E-08  1.0320E+00   1.684E+04     415- 601     6138
Rovibration_vJ|6[38]        -Rovibration_vJ|10[37]           1.7098E-10  6.6750E-03   1.324E+04     415- 636     6139
Rovibration_vJ|6[38]        -Rovibration_vJ|10[39]           9.9158E-10  3.9390E-02   1.279E+04     415- 640     6140
Rovibration_vJ|7[20]        -Rovibration_vJ|7[21]            1.0921E-07  3.9460E-04   1.327E+06     416- 418     6141
Rovibration_vJ|7[20]        -Rovibration_vJ|8[19]            3.9540E-05  9.8090E+01   5.317E+04     416- 474     6142
Rovibration_vJ|7[20]        -Rovibration_vJ|8[21]            4.4406E-05  1.1600E+02   4.934E+04     416- 478     6143
Rovibration_vJ|7[20]        -Rovibration_vJ|9[19]            1.4558E-06  1.4800E+01   2.626E+04     416- 535     6144
Rovibration_vJ|7[20]        -Rovibration_vJ|9[21]            1.9048E-06  1.8920E+01   2.530E+04     416- 539     6145
Rovibration_vJ|7[20]        -Rovibration_vJ|10[19]           3.3842E-08  7.7330E-01   1.752E+04     416- 595     6146
Rovibration_vJ|7[20]        -Rovibration_vJ|10[21]           5.4511E-08  1.1870E+00   1.709E+04     416- 600     6147
Rovibration_vJ|5[51]        -Rovibration_vJ|5[52]            1.1744E-07  2.6990E-03   5.336E+05     417- 423     6148
Rovibration_vJ|5[51]        -Rovibration_vJ|6[50]            2.8957E-05  6.2620E+01   5.609E+04     417- 473     6149
Rovibration_vJ|5[51]        -Rovibration_vJ|6[52]            3.5154E-05  1.0640E+02   4.650E+04     417- 484     6150
Rovibration_vJ|5[51]        -Rovibration_vJ|7[50]            7.3374E-07  6.9210E+00   2.685E+04     417- 534     6151
Rovibration_vJ|5[51]        -Rovibration_vJ|7[52]            1.3115E-06  1.4340E+01   2.446E+04     417- 545     6152
Rovibration_vJ|5[51]        -Rovibration_vJ|8[50]            1.1130E-08  2.4070E-01   1.774E+04     417- 596     6153
Rovibration_vJ|5[51]        -Rovibration_vJ|8[52]            3.4092E-08  8.0280E-01   1.667E+04     417- 606     6154
Rovibration_vJ|5[51]        -Rovibration_vJ|9[50]            6.3567E-11  2.4500E-03   1.329E+04     417- 637     6155
Rovibration_vJ|5[51]        -Rovibration_vJ|9[52]            7.3661E-10  2.9960E-02   1.268E+04     417- 643     6156
Rovibration_vJ|5[51]        -Rovibration_vJ|10[50]           1.7406E-12  1.0440E-04   1.065E+04     417- 660     6157
Rovibration_vJ|5[51]        -Rovibration_vJ|10[52]           1.0533E-11  6.5430E-04   1.026E+04     417- 663     6158
Rovibration_vJ|7[21]        -Rovibration_vJ|7[22]            1.1581E-07  4.6000E-04   1.267E+06     418- 420     6159
Rovibration_vJ|7[21]        -Rovibration_vJ|8[20]            3.9510E-05  9.7340E+01   5.329E+04     418- 477     6160
Rovibration_vJ|7[21]        -Rovibration_vJ|8[22]            4.4417E-05  1.1660E+02   4.927E+04     418- 481     6161
Rovibration_vJ|7[21]        -Rovibration_vJ|9[20]            1.4502E-06  1.4670E+01   2.630E+04     418- 538     6162
Rovibration_vJ|7[21]        -Rovibration_vJ|9[22]            1.9138E-06  1.9070E+01   2.529E+04     418- 542     6163
Rovibration_vJ|7[21]        -Rovibration_vJ|10[20]           3.3568E-08  7.6370E-01   1.754E+04     418- 599     6164
Rovibration_vJ|7[21]        -Rovibration_vJ|10[22]           5.5057E-08  1.2020E+00   1.709E+04     418- 603     6165
Rovibration_vJ|6[39]        -Rovibration_vJ|6[40]            1.3975E-07  1.8810E-03   6.952E+05     419- 421     6166
Rovibration_vJ|6[39]        -Rovibration_vJ|7[38]            3.4317E-05  7.7720E+01   5.497E+04     419- 476     6167
Rovibration_vJ|6[39]        -Rovibration_vJ|7[40]            4.0133E-05  1.1520E+02   4.761E+04     419- 482     6168
Rovibration_vJ|6[39]        -Rovibration_vJ|8[38]            1.0387E-06  1.0010E+01   2.665E+04     419- 537     6169
Rovibration_vJ|6[39]        -Rovibration_vJ|8[40]            1.6336E-06  1.7270E+01   2.481E+04     419- 544     6170
Rovibration_vJ|6[39]        -Rovibration_vJ|9[38]            1.9317E-08  4.2350E-01   1.767E+04     419- 597     6171
Rovibration_vJ|6[39]        -Rovibration_vJ|9[40]            4.5589E-08  1.0450E+00   1.685E+04     419- 605     6172
Rovibration_vJ|6[39]        -Rovibration_vJ|10[38]           1.6728E-10  6.5110E-03   1.326E+04     419- 638     6173
Rovibration_vJ|6[39]        -Rovibration_vJ|10[40]           1.0131E-09  4.0250E-02   1.280E+04     419- 642     6174
Rovibration_vJ|7[22]        -Rovibration_vJ|7[23]            1.2265E-07  5.3320E-04   1.212E+06     420- 422     6175
Rovibration_vJ|7[22]        -Rovibration_vJ|8[21]            3.9479E-05  9.6610E+01   5.341E+04     420- 478     6176
Rovibration_vJ|7[22]        -Rovibration_vJ|8[23]            4.4436E-05  1.1720E+02   4.921E+04     420- 483     6177
Rovibration_vJ|7[22]        -Rovibration_vJ|9[21]            1.4453E-06  1.4550E+01   2.633E+04     420- 539     6178
Rovibration_vJ|7[22]        -Rovibration_vJ|9[23]            1.9231E-06  1.9220E+01   2.528E+04     420- 543     6179
Rovibration_vJ|7[22]        -Rovibration_vJ|10[21]           3.3294E-08  7.5430E-01   1.755E+04     420- 600     6180
Rovibration_vJ|7[22]        -Rovibration_vJ|10[23]           5.5612E-08  1.2170E+00   1.708E+04     420- 604     6181
Rovibration_vJ|6[40]        -Rovibration_vJ|6[41]            1.4766E-07  2.0870E-03   6.786E+05     421- 425     6182
Rovibration_vJ|6[40]        -Rovibration_vJ|7[39]            3.4258E-05  7.7120E+01   5.512E+04     421- 480     6183
Rovibration_vJ|6[40]        -Rovibration_vJ|7[41]            4.0168E-05  1.1560E+02   4.756E+04     421- 486     6184
Rovibration_vJ|6[40]        -Rovibration_vJ|8[39]            1.0342E-06  9.9270E+00   2.669E+04     421- 540     6185
Rovibration_vJ|6[40]        -Rovibration_vJ|8[41]            1.6424E-06  1.7380E+01   2.480E+04     421- 547     6186
Rovibration_vJ|6[40]        -Rovibration_vJ|9[39]            1.9166E-08  4.1880E-01   1.769E+04     421- 601     6187
Rovibration_vJ|6[40]        -Rovibration_vJ|9[41]            4.6140E-08  1.0580E+00   1.685E+04     421- 608     6188
Rovibration_vJ|6[40]        -Rovibration_vJ|10[39]           1.6364E-10  6.3500E-03   1.328E+04     421- 640     6189
Rovibration_vJ|6[40]        -Rovibration_vJ|10[41]           1.0350E-09  4.1120E-02   1.280E+04     421- 644     6190
Rovibration_vJ|7[23]        -Rovibration_vJ|7[24]            1.2973E-07  6.1480E-04   1.162E+06     422- 424     6191
Rovibration_vJ|7[23]        -Rovibration_vJ|8[22]            3.9445E-05  9.5890E+01   5.353E+04     422- 481     6192
Rovibration_vJ|7[23]        -Rovibration_vJ|8[24]            4.4426E-05  1.1770E+02   4.914E+04     422- 485     6193
Rovibration_vJ|7[23]        -Rovibration_vJ|9[22]            1.4391E-06  1.4420E+01   2.637E+04     422- 542     6194
Rovibration_vJ|7[23]        -Rovibration_vJ|9[24]            1.9328E-06  1.9370E+01   2.527E+04     422- 546     6195
Rovibration_vJ|7[23]        -Rovibration_vJ|10[22]           3.3021E-08  7.4510E-01   1.757E+04     422- 603     6196
Rovibration_vJ|7[23]        -Rovibration_vJ|10[24]           5.6221E-08  1.2330E+00   1.708E+04     422- 607     6197
Rovibration_vJ|5[52]        -Rovibration_vJ|5[53]            1.2567E-07  2.9970E-03   5.239E+05     423- 427     6198
Rovibration_vJ|5[52]        -Rovibration_vJ|6[51]            2.8903E-05  6.2110E+01   5.625E+04     423- 479     6199
Rovibration_vJ|5[52]        -Rovibration_vJ|6[53]            3.5188E-05  1.0670E+02   4.646E+04     423- 488     6200
Rovibration_vJ|5[52]        -Rovibration_vJ|7[51]            7.3095E-07  6.8660E+00   2.691E+04     423- 541     6201
Rovibration_vJ|5[52]        -Rovibration_vJ|7[53]            1.3203E-06  1.4440E+01   2.446E+04     423- 549     6202
Rovibration_vJ|5[52]        -Rovibration_vJ|8[51]            1.1048E-08  2.3810E-01   1.776E+04     423- 602     6203
Rovibration_vJ|5[52]        -Rovibration_vJ|8[53]            3.4516E-08  8.1250E-01   1.668E+04     423- 610     6204
Rovibration_vJ|5[52]        -Rovibration_vJ|9[51]            6.2105E-11  2.3860E-03   1.330E+04     423- 641     6205
Rovibration_vJ|5[52]        -Rovibration_vJ|9[53]            7.5282E-10  3.0600E-02   1.269E+04     423- 645     6206
Rovibration_vJ|5[52]        -Rovibration_vJ|10[51]           1.8044E-12  1.0790E-04   1.066E+04     423- 662     6207
Rovibration_vJ|5[52]        -Rovibration_vJ|10[53]           1.1014E-11  6.8360E-04   1.027E+04     423- 664     6208
Rovibration_vJ|7[24]        -Rovibration_vJ|7[25]            1.3706E-07  7.0550E-04   1.116E+06     424- 426     6209
Rovibration_vJ|7[24]        -Rovibration_vJ|8[23]            3.9408E-05  9.5180E+01   5.366E+04     424- 483     6210
Rovibration_vJ|7[24]        -Rovibration_vJ|8[25]            4.4461E-05  1.1830E+02   4.908E+04     424- 487     6211
Rovibration_vJ|7[24]        -Rovibration_vJ|9[23]            1.4336E-06  1.4300E+01   2.640E+04     424- 543     6212
Rovibration_vJ|7[24]        -Rovibration_vJ|9[25]            1.9427E-06  1.9520E+01   2.526E+04     424- 548     6213
Rovibration_vJ|7[24]        -Rovibration_vJ|10[23]           3.2750E-08  7.3610E-01   1.759E+04     424- 604     6214
Rovibration_vJ|7[24]        -Rovibration_vJ|10[25]           5.6792E-08  1.2480E+00   1.708E+04     424- 609     6215
Rovibration_vJ|6[41]        -Rovibration_vJ|6[42]            1.5590E-07  2.3110E-03   6.629E+05     425- 429     6216
Rovibration_vJ|6[41]        -Rovibration_vJ|7[40]            3.4197E-05  7.6520E+01   5.527E+04     425- 482     6217
Rovibration_vJ|6[41]        -Rovibration_vJ|7[42]            4.0206E-05  1.1600E+02   4.751E+04     425- 490     6218
Rovibration_vJ|6[41]        -Rovibration_vJ|8[40]            1.0301E-06  9.8480E+00   2.674E+04     425- 544     6219
Rovibration_vJ|6[41]        -Rovibration_vJ|8[42]            1.6523E-06  1.7500E+01   2.480E+04     425- 551     6220
Rovibration_vJ|6[41]        -Rovibration_vJ|9[40]            1.9015E-08  4.1410E-01   1.772E+04     425- 605     6221
Rovibration_vJ|6[41]        -Rovibration_vJ|9[42]            4.6694E-08  1.0710E+00   1.685E+04     425- 612     6222
Rovibration_vJ|6[41]        -Rovibration_vJ|10[40]           1.6010E-10  6.1940E-03   1.329E+04     425- 642     6223
Rovibration_vJ|6[41]        -Rovibration_vJ|10[42]           1.0574E-09  4.2010E-02   1.280E+04     425- 646     6224
Rovibration_vJ|7[25]        -Rovibration_vJ|7[26]            1.4465E-07  8.0600E-04   1.073E+06     426- 428     6225
Rovibration_vJ|7[25]        -Rovibration_vJ|8[24]            3.9365E-05  9.4470E+01   5.379E+04     426- 485     6226
Rovibration_vJ|7[25]        -Rovibration_vJ|8[26]            4.4502E-05  1.1890E+02   4.901E+04     426- 489     6227
Rovibration_vJ|7[25]        -Rovibration_vJ|9[24]            1.4279E-06  1.4180E+01   2.644E+04     426- 546     6228
Rovibration_vJ|7[25]        -Rovibration_vJ|9[26]            1.9529E-06  1.9670E+01   2.524E+04     426- 550     6229
Rovibration_vJ|7[25]        -Rovibration_vJ|10[24]           3.2482E-08  7.2730E-01   1.761E+04     426- 607     6230
Rovibration_vJ|7[25]        -Rovibration_vJ|10[26]           5.7416E-08  1.2640E+00   1.707E+04     426- 611     6231
Rovibration_vJ|5[53]        -Rovibration_vJ|5[54]            1.3437E-07  3.3230E-03   5.146E+05     427- 431     6232
Rovibration_vJ|5[53]        -Rovibration_vJ|6[52]            2.8847E-05  6.1600E+01   5.642E+04     427- 484     6233
Rovibration_vJ|5[53]        -Rovibration_vJ|6[54]            3.5190E-05  1.0690E+02   4.643E+04     427- 492     6234
Rovibration_vJ|5[53]        -Rovibration_vJ|7[52]            7.2825E-07  6.8120E+00   2.696E+04     427- 545     6235
Rovibration_vJ|5[53]        -Rovibration_vJ|7[54]            1.3283E-06  1.4530E+01   2.447E+04     427- 553     6236
Rovibration_vJ|5[53]        -Rovibration_vJ|8[52]            1.0971E-08  2.3560E-01   1.779E+04     427- 606     6237
Rovibration_vJ|5[53]        -Rovibration_vJ|8[54]            3.4950E-08  8.2240E-01   1.668E+04     427- 614     6238
Rovibration_vJ|5[53]        -Rovibration_vJ|9[52]            6.0660E-11  2.3230E-03   1.332E+04     427- 643     6239
Rovibration_vJ|5[53]        -Rovibration_vJ|9[54]            7.6959E-10  3.1260E-02   1.270E+04     427- 647     6240
Rovibration_vJ|5[53]        -Rovibration_vJ|10[52]           1.8686E-12  1.1140E-04   1.068E+04     427- 663     6241
Rovibration_vJ|5[53]        -Rovibration_vJ|10[54]           1.1512E-11  7.1390E-04   1.028E+04     427- 665     6242
Rovibration_vJ|7[26]        -Rovibration_vJ|7[27]            1.5252E-07  9.1710E-04   1.034E+06     428- 430     6243
Rovibration_vJ|7[26]        -Rovibration_vJ|8[25]            3.9320E-05  9.3770E+01   5.391E+04     428- 487     6244
Rovibration_vJ|7[26]        -Rovibration_vJ|8[27]            4.4512E-05  1.1940E+02   4.895E+04     428- 491     6245
Rovibration_vJ|7[26]        -Rovibration_vJ|9[25]            1.4230E-06  1.4070E+01   2.648E+04     428- 548     6246
Rovibration_vJ|7[26]        -Rovibration_vJ|9[27]            1.9624E-06  1.9810E+01   2.523E+04     428- 552     6247
Rovibration_vJ|7[26]        -Rovibration_vJ|10[25]           3.2217E-08  7.1870E-01   1.763E+04     428- 609     6248
Rovibration_vJ|7[26]        -Rovibration_vJ|10[27]           5.8045E-08  1.2800E+00   1.707E+04     428- 613     6249
Rovibration_vJ|6[42]        -Rovibration_vJ|6[43]            1.6460E-07  2.5560E-03   6.478E+05     429- 432     6250
Rovibration_vJ|6[42]        -Rovibration_vJ|7[41]            3.4139E-05  7.5930E+01   5.542E+04     429- 486     6251
Rovibration_vJ|6[42]        -Rovibration_vJ|7[43]            4.0245E-05  1.1640E+02   4.747E+04     429- 493     6252
Rovibration_vJ|6[42]        -Rovibration_vJ|8[41]            1.0260E-06  9.7700E+00   2.678E+04     429- 547     6253
Rovibration_vJ|6[42]        -Rovibration_vJ|8[43]            1.6624E-06  1.7620E+01   2.480E+04     429- 554     6254
Rovibration_vJ|6[42]        -Rovibration_vJ|9[41]            1.8871E-08  4.0960E-01   1.774E+04     429- 608     6255
Rovibration_vJ|6[42]        -Rovibration_vJ|9[43]            4.7251E-08  1.0840E+00   1.685E+04     429- 615     6256
Rovibration_vJ|6[42]        -Rovibration_vJ|10[41]           1.5665E-10  6.0420E-03   1.331E+04     429- 644     6257
Rovibration_vJ|6[42]        -Rovibration_vJ|10[43]           1.0804E-09  4.2920E-02   1.281E+04     429- 648     6258
Rovibration_vJ|7[27]        -Rovibration_vJ|7[28]            1.6073E-07  1.0400E-03   9.974E+05     430- 433     6259
Rovibration_vJ|7[27]        -Rovibration_vJ|8[26]            3.9275E-05  9.3080E+01   5.404E+04     430- 489     6260
Rovibration_vJ|7[27]        -Rovibration_vJ|8[28]            4.4527E-05  1.1990E+02   4.889E+04     430- 494     6261
Rovibration_vJ|7[27]        -Rovibration_vJ|9[26]            1.4169E-06  1.3950E+01   2.652E+04     430- 550     6262
Rovibration_vJ|7[27]        -Rovibration_vJ|9[28]            1.9730E-06  1.9960E+01   2.522E+04     430- 555     6263
Rovibration_vJ|7[27]        -Rovibration_vJ|10[26]           3.1952E-08  7.1020E-01   1.765E+04     430- 611     6264
Rovibration_vJ|7[27]        -Rovibration_vJ|10[28]           5.8681E-08  1.2960E+00   1.707E+04     430- 616     6265
Rovibration_vJ|5[54]        -Rovibration_vJ|5[55]            1.4361E-07  3.6800E-03   5.056E+05     431- 436     6266
Rovibration_vJ|5[54]        -Rovibration_vJ|6[53]            2.8791E-05  6.1090E+01   5.659E+04     431- 488     6267
Rovibration_vJ|5[54]        -Rovibration_vJ|6[55]            3.5227E-05  1.0720E+02   4.639E+04     431- 497     6268
Rovibration_vJ|5[54]        -Rovibration_vJ|7[53]            7.2553E-07  6.7580E+00   2.701E+04     431- 549     6269
Rovibration_vJ|5[54]        -Rovibration_vJ|7[55]            1.3372E-06  1.4630E+01   2.447E+04     431- 558     6270
Rovibration_vJ|5[54]        -Rovibration_vJ|8[53]            1.0893E-08  2.3310E-01   1.782E+04     431- 610     6271
Rovibration_vJ|5[54]        -Rovibration_vJ|8[55]            3.5390E-08  8.3240E-01   1.669E+04     431- 619     6272
Rovibration_vJ|5[54]        -Rovibration_vJ|9[53]            5.9260E-11  2.2620E-03   1.334E+04     431- 645     6273
Rovibration_vJ|5[54]        -Rovibration_vJ|9[55]            7.8643E-10  3.1920E-02   1.270E+04     431- 650     6274
Rovibration_vJ|5[54]        -Rovibration_vJ|10[53]           1.9332E-12  1.1490E-04   1.069E+04     431- 664     6275
Rovibration_vJ|5[54]        -Rovibration_vJ|10[55]           1.2028E-11  7.4520E-04   1.028E+04     431- 666     6276
Rovibration_vJ|6[43]        -Rovibration_vJ|6[44]            1.7367E-07  2.8220E-03   6.335E+05     432- 435     6277
Rovibration_vJ|6[43]        -Rovibration_vJ|7[42]            3.4080E-05  7.5340E+01   5.557E+04     432- 490     6278
Rovibration_vJ|6[43]        -Rovibration_vJ|7[44]            4.0288E-05  1.1680E+02   4.742E+04     432- 496     6279
Rovibration_vJ|6[43]        -Rovibration_vJ|8[42]            1.0220E-06  9.6930E+00   2.683E+04     432- 551     6280
Rovibration_vJ|6[43]        -Rovibration_vJ|8[44]            1.6724E-06  1.7740E+01   2.479E+04     432- 557     6281
Rovibration_vJ|6[43]        -Rovibration_vJ|9[42]            1.8727E-08  4.0510E-01   1.777E+04     432- 612     6282
Rovibration_vJ|6[43]        -Rovibration_vJ|9[44]            4.7810E-08  1.0970E+00   1.686E+04     432- 618     6283
Rovibration_vJ|6[43]        -Rovibration_vJ|10[42]           1.5328E-10  5.8940E-03   1.332E+04     432- 646     6284
Rovibration_vJ|6[43]        -Rovibration_vJ|10[44]           1.1037E-09  4.3840E-02   1.281E+04     432- 649     6285
Rovibration_vJ|7[28]        -Rovibration_vJ|7[29]            1.6907E-07  1.1740E-03   9.633E+05     433- 434     6286
Rovibration_vJ|7[28]        -Rovibration_vJ|8[27]            3.9226E-05  9.2390E+01   5.418E+04     433- 491     6287
Rovibration_vJ|7[28]        -Rovibration_vJ|8[29]            4.4585E-05  1.2050E+02   4.883E+04     433- 495     6288
Rovibration_vJ|7[28]        -Rovibration_vJ|9[27]            1.4116E-06  1.3840E+01   2.655E+04     433- 552     6289
Rovibration_vJ|7[28]        -Rovibration_vJ|9[29]            1.9839E-06  2.0110E+01   2.521E+04     433- 556     6290
Rovibration_vJ|7[28]        -Rovibration_vJ|10[27]           3.1692E-08  7.0190E-01   1.767E+04     433- 613     6291
Rovibration_vJ|7[28]        -Rovibration_vJ|10[29]           5.9322E-08  1.3120E+00   1.707E+04     433- 617     6292
Rovibration_vJ|7[29]        -Rovibration_vJ|7[30]            1.7798E-07  1.3230E-03   9.316E+05     434- 437     6293
Rovibration_vJ|7[29]        -Rovibration_vJ|8[28]            3.9172E-05  9.1700E+01   5.431E+04     434- 494     6294
Rovibration_vJ|7[29]        -Rovibration_vJ|8[30]            4.4610E-05  1.2100E+02   4.877E+04     434- 498     6295
Rovibration_vJ|7[29]        -Rovibration_vJ|9[28]            1.4052E-06  1.3720E+01   2.659E+04     434- 555     6296
Rovibration_vJ|7[29]        -Rovibration_vJ|9[30]            1.9940E-06  2.0250E+01   2.520E+04     434- 559     6297
Rovibration_vJ|7[29]        -Rovibration_vJ|10[28]           3.1432E-08  6.9370E-01   1.769E+04     434- 616     6298
Rovibration_vJ|7[29]        -Rovibration_vJ|10[30]           5.9969E-08  1.3280E+00   1.707E+04     434- 620     6299
Rovibration_vJ|6[44]        -Rovibration_vJ|6[45]            1.8329E-07  3.1130E-03   6.198E+05     435- 438     6300
Rovibration_vJ|6[44]        -Rovibration_vJ|7[43]            3.4020E-05  7.4750E+01   5.573E+04     435- 493     6301
Rovibration_vJ|6[44]        -Rovibration_vJ|7[45]            4.0297E-05  1.1710E+02   4.738E+04     435- 499     6302
Rovibration_vJ|6[44]        -Rovibration_vJ|8[43]            1.0180E-06  9.6160E+00   2.688E+04     435- 554     6303
Rovibration_vJ|6[44]        -Rovibration_vJ|8[45]            1.6826E-06  1.7860E+01   2.479E+04     435- 560     6304
Rovibration_vJ|6[44]        -Rovibration_vJ|9[43]            1.8581E-08  4.0060E-01   1.779E+04     435- 615     6305
Rovibration_vJ|6[44]        -Rovibration_vJ|9[45]            4.8373E-08  1.1100E+00   1.686E+04     435- 621     6306
Rovibration_vJ|6[44]        -Rovibration_vJ|10[43]           1.4999E-10  5.7500E-03   1.334E+04     435- 648     6307
Rovibration_vJ|6[44]        -Rovibration_vJ|10[45]           1.1276E-09  4.4780E-02   1.282E+04     435- 651     6308
Rovibration_vJ|5[55]        -Rovibration_vJ|5[56]            1.5339E-07  4.0700E-03   4.969E+05     436- 440     6309
Rovibration_vJ|5[55]        -Rovibration_vJ|6[54]            2.8733E-05  6.0580E+01   5.676E+04     436- 492     6310
Rovibration_vJ|5[55]        -Rovibration_vJ|6[56]            3.5266E-05  1.0750E+02   4.636E+04     436- 501     6311
Rovibration_vJ|5[55]        -Rovibration_vJ|7[54]            7.2290E-07  6.7050E+00   2.706E+04     436- 553     6312
Rovibration_vJ|5[55]        -Rovibration_vJ|7[56]            1.3453E-06  1.4720E+01   2.447E+04     436- 562     6313
Rovibration_vJ|5[55]        -Rovibration_vJ|8[54]            1.0820E-08  2.3070E-01   1.785E+04     436- 614     6314
Rovibration_vJ|5[55]        -Rovibration_vJ|8[56]            3.5837E-08  8.4250E-01   1.669E+04     436- 623     6315
Rovibration_vJ|5[55]        -Rovibration_vJ|9[54]            5.7904E-11  2.2030E-03   1.336E+04     436- 647     6316
Rovibration_vJ|5[55]        -Rovibration_vJ|9[56]            8.0382E-10  3.2600E-02   1.271E+04     436- 652     6317
Rovibration_vJ|5[55]        -Rovibration_vJ|10[54]           2.0000E-12  1.1850E-04   1.071E+04     436- 665     6318
Rovibration_vJ|5[55]        -Rovibration_vJ|10[56]           1.2560E-11  7.7740E-04   1.029E+04     436- 667     6319
Rovibration_vJ|7[30]        -Rovibration_vJ|7[31]            1.8704E-07  1.4850E-03   9.019E+05     437- 439     6320
Rovibration_vJ|7[30]        -Rovibration_vJ|8[29]            3.9120E-05  9.1020E+01   5.444E+04     437- 495     6321
Rovibration_vJ|7[30]        -Rovibration_vJ|8[31]            4.4640E-05  1.2150E+02   4.871E+04     437- 500     6322
Rovibration_vJ|7[30]        -Rovibration_vJ|9[29]            1.3997E-06  1.3610E+01   2.663E+04     437- 556     6323
Rovibration_vJ|7[30]        -Rovibration_vJ|9[31]            2.0052E-06  2.0400E+01   2.520E+04     437- 561     6324
Rovibration_vJ|7[30]        -Rovibration_vJ|10[29]           3.1178E-08  6.8570E-01   1.771E+04     437- 617     6325
Rovibration_vJ|7[30]        -Rovibration_vJ|10[31]           6.0666E-08  1.3450E+00   1.707E+04     437- 622     6326
Rovibration_vJ|6[45]        -Rovibration_vJ|6[46]            1.9330E-07  3.4280E-03   6.067E+05     438- 442     6327
Rovibration_vJ|6[45]        -Rovibration_vJ|7[44]            3.3959E-05  7.4160E+01   5.588E+04     438- 496     6328
Rovibration_vJ|6[45]        -Rovibration_vJ|7[46]            4.0344E-05  1.1750E+02   4.734E+04     438- 503     6329
Rovibration_vJ|6[45]        -Rovibration_vJ|8[44]            1.0140E-06  9.5400E+00   2.692E+04     438- 557     6330
Rovibration_vJ|6[45]        -Rovibration_vJ|8[46]            1.6929E-06  1.7980E+01   2.479E+04     438- 564     6331
Rovibration_vJ|6[45]        -Rovibration_vJ|9[44]            1.8444E-08  3.9630E-01   1.782E+04     438- 618     6332
Rovibration_vJ|6[45]        -Rovibration_vJ|9[46]            4.8981E-08  1.1240E+00   1.686E+04     438- 625     6333
Rovibration_vJ|6[45]        -Rovibration_vJ|10[44]           1.4679E-10  5.6100E-03   1.336E+04     438- 649     6334
Rovibration_vJ|6[45]        -Rovibration_vJ|10[46]           1.1521E-09  4.5740E-02   1.282E+04     438- 653     6335
Rovibration_vJ|7[31]        -Rovibration_vJ|7[32]            1.9655E-07  1.6630E-03   8.741E+05     439- 441     6336
Rovibration_vJ|7[31]        -Rovibration_vJ|8[30]            3.9068E-05  9.0350E+01   5.458E+04     439- 498     6337
Rovibration_vJ|7[31]        -Rovibration_vJ|8[32]            4.4673E-05  1.2200E+02   4.866E+04     439- 502     6338
Rovibration_vJ|7[31]        -Rovibration_vJ|9[30]            1.3940E-06  1.3500E+01   2.667E+04     439- 559     6339
Rovibration_vJ|7[31]        -Rovibration_vJ|9[32]            2.0156E-06  2.0540E+01   2.519E+04     439- 563     6340
Rovibration_vJ|7[31]        -Rovibration_vJ|10[30]           3.0930E-08  6.7790E-01   1.773E+04     439- 620     6341
Rovibration_vJ|7[31]        -Rovibration_vJ|10[32]           6.1322E-08  1.3610E+00   1.707E+04     439- 624     6342
Rovibration_vJ|5[56]        -Rovibration_vJ|5[57]            1.6375E-07  4.4960E-03   4.886E+05     440- 448     6343
Rovibration_vJ|5[56]        -Rovibration_vJ|6[55]            2.8675E-05  6.0070E+01   5.693E+04     440- 497     6344
Rovibration_vJ|5[56]        -Rovibration_vJ|6[57]            3.5306E-05  1.0780E+02   4.633E+04     440- 511     6345
Rovibration_vJ|5[56]        -Rovibration_vJ|7[55]            7.2037E-07  6.6530E+00   2.712E+04     440- 558     6346
Rovibration_vJ|5[56]        -Rovibration_vJ|7[57]            1.3535E-06  1.4810E+01   2.447E+04     440- 573     6347
Rovibration_vJ|5[56]        -Rovibration_vJ|8[55]            1.0746E-08  2.2830E-01   1.788E+04     440- 619     6348
Rovibration_vJ|5[56]        -Rovibration_vJ|8[57]            3.6290E-08  8.5270E-01   1.670E+04     440- 627     6349
Rovibration_vJ|5[56]        -Rovibration_vJ|9[55]            5.6592E-11  2.1460E-03   1.338E+04     440- 650     6350
Rovibration_vJ|5[56]        -Rovibration_vJ|9[57]            8.2152E-10  3.3290E-02   1.272E+04     440- 654     6351
Rovibration_vJ|5[56]        -Rovibration_vJ|10[55]           2.0655E-12  1.2200E-04   1.072E+04     440- 666     6352
Rovibration_vJ|5[56]        -Rovibration_vJ|10[57]           1.3110E-11  8.1060E-04   1.030E+04     440- 668     6353
Rovibration_vJ|7[32]        -Rovibration_vJ|7[33]            2.0636E-07  1.8570E-03   8.480E+05     441- 449     6354
Rovibration_vJ|7[32]        -Rovibration_vJ|8[31]            3.9009E-05  8.9670E+01   5.472E+04     441- 500     6355
Rovibration_vJ|7[32]        -Rovibration_vJ|8[33]            4.4711E-05  1.2250E+02   4.860E+04     441- 510     6356
Rovibration_vJ|7[32]        -Rovibration_vJ|9[31]            1.3883E-06  1.3390E+01   2.671E+04     441- 561     6357
Rovibration_vJ|7[32]        -Rovibration_vJ|9[33]            2.0272E-06  2.0690E+01   2.518E+04     441- 571     6358
Rovibration_vJ|7[32]        -Rovibration_vJ|10[31]           3.0678E-08  6.7010E-01   1.775E+04     441- 622     6359
Rovibration_vJ|7[32]        -Rovibration_vJ|10[33]           6.2028E-08  1.3780E+00   1.707E+04     441- 626     6360
Rovibration_vJ|6[46]        -Rovibration_vJ|6[47]            2.0386E-07  3.7710E-03   5.941E+05     442- 453     6361
Rovibration_vJ|6[46]        -Rovibration_vJ|7[45]            3.3896E-05  7.3570E+01   5.604E+04     442- 499     6362
Rovibration_vJ|6[46]        -Rovibration_vJ|7[47]            4.0358E-05  1.1780E+02   4.730E+04     442- 515     6363
Rovibration_vJ|6[46]        -Rovibration_vJ|8[45]            1.0101E-06  9.4650E+00   2.697E+04     442- 560     6364
Rovibration_vJ|6[46]        -Rovibration_vJ|8[47]            1.7032E-06  1.8100E+01   2.479E+04     442- 576     6365
Rovibration_vJ|6[46]        -Rovibration_vJ|9[45]            1.8306E-08  3.9200E-01   1.784E+04     442- 621     6366
Rovibration_vJ|6[46]        -Rovibration_vJ|9[47]            4.9549E-08  1.1370E+00   1.687E+04     442- 628     6367
Rovibration_vJ|6[46]        -Rovibration_vJ|10[45]           1.4368E-10  5.4740E-03   1.338E+04     442- 651     6368
Rovibration_vJ|6[46]        -Rovibration_vJ|10[47]           1.1772E-09  4.6720E-02   1.283E+04     442- 655     6369
Rovibration_vJ|8[0]         -Rovibration_vJ|8[1]             1.6179E-08  4.5720E-08   2.805E+07     443- 444     6370
Rovibration_vJ|8[0]         -Rovibration_vJ|9[1]             9.2863E-05  7.7460E+01   5.163E+04     443- 505     6371
Rovibration_vJ|8[0]         -Rovibration_vJ|10[1]            4.1875E-06  1.3760E+01   2.601E+04     443- 566     6372
Rovibration_vJ|8[1]         -Rovibration_vJ|8[2]             2.1587E-08  4.3920E-07   1.403E+07     444- 445     6373
Rovibration_vJ|8[1]         -Rovibration_vJ|9[0]             3.0863E-05  2.3000E+02   5.182E+04     444- 504     6374
Rovibration_vJ|8[1]         -Rovibration_vJ|9[2]             6.2010E-05  9.3440E+01   5.154E+04     444- 506     6375
Rovibration_vJ|8[1]         -Rovibration_vJ|10[0]            1.3810E-06  4.0690E+01   2.606E+04     444- 565     6376
Rovibration_vJ|8[1]         -Rovibration_vJ|10[2]            2.8066E-06  1.6630E+01   2.599E+04     444- 567     6377
Rovibration_vJ|8[2]         -Rovibration_vJ|8[3]             2.9178E-08  1.5900E-06   9.351E+06     445- 446     6378
Rovibration_vJ|8[2]         -Rovibration_vJ|9[1]             3.6972E-05  1.5250E+02   5.192E+04     445- 505     6379
Rovibration_vJ|8[2]         -Rovibration_vJ|9[3]             5.5880E-05  1.0060E+02   5.144E+04     445- 507     6380
Rovibration_vJ|8[2]         -Rovibration_vJ|10[1]            1.6489E-06  2.6940E+01   2.608E+04     445- 566     6381
Rovibration_vJ|8[2]         -Rovibration_vJ|10[3]            2.5388E-06  1.7940E+01   2.597E+04     445- 568     6382
Rovibration_vJ|8[3]         -Rovibration_vJ|8[4]             3.7117E-08  3.9150E-06   7.013E+06     446- 447     6383
Rovibration_vJ|8[3]         -Rovibration_vJ|9[2]             3.9546E-05  1.3650E+02   5.201E+04     446- 506     6384
Rovibration_vJ|8[3]         -Rovibration_vJ|9[4]             5.3324E-05  1.0490E+02   5.135E+04     446- 508     6385
Rovibration_vJ|8[3]         -Rovibration_vJ|10[2]            1.7572E-06  2.4070E+01   2.611E+04     446- 567     6386
Rovibration_vJ|8[3]         -Rovibration_vJ|10[4]            2.4314E-06  1.8740E+01   2.594E+04     446- 569     6387
Rovibration_vJ|8[4]         -Rovibration_vJ|8[5]             4.5209E-08  7.8370E-06   5.611E+06     447- 450     6388
Rovibration_vJ|8[4]         -Rovibration_vJ|9[3]             4.0946E-05  1.2930E+02   5.211E+04     447- 507     6389
Rovibration_vJ|8[4]         -Rovibration_vJ|9[5]             5.1911E-05  1.0780E+02   5.126E+04     447- 509     6390
Rovibration_vJ|8[4]         -Rovibration_vJ|10[3]            1.8128E-06  2.2760E+01   2.614E+04     447- 568     6391
Rovibration_vJ|8[4]         -Rovibration_vJ|10[5]            2.3765E-06  1.9300E+01   2.592E+04     447- 570     6392
Rovibration_vJ|5[57]        -Rovibration_vJ|5[58]            1.7465E-07  4.9590E-03   4.805E+05     448- 459     6393
Rovibration_vJ|5[57]        -Rovibration_vJ|6[56]            2.8621E-05  5.9570E+01   5.711E+04     448- 501     6394
Rovibration_vJ|5[57]        -Rovibration_vJ|6[58]            3.5315E-05  1.0800E+02   4.630E+04     448- 520     6395
Rovibration_vJ|5[57]        -Rovibration_vJ|7[56]            7.1772E-07  6.6000E+00   2.717E+04     448- 562     6396
Rovibration_vJ|5[57]        -Rovibration_vJ|7[58]            1.3626E-06  1.4910E+01   2.448E+04     448- 582     6397
Rovibration_vJ|5[57]        -Rovibration_vJ|8[56]            1.0672E-08  2.2590E-01   1.791E+04     448- 623     6398
Rovibration_vJ|5[57]        -Rovibration_vJ|8[58]            3.6750E-08  8.6300E-01   1.671E+04     448- 630     6399
Rovibration_vJ|5[57]        -Rovibration_vJ|9[56]            5.5300E-11  2.0900E-03   1.340E+04     448- 652     6400
Rovibration_vJ|5[57]        -Rovibration_vJ|9[58]            8.3979E-10  3.4000E-02   1.273E+04     448- 656     6401
Rovibration_vJ|5[57]        -Rovibration_vJ|10[56]           2.1315E-12  1.2550E-04   1.074E+04     448- 667     6402
Rovibration_vJ|5[57]        -Rovibration_vJ|10[58]           1.3678E-11  8.4480E-04   1.030E+04     448- 669     6403
Rovibration_vJ|7[33]        -Rovibration_vJ|7[34]            2.1650E-07  2.0680E-03   8.234E+05     449- 456     6404
Rovibration_vJ|7[33]        -Rovibration_vJ|8[32]            3.8952E-05  8.9000E+01   5.486E+04     449- 502     6405
Rovibration_vJ|7[33]        -Rovibration_vJ|8[34]            4.4752E-05  1.2300E+02   4.854E+04     449- 517     6406
Rovibration_vJ|7[33]        -Rovibration_vJ|9[32]            1.3835E-06  1.3290E+01   2.675E+04     449- 563     6407
Rovibration_vJ|7[33]        -Rovibration_vJ|9[34]            2.0389E-06  2.0840E+01   2.517E+04     449- 578     6408
Rovibration_vJ|7[33]        -Rovibration_vJ|10[32]           3.0433E-08  6.6250E-01   1.777E+04     449- 624     6409
Rovibration_vJ|7[33]        -Rovibration_vJ|10[34]           6.2738E-08  1.3950E+00   1.707E+04     449- 629     6410
Rovibration_vJ|8[5]         -Rovibration_vJ|8[6]             5.3425E-08  1.3790E-05   4.676E+06     450- 451     6411
Rovibration_vJ|8[5]         -Rovibration_vJ|9[4]             4.1801E-05  1.2500E+02   5.221E+04     450- 508     6412
Rovibration_vJ|8[5]         -Rovibration_vJ|9[6]             5.1044E-05  1.1000E+02   5.118E+04     450- 512     6413
Rovibration_vJ|8[5]         -Rovibration_vJ|10[4]            1.8445E-06  2.1970E+01   2.616E+04     450- 569     6414
Rovibration_vJ|8[5]         -Rovibration_vJ|10[6]            2.3465E-06  1.9740E+01   2.590E+04     450- 572     6415
Rovibration_vJ|8[6]         -Rovibration_vJ|8[7]             6.1704E-08  2.2200E-05   4.008E+06     451- 452     6416
Rovibration_vJ|8[6]         -Rovibration_vJ|9[5]             4.2393E-05  1.2210E+02   5.232E+04     451- 509     6417
Rovibration_vJ|8[6]         -Rovibration_vJ|9[7]             5.0480E-05  1.1180E+02   5.109E+04     451- 513     6418
Rovibration_vJ|8[6]         -Rovibration_vJ|10[5]            1.8628E-06  2.1410E+01   2.619E+04     451- 570     6419
Rovibration_vJ|8[6]         -Rovibration_vJ|10[7]            2.3290E-06  2.0100E+01   2.588E+04     451- 574     6420
Rovibration_vJ|8[7]         -Rovibration_vJ|8[8]             7.0120E-08  3.3540E-05   3.508E+06     452- 454     6421
Rovibration_vJ|8[7]         -Rovibration_vJ|9[6]             4.2771E-05  1.1980E+02   5.242E+04     452- 512     6422
Rovibration_vJ|8[7]         -Rovibration_vJ|9[8]             5.0079E-05  1.1330E+02   5.100E+04     452- 514     6423
Rovibration_vJ|8[7]         -Rovibration_vJ|10[6]            1.8744E-06  2.0990E+01   2.622E+04     452- 572     6424
Rovibration_vJ|8[7]         -Rovibration_vJ|10[8]            2.3193E-06  2.0410E+01   2.586E+04     452- 575     6425
Rovibration_vJ|6[47]        -Rovibration_vJ|6[48]            2.1491E-07  4.1430E-03   5.821E+05     453- 461     6426
Rovibration_vJ|6[47]        -Rovibration_vJ|7[46]            3.3833E-05  7.2980E+01   5.620E+04     453- 503     6427
Rovibration_vJ|6[47]        -Rovibration_vJ|7[48]            4.0409E-05  1.1820E+02   4.726E+04     453- 523     6428
Rovibration_vJ|6[47]        -Rovibration_vJ|8[46]            1.0063E-06  9.3910E+00   2.702E+04     453- 564     6429
Rovibration_vJ|6[47]        -Rovibration_vJ|8[48]            1.7137E-06  1.8220E+01   2.479E+04     453- 585     6430
Rovibration_vJ|6[47]        -Rovibration_vJ|9[46]            1.8173E-08  3.8780E-01   1.787E+04     453- 625     6431
Rovibration_vJ|6[47]        -Rovibration_vJ|9[48]            5.0164E-08  1.1510E+00   1.687E+04     453- 632     6432
Rovibration_vJ|6[47]        -Rovibration_vJ|10[46]           1.4063E-10  5.3410E-03   1.339E+04     453- 653     6433
Rovibration_vJ|6[47]        -Rovibration_vJ|10[48]           1.2026E-09  4.7710E-02   1.283E+04     453- 657     6434
Rovibration_vJ|8[8]         -Rovibration_vJ|8[9]             7.8617E-08  4.8250E-05   3.118E+06     454- 455     6435
Rovibration_vJ|8[8]         -Rovibration_vJ|9[7]             4.3063E-05  1.1800E+02   5.252E+04     454- 513     6436
Rovibration_vJ|8[8]         -Rovibration_vJ|9[9]             4.9788E-05  1.1460E+02   5.092E+04     454- 516     6437
Rovibration_vJ|8[8]         -Rovibration_vJ|10[7]            1.8805E-06  2.0640E+01   2.624E+04     454- 574     6438
Rovibration_vJ|8[8]         -Rovibration_vJ|10[9]            2.3150E-06  2.0690E+01   2.584E+04     454- 577     6439
Rovibration_vJ|8[9]         -Rovibration_vJ|8[10]            8.7247E-08  6.6830E-05   2.807E+06     455- 457     6440
Rovibration_vJ|8[9]         -Rovibration_vJ|9[8]             4.3286E-05  1.1650E+02   5.263E+04     455- 514     6441
Rovibration_vJ|8[9]         -Rovibration_vJ|9[10]            4.9547E-05  1.1570E+02   5.084E+04     455- 518     6442
Rovibration_vJ|8[9]         -Rovibration_vJ|10[8]            1.8833E-06  2.0340E+01   2.627E+04     455- 575     6443
Rovibration_vJ|8[9]         -Rovibration_vJ|10[10]           2.3136E-06  2.0940E+01   2.582E+04     455- 579     6444
Rovibration_vJ|7[34]        -Rovibration_vJ|7[35]            2.2715E-07  2.2990E-03   8.003E+05     456- 462     6445
Rovibration_vJ|7[34]        -Rovibration_vJ|8[33]            3.8893E-05  8.8330E+01   5.500E+04     456- 510     6446
Rovibration_vJ|7[34]        -Rovibration_vJ|8[35]            4.4760E-05  1.2340E+02   4.849E+04     456- 522     6447
Rovibration_vJ|7[34]        -Rovibration_vJ|9[33]            1.3776E-06  1.3180E+01   2.680E+04     456- 571     6448
Rovibration_vJ|7[34]        -Rovibration_vJ|9[35]            2.0498E-06  2.0980E+01   2.517E+04     456- 583     6449
Rovibration_vJ|7[34]        -Rovibration_vJ|10[33]           3.0191E-08  6.5500E-01   1.779E+04     456- 626     6450
Rovibration_vJ|7[34]        -Rovibration_vJ|10[35]           6.3453E-08  1.4120E+00   1.707E+04     456- 631     6451
Rovibration_vJ|8[10]        -Rovibration_vJ|8[11]            9.6016E-08  8.9780E-05   2.552E+06     457- 458     6452
Rovibration_vJ|8[10]        -Rovibration_vJ|9[9]             4.3422E-05  1.1510E+02   5.274E+04     457- 516     6453
Rovibration_vJ|8[10]        -Rovibration_vJ|9[11]            4.9405E-05  1.1680E+02   5.076E+04     457- 519     6454
Rovibration_vJ|8[10]        -Rovibration_vJ|10[9]            1.8832E-06  2.0070E+01   2.630E+04     457- 577     6455
Rovibration_vJ|8[10]        -Rovibration_vJ|10[11]           2.3156E-06  2.1180E+01   2.580E+04     457- 580     6456
Rovibration_vJ|8[11]        -Rovibration_vJ|8[12]            1.0491E-07  1.1760E-04   2.340E+06     458- 460     6457
Rovibration_vJ|8[11]        -Rovibration_vJ|9[10]            4.3542E-05  1.1390E+02   5.285E+04     458- 518     6458
Rovibration_vJ|8[11]        -Rovibration_vJ|9[12]            4.9252E-05  1.1770E+02   5.067E+04     458- 521     6459
Rovibration_vJ|8[11]        -Rovibration_vJ|10[10]           1.8819E-06  1.9830E+01   2.633E+04     458- 579     6460
Rovibration_vJ|8[11]        -Rovibration_vJ|10[12]           2.3187E-06  2.1400E+01   2.579E+04     458- 581     6461
Rovibration_vJ|5[58]        -Rovibration_vJ|5[59]            1.8621E-07  5.4640E-03   4.728E+05     459- 467     6462
Rovibration_vJ|5[58]        -Rovibration_vJ|6[57]            2.8562E-05  5.9060E+01   5.729E+04     459- 511     6463
Rovibration_vJ|5[58]        -Rovibration_vJ|6[59]            3.5358E-05  1.0830E+02   4.627E+04     459- 528     6464
Rovibration_vJ|5[58]        -Rovibration_vJ|7[57]            7.1516E-07  6.5480E+00   2.722E+04     459- 573     6465
Rovibration_vJ|5[58]        -Rovibration_vJ|7[59]            1.3709E-06  1.5000E+01   2.448E+04     459- 591     6466
Rovibration_vJ|5[58]        -Rovibration_vJ|8[57]            1.0602E-08  2.2360E-01   1.794E+04     459- 627     6467
Rovibration_vJ|5[58]        -Rovibration_vJ|8[59]            3.7217E-08  8.7340E-01   1.672E+04     459- 635     6468
Rovibration_vJ|5[58]        -Rovibration_vJ|9[57]            5.4052E-11  2.0360E-03   1.342E+04     459- 654     6469
Rovibration_vJ|5[58]        -Rovibration_vJ|9[59]            8.5814E-10  3.4710E-02   1.273E+04     459- 659     6470
Rovibration_vJ|5[58]        -Rovibration_vJ|10[57]           2.1979E-12  1.2900E-04   1.075E+04     459- 668     6471
Rovibration_vJ|5[58]        -Rovibration_vJ|10[59]           1.4266E-11  8.8010E-04   1.031E+04     459- 670     6472
Rovibration_vJ|8[12]        -Rovibration_vJ|8[13]            1.1394E-07  1.5080E-04   2.160E+06     460- 463     6473
Rovibration_vJ|8[12]        -Rovibration_vJ|9[11]            4.3632E-05  1.1280E+02   5.296E+04     460- 519     6474
Rovibration_vJ|8[12]        -Rovibration_vJ|9[13]            4.9198E-05  1.1870E+02   5.060E+04     460- 524     6475
Rovibration_vJ|8[12]        -Rovibration_vJ|10[11]           1.8795E-06  1.9610E+01   2.636E+04     460- 580     6476
Rovibration_vJ|8[12]        -Rovibration_vJ|10[13]           2.3244E-06  2.1620E+01   2.577E+04     460- 584     6477
Rovibration_vJ|6[48]        -Rovibration_vJ|6[49]            2.2650E-07  4.5460E-03   5.706E+05     461- 468     6478
Rovibration_vJ|6[48]        -Rovibration_vJ|7[47]            3.3773E-05  7.2400E+01   5.636E+04     461- 515     6479
Rovibration_vJ|6[48]        -Rovibration_vJ|7[49]            4.0427E-05  1.1850E+02   4.722E+04     461- 530     6480
Rovibration_vJ|6[48]        -Rovibration_vJ|8[47]            1.0025E-06  9.3170E+00   2.707E+04     461- 576     6481
Rovibration_vJ|6[48]        -Rovibration_vJ|8[49]            1.7233E-06  1.8330E+01   2.479E+04     461- 590     6482
Rovibration_vJ|6[48]        -Rovibration_vJ|9[47]            1.8043E-08  3.8370E-01   1.790E+04     461- 628     6483
Rovibration_vJ|6[48]        -Rovibration_vJ|9[49]            5.0781E-08  1.1650E+00   1.688E+04     461- 634     6484
Rovibration_vJ|6[48]        -Rovibration_vJ|10[47]           1.3766E-10  5.2120E-03   1.341E+04     461- 655     6485
Rovibration_vJ|6[48]        -Rovibration_vJ|10[49]           1.2286E-09  4.8720E-02   1.284E+04     461- 658     6486
Rovibration_vJ|7[35]        -Rovibration_vJ|7[36]            2.3819E-07  2.5500E-03   7.784E+05     462- 465     6487
Rovibration_vJ|7[35]        -Rovibration_vJ|8[34]            3.8835E-05  8.7670E+01   5.514E+04     462- 517     6488
Rovibration_vJ|7[35]        -Rovibration_vJ|8[36]            4.4808E-05  1.2390E+02   4.844E+04     462- 527     6489
Rovibration_vJ|7[35]        -Rovibration_vJ|9[34]            1.3726E-06  1.3080E+01   2.684E+04     462- 578     6490
Rovibration_vJ|7[35]        -Rovibration_vJ|9[36]            2.0618E-06  2.1130E+01   2.516E+04     462- 588     6491
Rovibration_vJ|7[35]        -Rovibration_vJ|10[34]           2.9955E-08  6.4770E-01   1.782E+04     462- 629     6492
Rovibration_vJ|7[35]        -Rovibration_vJ|10[36]           6.4172E-08  1.4290E+00   1.707E+04     462- 633     6493
Rovibration_vJ|8[13]        -Rovibration_vJ|8[14]            1.2321E-07  1.9010E-04   2.006E+06     463- 464     6494
Rovibration_vJ|8[13]        -Rovibration_vJ|9[12]            4.3668E-05  1.1170E+02   5.307E+04     463- 521     6495
Rovibration_vJ|8[13]        -Rovibration_vJ|9[14]            4.9106E-05  1.1950E+02   5.052E+04     463- 525     6496
Rovibration_vJ|8[13]        -Rovibration_vJ|10[12]           1.8757E-06  1.9400E+01   2.639E+04     463- 581     6497
Rovibration_vJ|8[13]        -Rovibration_vJ|10[14]           2.3310E-06  2.1830E+01   2.575E+04     463- 586     6498
Rovibration_vJ|8[14]        -Rovibration_vJ|8[15]            1.3255E-07  2.3580E-04   1.873E+06     464- 466     6499
Rovibration_vJ|8[14]        -Rovibration_vJ|9[13]            4.3741E-05  1.1080E+02   5.318E+04     464- 524     6500
Rovibration_vJ|8[14]        -Rovibration_vJ|9[15]            4.9049E-05  1.2030E+02   5.044E+04     464- 526     6501
Rovibration_vJ|8[14]        -Rovibration_vJ|10[13]           1.8710E-06  1.9200E+01   2.642E+04     464- 584     6502
Rovibration_vJ|8[14]        -Rovibration_vJ|10[15]           2.3381E-06  2.2030E+01   2.573E+04     464- 587     6503
Rovibration_vJ|7[36]        -Rovibration_vJ|7[37]            2.4969E-07  2.8230E-03   7.578E+05     465- 471     6504
Rovibration_vJ|7[36]        -Rovibration_vJ|8[35]            3.8775E-05  8.7010E+01   5.528E+04     465- 522     6505
Rovibration_vJ|7[36]        -Rovibration_vJ|8[37]            4.4823E-05  1.2430E+02   4.839E+04     465- 532     6506
Rovibration_vJ|7[36]        -Rovibration_vJ|9[35]            1.3665E-06  1.2970E+01   2.688E+04     465- 583     6507
Rovibration_vJ|7[36]        -Rovibration_vJ|9[37]            2.0729E-06  2.1270E+01   2.515E+04     465- 593     6508
Rovibration_vJ|7[36]        -Rovibration_vJ|10[35]           2.9721E-08  6.4050E-01   1.784E+04     465- 631     6509
Rovibration_vJ|7[36]        -Rovibration_vJ|10[37]           6.4895E-08  1.4460E+00   1.707E+04     465- 636     6510
Rovibration_vJ|8[15]        -Rovibration_vJ|8[16]            1.4215E-07  2.8880E-04   1.756E+06     466- 469     6511
Rovibration_vJ|8[15]        -Rovibration_vJ|9[14]            4.3741E-05  1.0980E+02   5.330E+04     466- 525     6512
Rovibration_vJ|8[15]        -Rovibration_vJ|9[16]            4.9022E-05  1.2110E+02   5.036E+04     466- 529     6513
Rovibration_vJ|8[15]        -Rovibration_vJ|10[14]           1.8668E-06  1.9020E+01   2.645E+04     466- 586     6514
Rovibration_vJ|8[15]        -Rovibration_vJ|10[16]           2.3466E-06  2.2230E+01   2.572E+04     466- 589     6515
Rovibration_vJ|5[59]        -Rovibration_vJ|5[60]            1.9841E-07  6.0130E-03   4.653E+05     467- 475     6516
Rovibration_vJ|5[59]        -Rovibration_vJ|6[58]            2.8506E-05  5.8560E+01   5.747E+04     467- 520     6517
Rovibration_vJ|5[59]        -Rovibration_vJ|6[60]            3.5371E-05  1.0850E+02   4.624E+04     467- 536     6518
Rovibration_vJ|5[59]        -Rovibration_vJ|7[58]            7.1270E-07  6.4970E+00   2.728E+04     467- 582     6519
Rovibration_vJ|5[59]        -Rovibration_vJ|7[60]            1.3802E-06  1.5100E+01   2.449E+04     467- 598     6520
Rovibration_vJ|5[59]        -Rovibration_vJ|8[58]            1.0532E-08  2.2130E-01   1.797E+04     467- 630     6521
Rovibration_vJ|5[59]        -Rovibration_vJ|8[60]            3.7690E-08  8.8390E-01   1.672E+04     467- 639     6522
Rovibration_vJ|5[59]        -Rovibration_vJ|9[58]            5.2851E-11  1.9840E-03   1.344E+04     467- 656     6523
Rovibration_vJ|5[59]        -Rovibration_vJ|9[60]            8.7705E-10  3.5440E-02   1.274E+04     467- 661     6524
Rovibration_vJ|5[59]        -Rovibration_vJ|10[58]           2.2648E-12  1.3250E-04   1.077E+04     467- 669     6525
Rovibration_vJ|5[59]        -Rovibration_vJ|10[60]           1.4872E-11  9.1640E-04   1.032E+04     467- 671     6526
Rovibration_vJ|6[49]        -Rovibration_vJ|6[50]            2.3861E-07  4.9820E-03   5.596E+05     468- 473     6527
Rovibration_vJ|6[49]        -Rovibration_vJ|7[48]            3.3711E-05  7.1820E+01   5.653E+04     468- 523     6528
Rovibration_vJ|6[49]        -Rovibration_vJ|7[50]            4.0482E-05  1.1890E+02   4.718E+04     468- 534     6529
Rovibration_vJ|6[49]        -Rovibration_vJ|8[48]            9.9864E-07  9.2430E+00   2.712E+04     468- 585     6530
Rovibration_vJ|6[49]        -Rovibration_vJ|8[50]            1.7339E-06  1.8450E+01   2.479E+04     468- 596     6531
Rovibration_vJ|6[49]        -Rovibration_vJ|9[48]            1.7912E-08  3.7960E-01   1.792E+04     468- 632     6532
Rovibration_vJ|6[49]        -Rovibration_vJ|9[50]            5.1401E-08  1.1790E+00   1.688E+04     468- 637     6533
Rovibration_vJ|6[49]        -Rovibration_vJ|10[48]           1.3476E-10  5.0860E-03   1.343E+04     468- 657     6534
Rovibration_vJ|6[49]        -Rovibration_vJ|10[50]           1.2552E-09  4.9750E-02   1.284E+04     468- 660     6535
Rovibration_vJ|8[16]        -Rovibration_vJ|8[17]            1.5194E-07  3.4960E-04   1.653E+06     469- 470     6536
Rovibration_vJ|8[16]        -Rovibration_vJ|9[15]            4.3754E-05  1.0890E+02   5.341E+04     469- 526     6537
Rovibration_vJ|8[16]        -Rovibration_vJ|9[17]            4.8979E-05  1.2180E+02   5.029E+04     469- 531     6538
Rovibration_vJ|8[16]        -Rovibration_vJ|10[15]           1.8614E-06  1.8840E+01   2.649E+04     469- 587     6539
Rovibration_vJ|8[16]        -Rovibration_vJ|10[17]           2.3551E-06  2.2420E+01   2.570E+04     469- 592     6540
Rovibration_vJ|8[17]        -Rovibration_vJ|8[18]            1.6198E-07  4.1900E-04   1.562E+06     470- 472     6541
Rovibration_vJ|8[17]        -Rovibration_vJ|9[16]            4.3744E-05  1.0800E+02   5.353E+04     470- 529     6542
Rovibration_vJ|8[17]        -Rovibration_vJ|9[18]            4.8996E-05  1.2260E+02   5.022E+04     470- 533     6543
Rovibration_vJ|8[17]        -Rovibration_vJ|10[16]           1.8550E-06  1.8660E+01   2.652E+04     470- 589     6544
Rovibration_vJ|8[17]        -Rovibration_vJ|10[18]           2.3645E-06  2.2610E+01   2.569E+04     470- 594     6545
Rovibration_vJ|7[37]        -Rovibration_vJ|7[38]            2.6162E-07  3.1190E-03   7.382E+05     471- 476     6546
Rovibration_vJ|7[37]        -Rovibration_vJ|8[36]            3.8714E-05  8.6350E+01   5.543E+04     471- 527     6547
Rovibration_vJ|7[37]        -Rovibration_vJ|8[38]            4.4877E-05  1.2480E+02   4.834E+04     471- 537     6548
Rovibration_vJ|7[37]        -Rovibration_vJ|9[36]            1.3614E-06  1.2870E+01   2.692E+04     471- 588     6549
Rovibration_vJ|7[37]        -Rovibration_vJ|9[38]            2.0852E-06  2.1420E+01   2.515E+04     471- 597     6550
Rovibration_vJ|7[37]        -Rovibration_vJ|10[36]           2.9490E-08  6.3340E-01   1.786E+04     471- 633     6551
Rovibration_vJ|7[37]        -Rovibration_vJ|10[38]           6.5667E-08  1.4640E+00   1.707E+04     471- 638     6552
Rovibration_vJ|8[18]        -Rovibration_vJ|8[19]            1.7223E-07  4.9760E-04   1.480E+06     472- 474     6553
Rovibration_vJ|8[18]        -Rovibration_vJ|9[17]            4.3755E-05  1.0720E+02   5.365E+04     472- 531     6554
Rovibration_vJ|8[18]        -Rovibration_vJ|9[19]            4.8990E-05  1.2330E+02   5.014E+04     472- 535     6555
Rovibration_vJ|8[18]        -Rovibration_vJ|10[17]           1.8497E-06  1.8500E+01   2.655E+04     472- 592     6556
Rovibration_vJ|8[18]        -Rovibration_vJ|10[19]           2.3737E-06  2.2790E+01   2.567E+04     472- 595     6557
Rovibration_vJ|6[50]        -Rovibration_vJ|6[51]            2.5137E-07  5.4550E-03   5.490E+05     473- 479     6558
Rovibration_vJ|6[50]        -Rovibration_vJ|7[49]            3.3645E-05  7.1230E+01   5.669E+04     473- 530     6559
Rovibration_vJ|6[50]        -Rovibration_vJ|7[51]            4.0505E-05  1.1920E+02   4.714E+04     473- 541     6560
Rovibration_vJ|6[50]        -Rovibration_vJ|8[49]            9.9498E-07  9.1710E+00   2.717E+04     473- 590     6561
Rovibration_vJ|6[50]        -Rovibration_vJ|8[51]            1.7446E-06  1.8570E+01   2.479E+04     473- 602     6562
Rovibration_vJ|6[50]        -Rovibration_vJ|9[49]            1.7785E-08  3.7560E-01   1.795E+04     473- 634     6563
Rovibration_vJ|6[50]        -Rovibration_vJ|9[51]            5.2025E-08  1.1930E+00   1.689E+04     473- 641     6564
Rovibration_vJ|6[50]        -Rovibration_vJ|10[49]           1.3194E-10  4.9640E-03   1.345E+04     473- 658     6565
Rovibration_vJ|6[50]        -Rovibration_vJ|10[51]           1.2822E-09  5.0790E-02   1.285E+04     473- 662     6566
Rovibration_vJ|8[19]        -Rovibration_vJ|8[20]            1.8270E-07  5.8610E-04   1.406E+06     474- 477     6567
Rovibration_vJ|8[19]        -Rovibration_vJ|9[18]            4.3752E-05  1.0640E+02   5.377E+04     474- 533     6568
Rovibration_vJ|8[19]        -Rovibration_vJ|9[20]            4.8959E-05  1.2390E+02   5.007E+04     474- 538     6569
Rovibration_vJ|8[19]        -Rovibration_vJ|10[18]           1.8428E-06  1.8330E+01   2.659E+04     474- 594     6570
Rovibration_vJ|8[19]        -Rovibration_vJ|10[20]           2.3846E-06  2.2980E+01   2.566E+04     474- 599     6571
Rovibration_vJ|5[60]        -Rovibration_vJ|6[59]            2.8444E-05  5.8050E+01   5.765E+04     475- 528     6572
Rovibration_vJ|5[60]        -Rovibration_vJ|7[59]            7.1022E-07  6.4460E+00   2.734E+04     475- 591     6573
Rovibration_vJ|5[60]        -Rovibration_vJ|8[59]            1.0462E-08  2.1900E-01   1.800E+04     475- 635     6574
Rovibration_vJ|5[60]        -Rovibration_vJ|9[59]            5.1669E-11  1.9330E-03   1.346E+04     475- 659     6575
Rovibration_vJ|5[60]        -Rovibration_vJ|10[59]           2.3305E-12  1.3590E-04   1.078E+04     475- 670     6576
Rovibration_vJ|7[38]        -Rovibration_vJ|7[39]            2.7404E-07  3.4400E-03   7.197E+05     476- 480     6577
Rovibration_vJ|7[38]        -Rovibration_vJ|8[37]            3.8650E-05  8.5690E+01   5.558E+04     476- 532     6578
Rovibration_vJ|7[38]        -Rovibration_vJ|8[39]            4.4899E-05  1.2520E+02   4.829E+04     476- 540     6579
Rovibration_vJ|7[38]        -Rovibration_vJ|9[37]            1.3562E-06  1.2770E+01   2.697E+04     476- 593     6580
Rovibration_vJ|7[38]        -Rovibration_vJ|9[39]            2.0966E-06  2.1560E+01   2.514E+04     476- 601     6581
Rovibration_vJ|7[38]        -Rovibration_vJ|10[37]           2.9262E-08  6.2640E-01   1.789E+04     476- 636     6582
Rovibration_vJ|7[38]        -Rovibration_vJ|10[39]           6.6398E-08  1.4810E+00   1.707E+04     476- 640     6583
Rovibration_vJ|8[20]        -Rovibration_vJ|8[21]            1.9347E-07  6.8550E-04   1.340E+06     477- 478     6584
Rovibration_vJ|8[20]        -Rovibration_vJ|9[19]            4.3693E-05  1.0550E+02   5.389E+04     477- 535     6585
Rovibration_vJ|8[20]        -Rovibration_vJ|9[21]            4.8981E-05  1.2460E+02   5.000E+04     477- 539     6586
Rovibration_vJ|8[20]        -Rovibration_vJ|10[19]           1.8363E-06  1.8170E+01   2.662E+04     477- 595     6587
Rovibration_vJ|8[20]        -Rovibration_vJ|10[21]           2.3950E-06  2.3160E+01   2.565E+04     477- 600     6588
Rovibration_vJ|8[21]        -Rovibration_vJ|8[22]            2.0450E-07  7.9650E-04   1.279E+06     478- 481     6589
Rovibration_vJ|8[21]        -Rovibration_vJ|9[20]            4.3706E-05  1.0480E+02   5.401E+04     478- 538     6590
Rovibration_vJ|8[21]        -Rovibration_vJ|9[22]            4.8975E-05  1.2520E+02   4.993E+04     478- 542     6591
Rovibration_vJ|8[21]        -Rovibration_vJ|10[20]           1.8303E-06  1.8020E+01   2.666E+04     478- 599     6592
Rovibration_vJ|8[21]        -Rovibration_vJ|10[22]           2.4059E-06  2.3340E+01   2.563E+04     478- 603     6593
Rovibration_vJ|6[51]        -Rovibration_vJ|6[52]            2.6467E-07  5.9650E-03   5.388E+05     479- 484     6594
Rovibration_vJ|6[51]        -Rovibration_vJ|7[50]            3.3581E-05  7.0650E+01   5.686E+04     479- 534     6595
Rovibration_vJ|6[51]        -Rovibration_vJ|7[52]            4.0529E-05  1.1950E+02   4.711E+04     479- 545     6596
Rovibration_vJ|6[51]        -Rovibration_vJ|8[50]            9.9130E-07  9.0990E+00   2.722E+04     479- 596     6597
Rovibration_vJ|6[51]        -Rovibration_vJ|8[52]            1.7554E-06  1.8690E+01   2.479E+04     479- 606     6598
Rovibration_vJ|6[51]        -Rovibration_vJ|9[50]            1.7658E-08  3.7160E-01   1.798E+04     479- 637     6599
Rovibration_vJ|6[51]        -Rovibration_vJ|9[52]            5.2652E-08  1.2070E+00   1.689E+04     479- 643     6600
Rovibration_vJ|6[51]        -Rovibration_vJ|10[50]           1.2919E-10  4.8450E-03   1.347E+04     479- 660     6601
Rovibration_vJ|6[51]        -Rovibration_vJ|10[52]           1.3100E-09  5.1860E-02   1.286E+04     479- 663     6602
Rovibration_vJ|7[39]        -Rovibration_vJ|7[40]            2.8692E-07  3.7870E-03   7.021E+05     480- 482     6603
Rovibration_vJ|7[39]        -Rovibration_vJ|8[38]            3.8585E-05  8.5030E+01   5.573E+04     480- 537     6604
Rovibration_vJ|7[39]        -Rovibration_vJ|8[40]            4.4958E-05  1.2570E+02   4.824E+04     480- 544     6605
Rovibration_vJ|7[39]        -Rovibration_vJ|9[38]            1.3510E-06  1.2670E+01   2.701E+04     480- 597     6606
Rovibration_vJ|7[39]        -Rovibration_vJ|9[40]            2.1091E-06  2.1710E+01   2.514E+04     480- 605     6607
Rovibration_vJ|7[39]        -Rovibration_vJ|10[38]           2.9037E-08  6.1950E-01   1.791E+04     480- 638     6608
Rovibration_vJ|7[39]        -Rovibration_vJ|10[40]           6.7179E-08  1.4990E+00   1.707E+04     480- 642     6609
Rovibration_vJ|8[22]        -Rovibration_vJ|8[23]            2.1582E-07  9.2000E-04   1.224E+06     481- 483     6610
Rovibration_vJ|8[22]        -Rovibration_vJ|9[21]            4.3667E-05  1.0400E+02   5.414E+04     481- 539     6611
Rovibration_vJ|8[22]        -Rovibration_vJ|9[23]            4.9019E-05  1.2590E+02   4.986E+04     481- 543     6612
Rovibration_vJ|8[22]        -Rovibration_vJ|10[21]           1.8228E-06  1.7860E+01   2.669E+04     481- 600     6613
Rovibration_vJ|8[22]        -Rovibration_vJ|10[23]           2.4173E-06  2.3520E+01   2.562E+04     481- 604     6614
Rovibration_vJ|7[40]        -Rovibration_vJ|7[41]            3.0036E-07  4.1630E-03   6.853E+05     482- 486     6615
Rovibration_vJ|7[40]        -Rovibration_vJ|8[39]            3.8523E-05  8.4380E+01   5.588E+04     482- 540     6616
Rovibration_vJ|7[40]        -Rovibration_vJ|8[41]            4.4985E-05  1.2610E+02   4.819E+04     482- 547     6617
Rovibration_vJ|7[40]        -Rovibration_vJ|9[39]            1.3457E-06  1.2570E+01   2.706E+04     482- 601     6618
Rovibration_vJ|7[40]        -Rovibration_vJ|9[41]            2.1217E-06  2.1860E+01   2.514E+04     482- 608     6619
Rovibration_vJ|7[40]        -Rovibration_vJ|10[39]           2.8815E-08  6.1270E-01   1.793E+04     482- 640     6620
Rovibration_vJ|7[40]        -Rovibration_vJ|10[41]           6.7963E-08  1.5170E+00   1.708E+04     482- 644     6621
Rovibration_vJ|8[23]        -Rovibration_vJ|8[24]            2.2746E-07  1.0570E-03   1.173E+06     483- 485     6622
Rovibration_vJ|8[23]        -Rovibration_vJ|9[22]            4.3620E-05  1.0320E+02   5.426E+04     483- 542     6623
Rovibration_vJ|8[23]        -Rovibration_vJ|9[24]            4.9032E-05  1.2650E+02   4.980E+04     483- 546     6624
Rovibration_vJ|8[23]        -Rovibration_vJ|10[22]           1.8160E-06  1.7710E+01   2.673E+04     483- 603     6625
Rovibration_vJ|8[23]        -Rovibration_vJ|10[24]           2.4291E-06  2.3700E+01   2.561E+04     483- 607     6626
Rovibration_vJ|6[52]        -Rovibration_vJ|6[53]            2.7865E-07  6.5170E-03   5.290E+05     484- 488     6627
Rovibration_vJ|6[52]        -Rovibration_vJ|7[51]            3.3517E-05  7.0070E+01   5.703E+04     484- 541     6628
Rovibration_vJ|6[52]        -Rovibration_vJ|7[53]            4.0556E-05  1.1980E+02   4.707E+04     484- 549     6629
Rovibration_vJ|6[52]        -Rovibration_vJ|8[51]            9.8759E-07  9.0270E+00   2.727E+04     484- 602     6630
Rovibration_vJ|6[52]        -Rovibration_vJ|8[53]            1.7662E-06  1.8810E+01   2.479E+04     484- 610     6631
Rovibration_vJ|6[52]        -Rovibration_vJ|9[51]            1.7534E-08  3.6770E-01   1.801E+04     484- 641     6632
Rovibration_vJ|6[52]        -Rovibration_vJ|9[53]            5.3325E-08  1.2220E+00   1.690E+04     484- 645     6633
Rovibration_vJ|6[52]        -Rovibration_vJ|10[51]           1.2651E-10  4.7290E-03   1.349E+04     484- 662     6634
Rovibration_vJ|6[52]        -Rovibration_vJ|10[53]           1.3382E-09  5.2940E-02   1.286E+04     484- 664     6635
Rovibration_vJ|8[24]        -Rovibration_vJ|8[25]            2.3934E-07  1.2080E-03   1.127E+06     485- 487     6636
Rovibration_vJ|8[24]        -Rovibration_vJ|9[23]            4.3565E-05  1.0240E+02   5.439E+04     485- 543     6637
Rovibration_vJ|8[24]        -Rovibration_vJ|9[25]            4.9053E-05  1.2710E+02   4.973E+04     485- 548     6638
Rovibration_vJ|8[24]        -Rovibration_vJ|10[23]           1.8099E-06  1.7570E+01   2.676E+04     485- 604     6639
Rovibration_vJ|8[24]        -Rovibration_vJ|10[25]           2.4413E-06  2.3880E+01   2.560E+04     485- 609     6640
Rovibration_vJ|7[41]        -Rovibration_vJ|7[42]            3.1432E-07  4.5690E-03   6.694E+05     486- 490     6641
Rovibration_vJ|7[41]        -Rovibration_vJ|8[40]            3.8454E-05  8.3720E+01   5.603E+04     486- 544     6642
Rovibration_vJ|7[41]        -Rovibration_vJ|8[42]            4.5015E-05  1.2650E+02   4.814E+04     486- 551     6643
Rovibration_vJ|7[41]        -Rovibration_vJ|9[40]            1.3403E-06  1.2470E+01   2.710E+04     486- 605     6644
Rovibration_vJ|7[41]        -Rovibration_vJ|9[42]            2.1335E-06  2.2000E+01   2.513E+04     486- 612     6645
Rovibration_vJ|7[41]        -Rovibration_vJ|10[40]           2.8601E-08  6.0610E-01   1.796E+04     486- 642     6646
Rovibration_vJ|7[41]        -Rovibration_vJ|10[42]           6.8751E-08  1.5350E+00   1.708E+04     486- 646     6647
Rovibration_vJ|8[25]        -Rovibration_vJ|8[26]            2.5166E-07  1.3750E-03   1.084E+06     487- 489     6648
Rovibration_vJ|8[25]        -Rovibration_vJ|9[24]            4.3546E-05  1.0170E+02   5.452E+04     487- 546     6649
Rovibration_vJ|8[25]        -Rovibration_vJ|9[26]            4.9081E-05  1.2770E+02   4.967E+04     487- 550     6650
Rovibration_vJ|8[25]        -Rovibration_vJ|10[24]           1.8024E-06  1.7420E+01   2.680E+04     487- 607     6651
Rovibration_vJ|8[25]        -Rovibration_vJ|10[26]           2.4537E-06  2.4060E+01   2.558E+04     487- 611     6652
Rovibration_vJ|6[53]        -Rovibration_vJ|6[54]            2.9326E-07  7.1120E-03   5.196E+05     488- 492     6653
Rovibration_vJ|6[53]        -Rovibration_vJ|7[52]            3.3457E-05  6.9500E+01   5.720E+04     488- 545     6654
Rovibration_vJ|6[53]        -Rovibration_vJ|7[54]            4.0618E-05  1.2020E+02   4.704E+04     488- 553     6655
Rovibration_vJ|6[53]        -Rovibration_vJ|8[52]            9.8397E-07  8.9560E+00   2.733E+04     488- 606     6656
Rovibration_vJ|6[53]        -Rovibration_vJ|8[54]            1.7772E-06  1.8930E+01   2.479E+04     488- 614     6657
Rovibration_vJ|6[53]        -Rovibration_vJ|9[52]            1.7415E-08  3.6390E-01   1.804E+04     488- 643     6658
Rovibration_vJ|6[53]        -Rovibration_vJ|9[54]            5.3958E-08  1.2360E+00   1.691E+04     488- 647     6659
Rovibration_vJ|6[53]        -Rovibration_vJ|10[52]           1.2389E-10  4.6160E-03   1.351E+04     488- 663     6660
Rovibration_vJ|6[53]        -Rovibration_vJ|10[54]           1.3669E-09  5.4040E-02   1.287E+04     488- 665     6661
Rovibration_vJ|8[26]        -Rovibration_vJ|8[27]            2.6441E-07  1.5590E-03   1.044E+06     489- 491     6662
Rovibration_vJ|8[26]        -Rovibration_vJ|9[25]            4.3478E-05  1.0090E+02   5.465E+04     489- 548     6663
Rovibration_vJ|8[26]        -Rovibration_vJ|9[27]            4.9078E-05  1.2820E+02   4.961E+04     489- 552     6664
Rovibration_vJ|8[26]        -Rovibration_vJ|10[25]           1.7958E-06  1.7280E+01   2.684E+04     489- 609     6665
Rovibration_vJ|8[26]        -Rovibration_vJ|10[27]           2.4655E-06  2.4230E+01   2.557E+04     489- 613     6666
Rovibration_vJ|7[42]        -Rovibration_vJ|7[43]            3.2881E-07  5.0070E-03   6.542E+05     490- 493     6667
Rovibration_vJ|7[42]        -Rovibration_vJ|8[41]            3.8389E-05  8.3070E+01   5.618E+04     490- 547     6668
Rovibration_vJ|7[42]        -Rovibration_vJ|8[43]            4.5047E-05  1.2690E+02   4.810E+04     490- 554     6669
Rovibration_vJ|7[42]        -Rovibration_vJ|9[41]            1.3349E-06  1.2370E+01   2.715E+04     490- 608     6670
Rovibration_vJ|7[42]        -Rovibration_vJ|9[43]            2.1463E-06  2.2150E+01   2.513E+04     490- 615     6671
Rovibration_vJ|7[42]        -Rovibration_vJ|10[41]           2.8385E-08  5.9950E-01   1.798E+04     490- 644     6672
Rovibration_vJ|7[42]        -Rovibration_vJ|10[43]           6.9589E-08  1.5540E+00   1.708E+04     490- 648     6673
Rovibration_vJ|8[27]        -Rovibration_vJ|8[28]            2.7740E-07  1.7600E-03   1.007E+06     491- 494     6674
Rovibration_vJ|8[27]        -Rovibration_vJ|9[26]            4.3447E-05  1.0020E+02   5.479E+04     491- 550     6675
Rovibration_vJ|8[27]        -Rovibration_vJ|9[28]            4.9119E-05  1.2880E+02   4.954E+04     491- 555     6676
Rovibration_vJ|8[27]        -Rovibration_vJ|10[26]           1.7889E-06  1.7140E+01   2.688E+04     491- 611     6677
Rovibration_vJ|8[27]        -Rovibration_vJ|10[28]           2.4786E-06  2.4410E+01   2.556E+04     491- 616     6678
Rovibration_vJ|6[54]        -Rovibration_vJ|6[55]            3.0857E-07  7.7540E-03   5.105E+05     492- 497     6679
Rovibration_vJ|6[54]        -Rovibration_vJ|7[53]            3.3391E-05  6.8920E+01   5.738E+04     492- 549     6680
Rovibration_vJ|6[54]        -Rovibration_vJ|7[55]            4.0649E-05  1.2050E+02   4.701E+04     492- 558     6681
Rovibration_vJ|6[54]        -Rovibration_vJ|8[53]            9.8044E-07  8.8860E+00   2.738E+04     492- 610     6682
Rovibration_vJ|6[54]        -Rovibration_vJ|8[55]            1.7882E-06  1.9050E+01   2.480E+04     492- 619     6683
Rovibration_vJ|6[54]        -Rovibration_vJ|9[53]            1.7300E-08  3.6020E-01   1.807E+04     492- 645     6684
Rovibration_vJ|6[54]        -Rovibration_vJ|9[55]            5.4638E-08  1.2510E+00   1.691E+04     492- 650     6685
Rovibration_vJ|6[54]        -Rovibration_vJ|10[53]           1.2136E-10  4.5070E-03   1.353E+04     492- 664     6686
Rovibration_vJ|6[54]        -Rovibration_vJ|10[55]           1.3966E-09  5.5170E-02   1.288E+04     492- 666     6687
Rovibration_vJ|7[43]        -Rovibration_vJ|7[44]            3.4393E-07  5.4800E-03   6.397E+05     493- 496     6688
Rovibration_vJ|7[43]        -Rovibration_vJ|8[42]            3.8322E-05  8.2420E+01   5.634E+04     493- 551     6689
Rovibration_vJ|7[43]        -Rovibration_vJ|8[44]            4.5081E-05  1.2730E+02   4.805E+04     493- 557     6690
Rovibration_vJ|7[43]        -Rovibration_vJ|9[42]            1.3295E-06  1.2270E+01   2.720E+04     493- 612     6691
Rovibration_vJ|7[43]        -Rovibration_vJ|9[44]            2.1584E-06  2.2290E+01   2.513E+04     493- 618     6692
Rovibration_vJ|7[43]        -Rovibration_vJ|10[42]           2.8177E-08  5.9310E-01   1.801E+04     493- 646     6693
Rovibration_vJ|7[43]        -Rovibration_vJ|10[44]           7.0386E-08  1.5720E+00   1.709E+04     493- 649     6694
Rovibration_vJ|8[28]        -Rovibration_vJ|8[29]            2.9080E-07  1.9800E-03   9.729E+05     494- 495     6695
Rovibration_vJ|8[28]        -Rovibration_vJ|9[27]            4.3378E-05  9.9420E+01   5.492E+04     494- 552     6696
Rovibration_vJ|8[28]        -Rovibration_vJ|9[29]            4.9166E-05  1.2940E+02   4.948E+04     494- 556     6697
Rovibration_vJ|8[28]        -Rovibration_vJ|10[27]           1.7818E-06  1.7000E+01   2.692E+04     494- 613     6698
Rovibration_vJ|8[28]        -Rovibration_vJ|10[29]           2.4919E-06  2.4590E+01   2.555E+04     494- 617     6699
Rovibration_vJ|8[29]        -Rovibration_vJ|8[30]            3.0471E-07  2.2210E-03   9.408E+05     495- 498     6700
Rovibration_vJ|8[29]        -Rovibration_vJ|9[28]            4.3321E-05  9.8680E+01   5.505E+04     495- 555     6701
Rovibration_vJ|8[29]        -Rovibration_vJ|9[30]            4.9179E-05  1.2990E+02   4.942E+04     495- 559     6702
Rovibration_vJ|8[29]        -Rovibration_vJ|10[28]           1.7745E-06  1.6860E+01   2.696E+04     495- 616     6703
Rovibration_vJ|8[29]        -Rovibration_vJ|10[30]           2.5045E-06  2.4760E+01   2.555E+04     495- 620     6704
Rovibration_vJ|7[44]        -Rovibration_vJ|7[45]            3.5962E-07  5.9890E-03   6.259E+05     496- 499     6705
Rovibration_vJ|7[44]        -Rovibration_vJ|8[43]            3.8253E-05  8.1770E+01   5.650E+04     496- 554     6706
Rovibration_vJ|7[44]        -Rovibration_vJ|8[45]            4.5119E-05  1.2770E+02   4.801E+04     496- 560     6707
Rovibration_vJ|7[44]        -Rovibration_vJ|9[43]            1.3240E-06  1.2170E+01   2.725E+04     496- 615     6708
Rovibration_vJ|7[44]        -Rovibration_vJ|9[45]            2.1714E-06  2.2440E+01   2.513E+04     496- 621     6709
Rovibration_vJ|7[44]        -Rovibration_vJ|10[43]           2.7973E-08  5.8680E-01   1.804E+04     496- 648     6710
Rovibration_vJ|7[44]        -Rovibration_vJ|10[45]           7.1231E-08  1.5910E+00   1.709E+04     496- 651     6711
Rovibration_vJ|6[55]        -Rovibration_vJ|6[56]            3.2460E-07  8.4460E-03   5.018E+05     497- 501     6712
Rovibration_vJ|6[55]        -Rovibration_vJ|7[54]            3.3323E-05  6.8340E+01   5.755E+04     497- 553     6713
Rovibration_vJ|6[55]        -Rovibration_vJ|7[56]            4.0681E-05  1.2080E+02   4.697E+04     497- 562     6714
Rovibration_vJ|6[55]        -Rovibration_vJ|8[54]            9.7689E-07  8.8160E+00   2.744E+04     497- 614     6715
Rovibration_vJ|6[55]        -Rovibration_vJ|8[56]            1.7994E-06  1.9170E+01   2.480E+04     497- 623     6716
Rovibration_vJ|6[55]        -Rovibration_vJ|9[54]            1.7185E-08  3.5650E-01   1.810E+04     497- 647     6717
Rovibration_vJ|6[55]        -Rovibration_vJ|9[56]            5.5321E-08  1.2660E+00   1.692E+04     497- 652     6718
Rovibration_vJ|6[55]        -Rovibration_vJ|10[54]           1.1890E-10  4.4010E-03   1.355E+04     497- 665     6719
Rovibration_vJ|6[55]        -Rovibration_vJ|10[56]           1.4266E-09  5.6310E-02   1.288E+04     497- 667     6720
Rovibration_vJ|8[30]        -Rovibration_vJ|8[31]            3.1896E-07  2.4830E-03   9.108E+05     498- 500     6721
Rovibration_vJ|8[30]        -Rovibration_vJ|9[29]            4.3265E-05  9.7950E+01   5.519E+04     498- 556     6722
Rovibration_vJ|8[30]        -Rovibration_vJ|9[31]            4.9198E-05  1.3040E+02   4.936E+04     498- 561     6723
Rovibration_vJ|8[30]        -Rovibration_vJ|10[29]           1.7681E-06  1.6730E+01   2.700E+04     498- 617     6724
Rovibration_vJ|8[30]        -Rovibration_vJ|10[31]           2.5182E-06  2.4940E+01   2.554E+04     498- 622     6725
Rovibration_vJ|7[45]        -Rovibration_vJ|7[46]            3.7593E-07  6.5370E-03   6.127E+05     499- 503     6726
Rovibration_vJ|7[45]        -Rovibration_vJ|8[44]            3.8188E-05  8.1130E+01   5.666E+04     499- 557     6727
Rovibration_vJ|7[45]        -Rovibration_vJ|8[46]            4.5158E-05  1.2810E+02   4.797E+04     499- 564     6728
Rovibration_vJ|7[45]        -Rovibration_vJ|9[44]            1.3196E-06  1.2080E+01   2.730E+04     499- 618     6729
Rovibration_vJ|7[45]        -Rovibration_vJ|9[46]            2.1847E-06  2.2590E+01   2.512E+04     499- 625     6730
Rovibration_vJ|7[45]        -Rovibration_vJ|10[44]           2.7768E-08  5.8050E-01   1.806E+04     499- 649     6731
Rovibration_vJ|7[45]        -Rovibration_vJ|10[46]           7.2081E-08  1.6100E+00   1.709E+04     499- 653     6732
Rovibration_vJ|8[31]        -Rovibration_vJ|8[32]            3.3364E-07  2.7680E-03   8.828E+05     500- 502     6733
Rovibration_vJ|8[31]        -Rovibration_vJ|9[30]            4.3205E-05  9.7220E+01   5.533E+04     500- 559     6734
Rovibration_vJ|8[31]        -Rovibration_vJ|9[32]            4.9259E-05  1.3100E+02   4.931E+04     500- 563     6735
Rovibration_vJ|8[31]        -Rovibration_vJ|10[30]           1.7605E-06  1.6590E+01   2.704E+04     500- 620     6736
Rovibration_vJ|8[31]        -Rovibration_vJ|10[32]           2.5312E-06  2.5110E+01   2.553E+04     500- 624     6737
Rovibration_vJ|6[56]        -Rovibration_vJ|6[57]            3.4136E-07  9.1910E-03   4.934E+05     501- 511     6738
Rovibration_vJ|6[56]        -Rovibration_vJ|7[55]            3.3260E-05  6.7770E+01   5.773E+04     501- 558     6739
Rovibration_vJ|6[56]        -Rovibration_vJ|7[57]            4.0682E-05  1.2100E+02   4.694E+04     501- 573     6740
Rovibration_vJ|6[56]        -Rovibration_vJ|8[55]            9.7344E-07  8.7470E+00   2.749E+04     501- 619     6741
Rovibration_vJ|6[56]        -Rovibration_vJ|8[57]            1.8106E-06  1.9290E+01   2.480E+04     501- 627     6742
Rovibration_vJ|6[56]        -Rovibration_vJ|9[55]            1.7069E-08  3.5280E-01   1.813E+04     501- 650     6743
Rovibration_vJ|6[56]        -Rovibration_vJ|9[57]            5.6008E-08  1.2810E+00   1.693E+04     501- 654     6744
Rovibration_vJ|6[56]        -Rovibration_vJ|10[55]           1.1648E-10  4.2970E-03   1.357E+04     501- 666     6745
Rovibration_vJ|6[56]        -Rovibration_vJ|10[57]           1.4573E-09  5.7470E-02   1.289E+04     501- 668     6746
Rovibration_vJ|8[32]        -Rovibration_vJ|8[33]            3.4885E-07  3.0780E-03   8.564E+05     502- 510     6747
Rovibration_vJ|8[32]        -Rovibration_vJ|9[31]            4.3147E-05  9.6500E+01   5.547E+04     502- 561     6748
Rovibration_vJ|8[32]        -Rovibration_vJ|9[33]            4.9287E-05  1.3150E+02   4.925E+04     502- 571     6749
Rovibration_vJ|8[32]        -Rovibration_vJ|10[31]           1.7538E-06  1.6460E+01   2.708E+04     502- 622     6750
Rovibration_vJ|8[32]        -Rovibration_vJ|10[33]           2.5454E-06  2.5290E+01   2.552E+04     502- 626     6751
Rovibration_vJ|7[46]        -Rovibration_vJ|7[47]            3.9292E-07  7.1270E-03   6.000E+05     503- 515     6752
Rovibration_vJ|7[46]        -Rovibration_vJ|8[45]            3.8117E-05  8.0480E+01   5.682E+04     503- 560     6753
Rovibration_vJ|7[46]        -Rovibration_vJ|8[47]            4.5201E-05  1.2850E+02   4.793E+04     503- 576     6754
Rovibration_vJ|7[46]        -Rovibration_vJ|9[45]            1.3140E-06  1.1980E+01   2.734E+04     503- 621     6755
Rovibration_vJ|7[46]        -Rovibration_vJ|9[47]            2.1970E-06  2.2730E+01   2.512E+04     503- 628     6756
Rovibration_vJ|7[46]        -Rovibration_vJ|10[45]           2.7570E-08  5.7440E-01   1.809E+04     503- 651     6757
Rovibration_vJ|7[46]        -Rovibration_vJ|10[47]           7.2935E-08  1.6290E+00   1.710E+04     503- 655     6758
Rovibration_vJ|9[0]         -Rovibration_vJ|9[1]             2.5690E-08  7.1180E-08   2.833E+07     504- 505     6759
Rovibration_vJ|9[0]         -Rovibration_vJ|10[1]            1.0125E-04  8.2210E+01   5.233E+04     504- 566     6760
Rovibration_vJ|9[1]         -Rovibration_vJ|9[2]             3.4273E-08  6.8370E-07   1.416E+07     505- 506     6761
Rovibration_vJ|9[1]         -Rovibration_vJ|10[0]            3.3651E-05  2.4410E+02   5.252E+04     505- 565     6762
Rovibration_vJ|9[1]         -Rovibration_vJ|10[2]            6.7603E-05  9.9160E+01   5.224E+04     505- 567     6763
Rovibration_vJ|9[2]         -Rovibration_vJ|9[3]             4.6304E-08  2.4740E-06   9.443E+06     506- 507     6764
Rovibration_vJ|9[2]         -Rovibration_vJ|10[1]            4.0301E-05  1.6180E+02   5.262E+04     506- 566     6765
Rovibration_vJ|9[2]         -Rovibration_vJ|10[3]            6.0944E-05  1.0680E+02   5.214E+04     506- 568     6766
Rovibration_vJ|9[3]         -Rovibration_vJ|9[4]             5.8887E-08  6.0900E-06   7.083E+06     507- 508     6767
Rovibration_vJ|9[3]         -Rovibration_vJ|10[2]            4.3129E-05  1.4490E+02   5.272E+04     507- 567     6768
Rovibration_vJ|9[3]         -Rovibration_vJ|10[4]            5.8122E-05  1.1130E+02   5.205E+04     507- 569     6769
Rovibration_vJ|9[4]         -Rovibration_vJ|9[5]             7.1721E-08  1.2190E-05   5.667E+06     508- 509     6770
Rovibration_vJ|9[4]         -Rovibration_vJ|10[3]            4.4638E-05  1.3720E+02   5.282E+04     508- 568     6771
Rovibration_vJ|9[4]         -Rovibration_vJ|10[5]            5.6593E-05  1.1440E+02   5.196E+04     508- 570     6772
Rovibration_vJ|9[5]         -Rovibration_vJ|9[6]             8.4638E-08  2.1420E-05   4.722E+06     509- 512     6773
Rovibration_vJ|9[5]         -Rovibration_vJ|10[4]            4.5593E-05  1.3270E+02   5.292E+04     509- 569     6774
Rovibration_vJ|9[5]         -Rovibration_vJ|10[6]            5.5630E-05  1.1670E+02   5.187E+04     509- 572     6775
Rovibration_vJ|8[33]        -Rovibration_vJ|8[34]            3.6452E-07  3.4140E-03   8.316E+05     510- 517     6776
Rovibration_vJ|8[33]        -Rovibration_vJ|9[32]            4.3081E-05  9.5770E+01   5.561E+04     510- 563     6777
Rovibration_vJ|8[33]        -Rovibration_vJ|9[34]            4.9319E-05  1.3200E+02   4.919E+04     510- 578     6778
Rovibration_vJ|8[33]        -Rovibration_vJ|10[32]           1.7471E-06  1.6330E+01   2.712E+04     510- 624     6779
Rovibration_vJ|8[33]        -Rovibration_vJ|10[34]           2.5588E-06  2.5460E+01   2.551E+04     510- 629     6780
Rovibration_vJ|6[57]        -Rovibration_vJ|6[58]            3.5888E-07  9.9920E-03   4.853E+05     511- 520     6781
Rovibration_vJ|6[57]        -Rovibration_vJ|7[56]            3.3196E-05  6.7200E+01   5.791E+04     511- 562     6782
Rovibration_vJ|6[57]        -Rovibration_vJ|7[58]            4.0719E-05  1.2130E+02   4.691E+04     511- 582     6783
Rovibration_vJ|6[57]        -Rovibration_vJ|8[56]            9.7007E-07  8.6790E+00   2.755E+04     511- 623     6784
Rovibration_vJ|6[57]        -Rovibration_vJ|8[58]            1.8219E-06  1.9410E+01   2.481E+04     511- 630     6785
Rovibration_vJ|6[57]        -Rovibration_vJ|9[56]            1.6962E-08  3.4930E-01   1.816E+04     511- 652     6786
Rovibration_vJ|6[57]        -Rovibration_vJ|9[58]            5.6699E-08  1.2960E+00   1.694E+04     511- 656     6787
Rovibration_vJ|6[57]        -Rovibration_vJ|10[56]           1.1415E-10  4.1970E-03   1.359E+04     511- 667     6788
Rovibration_vJ|6[57]        -Rovibration_vJ|10[58]           1.4886E-09  5.8650E-02   1.290E+04     511- 669     6789
Rovibration_vJ|9[6]         -Rovibration_vJ|9[7]             9.7745E-08  3.4480E-05   4.048E+06     512- 513     6790
Rovibration_vJ|9[6]         -Rovibration_vJ|10[5]            4.6231E-05  1.2960E+02   5.303E+04     512- 570     6791
Rovibration_vJ|9[6]         -Rovibration_vJ|10[7]            5.5010E-05  1.1860E+02   5.178E+04     512- 574     6792
Rovibration_vJ|9[7]         -Rovibration_vJ|9[8]             1.1096E-07  5.2040E-05   3.543E+06     513- 514     6793
Rovibration_vJ|9[7]         -Rovibration_vJ|10[6]            4.6660E-05  1.2720E+02   5.313E+04     513- 572     6794
Rovibration_vJ|9[7]         -Rovibration_vJ|10[8]            5.4577E-05  1.2020E+02   5.169E+04     513- 575     6795
Rovibration_vJ|9[8]         -Rovibration_vJ|9[9]             1.2432E-07  7.4810E-05   3.149E+06     514- 516     6796
Rovibration_vJ|9[8]         -Rovibration_vJ|10[7]            4.6983E-05  1.2530E+02   5.324E+04     514- 574     6797
Rovibration_vJ|9[8]         -Rovibration_vJ|10[9]            5.4224E-05  1.2150E+02   5.161E+04     514- 577     6798
Rovibration_vJ|7[47]        -Rovibration_vJ|7[48]            4.1059E-07  7.7610E-03   5.879E+05     515- 523     6799
Rovibration_vJ|7[47]        -Rovibration_vJ|8[46]            3.8050E-05  7.9840E+01   5.698E+04     515- 564     6800
Rovibration_vJ|7[47]        -Rovibration_vJ|8[48]            4.5210E-05  1.2880E+02   4.789E+04     515- 585     6801
Rovibration_vJ|7[47]        -Rovibration_vJ|9[46]            1.3095E-06  1.1890E+01   2.739E+04     515- 625     6802
Rovibration_vJ|7[47]        -Rovibration_vJ|9[48]            2.2104E-06  2.2880E+01   2.512E+04     515- 632     6803
Rovibration_vJ|7[47]        -Rovibration_vJ|10[46]           2.7377E-08  5.6840E-01   1.812E+04     515- 653     6804
Rovibration_vJ|7[47]        -Rovibration_vJ|10[48]           7.3794E-08  1.6480E+00   1.710E+04     515- 657     6805
Rovibration_vJ|9[9]         -Rovibration_vJ|9[10]            1.3781E-07  1.0350E-04   2.835E+06     516- 518     6806
Rovibration_vJ|9[9]         -Rovibration_vJ|10[8]            4.7187E-05  1.2360E+02   5.335E+04     516- 575     6807
Rovibration_vJ|9[9]         -Rovibration_vJ|10[10]           5.4020E-05  1.2280E+02   5.152E+04     516- 579     6808
Rovibration_vJ|8[34]        -Rovibration_vJ|8[35]            3.8070E-07  3.7780E-03   8.082E+05     517- 522     6809
Rovibration_vJ|8[34]        -Rovibration_vJ|9[33]            4.3017E-05  9.5050E+01   5.576E+04     517- 571     6810
Rovibration_vJ|8[34]        -Rovibration_vJ|9[35]            4.9355E-05  1.3250E+02   4.914E+04     517- 583     6811
Rovibration_vJ|8[34]        -Rovibration_vJ|10[33]           1.7402E-06  1.6200E+01   2.716E+04     517- 626     6812
Rovibration_vJ|8[34]        -Rovibration_vJ|10[35]           2.5734E-06  2.5640E+01   2.551E+04     517- 631     6813
Rovibration_vJ|9[10]        -Rovibration_vJ|9[11]            1.5151E-07  1.3890E-04   2.577E+06     518- 519     6814
Rovibration_vJ|9[10]        -Rovibration_vJ|10[9]            4.7369E-05  1.2220E+02   5.346E+04     518- 577     6815
Rovibration_vJ|9[10]        -Rovibration_vJ|10[11]           5.3835E-05  1.2390E+02   5.144E+04     518- 580     6816
Rovibration_vJ|9[11]        -Rovibration_vJ|9[12]            1.6533E-07  1.8170E-04   2.363E+06     519- 521     6817
Rovibration_vJ|9[11]        -Rovibration_vJ|10[10]           4.7491E-05  1.2090E+02   5.357E+04     519- 579     6818
Rovibration_vJ|9[11]        -Rovibration_vJ|10[12]           5.3688E-05  1.2490E+02   5.136E+04     519- 581     6819
Rovibration_vJ|6[58]        -Rovibration_vJ|6[59]            3.7709E-07  1.0850E-02   4.774E+05     520- 528     6820
Rovibration_vJ|6[58]        -Rovibration_vJ|7[57]            3.3131E-05  6.6630E+01   5.809E+04     520- 573     6821
Rovibration_vJ|6[58]        -Rovibration_vJ|7[59]            4.0757E-05  1.2160E+02   4.688E+04     520- 591     6822
Rovibration_vJ|6[58]        -Rovibration_vJ|8[57]            9.6669E-07  8.6110E+00   2.760E+04     520- 627     6823
Rovibration_vJ|6[58]        -Rovibration_vJ|8[59]            1.8333E-06  1.9530E+01   2.481E+04     520- 635     6824
Rovibration_vJ|6[58]        -Rovibration_vJ|9[57]            1.6854E-08  3.4580E-01   1.819E+04     520- 654     6825
Rovibration_vJ|6[58]        -Rovibration_vJ|9[59]            5.7393E-08  1.3110E+00   1.694E+04     520- 659     6826
Rovibration_vJ|6[58]        -Rovibration_vJ|10[57]           1.1186E-10  4.0990E-03   1.361E+04     520- 668     6827
Rovibration_vJ|6[58]        -Rovibration_vJ|10[59]           1.5207E-09  5.9860E-02   1.291E+04     520- 670     6828
Rovibration_vJ|9[12]        -Rovibration_vJ|9[13]            1.7940E-07  2.3280E-04   2.182E+06     521- 524     6829
Rovibration_vJ|9[12]        -Rovibration_vJ|10[11]           4.7576E-05  1.1970E+02   5.368E+04     521- 580     6830
Rovibration_vJ|9[12]        -Rovibration_vJ|10[13]           5.3560E-05  1.2580E+02   5.128E+04     521- 584     6831
Rovibration_vJ|8[35]        -Rovibration_vJ|8[36]            3.9735E-07  4.1710E-03   7.862E+05     522- 527     6832
Rovibration_vJ|8[35]        -Rovibration_vJ|9[34]            4.2954E-05  9.4340E+01   5.590E+04     522- 578     6833
Rovibration_vJ|8[35]        -Rovibration_vJ|9[36]            4.9394E-05  1.3300E+02   4.909E+04     522- 588     6834
Rovibration_vJ|8[35]        -Rovibration_vJ|10[34]           1.7332E-06  1.6070E+01   2.721E+04     522- 629     6835
Rovibration_vJ|8[35]        -Rovibration_vJ|10[36]           2.5871E-06  2.5810E+01   2.550E+04     522- 633     6836
Rovibration_vJ|7[48]        -Rovibration_vJ|7[49]            4.2891E-07  8.4410E-03   5.763E+05     523- 530     6837
Rovibration_vJ|7[48]        -Rovibration_vJ|8[47]            3.7981E-05  7.9200E+01   5.715E+04     523- 576     6838
Rovibration_vJ|7[48]        -Rovibration_vJ|8[49]            4.5257E-05  1.2920E+02   4.785E+04     523- 590     6839
Rovibration_vJ|7[48]        -Rovibration_vJ|9[47]            1.3050E-06  1.1800E+01   2.744E+04     523- 628     6840
Rovibration_vJ|7[48]        -Rovibration_vJ|9[49]            2.2240E-06  2.3030E+01   2.512E+04     523- 634     6841
Rovibration_vJ|7[48]        -Rovibration_vJ|10[47]           2.7182E-08  5.6240E-01   1.814E+04     523- 655     6842
Rovibration_vJ|7[48]        -Rovibration_vJ|10[49]           7.4701E-08  1.6680E+00   1.711E+04     523- 658     6843
Rovibration_vJ|9[13]        -Rovibration_vJ|9[14]            1.9369E-07  2.9300E-04   2.026E+06     524- 525     6844
Rovibration_vJ|9[13]        -Rovibration_vJ|10[12]           4.7644E-05  1.1860E+02   5.380E+04     524- 581     6845
Rovibration_vJ|9[13]        -Rovibration_vJ|10[14]           5.3481E-05  1.2670E+02   5.120E+04     524- 586     6846
Rovibration_vJ|9[14]        -Rovibration_vJ|9[15]            2.0813E-07  3.6300E-04   1.891E+06     525- 526     6847
Rovibration_vJ|9[14]        -Rovibration_vJ|10[13]           4.7706E-05  1.1760E+02   5.391E+04     525- 584     6848
Rovibration_vJ|9[14]        -Rovibration_vJ|10[15]           5.3441E-05  1.2760E+02   5.112E+04     525- 587     6849
Rovibration_vJ|9[15]        -Rovibration_vJ|9[16]            2.2285E-07  4.4390E-04   1.774E+06     526- 529     6850
Rovibration_vJ|9[15]        -Rovibration_vJ|10[14]           4.7733E-05  1.1660E+02   5.403E+04     526- 586     6851
Rovibration_vJ|9[15]        -Rovibration_vJ|10[16]           5.3391E-05  1.2840E+02   5.104E+04     526- 589     6852
Rovibration_vJ|8[36]        -Rovibration_vJ|8[37]            4.1460E-07  4.5960E-03   7.653E+05     527- 532     6853
Rovibration_vJ|8[36]        -Rovibration_vJ|9[35]            4.2885E-05  9.3620E+01   5.605E+04     527- 583     6854
Rovibration_vJ|8[36]        -Rovibration_vJ|9[37]            4.9400E-05  1.3340E+02   4.903E+04     527- 593     6855
Rovibration_vJ|8[36]        -Rovibration_vJ|10[35]           1.7261E-06  1.5940E+01   2.725E+04     527- 631     6856
Rovibration_vJ|8[36]        -Rovibration_vJ|10[37]           2.6021E-06  2.5990E+01   2.550E+04     527- 636     6857
Rovibration_vJ|6[59]        -Rovibration_vJ|6[60]            3.9642E-07  1.1780E-02   4.698E+05     528- 536     6858
Rovibration_vJ|6[59]        -Rovibration_vJ|7[58]            3.3065E-05  6.6060E+01   5.827E+04     528- 582     6859
Rovibration_vJ|6[59]        -Rovibration_vJ|7[60]            4.0764E-05  1.2180E+02   4.686E+04     528- 598     6860
Rovibration_vJ|6[59]        -Rovibration_vJ|8[58]            9.6330E-07  8.5430E+00   2.766E+04     528- 630     6861
Rovibration_vJ|6[59]        -Rovibration_vJ|8[60]            1.8448E-06  1.9650E+01   2.482E+04     528- 639     6862
Rovibration_vJ|6[59]        -Rovibration_vJ|9[58]            1.6746E-08  3.4230E-01   1.822E+04     528- 656     6863
Rovibration_vJ|6[59]        -Rovibration_vJ|9[60]            5.8135E-08  1.3270E+00   1.695E+04     528- 661     6864
Rovibration_vJ|6[59]        -Rovibration_vJ|10[58]           1.0965E-10  4.0040E-03   1.363E+04     528- 669     6865
Rovibration_vJ|6[59]        -Rovibration_vJ|10[60]           1.5533E-09  6.1080E-02   1.292E+04     528- 671     6866
Rovibration_vJ|9[16]        -Rovibration_vJ|9[17]            2.3782E-07  5.3650E-04   1.670E+06     529- 531     6867
Rovibration_vJ|9[16]        -Rovibration_vJ|10[15]           4.7729E-05  1.1560E+02   5.415E+04     529- 587     6868
Rovibration_vJ|9[16]        -Rovibration_vJ|10[17]           5.3367E-05  1.2920E+02   5.097E+04     529- 592     6869
Rovibration_vJ|7[49]        -Rovibration_vJ|7[50]            4.4803E-07  9.1720E-03   5.651E+05     530- 534     6870
Rovibration_vJ|7[49]        -Rovibration_vJ|8[48]            3.7911E-05  7.8560E+01   5.732E+04     530- 585     6871
Rovibration_vJ|7[49]        -Rovibration_vJ|8[50]            4.5306E-05  1.2960E+02   4.781E+04     530- 596     6872
Rovibration_vJ|7[49]        -Rovibration_vJ|9[48]            1.2993E-06  1.1700E+01   2.750E+04     530- 632     6873
Rovibration_vJ|7[49]        -Rovibration_vJ|9[50]            2.2367E-06  2.3170E+01   2.512E+04     530- 637     6874
Rovibration_vJ|7[49]        -Rovibration_vJ|10[48]           2.6996E-08  5.5660E-01   1.817E+04     530- 657     6875
Rovibration_vJ|7[49]        -Rovibration_vJ|10[50]           7.5569E-08  1.6870E+00   1.711E+04     530- 660     6876
Rovibration_vJ|9[17]        -Rovibration_vJ|9[18]            2.5306E-07  6.4180E-04   1.577E+06     531- 533     6877
Rovibration_vJ|9[17]        -Rovibration_vJ|10[16]           4.7742E-05  1.1470E+02   5.426E+04     531- 589     6878
Rovibration_vJ|9[17]        -Rovibration_vJ|10[18]           5.3366E-05  1.3000E+02   5.089E+04     531- 594     6879
Rovibration_vJ|8[37]        -Rovibration_vJ|8[38]            4.3246E-07  5.0550E-03   7.455E+05     532- 537     6880
Rovibration_vJ|8[37]        -Rovibration_vJ|9[36]            4.2819E-05  9.2910E+01   5.620E+04     532- 588     6881
Rovibration_vJ|8[37]        -Rovibration_vJ|9[38]            4.9447E-05  1.3390E+02   4.898E+04     532- 597     6882
Rovibration_vJ|8[37]        -Rovibration_vJ|10[36]           1.7200E-06  1.5820E+01   2.730E+04     532- 633     6883
Rovibration_vJ|8[37]        -Rovibration_vJ|10[38]           2.6161E-06  2.6160E+01   2.549E+04     532- 638     6884
Rovibration_vJ|9[18]        -Rovibration_vJ|9[19]            2.6859E-07  7.6080E-04   1.495E+06     533- 535     6885
Rovibration_vJ|9[18]        -Rovibration_vJ|10[17]           4.7735E-05  1.1380E+02   5.439E+04     533- 592     6886
Rovibration_vJ|9[18]        -Rovibration_vJ|10[19]           5.3342E-05  1.3070E+02   5.082E+04     533- 595     6887
Rovibration_vJ|7[50]        -Rovibration_vJ|7[51]            4.6786E-07  9.9550E-03   5.544E+05     534- 541     6888
Rovibration_vJ|7[50]        -Rovibration_vJ|8[49]            3.7840E-05  7.7920E+01   5.749E+04     534- 590     6889
Rovibration_vJ|7[50]        -Rovibration_vJ|8[51]            4.5322E-05  1.2990E+02   4.777E+04     534- 602     6890
Rovibration_vJ|7[50]        -Rovibration_vJ|9[49]            1.2947E-06  1.1610E+01   2.755E+04     534- 634     6891
Rovibration_vJ|7[50]        -Rovibration_vJ|9[51]            2.2505E-06  2.3320E+01   2.512E+04     534- 641     6892
Rovibration_vJ|7[50]        -Rovibration_vJ|10[49]           2.6809E-08  5.5080E-01   1.820E+04     534- 658     6893
Rovibration_vJ|7[50]        -Rovibration_vJ|10[51]           7.6485E-08  1.7070E+00   1.712E+04     534- 662     6894
Rovibration_vJ|9[19]        -Rovibration_vJ|9[20]            2.8443E-07  8.9460E-04   1.420E+06     535- 538     6895
Rovibration_vJ|9[19]        -Rovibration_vJ|10[18]           4.7711E-05  1.1290E+02   5.451E+04     535- 594     6896
Rovibration_vJ|9[19]        -Rovibration_vJ|10[20]           5.3334E-05  1.3140E+02   5.075E+04     535- 599     6897
Rovibration_vJ|6[60]        -Rovibration_vJ|7[59]            3.2998E-05  6.5490E+01   5.846E+04     536- 591     6898
Rovibration_vJ|6[60]        -Rovibration_vJ|8[59]            9.6000E-07  8.4760E+00   2.772E+04     536- 635     6899
Rovibration_vJ|6[60]        -Rovibration_vJ|9[59]            1.6642E-08  3.3890E-01   1.825E+04     536- 659     6900
Rovibration_vJ|6[60]        -Rovibration_vJ|10[59]           1.0750E-10  3.9120E-03   1.365E+04     536- 670     6901
Rovibration_vJ|8[38]        -Rovibration_vJ|8[39]            4.5087E-07  5.5490E-03   7.268E+05     537- 540     6902
Rovibration_vJ|8[38]        -Rovibration_vJ|9[37]            4.2750E-05  9.2200E+01   5.635E+04     537- 593     6903
Rovibration_vJ|8[38]        -Rovibration_vJ|9[39]            4.9496E-05  1.3440E+02   4.893E+04     537- 601     6904
Rovibration_vJ|8[38]        -Rovibration_vJ|10[37]           1.7127E-06  1.5690E+01   2.734E+04     537- 636     6905
Rovibration_vJ|8[38]        -Rovibration_vJ|10[39]           2.6314E-06  2.6340E+01   2.549E+04     537- 640     6906
Rovibration_vJ|9[20]        -Rovibration_vJ|9[21]            3.0053E-07  1.0440E-03   1.353E+06     538- 539     6907
Rovibration_vJ|9[20]        -Rovibration_vJ|10[19]           4.7714E-05  1.1210E+02   5.463E+04     538- 595     6908
Rovibration_vJ|9[20]        -Rovibration_vJ|10[21]           5.3341E-05  1.3210E+02   5.068E+04     538- 600     6909
Rovibration_vJ|9[21]        -Rovibration_vJ|9[22]            3.1714E-07  1.2110E-03   1.292E+06     539- 542     6910
Rovibration_vJ|9[21]        -Rovibration_vJ|10[20]           4.7662E-05  1.1120E+02   5.476E+04     539- 599     6911
Rovibration_vJ|9[21]        -Rovibration_vJ|10[22]           5.3360E-05  1.3280E+02   5.061E+04     539- 603     6912
Rovibration_vJ|8[39]        -Rovibration_vJ|8[40]            4.6991E-07  6.0810E-03   7.090E+05     540- 544     6913
Rovibration_vJ|8[39]        -Rovibration_vJ|9[38]            4.2679E-05  9.1490E+01   5.650E+04     540- 597     6914
Rovibration_vJ|8[39]        -Rovibration_vJ|9[40]            4.9512E-05  1.3480E+02   4.888E+04     540- 605     6915
Rovibration_vJ|8[39]        -Rovibration_vJ|10[38]           1.7064E-06  1.5570E+01   2.739E+04     540- 638     6916
Rovibration_vJ|8[39]        -Rovibration_vJ|10[40]           2.6458E-06  2.6510E+01   2.548E+04     540- 642     6917
Rovibration_vJ|7[51]        -Rovibration_vJ|7[52]            4.8829E-07  1.0790E-02   5.442E+05     541- 545     6918
Rovibration_vJ|7[51]        -Rovibration_vJ|8[50]            3.7768E-05  7.7280E+01   5.766E+04     541- 596     6919
Rovibration_vJ|7[51]        -Rovibration_vJ|8[52]            4.5341E-05  1.3020E+02   4.773E+04     541- 606     6920
Rovibration_vJ|7[51]        -Rovibration_vJ|9[50]            1.2901E-06  1.1520E+01   2.760E+04     541- 637     6921
Rovibration_vJ|7[51]        -Rovibration_vJ|9[52]            2.2644E-06  2.3470E+01   2.513E+04     541- 643     6922
Rovibration_vJ|7[51]        -Rovibration_vJ|10[50]           2.6631E-08  5.4520E-01   1.823E+04     541- 660     6923
Rovibration_vJ|7[51]        -Rovibration_vJ|10[52]           7.7407E-08  1.7270E+00   1.713E+04     541- 663     6924
Rovibration_vJ|9[22]        -Rovibration_vJ|9[23]            3.3403E-07  1.3960E-03   1.236E+06     542- 543     6925
Rovibration_vJ|9[22]        -Rovibration_vJ|10[21]           4.7642E-05  1.1040E+02   5.489E+04     542- 600     6926
Rovibration_vJ|9[22]        -Rovibration_vJ|10[23]           5.3350E-05  1.3340E+02   5.054E+04     542- 604     6927
Rovibration_vJ|9[23]        -Rovibration_vJ|9[24]            3.5120E-07  1.6000E-03   1.185E+06     543- 546     6928
Rovibration_vJ|9[23]        -Rovibration_vJ|10[22]           4.7613E-05  1.0960E+02   5.501E+04     543- 603     6929
Rovibration_vJ|9[23]        -Rovibration_vJ|10[24]           5.3390E-05  1.3410E+02   5.047E+04     543- 607     6930
Rovibration_vJ|8[40]        -Rovibration_vJ|8[41]            4.8959E-07  6.6530E-03   6.921E+05     544- 547     6931
Rovibration_vJ|8[40]        -Rovibration_vJ|9[39]            4.2611E-05  9.0790E+01   5.666E+04     544- 601     6932
Rovibration_vJ|8[40]        -Rovibration_vJ|9[41]            4.9568E-05  1.3530E+02   4.883E+04     544- 608     6933
Rovibration_vJ|8[40]        -Rovibration_vJ|10[39]           1.7001E-06  1.5450E+01   2.743E+04     544- 640     6934
Rovibration_vJ|8[40]        -Rovibration_vJ|10[41]           2.6614E-06  2.6690E+01   2.548E+04     544- 644     6935
Rovibration_vJ|7[52]        -Rovibration_vJ|7[53]            5.0980E-07  1.1690E-02   5.343E+05     545- 549     6936
Rovibration_vJ|7[52]        -Rovibration_vJ|8[51]            3.7695E-05  7.6640E+01   5.783E+04     545- 602     6937
Rovibration_vJ|7[52]        -Rovibration_vJ|8[53]            4.5397E-05  1.3060E+02   4.770E+04     545- 610     6938
Rovibration_vJ|7[52]        -Rovibration_vJ|9[51]            1.2855E-06  1.1430E+01   2.765E+04     545- 641     6939
Rovibration_vJ|7[52]        -Rovibration_vJ|9[53]            2.2784E-06  2.3620E+01   2.513E+04     545- 645     6940
Rovibration_vJ|7[52]        -Rovibration_vJ|10[51]           2.6452E-08  5.3960E-01   1.826E+04     545- 662     6941
Rovibration_vJ|7[52]        -Rovibration_vJ|10[53]           7.8333E-08  1.7470E+00   1.713E+04     545- 664     6942
Rovibration_vJ|9[24]        -Rovibration_vJ|9[25]            3.6882E-07  1.8250E-03   1.138E+06     546- 548     6943
Rovibration_vJ|9[24]        -Rovibration_vJ|10[23]           4.7576E-05  1.0880E+02   5.514E+04     546- 604     6944
Rovibration_vJ|9[24]        -Rovibration_vJ|10[25]           5.3399E-05  1.3470E+02   5.040E+04     546- 609     6945
Rovibration_vJ|8[41]        -Rovibration_vJ|8[42]            5.0990E-07  7.2670E-03   6.760E+05     547- 551     6946
Rovibration_vJ|8[41]        -Rovibration_vJ|9[40]            4.2537E-05  9.0080E+01   5.681E+04     547- 605     6947
Rovibration_vJ|8[41]        -Rovibration_vJ|9[42]            4.9590E-05  1.3570E+02   4.879E+04     547- 612     6948
Rovibration_vJ|8[41]        -Rovibration_vJ|10[40]           1.6937E-06  1.5330E+01   2.748E+04     547- 642     6949
Rovibration_vJ|8[41]        -Rovibration_vJ|10[42]           2.6761E-06  2.6860E+01   2.547E+04     547- 646     6950
Rovibration_vJ|9[25]        -Rovibration_vJ|9[26]            3.8682E-07  2.0720E-03   1.095E+06     548- 550     6951
Rovibration_vJ|9[25]        -Rovibration_vJ|10[24]           4.7487E-05  1.0790E+02   5.528E+04     548- 607     6952
Rovibration_vJ|9[25]        -Rovibration_vJ|10[26]           5.3415E-05  1.3530E+02   5.034E+04     548- 611     6953
Rovibration_vJ|7[53]        -Rovibration_vJ|7[54]            5.3202E-07  1.2650E-02   5.248E+05     549- 553     6954
Rovibration_vJ|7[53]        -Rovibration_vJ|8[52]            3.7625E-05  7.6010E+01   5.801E+04     549- 606     6955
Rovibration_vJ|7[53]        -Rovibration_vJ|8[54]            4.5420E-05  1.3090E+02   4.767E+04     549- 614     6956
Rovibration_vJ|7[53]        -Rovibration_vJ|9[52]            1.2808E-06  1.1340E+01   2.771E+04     549- 643     6957
Rovibration_vJ|7[53]        -Rovibration_vJ|9[54]            2.2915E-06  2.3760E+01   2.513E+04     549- 647     6958
Rovibration_vJ|7[53]        -Rovibration_vJ|10[52]           2.6277E-08  5.3410E-01   1.829E+04     549- 663     6959
Rovibration_vJ|7[53]        -Rovibration_vJ|10[54]           7.9309E-08  1.7680E+00   1.714E+04     549- 665     6960
Rovibration_vJ|9[26]        -Rovibration_vJ|9[27]            4.0534E-07  2.3430E-03   1.055E+06     550- 552     6961
Rovibration_vJ|9[26]        -Rovibration_vJ|10[25]           4.7436E-05  1.0710E+02   5.541E+04     550- 609     6962
Rovibration_vJ|9[26]        -Rovibration_vJ|10[27]           5.3439E-05  1.3590E+02   5.027E+04     550- 613     6963
Rovibration_vJ|8[42]        -Rovibration_vJ|8[43]            5.3091E-07  7.9260E-03   6.607E+05     551- 554     6964
Rovibration_vJ|8[42]        -Rovibration_vJ|9[41]            4.2466E-05  8.9380E+01   5.697E+04     551- 608     6965
Rovibration_vJ|8[42]        -Rovibration_vJ|9[43]            4.9616E-05  1.3610E+02   4.874E+04     551- 615     6966
Rovibration_vJ|8[42]        -Rovibration_vJ|10[41]           1.6873E-06  1.5210E+01   2.753E+04     551- 644     6967
Rovibration_vJ|8[42]        -Rovibration_vJ|10[43]           2.6919E-06  2.7040E+01   2.547E+04     551- 648     6968
Rovibration_vJ|9[27]        -Rovibration_vJ|9[28]            4.2428E-07  2.6390E-03   1.017E+06     552- 555     6969
Rovibration_vJ|9[27]        -Rovibration_vJ|10[26]           4.7424E-05  1.0640E+02   5.554E+04     552- 611     6970
Rovibration_vJ|9[27]        -Rovibration_vJ|10[28]           5.3470E-05  1.3650E+02   5.021E+04     552- 616     6971
Rovibration_vJ|7[54]        -Rovibration_vJ|7[55]            5.5526E-07  1.3680E-02   5.156E+05     553- 558     6972
Rovibration_vJ|7[54]        -Rovibration_vJ|8[53]            3.7550E-05  7.5370E+01   5.818E+04     553- 610     6973
Rovibration_vJ|7[54]        -Rovibration_vJ|8[55]            4.5446E-05  1.3120E+02   4.763E+04     553- 619     6974
Rovibration_vJ|7[54]        -Rovibration_vJ|9[53]            1.2761E-06  1.1250E+01   2.776E+04     553- 645     6975
Rovibration_vJ|7[54]        -Rovibration_vJ|9[55]            2.3057E-06  2.3910E+01   2.513E+04     553- 650     6976
Rovibration_vJ|7[54]        -Rovibration_vJ|10[53]           2.6106E-08  5.2870E-01   1.832E+04     553- 664     6977
Rovibration_vJ|7[54]        -Rovibration_vJ|10[55]           8.0245E-08  1.7880E+00   1.715E+04     553- 666     6978
Rovibration_vJ|8[43]        -Rovibration_vJ|8[44]            5.5265E-07  8.6330E-03   6.461E+05     554- 557     6979
Rovibration_vJ|8[43]        -Rovibration_vJ|9[42]            4.2393E-05  8.8680E+01   5.713E+04     554- 612     6980
Rovibration_vJ|8[43]        -Rovibration_vJ|9[44]            4.9644E-05  1.3650E+02   4.870E+04     554- 618     6981
Rovibration_vJ|8[43]        -Rovibration_vJ|10[42]           1.6808E-06  1.5090E+01   2.758E+04     554- 646     6982
Rovibration_vJ|8[43]        -Rovibration_vJ|10[44]           2.7069E-06  2.7210E+01   2.547E+04     554- 649     6983
Rovibration_vJ|9[28]        -Rovibration_vJ|9[29]            4.4374E-07  2.9620E-03   9.825E+05     555- 556     6984
Rovibration_vJ|9[28]        -Rovibration_vJ|10[27]           4.7362E-05  1.0560E+02   5.568E+04     555- 613     6985
Rovibration_vJ|9[28]        -Rovibration_vJ|10[29]           5.3507E-05  1.3710E+02   5.015E+04     555- 617     6986
Rovibration_vJ|9[29]        -Rovibration_vJ|9[30]            4.6377E-07  3.3140E-03   9.502E+05     556- 559     6987
Rovibration_vJ|9[29]        -Rovibration_vJ|10[28]           4.7295E-05  1.0480E+02   5.582E+04     556- 616     6988
Rovibration_vJ|9[29]        -Rovibration_vJ|10[30]           5.3511E-05  1.3760E+02   5.009E+04     556- 620     6989
Rovibration_vJ|8[44]        -Rovibration_vJ|8[45]            5.7511E-07  9.3900E-03   6.321E+05     557- 560     6990
Rovibration_vJ|8[44]        -Rovibration_vJ|9[43]            4.2319E-05  8.7980E+01   5.729E+04     557- 615     6991
Rovibration_vJ|8[44]        -Rovibration_vJ|9[45]            4.9675E-05  1.3690E+02   4.865E+04     557- 621     6992
Rovibration_vJ|8[44]        -Rovibration_vJ|10[43]           1.6743E-06  1.4970E+01   2.763E+04     557- 648     6993
Rovibration_vJ|8[44]        -Rovibration_vJ|10[45]           2.7231E-06  2.7390E+01   2.547E+04     557- 651     6994
Rovibration_vJ|7[55]        -Rovibration_vJ|7[56]            5.7937E-07  1.4780E-02   5.068E+05     558- 562     6995
Rovibration_vJ|7[55]        -Rovibration_vJ|8[54]            3.7478E-05  7.4740E+01   5.836E+04     558- 614     6996
Rovibration_vJ|7[55]        -Rovibration_vJ|8[56]            4.5474E-05  1.3150E+02   4.760E+04     558- 623     6997
Rovibration_vJ|7[55]        -Rovibration_vJ|9[54]            1.2725E-06  1.1170E+01   2.782E+04     558- 647     6998
Rovibration_vJ|7[55]        -Rovibration_vJ|9[56]            2.3201E-06  2.4060E+01   2.514E+04     558- 652     6999
Rovibration_vJ|7[55]        -Rovibration_vJ|10[54]           2.5939E-08  5.2340E-01   1.835E+04     558- 665     7000
Rovibration_vJ|7[55]        -Rovibration_vJ|10[56]           8.1231E-08  1.8090E+00   1.715E+04     558- 667     7001
Rovibration_vJ|9[30]        -Rovibration_vJ|9[31]            4.8416E-07  3.6950E-03   9.199E+05     559- 561     7002
Rovibration_vJ|9[30]        -Rovibration_vJ|10[29]           4.7224E-05  1.0400E+02   5.596E+04     559- 617     7003
Rovibration_vJ|9[30]        -Rovibration_vJ|10[31]           5.3559E-05  1.3820E+02   5.003E+04     559- 622     7004
Rovibration_vJ|8[45]        -Rovibration_vJ|8[46]            5.9832E-07  1.0200E-02   6.188E+05     560- 564     7005
Rovibration_vJ|8[45]        -Rovibration_vJ|9[44]            4.2243E-05  8.7280E+01   5.745E+04     560- 618     7006
Rovibration_vJ|8[45]        -Rovibration_vJ|9[46]            4.9709E-05  1.3730E+02   4.861E+04     560- 625     7007
Rovibration_vJ|8[45]        -Rovibration_vJ|10[44]           1.6677E-06  1.4850E+01   2.768E+04     560- 649     7008
Rovibration_vJ|8[45]        -Rovibration_vJ|10[46]           2.7384E-06  2.7560E+01   2.547E+04     560- 653     7009
Rovibration_vJ|9[31]        -Rovibration_vJ|9[32]            5.0510E-07  4.1080E-03   8.916E+05     561- 563     7010
Rovibration_vJ|9[31]        -Rovibration_vJ|10[30]           4.7149E-05  1.0320E+02   5.610E+04     561- 620     7011
Rovibration_vJ|9[31]        -Rovibration_vJ|10[32]           5.3573E-05  1.3870E+02   4.997E+04     561- 624     7012
Rovibration_vJ|7[56]        -Rovibration_vJ|7[57]            6.0424E-07  1.5950E-02   4.983E+05     562- 573     7013
Rovibration_vJ|7[56]        -Rovibration_vJ|8[55]            3.7405E-05  7.4110E+01   5.854E+04     562- 619     7014
Rovibration_vJ|7[56]        -Rovibration_vJ|8[57]            4.5504E-05  1.3180E+02   4.757E+04     562- 627     7015
Rovibration_vJ|7[56]        -Rovibration_vJ|9[55]            1.2677E-06  1.1080E+01   2.787E+04     562- 650     7016
Rovibration_vJ|7[56]        -Rovibration_vJ|9[57]            2.3336E-06  2.4200E+01   2.514E+04     562- 654     7017
Rovibration_vJ|7[56]        -Rovibration_vJ|10[55]           2.5776E-08  5.1820E-01   1.838E+04     562- 666     7018
Rovibration_vJ|7[56]        -Rovibration_vJ|10[57]           8.2222E-08  1.8300E+00   1.716E+04     562- 668     7019
Rovibration_vJ|9[32]        -Rovibration_vJ|9[33]            5.2672E-07  4.5560E-03   8.649E+05     563- 571     7020
Rovibration_vJ|9[32]        -Rovibration_vJ|10[31]           4.7116E-05  1.0250E+02   5.624E+04     563- 622     7021
Rovibration_vJ|9[32]        -Rovibration_vJ|10[33]           5.3592E-05  1.3920E+02   4.991E+04     563- 626     7022
Rovibration_vJ|8[46]        -Rovibration_vJ|8[47]            6.2254E-07  1.1070E-02   6.060E+05     564- 576     7023
Rovibration_vJ|8[46]        -Rovibration_vJ|9[45]            4.2171E-05  8.6590E+01   5.762E+04     564- 621     7024
Rovibration_vJ|8[46]        -Rovibration_vJ|9[47]            4.9745E-05  1.3770E+02   4.857E+04     564- 628     7025
Rovibration_vJ|8[46]        -Rovibration_vJ|10[45]           1.6621E-06  1.4740E+01   2.773E+04     564- 651     7026
Rovibration_vJ|8[46]        -Rovibration_vJ|10[47]           2.7549E-06  2.7740E+01   2.547E+04     564- 655     7027
Rovibration_vJ|10[0]        -Rovibration_vJ|10[1]            3.7259E-08  1.0120E-07   2.861E+07     565- 566     7028
Rovibration_vJ|10[1]        -Rovibration_vJ|10[2]            4.9716E-08  9.7220E-07   1.431E+07     566- 567     7029
Rovibration_vJ|10[2]        -Rovibration_vJ|10[3]            6.7168E-08  3.5180E-06   9.538E+06     567- 568     7030
Rovibration_vJ|10[3]        -Rovibration_vJ|10[4]            8.5392E-08  8.6570E-06   7.154E+06     568- 569     7031
Rovibration_vJ|10[4]        -Rovibration_vJ|10[5]            1.0395E-07  1.7320E-05   5.723E+06     569- 570     7032
Rovibration_vJ|10[5]        -Rovibration_vJ|10[6]            1.2266E-07  3.0430E-05   4.770E+06     570- 572     7033
Rovibration_vJ|9[33]        -Rovibration_vJ|9[34]            5.4882E-07  5.0390E-03   8.399E+05     571- 578     7034
Rovibration_vJ|9[33]        -Rovibration_vJ|10[32]           4.7034E-05  1.0170E+02   5.639E+04     571- 624     7035
Rovibration_vJ|9[33]        -Rovibration_vJ|10[34]           5.3654E-05  1.3980E+02   4.986E+04     571- 629     7036
Rovibration_vJ|10[6]        -Rovibration_vJ|10[7]            1.4156E-07  4.8950E-05   4.089E+06     572- 574     7037
Rovibration_vJ|7[57]        -Rovibration_vJ|7[58]            6.3013E-07  1.7200E-02   4.901E+05     573- 582     7038
Rovibration_vJ|7[57]        -Rovibration_vJ|8[56]            3.7331E-05  7.3480E+01   5.873E+04     573- 623     7039
Rovibration_vJ|7[57]        -Rovibration_vJ|8[58]            4.5536E-05  1.3210E+02   4.754E+04     573- 630     7040
Rovibration_vJ|7[57]        -Rovibration_vJ|9[56]            1.2630E-06  1.0990E+01   2.793E+04     573- 652     7041
Rovibration_vJ|7[57]        -Rovibration_vJ|9[58]            2.3482E-06  2.4350E+01   2.514E+04     573- 656     7042
Rovibration_vJ|7[57]        -Rovibration_vJ|10[56]           2.5617E-08  5.1310E-01   1.841E+04     573- 667     7043
Rovibration_vJ|7[57]        -Rovibration_vJ|10[58]           8.3263E-08  1.8520E+00   1.717E+04     573- 669     7044
Rovibration_vJ|10[7]        -Rovibration_vJ|10[8]            1.6064E-07  7.3850E-05   3.578E+06     574- 575     7045
Rovibration_vJ|10[8]        -Rovibration_vJ|10[9]            1.7987E-07  1.0610E-04   3.181E+06     575- 577     7046
Rovibration_vJ|8[47]        -Rovibration_vJ|8[48]            6.4704E-07  1.1990E-02   5.937E+05     576- 585     7047
Rovibration_vJ|8[47]        -Rovibration_vJ|9[46]            4.2092E-05  8.5890E+01   5.779E+04     576- 625     7048
Rovibration_vJ|8[47]        -Rovibration_vJ|9[48]            4.9784E-05  1.3810E+02   4.853E+04     576- 632     7049
Rovibration_vJ|8[47]        -Rovibration_vJ|10[46]           1.6555E-06  1.4620E+01   2.778E+04     576- 653     7050
Rovibration_vJ|8[47]        -Rovibration_vJ|10[48]           2.7705E-06  2.7910E+01   2.546E+04     576- 657     7051
Rovibration_vJ|10[9]        -Rovibration_vJ|10[10]           1.9927E-07  1.4670E-04   2.863E+06     577- 579     7052
Rovibration_vJ|9[34]        -Rovibration_vJ|9[35]            5.7163E-07  5.5610E-03   8.163E+05     578- 583     7053
Rovibration_vJ|9[34]        -Rovibration_vJ|10[33]           4.6949E-05  1.0090E+02   5.654E+04     578- 626     7054
Rovibration_vJ|9[34]        -Rovibration_vJ|10[35]           5.3682E-05  1.4030E+02   4.980E+04     578- 631     7055
Rovibration_vJ|10[10]       -Rovibration_vJ|10[11]           2.1887E-07  1.9670E-04   2.603E+06     579- 580     7056
Rovibration_vJ|10[11]       -Rovibration_vJ|10[12]           2.3874E-07  2.5720E-04   2.387E+06     580- 581     7057
Rovibration_vJ|10[12]       -Rovibration_vJ|10[13]           2.5879E-07  3.2920E-04   2.203E+06     581- 584     7058
Rovibration_vJ|7[58]        -Rovibration_vJ|7[59]            6.5726E-07  1.8540E-02   4.822E+05     582- 591     7059
Rovibration_vJ|7[58]        -Rovibration_vJ|8[57]            3.7261E-05  7.2860E+01   5.891E+04     582- 627     7060
Rovibration_vJ|7[58]        -Rovibration_vJ|8[59]            4.5571E-05  1.3240E+02   4.751E+04     582- 635     7061
Rovibration_vJ|7[58]        -Rovibration_vJ|9[57]            1.2593E-06  1.0910E+01   2.799E+04     582- 654     7062
Rovibration_vJ|7[58]        -Rovibration_vJ|9[59]            2.3629E-06  2.4500E+01   2.515E+04     582- 659     7063
Rovibration_vJ|7[58]        -Rovibration_vJ|10[57]           2.5463E-08  5.0810E-01   1.844E+04     582- 668     7064
Rovibration_vJ|7[58]        -Rovibration_vJ|10[59]           8.4265E-08  1.8730E+00   1.718E+04     582- 670     7065
Rovibration_vJ|9[35]        -Rovibration_vJ|9[36]            5.9504E-07  6.1230E-03   7.940E+05     583- 588     7066
Rovibration_vJ|9[35]        -Rovibration_vJ|10[34]           4.6908E-05  1.0020E+02   5.668E+04     583- 629     7067
Rovibration_vJ|9[35]        -Rovibration_vJ|10[36]           5.3714E-05  1.4080E+02   4.975E+04     583- 633     7068
Rovibration_vJ|10[13]       -Rovibration_vJ|10[14]           2.7912E-07  4.1390E-04   2.046E+06     584- 586     7069
Rovibration_vJ|8[48]        -Rovibration_vJ|8[49]            6.7279E-07  1.2980E-02   5.820E+05     585- 590     7070
Rovibration_vJ|8[48]        -Rovibration_vJ|9[47]            4.2017E-05  8.5200E+01   5.795E+04     585- 628     7071
Rovibration_vJ|8[48]        -Rovibration_vJ|9[49]            4.9826E-05  1.3850E+02   4.849E+04     585- 634     7072
Rovibration_vJ|8[48]        -Rovibration_vJ|10[47]           1.6499E-06  1.4510E+01   2.783E+04     585- 655     7073
Rovibration_vJ|8[48]        -Rovibration_vJ|10[49]           2.7872E-06  2.8090E+01   2.547E+04     585- 658     7074
Rovibration_vJ|10[14]       -Rovibration_vJ|10[15]           2.9970E-07  5.1240E-04   1.910E+06     586- 587     7075
Rovibration_vJ|10[15]       -Rovibration_vJ|10[16]           3.2056E-07  6.2590E-04   1.791E+06     587- 589     7076
Rovibration_vJ|9[36]        -Rovibration_vJ|9[37]            6.1904E-07  6.7270E-03   7.729E+05     588- 593     7077
Rovibration_vJ|9[36]        -Rovibration_vJ|10[35]           4.6822E-05  9.9410E+01   5.683E+04     588- 631     7078
Rovibration_vJ|9[36]        -Rovibration_vJ|10[37]           5.3750E-05  1.4130E+02   4.970E+04     588- 636     7079
Rovibration_vJ|10[16]       -Rovibration_vJ|10[17]           3.4174E-07  7.5570E-04   1.686E+06     589- 592     7080
Rovibration_vJ|8[49]        -Rovibration_vJ|8[50]            6.9959E-07  1.4040E-02   5.708E+05     590- 596     7081
Rovibration_vJ|8[49]        -Rovibration_vJ|9[48]            4.1941E-05  8.4510E+01   5.813E+04     590- 632     7082
Rovibration_vJ|8[49]        -Rovibration_vJ|9[50]            4.9835E-05  1.3880E+02   4.845E+04     590- 637     7083
Rovibration_vJ|8[49]        -Rovibration_vJ|10[48]           1.6431E-06  1.4390E+01   2.788E+04     590- 657     7084
Rovibration_vJ|8[49]        -Rovibration_vJ|10[50]           2.8041E-06  2.8270E+01   2.547E+04     590- 660     7085
Rovibration_vJ|7[59]        -Rovibration_vJ|7[60]            6.8515E-07  1.9960E-02   4.745E+05     591- 598     7086
Rovibration_vJ|7[59]        -Rovibration_vJ|8[58]            3.7185E-05  7.2230E+01   5.910E+04     591- 630     7087
Rovibration_vJ|7[59]        -Rovibration_vJ|8[60]            4.5573E-05  1.3260E+02   4.748E+04     591- 639     7088
Rovibration_vJ|7[59]        -Rovibration_vJ|9[58]            1.2545E-06  1.0820E+01   2.805E+04     591- 656     7089
Rovibration_vJ|7[59]        -Rovibration_vJ|9[60]            2.3777E-06  2.4650E+01   2.515E+04     591- 661     7090
Rovibration_vJ|7[59]        -Rovibration_vJ|10[58]           2.5307E-08  5.0310E-01   1.847E+04     591- 669     7091
Rovibration_vJ|7[59]        -Rovibration_vJ|10[60]           8.5318E-08  1.8950E+00   1.719E+04     591- 671     7092
Rovibration_vJ|10[17]       -Rovibration_vJ|10[18]           3.6323E-07  9.0300E-04   1.593E+06     592- 594     7093
Rovibration_vJ|9[37]        -Rovibration_vJ|9[38]            6.4381E-07  7.3770E-03   7.530E+05     593- 597     7094
Rovibration_vJ|9[37]        -Rovibration_vJ|10[36]           4.6748E-05  9.8650E+01   5.699E+04     593- 633     7095
Rovibration_vJ|9[37]        -Rovibration_vJ|10[38]           5.3789E-05  1.4180E+02   4.964E+04     593- 638     7096
Rovibration_vJ|10[18]       -Rovibration_vJ|10[19]           3.8500E-07  1.0690E-03   1.510E+06     594- 595     7097
Rovibration_vJ|10[19]       -Rovibration_vJ|10[20]           4.0740E-07  1.2560E-03   1.435E+06     595- 599     7098
Rovibration_vJ|8[50]        -Rovibration_vJ|8[51]            7.2680E-07  1.5160E-02   5.600E+05     596- 602     7099
Rovibration_vJ|8[50]        -Rovibration_vJ|9[49]            4.1863E-05  8.3820E+01   5.830E+04     596- 634     7100
Rovibration_vJ|8[50]        -Rovibration_vJ|9[51]            4.9882E-05  1.3920E+02   4.841E+04     596- 641     7101
Rovibration_vJ|8[50]        -Rovibration_vJ|10[49]           1.6374E-06  1.4280E+01   2.793E+04     596- 658     7102
Rovibration_vJ|8[50]        -Rovibration_vJ|10[51]           2.8201E-06  2.8440E+01   2.547E+04     596- 662     7103
Rovibration_vJ|9[38]        -Rovibration_vJ|9[39]            6.6924E-07  8.0740E-03   7.341E+05     597- 601     7104
Rovibration_vJ|9[38]        -Rovibration_vJ|10[37]           4.6672E-05  9.7890E+01   5.714E+04     597- 636     7105
Rovibration_vJ|9[38]        -Rovibration_vJ|10[39]           5.3795E-05  1.4220E+02   4.959E+04     597- 640     7106
Rovibration_vJ|7[60]        -Rovibration_vJ|8[59]            3.7108E-05  7.1600E+01   5.929E+04     598- 635     7107
Rovibration_vJ|7[60]        -Rovibration_vJ|9[59]            1.2508E-06  1.0740E+01   2.810E+04     598- 659     7108
Rovibration_vJ|7[60]        -Rovibration_vJ|10[59]           2.5157E-08  4.9820E-01   1.851E+04     598- 670     7109
Rovibration_vJ|10[20]       -Rovibration_vJ|10[21]           4.2994E-07  1.4640E-03   1.367E+06     599- 600     7110
Rovibration_vJ|10[21]       -Rovibration_vJ|10[22]           4.5284E-07  1.6950E-03   1.305E+06     600- 603     7111
Rovibration_vJ|9[39]        -Rovibration_vJ|9[40]            6.9538E-07  8.8210E-03   7.161E+05     601- 605     7112
Rovibration_vJ|9[39]        -Rovibration_vJ|10[38]           4.6598E-05  9.7140E+01   5.730E+04     601- 638     7113
Rovibration_vJ|9[39]        -Rovibration_vJ|10[40]           5.3841E-05  1.4270E+02   4.954E+04     601- 642     7114
Rovibration_vJ|8[51]        -Rovibration_vJ|8[52]            7.5525E-07  1.6360E-02   5.496E+05     602- 606     7115
Rovibration_vJ|8[51]        -Rovibration_vJ|9[50]            4.1785E-05  8.3130E+01   5.847E+04     602- 637     7116
Rovibration_vJ|8[51]        -Rovibration_vJ|9[52]            4.9895E-05  1.3950E+02   4.838E+04     602- 643     7117
Rovibration_vJ|8[51]        -Rovibration_vJ|10[50]           1.6317E-06  1.4170E+01   2.799E+04     602- 660     7118
Rovibration_vJ|8[51]        -Rovibration_vJ|10[52]           2.8373E-06  2.8620E+01   2.547E+04     602- 663     7119
Rovibration_vJ|10[22]       -Rovibration_vJ|10[23]           4.7626E-07  1.9510E-03   1.249E+06     603- 604     7120
Rovibration_vJ|10[23]       -Rovibration_vJ|10[24]           5.0004E-07  2.2330E-03   1.197E+06     604- 607     7121
Rovibration_vJ|9[40]        -Rovibration_vJ|9[41]            7.2235E-07  9.6220E-03   6.991E+05     605- 608     7122
Rovibration_vJ|9[40]        -Rovibration_vJ|10[39]           4.6523E-05  9.6390E+01   5.745E+04     605- 640     7123
Rovibration_vJ|9[40]        -Rovibration_vJ|10[41]           5.3892E-05  1.4320E+02   4.950E+04     605- 644     7124
Rovibration_vJ|8[52]        -Rovibration_vJ|8[53]            7.8476E-07  1.7640E-02   5.396E+05     606- 610     7125
Rovibration_vJ|8[52]        -Rovibration_vJ|9[51]            4.1704E-05  8.2440E+01   5.865E+04     606- 641     7126
Rovibration_vJ|8[52]        -Rovibration_vJ|9[53]            4.9947E-05  1.3990E+02   4.834E+04     606- 645     7127
Rovibration_vJ|8[52]        -Rovibration_vJ|10[51]           1.6259E-06  1.4060E+01   2.804E+04     606- 662     7128
Rovibration_vJ|8[52]        -Rovibration_vJ|10[53]           2.8536E-06  2.8790E+01   2.547E+04     606- 664     7129
Rovibration_vJ|10[24]       -Rovibration_vJ|10[25]           5.2451E-07  2.5440E-03   1.149E+06     607- 609     7130
Rovibration_vJ|9[41]        -Rovibration_vJ|9[42]            7.5018E-07  1.0480E-02   6.828E+05     608- 612     7131
Rovibration_vJ|9[41]        -Rovibration_vJ|10[40]           4.6445E-05  9.5640E+01   5.761E+04     608- 642     7132
Rovibration_vJ|9[41]        -Rovibration_vJ|10[42]           5.3908E-05  1.4360E+02   4.945E+04     608- 646     7133
Rovibration_vJ|10[25]       -Rovibration_vJ|10[26]           5.4930E-07  2.8840E-03   1.106E+06     609- 611     7134
Rovibration_vJ|8[53]        -Rovibration_vJ|8[54]            8.1518E-07  1.9000E-02   5.300E+05     610- 614     7135
Rovibration_vJ|8[53]        -Rovibration_vJ|9[52]            4.1623E-05  8.1750E+01   5.883E+04     610- 643     7136
Rovibration_vJ|8[53]        -Rovibration_vJ|9[54]            4.9966E-05  1.4020E+02   4.831E+04     610- 647     7137
Rovibration_vJ|8[53]        -Rovibration_vJ|10[52]           1.6202E-06  1.3950E+01   2.810E+04     610- 663     7138
Rovibration_vJ|8[53]        -Rovibration_vJ|10[54]           2.8710E-06  2.8970E+01   2.547E+04     610- 665     7139
Rovibration_vJ|10[26]       -Rovibration_vJ|10[27]           5.7467E-07  3.2560E-03   1.065E+06     611- 613     7140
Rovibration_vJ|9[42]        -Rovibration_vJ|9[43]            7.7834E-07  1.1390E-02   6.673E+05     612- 615     7141
Rovibration_vJ|9[42]        -Rovibration_vJ|10[41]           4.6366E-05  9.4890E+01   5.777E+04     612- 644     7142
Rovibration_vJ|9[42]        -Rovibration_vJ|10[43]           5.3927E-05  1.4400E+02   4.940E+04     612- 648     7143
Rovibration_vJ|10[27]       -Rovibration_vJ|10[28]           6.0050E-07  3.6610E-03   1.027E+06     613- 616     7144
Rovibration_vJ|8[54]        -Rovibration_vJ|8[55]            8.4678E-07  2.0450E-02   5.208E+05     614- 619     7145
Rovibration_vJ|8[54]        -Rovibration_vJ|9[53]            4.1546E-05  8.1070E+01   5.901E+04     614- 645     7146
Rovibration_vJ|8[54]        -Rovibration_vJ|9[55]            4.9987E-05  1.4050E+02   4.827E+04     614- 650     7147
Rovibration_vJ|8[54]        -Rovibration_vJ|10[53]           1.6144E-06  1.3840E+01   2.815E+04     614- 664     7148
Rovibration_vJ|8[54]        -Rovibration_vJ|10[55]           2.8877E-06  2.9140E+01   2.548E+04     614- 666     7149
Rovibration_vJ|9[43]        -Rovibration_vJ|9[44]            8.0788E-07  1.2370E-02   6.526E+05     615- 618     7150
Rovibration_vJ|9[43]        -Rovibration_vJ|10[42]           4.6285E-05  9.4140E+01   5.794E+04     615- 646     7151
Rovibration_vJ|9[43]        -Rovibration_vJ|10[44]           5.3987E-05  1.4450E+02   4.936E+04     615- 649     7152
Rovibration_vJ|10[28]       -Rovibration_vJ|10[29]           6.2696E-07  4.1020E-03   9.924E+05     616- 617     7153
Rovibration_vJ|10[29]       -Rovibration_vJ|10[30]           6.5406E-07  4.5810E-03   9.598E+05     617- 620     7154
Rovibration_vJ|9[44]        -Rovibration_vJ|9[45]            8.3855E-07  1.3420E-02   6.385E+05     618- 621     7155
Rovibration_vJ|9[44]        -Rovibration_vJ|10[43]           4.6207E-05  9.3400E+01   5.810E+04     618- 648     7156
Rovibration_vJ|9[44]        -Rovibration_vJ|10[45]           5.4012E-05  1.4490E+02   4.931E+04     618- 651     7157
Rovibration_vJ|8[55]        -Rovibration_vJ|8[56]            8.7899E-07  2.1980E-02   5.119E+05     619- 623     7158
Rovibration_vJ|8[55]        -Rovibration_vJ|9[54]            4.1467E-05  8.0390E+01   5.919E+04     619- 647     7159
Rovibration_vJ|8[55]        -Rovibration_vJ|9[56]            5.0011E-05  1.4080E+02   4.824E+04     619- 652     7160
Rovibration_vJ|8[55]        -Rovibration_vJ|10[54]           1.6085E-06  1.3730E+01   2.821E+04     619- 665     7161
Rovibration_vJ|8[55]        -Rovibration_vJ|10[56]           2.9054E-06  2.9320E+01   2.548E+04     619- 667     7162
Rovibration_vJ|10[30]       -Rovibration_vJ|10[31]           6.8166E-07  5.0990E-03   9.292E+05     620- 622     7163
Rovibration_vJ|9[45]        -Rovibration_vJ|9[46]            8.6956E-07  1.4530E-02   6.250E+05     621- 625     7164
Rovibration_vJ|9[45]        -Rovibration_vJ|10[44]           4.6128E-05  9.2660E+01   5.827E+04     621- 649     7165
Rovibration_vJ|9[45]        -Rovibration_vJ|10[46]           5.4041E-05  1.4530E+02   4.927E+04     621- 653     7166
Rovibration_vJ|10[31]       -Rovibration_vJ|10[32]           7.0990E-07  5.6590E-03   9.006E+05     622- 624     7167
Rovibration_vJ|8[56]        -Rovibration_vJ|8[57]            9.1287E-07  2.3620E-02   5.033E+05     623- 627     7168
Rovibration_vJ|8[56]        -Rovibration_vJ|9[55]            4.1382E-05  7.9700E+01   5.938E+04     623- 650     7169
Rovibration_vJ|8[56]        -Rovibration_vJ|9[57]            5.0038E-05  1.4110E+02   4.821E+04     623- 654     7170
Rovibration_vJ|8[56]        -Rovibration_vJ|10[55]           1.6038E-06  1.3630E+01   2.827E+04     623- 666     7171
Rovibration_vJ|8[56]        -Rovibration_vJ|10[57]           2.9223E-06  2.9490E+01   2.549E+04     623- 668     7172
Rovibration_vJ|10[32]       -Rovibration_vJ|10[33]           7.3887E-07  6.2640E-03   8.737E+05     624- 626     7173
Rovibration_vJ|9[46]        -Rovibration_vJ|9[47]            9.0135E-07  1.5710E-02   6.121E+05     625- 628     7174
Rovibration_vJ|9[46]        -Rovibration_vJ|10[45]           4.6042E-05  9.1910E+01   5.844E+04     625- 651     7175
Rovibration_vJ|9[46]        -Rovibration_vJ|10[47]           5.4072E-05  1.4570E+02   4.923E+04     625- 655     7176
Rovibration_vJ|10[33]       -Rovibration_vJ|10[34]           7.6853E-07  6.9160E-03   8.484E+05     626- 629     7177
Rovibration_vJ|8[57]        -Rovibration_vJ|8[58]            9.4748E-07  2.5350E-02   4.950E+05     627- 630     7178
Rovibration_vJ|8[57]        -Rovibration_vJ|9[56]            4.1301E-05  7.9020E+01   5.957E+04     627- 652     7179
Rovibration_vJ|8[57]        -Rovibration_vJ|9[58]            5.0066E-05  1.4140E+02   4.818E+04     627- 656     7180
Rovibration_vJ|8[57]        -Rovibration_vJ|10[56]           1.5979E-06  1.3520E+01   2.832E+04     627- 667     7181
Rovibration_vJ|8[57]        -Rovibration_vJ|10[58]           2.9404E-06  2.9670E+01   2.549E+04     627- 669     7182
Rovibration_vJ|9[47]        -Rovibration_vJ|9[48]            9.3433E-07  1.6970E-02   5.997E+05     628- 632     7183
Rovibration_vJ|9[47]        -Rovibration_vJ|10[46]           4.5959E-05  9.1170E+01   5.861E+04     628- 653     7184
Rovibration_vJ|9[47]        -Rovibration_vJ|10[48]           5.4107E-05  1.4610E+02   4.919E+04     628- 657     7185
Rovibration_vJ|10[34]       -Rovibration_vJ|10[35]           7.9886E-07  7.6170E-03   8.245E+05     629- 631     7186
Rovibration_vJ|8[58]        -Rovibration_vJ|8[59]            9.8341E-07  2.7190E-02   4.870E+05     630- 635     7187
Rovibration_vJ|8[58]        -Rovibration_vJ|9[57]            4.1224E-05  7.8350E+01   5.975E+04     630- 654     7188
Rovibration_vJ|8[58]        -Rovibration_vJ|9[59]            5.0098E-05  1.4170E+02   4.815E+04     630- 659     7189
Rovibration_vJ|8[58]        -Rovibration_vJ|10[57]           1.5920E-06  1.3410E+01   2.838E+04     630- 668     7190
Rovibration_vJ|8[58]        -Rovibration_vJ|10[59]           2.9576E-06  2.9840E+01   2.550E+04     630- 670     7191
Rovibration_vJ|10[35]       -Rovibration_vJ|10[36]           8.2992E-07  8.3700E-03   8.020E+05     631- 633     7192
Rovibration_vJ|9[48]        -Rovibration_vJ|9[49]            9.6882E-07  1.8320E-02   5.879E+05     632- 634     7193
Rovibration_vJ|9[48]        -Rovibration_vJ|10[47]           4.5881E-05  9.0440E+01   5.878E+04     632- 655     7194
Rovibration_vJ|9[48]        -Rovibration_vJ|10[49]           5.4108E-05  1.4640E+02   4.915E+04     632- 658     7195
Rovibration_vJ|10[36]       -Rovibration_vJ|10[37]           8.6175E-07  9.1780E-03   7.808E+05     633- 636     7196
Rovibration_vJ|9[49]        -Rovibration_vJ|9[50]            1.0036E-06  1.9740E-02   5.765E+05     634- 637     7197
Rovibration_vJ|9[49]        -Rovibration_vJ|10[48]           4.5795E-05  8.9700E+01   5.895E+04     634- 657     7198
Rovibration_vJ|9[49]        -Rovibration_vJ|10[50]           5.4148E-05  1.4680E+02   4.911E+04     634- 660     7199
Rovibration_vJ|8[59]        -Rovibration_vJ|8[60]            1.0205E-06  2.9140E-02   4.793E+05     635- 639     7200
Rovibration_vJ|8[59]        -Rovibration_vJ|9[58]            4.1141E-05  7.7670E+01   5.995E+04     635- 656     7201
Rovibration_vJ|8[59]        -Rovibration_vJ|9[60]            5.0131E-05  1.4200E+02   4.812E+04     635- 661     7202
Rovibration_vJ|8[59]        -Rovibration_vJ|10[58]           1.5872E-06  1.3310E+01   2.844E+04     635- 669     7203
Rovibration_vJ|8[59]        -Rovibration_vJ|10[60]           2.9760E-06  3.0020E+01   2.550E+04     635- 671     7204
Rovibration_vJ|10[37]       -Rovibration_vJ|10[38]           8.9403E-07  1.0040E-02   7.606E+05     636- 638     7205
Rovibration_vJ|9[50]        -Rovibration_vJ|9[51]            1.0399E-06  2.1260E-02   5.656E+05     637- 641     7206
Rovibration_vJ|9[50]        -Rovibration_vJ|10[49]           4.5709E-05  8.8960E+01   5.913E+04     637- 658     7207
Rovibration_vJ|9[50]        -Rovibration_vJ|10[51]           5.4191E-05  1.4720E+02   4.907E+04     637- 662     7208
Rovibration_vJ|10[38]       -Rovibration_vJ|10[39]           9.2778E-07  1.0970E-02   7.415E+05     638- 640     7209
Rovibration_vJ|8[60]        -Rovibration_vJ|9[59]            4.1056E-05  7.6990E+01   6.014E+04     639- 659     7210
Rovibration_vJ|8[60]        -Rovibration_vJ|10[59]           1.5824E-06  1.3210E+01   2.850E+04     639- 670     7211
Rovibration_vJ|10[39]       -Rovibration_vJ|10[40]           9.6202E-07  1.1960E-02   7.234E+05     640- 642     7212
Rovibration_vJ|9[51]        -Rovibration_vJ|9[52]            1.0768E-06  2.2860E-02   5.552E+05     641- 643     7213
Rovibration_vJ|9[51]        -Rovibration_vJ|10[50]           4.5626E-05  8.8230E+01   5.931E+04     641- 660     7214
Rovibration_vJ|9[51]        -Rovibration_vJ|10[52]           5.4201E-05  1.4750E+02   4.903E+04     641- 663     7215
Rovibration_vJ|10[40]       -Rovibration_vJ|10[41]           9.9736E-07  1.3020E-02   7.061E+05     642- 644     7216
Rovibration_vJ|9[52]        -Rovibration_vJ|9[53]            1.1153E-06  2.4570E-02   5.451E+05     643- 645     7217
Rovibration_vJ|9[52]        -Rovibration_vJ|10[51]           4.5542E-05  8.7500E+01   5.949E+04     643- 662     7218
Rovibration_vJ|9[52]        -Rovibration_vJ|10[53]           5.4250E-05  1.4790E+02   4.900E+04     643- 664     7219
Rovibration_vJ|10[41]       -Rovibration_vJ|10[42]           1.0335E-06  1.4150E-02   6.897E+05     644- 646     7220
Rovibration_vJ|9[53]        -Rovibration_vJ|9[54]            1.1548E-06  2.6380E-02   5.354E+05     645- 647     7221
Rovibration_vJ|9[53]        -Rovibration_vJ|10[52]           4.5451E-05  8.6760E+01   5.967E+04     645- 663     7222
Rovibration_vJ|9[53]        -Rovibration_vJ|10[54]           5.4264E-05  1.4820E+02   4.896E+04     645- 665     7223
Rovibration_vJ|10[42]       -Rovibration_vJ|10[43]           1.0703E-06  1.5350E-02   6.741E+05     646- 648     7224
Rovibration_vJ|9[54]        -Rovibration_vJ|9[55]            1.1957E-06  2.8300E-02   5.261E+05     647- 650     7225
Rovibration_vJ|9[54]        -Rovibration_vJ|10[53]           4.5364E-05  8.6030E+01   5.986E+04     647- 664     7226
Rovibration_vJ|9[54]        -Rovibration_vJ|10[55]           5.4282E-05  1.4850E+02   4.893E+04     647- 666     7227
Rovibration_vJ|10[43]       -Rovibration_vJ|10[44]           1.1083E-06  1.6630E-02   6.592E+05     648- 649     7228
Rovibration_vJ|10[44]       -Rovibration_vJ|10[45]           1.1477E-06  1.8000E-02   6.449E+05     649- 651     7229
Rovibration_vJ|9[55]        -Rovibration_vJ|9[56]            1.2376E-06  3.0330E-02   5.171E+05     650- 652     7230
Rovibration_vJ|9[55]        -Rovibration_vJ|10[54]           4.5281E-05  8.5310E+01   6.005E+04     650- 665     7231
Rovibration_vJ|9[55]        -Rovibration_vJ|10[56]           5.4303E-05  1.4880E+02   4.890E+04     650- 667     7232
Rovibration_vJ|10[45]       -Rovibration_vJ|10[46]           1.1872E-06  1.9440E-02   6.313E+05     651- 653     7233
Rovibration_vJ|9[56]        -Rovibration_vJ|9[57]            1.2805E-06  3.2470E-02   5.084E+05     652- 654     7234
Rovibration_vJ|9[56]        -Rovibration_vJ|10[55]           4.5192E-05  8.4580E+01   6.023E+04     652- 666     7235
Rovibration_vJ|9[56]        -Rovibration_vJ|10[57]           5.4326E-05  1.4910E+02   4.887E+04     652- 668     7236
Rovibration_vJ|10[46]       -Rovibration_vJ|10[47]           1.2283E-06  2.0980E-02   6.183E+05     653- 655     7237
Rovibration_vJ|9[57]        -Rovibration_vJ|9[58]            1.3253E-06  3.4750E-02   5.000E+05     654- 656     7238
Rovibration_vJ|9[57]        -Rovibration_vJ|10[56]           4.5101E-05  8.3850E+01   6.043E+04     654- 667     7239
Rovibration_vJ|9[57]        -Rovibration_vJ|10[58]           5.4352E-05  1.4940E+02   4.884E+04     654- 669     7240
Rovibration_vJ|10[47]       -Rovibration_vJ|10[48]           1.2709E-06  2.2620E-02   6.058E+05     655- 657     7241
Rovibration_vJ|9[58]        -Rovibration_vJ|9[59]            1.3711E-06  3.7150E-02   4.920E+05     656- 659     7242
Rovibration_vJ|9[58]        -Rovibration_vJ|10[57]           4.5014E-05  8.3130E+01   6.062E+04     656- 668     7243
Rovibration_vJ|9[58]        -Rovibration_vJ|10[59]           5.4381E-05  1.4970E+02   4.881E+04     656- 670     7244
Rovibration_vJ|10[48]       -Rovibration_vJ|10[49]           1.3141E-06  2.4350E-02   5.939E+05     657- 658     7245
Rovibration_vJ|10[49]       -Rovibration_vJ|10[50]           1.3587E-06  2.6190E-02   5.824E+05     658- 660     7246
Rovibration_vJ|9[59]        -Rovibration_vJ|9[60]            1.4184E-06  3.9690E-02   4.842E+05     659- 661     7247
Rovibration_vJ|9[59]        -Rovibration_vJ|10[58]           4.4926E-05  8.2410E+01   6.081E+04     659- 669     7248
Rovibration_vJ|9[59]        -Rovibration_vJ|10[60]           5.4376E-05  1.4990E+02   4.878E+04     659- 671     7249
Rovibration_vJ|10[50]       -Rovibration_vJ|10[51]           1.4042E-06  2.8130E-02   5.714E+05     660- 662     7250
Rovibration_vJ|9[60]        -Rovibration_vJ|10[59]           4.4837E-05  8.1690E+01   6.101E+04     661- 670     7251
Rovibration_vJ|10[51]       -Rovibration_vJ|10[52]           1.4512E-06  3.0190E-02   5.608E+05     662- 663     7252
Rovibration_vJ|10[52]       -Rovibration_vJ|10[53]           1.4995E-06  3.2370E-02   5.507E+05     663- 664     7253
Rovibration_vJ|10[53]       -Rovibration_vJ|10[54]           1.5489E-06  3.4670E-02   5.409E+05     664- 665     7254
Rovibration_vJ|10[54]       -Rovibration_vJ|10[55]           1.5997E-06  3.7100E-02   5.314E+05     665- 666     7255
Rovibration_vJ|10[55]       -Rovibration_vJ|10[56]           1.6521E-06  3.9670E-02   5.224E+05     666- 667     7256
Rovibration_vJ|10[56]       -Rovibration_vJ|10[57]           1.7058E-06  4.2380E-02   5.136E+05     667- 668     7257
Rovibration_vJ|10[57]       -Rovibration_vJ|10[58]           1.7610E-06  4.5240E-02   5.052E+05     668- 669     7258
Rovibration_vJ|10[58]       -Rovibration_vJ|10[59]           1.8179E-06  4.8260E-02   4.970E+05     669- 670     7259
Rovibration_vJ|10[59]       -Rovibration_vJ|10[60]           1.8759E-06  5.1430E-02   4.892E+05     670- 671     7260
