 *************************************************************************************

Ro-vibrational Energy Levels and Transitions for Carbon Monoxide, up to v= 10 and J= 30

 Data taken from Li et al., 2015.  Accessed 2021. URL: https://ui.adsabs.harvard.edu/abs/2015ApJS..216...15L/abstract

                      Level Name     g       E(cm^-1)    10^15 Hz       eV       Lam(A)      ID        ARAD        GAM2        GAM4
 *************************************************************************************

15-Apr-2021                                        !Date Created
341                                                !Number of energy levels
113030.071                                         !Ionization energy
1.0                                                !Screened nuclear charge
3630                                               !Number of transitions

Rovibration_vJ|0[0]                1.0         0.0000     3.38857   14.014    8.847E+02       1   0.000E+00   0.000E+00   0.000E+00
Rovibration_vJ|0[1]                3.0         3.8450     3.38845   14.014    8.847E+02       2   7.207E-08   0.000E+00   0.000E+00
Rovibration_vJ|0[2]                5.0        11.5350     3.38822   14.013    8.848E+02       3   6.914E-07   0.000E+00   0.000E+00
Rovibration_vJ|0[3]                7.0        23.0695     3.38788   14.011    8.849E+02       4   2.497E-06   0.000E+00   0.000E+00
Rovibration_vJ|0[4]                9.0        38.4481     3.38742   14.009    8.850E+02       5   6.129E-06   0.000E+00   0.000E+00
Rovibration_vJ|0[5]               11.0        57.6704     3.38684   14.007    8.852E+02       6   1.222E-05   0.000E+00   0.000E+00
Rovibration_vJ|0[6]               13.0        80.7354     3.38615   14.004    8.853E+02       7   2.138E-05   0.000E+00   0.000E+00
Rovibration_vJ|0[7]               15.0       107.6424     3.38534   14.001    8.856E+02       8   3.423E-05   0.000E+00   0.000E+00
Rovibration_vJ|0[8]               17.0       138.3903     3.38442   13.997    8.858E+02       9   5.135E-05   0.000E+00   0.000E+00
Rovibration_vJ|0[9]               19.0       172.9780     3.38338   13.993    8.861E+02      10   7.330E-05   0.000E+00   0.000E+00
Rovibration_vJ|0[10]              21.0       211.4041     3.38223   13.988    8.864E+02      11   1.006E-04   0.000E+00   0.000E+00
Rovibration_vJ|0[11]              23.0       253.6672     3.38097   13.983    8.867E+02      12   1.339E-04   0.000E+00   0.000E+00
Rovibration_vJ|0[12]              25.0       299.7655     3.37958   13.977    8.871E+02      13   1.735E-04   0.000E+00   0.000E+00
Rovibration_vJ|0[13]              27.0       349.6975     3.37809   13.971    8.875E+02      14   2.200E-04   0.000E+00   0.000E+00
Rovibration_vJ|0[14]              29.0       403.4611     3.37647   13.964    8.879E+02      15   2.738E-04   0.000E+00   0.000E+00
Rovibration_vJ|0[15]              31.0       461.0544     3.37475   13.957    8.883E+02      16   3.353E-04   0.000E+00   0.000E+00
Rovibration_vJ|0[16]              33.0       522.4751     3.37291   13.949    8.888E+02      17   4.048E-04   0.000E+00   0.000E+00
Rovibration_vJ|0[17]              35.0       587.7208     3.37095   13.941    8.893E+02      18   4.827E-04   0.000E+00   0.000E+00
Rovibration_vJ|0[18]              37.0       656.7891     3.36888   13.933    8.899E+02      19   5.692E-04   0.000E+00   0.000E+00
Rovibration_vJ|0[19]              39.0       729.6774     3.36669   13.924    8.905E+02      20   6.646E-04   0.000E+00   0.000E+00
Rovibration_vJ|0[20]              41.0       806.3827     3.36440   13.914    8.911E+02      21   7.690E-04   0.000E+00   0.000E+00
Rovibration_vJ|0[21]              43.0       886.9023     3.36198   13.904    8.917E+02      22   8.826E-04   0.000E+00   0.000E+00
Rovibration_vJ|0[22]              45.0       971.2331     3.35945   13.894    8.924E+02      23   1.005E-03   0.000E+00   0.000E+00
Rovibration_vJ|0[23]              47.0      1059.3717     3.35681   13.883    8.931E+02      24   1.138E-03   0.000E+00   0.000E+00
Rovibration_vJ|0[24]              49.0      1151.3149     3.35405   13.871    8.938E+02      25   1.279E-03   0.000E+00   0.000E+00
Rovibration_vJ|0[25]              51.0      1247.0591     3.35118   13.859    8.946E+02      26   1.430E-03   0.000E+00   0.000E+00
Rovibration_vJ|0[26]              53.0      1346.6007     3.34820   13.847    8.954E+02      27   1.590E-03   0.000E+00   0.000E+00
Rovibration_vJ|0[27]              55.0      1449.9358     3.34510   13.834    8.962E+02      28   1.758E-03   0.000E+00   0.000E+00
Rovibration_vJ|0[28]              57.0      1557.0605     3.34189   13.821    8.971E+02      29   1.936E-03   0.000E+00   0.000E+00
Rovibration_vJ|0[29]              59.0      1667.9707     3.33857   13.807    8.980E+02      30   2.122E-03   0.000E+00   0.000E+00
Rovibration_vJ|0[30]              61.0      1782.6622     3.33513   13.793    8.989E+02      31   2.316E-03   0.000E+00   0.000E+00
Rovibration_vJ|1[0]                1.0      2143.2711     3.32432   13.748    9.018E+02      32   3.546E+01   0.000E+00   0.000E+00
Rovibration_vJ|1[1]                3.0      2147.0811     3.32420   13.748    9.018E+02      33   3.546E+01   0.000E+00   0.000E+00
Rovibration_vJ|1[2]                5.0      2154.7010     3.32397   13.747    9.019E+02      34   3.546E+01   0.000E+00   0.000E+00
Rovibration_vJ|1[3]                7.0      2166.1305     3.32363   13.745    9.020E+02      35   3.546E+01   0.000E+00   0.000E+00
Rovibration_vJ|1[4]                9.0      2181.3692     3.32317   13.744    9.021E+02      36   3.546E+01   0.000E+00   0.000E+00
Rovibration_vJ|1[5]               11.0      2200.4164     3.32260   13.741    9.023E+02      37   3.545E+01   0.000E+00   0.000E+00
Rovibration_vJ|1[6]               13.0      2223.2714     3.32192   13.738    9.025E+02      38   3.545E+01   0.000E+00   0.000E+00
Rovibration_vJ|1[7]               15.0      2249.9333     3.32112   13.735    9.027E+02      39   3.545E+01   0.000E+00   0.000E+00
Rovibration_vJ|1[8]               17.0      2280.4012     3.32021   13.731    9.029E+02      40   3.545E+01   0.000E+00   0.000E+00
Rovibration_vJ|1[9]               19.0      2314.6738     3.31918   13.727    9.032E+02      41   3.543E+01   0.000E+00   0.000E+00
Rovibration_vJ|1[10]              21.0      2352.7499     3.31804   13.722    9.035E+02      42   3.543E+01   0.000E+00   0.000E+00
Rovibration_vJ|1[11]              23.0      2394.6278     3.31678   13.717    9.039E+02      43   3.543E+01   0.000E+00   0.000E+00
Rovibration_vJ|1[12]              25.0      2440.3061     3.31541   13.711    9.042E+02      44   3.543E+01   0.000E+00   0.000E+00
Rovibration_vJ|1[13]              27.0      2489.7830     3.31393   13.705    9.046E+02      45   3.541E+01   0.000E+00   0.000E+00
Rovibration_vJ|1[14]              29.0      2543.0566     3.31233   13.699    9.051E+02      46   3.541E+01   0.000E+00   0.000E+00
Rovibration_vJ|1[15]              31.0      2600.1247     3.31062   13.692    9.055E+02      47   3.540E+01   0.000E+00   0.000E+00
Rovibration_vJ|1[16]              33.0      2660.9853     3.30880   13.684    9.060E+02      48   3.540E+01   0.000E+00   0.000E+00
Rovibration_vJ|1[17]              35.0      2725.6359     3.30686   13.676    9.066E+02      49   3.539E+01   0.000E+00   0.000E+00
Rovibration_vJ|1[18]              37.0      2794.0741     3.30481   13.668    9.071E+02      50   3.538E+01   0.000E+00   0.000E+00
Rovibration_vJ|1[19]              39.0      2866.2973     3.30264   13.659    9.077E+02      51   3.537E+01   0.000E+00   0.000E+00
Rovibration_vJ|1[20]              41.0      2942.3025     3.30036   13.649    9.084E+02      52   3.536E+01   0.000E+00   0.000E+00
Rovibration_vJ|1[21]              43.0      3022.0870     3.29797   13.639    9.090E+02      53   3.534E+01   0.000E+00   0.000E+00
Rovibration_vJ|1[22]              45.0      3105.6476     3.29546   13.629    9.097E+02      54   3.533E+01   0.000E+00   0.000E+00
Rovibration_vJ|1[23]              47.0      3192.9811     3.29285   13.618    9.104E+02      55   3.532E+01   0.000E+00   0.000E+00
Rovibration_vJ|1[24]              49.0      3284.0842     3.29012   13.607    9.112E+02      56   3.532E+01   0.000E+00   0.000E+00
Rovibration_vJ|1[25]              51.0      3378.9532     3.28727   13.595    9.120E+02      57   3.530E+01   0.000E+00   0.000E+00
Rovibration_vJ|1[26]              53.0      3477.5847     3.28431   13.583    9.128E+02      58   3.529E+01   0.000E+00   0.000E+00
Rovibration_vJ|1[27]              55.0      3579.9746     3.28124   13.570    9.137E+02      59   3.527E+01   0.000E+00   0.000E+00
Rovibration_vJ|1[28]              57.0      3686.1192     3.27806   13.557    9.145E+02      60   3.526E+01   0.000E+00   0.000E+00
Rovibration_vJ|1[29]              59.0      3796.0143     3.27477   13.543    9.155E+02      61   3.525E+01   0.000E+00   0.000E+00
Rovibration_vJ|1[30]              61.0      3909.6556     3.27136   13.529    9.164E+02      62   2.030E+01   0.000E+00   0.000E+00
Rovibration_vJ|2[0]                1.0      4260.0622     3.26086   13.486    9.194E+02      63   6.922E+01   0.000E+00   0.000E+00
Rovibration_vJ|2[1]                3.0      4263.8372     3.26074   13.485    9.194E+02      64   6.922E+01   0.000E+00   0.000E+00
Rovibration_vJ|2[2]                5.0      4271.3871     3.26052   13.484    9.195E+02      65   6.922E+01   0.000E+00   0.000E+00
Rovibration_vJ|2[3]                7.0      4282.7116     3.26018   13.483    9.196E+02      66   6.921E+01   0.000E+00   0.000E+00
Rovibration_vJ|2[4]                9.0      4297.8102     3.25972   13.481    9.197E+02      67   6.921E+01   0.000E+00   0.000E+00
Rovibration_vJ|2[5]               11.0      4316.6824     3.25916   13.479    9.198E+02      68   6.920E+01   0.000E+00   0.000E+00
Rovibration_vJ|2[6]               13.0      4339.3274     3.25848   13.476    9.200E+02      69   6.920E+01   0.000E+00   0.000E+00
Rovibration_vJ|2[7]               15.0      4365.7443     3.25769   13.473    9.203E+02      70   6.919E+01   0.000E+00   0.000E+00
Rovibration_vJ|2[8]               17.0      4395.9321     3.25678   13.469    9.205E+02      71   6.919E+01   0.000E+00   0.000E+00
Rovibration_vJ|2[9]               19.0      4429.8897     3.25576   13.465    9.208E+02      72   6.918E+01   0.000E+00   0.000E+00
Rovibration_vJ|2[10]              21.0      4467.6157     3.25463   13.460    9.211E+02      73   6.917E+01   0.000E+00   0.000E+00
Rovibration_vJ|2[11]              23.0      4509.1086     3.25339   13.455    9.215E+02      74   6.915E+01   0.000E+00   0.000E+00
Rovibration_vJ|2[12]              25.0      4554.3669     3.25203   13.449    9.219E+02      75   6.914E+01   0.000E+00   0.000E+00
Rovibration_vJ|2[13]              27.0      4603.3887     3.25056   13.443    9.223E+02      76   6.913E+01   0.000E+00   0.000E+00
Rovibration_vJ|2[14]              29.0      4656.1722     3.24898   13.437    9.227E+02      77   6.912E+01   0.000E+00   0.000E+00
Rovibration_vJ|2[15]              31.0      4712.7153     3.24729   13.430    9.232E+02      78   6.911E+01   0.000E+00   0.000E+00
Rovibration_vJ|2[16]              33.0      4773.0158     3.24548   13.422    9.237E+02      79   6.909E+01   0.000E+00   0.000E+00
Rovibration_vJ|2[17]              35.0      4837.0714     3.24356   13.414    9.243E+02      80   6.908E+01   0.000E+00   0.000E+00
Rovibration_vJ|2[18]              37.0      4904.8795     3.24152   13.406    9.249E+02      81   6.906E+01   0.000E+00   0.000E+00
Rovibration_vJ|2[19]              39.0      4976.4376     3.23938   13.397    9.255E+02      82   6.904E+01   0.000E+00   0.000E+00
Rovibration_vJ|2[20]              41.0      5051.7427     3.23712   13.388    9.261E+02      83   6.902E+01   0.000E+00   0.000E+00
Rovibration_vJ|2[21]              43.0      5130.7921     3.23475   13.378    9.268E+02      84   6.899E+01   0.000E+00   0.000E+00
Rovibration_vJ|2[22]              45.0      5213.5827     3.23227   13.368    9.275E+02      85   6.897E+01   0.000E+00   0.000E+00
Rovibration_vJ|2[23]              47.0      5300.1111     3.22968   13.357    9.282E+02      86   6.895E+01   0.000E+00   0.000E+00
Rovibration_vJ|2[24]              49.0      5390.3740     3.22697   13.346    9.290E+02      87   6.893E+01   0.000E+00   0.000E+00
Rovibration_vJ|2[25]              51.0      5484.3680     3.22415   13.334    9.298E+02      88   6.890E+01   0.000E+00   0.000E+00
Rovibration_vJ|2[26]              53.0      5582.0893     3.22122   13.322    9.307E+02      89   6.887E+01   0.000E+00   0.000E+00
Rovibration_vJ|2[27]              55.0      5683.5342     3.21818   13.309    9.316E+02      90   6.884E+01   0.000E+00   0.000E+00
Rovibration_vJ|2[28]              57.0      5788.6987     3.21503   13.296    9.325E+02      91   6.881E+01   0.000E+00   0.000E+00
Rovibration_vJ|2[29]              59.0      5897.5787     3.21176   13.283    9.334E+02      92   6.879E+01   0.000E+00   0.000E+00
Rovibration_vJ|2[30]              61.0      6010.1699     3.20839   13.269    9.344E+02      93   3.961E+01   0.000E+00   0.000E+00
Rovibration_vJ|3[0]                1.0      6350.4391     3.19819   13.227    9.374E+02      94   1.013E+02   0.000E+00   0.000E+00
Rovibration_vJ|3[1]                3.0      6354.1791     3.19808   13.226    9.374E+02      95   1.013E+02   0.000E+00   0.000E+00
Rovibration_vJ|3[2]                5.0      6361.6590     3.19785   13.225    9.375E+02      96   1.013E+02   0.000E+00   0.000E+00
Rovibration_vJ|3[3]                7.0      6372.8785     3.19752   13.224    9.376E+02      97   1.013E+02   0.000E+00   0.000E+00
Rovibration_vJ|3[4]                9.0      6387.8371     3.19707   13.222    9.377E+02      98   1.013E+02   0.000E+00   0.000E+00
Rovibration_vJ|3[5]               11.0      6406.5342     3.19651   13.220    9.379E+02      99   1.013E+02   0.000E+00   0.000E+00
Rovibration_vJ|3[6]               13.0      6428.9692     3.19583   13.217    9.381E+02     100   1.013E+02   0.000E+00   0.000E+00
Rovibration_vJ|3[7]               15.0      6455.1411     3.19505   13.214    9.383E+02     101   1.013E+02   0.000E+00   0.000E+00
Rovibration_vJ|3[8]               17.0      6485.0490     3.19415   13.210    9.386E+02     102   1.013E+02   0.000E+00   0.000E+00
Rovibration_vJ|3[9]               19.0      6518.6915     3.19314   13.206    9.389E+02     103   1.013E+02   0.000E+00   0.000E+00
Rovibration_vJ|3[10]              21.0      6556.0675     3.19202   13.201    9.392E+02     104   1.013E+02   0.000E+00   0.000E+00
Rovibration_vJ|3[11]              23.0      6597.1754     3.19079   13.196    9.396E+02     105   1.012E+02   0.000E+00   0.000E+00
Rovibration_vJ|3[12]              25.0      6642.0137     3.18945   13.190    9.400E+02     106   1.012E+02   0.000E+00   0.000E+00
Rovibration_vJ|3[13]              27.0      6690.5805     3.18799   13.184    9.404E+02     107   1.012E+02   0.000E+00   0.000E+00
Rovibration_vJ|3[14]              29.0      6742.8739     3.18642   13.178    9.408E+02     108   1.012E+02   0.000E+00   0.000E+00
Rovibration_vJ|3[15]              31.0      6798.8920     3.18474   13.171    9.413E+02     109   1.012E+02   0.000E+00   0.000E+00
Rovibration_vJ|3[16]              33.0      6858.6325     3.18295   13.164    9.419E+02     110   1.011E+02   0.000E+00   0.000E+00
Rovibration_vJ|3[17]              35.0      6922.0930     3.18105   13.156    9.424E+02     111   1.011E+02   0.000E+00   0.000E+00
Rovibration_vJ|3[18]              37.0      6989.2711     3.17904   13.147    9.430E+02     112   1.011E+02   0.000E+00   0.000E+00
Rovibration_vJ|3[19]              39.0      7060.1642     3.17691   13.139    9.437E+02     113   1.011E+02   0.000E+00   0.000E+00
Rovibration_vJ|3[20]              41.0      7134.7693     3.17467   13.129    9.443E+02     114   1.010E+02   0.000E+00   0.000E+00
Rovibration_vJ|3[21]              43.0      7213.0837     3.17233   13.120    9.450E+02     115   1.010E+02   0.000E+00   0.000E+00
Rovibration_vJ|3[22]              45.0      7295.1041     3.16987   13.110    9.458E+02     116   1.010E+02   0.000E+00   0.000E+00
Rovibration_vJ|3[23]              47.0      7380.8275     3.16730   13.099    9.465E+02     117   1.009E+02   0.000E+00   0.000E+00
Rovibration_vJ|3[24]              49.0      7470.2504     3.16462   13.088    9.473E+02     118   1.009E+02   0.000E+00   0.000E+00
Rovibration_vJ|3[25]              51.0      7563.3694     3.16183   13.076    9.482E+02     119   1.009E+02   0.000E+00   0.000E+00
Rovibration_vJ|3[26]              53.0      7660.1806     3.15892   13.064    9.490E+02     120   1.008E+02   0.000E+00   0.000E+00
Rovibration_vJ|3[27]              55.0      7760.6805     3.15591   13.052    9.499E+02     121   1.008E+02   0.000E+00   0.000E+00
Rovibration_vJ|3[28]              57.0      7864.8649     3.15279   13.039    9.509E+02     122   1.007E+02   0.000E+00   0.000E+00
Rovibration_vJ|3[29]              59.0      7972.7298     3.14955   13.026    9.519E+02     123   1.007E+02   0.000E+00   0.000E+00
Rovibration_vJ|3[30]              61.0      8084.2709     3.14621   13.012    9.529E+02     124   5.798E+01   0.000E+00   0.000E+00
Rovibration_vJ|4[0]                1.0      8414.4693     3.13631   12.971    9.559E+02     125   1.319E+02   0.000E+00   0.000E+00
Rovibration_vJ|4[1]                3.0      8418.1743     3.13620   12.970    9.559E+02     126   1.319E+02   0.000E+00   0.000E+00
Rovibration_vJ|4[2]                5.0      8425.5842     3.13598   12.969    9.560E+02     127   1.319E+02   0.000E+00   0.000E+00
Rovibration_vJ|4[3]                7.0      8436.6987     3.13564   12.968    9.561E+02     128   1.318E+02   0.000E+00   0.000E+00
Rovibration_vJ|4[4]                9.0      8451.5173     3.13520   12.966    9.562E+02     129   1.318E+02   0.000E+00   0.000E+00
Rovibration_vJ|4[5]               11.0      8470.0395     3.13464   12.964    9.564E+02     130   1.318E+02   0.000E+00   0.000E+00
Rovibration_vJ|4[6]               13.0      8492.2645     3.13398   12.961    9.566E+02     131   1.318E+02   0.000E+00   0.000E+00
Rovibration_vJ|4[7]               15.0      8518.1914     3.13320   12.958    9.568E+02     132   1.318E+02   0.000E+00   0.000E+00
Rovibration_vJ|4[8]               17.0      8547.8193     3.13231   12.954    9.571E+02     133   1.318E+02   0.000E+00   0.000E+00
Rovibration_vJ|4[9]               19.0      8581.1468     3.13131   12.950    9.574E+02     134   1.318E+02   0.000E+00   0.000E+00
Rovibration_vJ|4[10]              21.0      8618.1728     3.13020   12.945    9.577E+02     135   1.317E+02   0.000E+00   0.000E+00
Rovibration_vJ|4[11]              23.0      8658.8958     3.12898   12.940    9.581E+02     136   1.317E+02   0.000E+00   0.000E+00
Rovibration_vJ|4[12]              25.0      8703.3140     3.12765   12.935    9.585E+02     137   1.317E+02   0.000E+00   0.000E+00
Rovibration_vJ|4[13]              27.0      8751.4258     3.12621   12.929    9.590E+02     138   1.317E+02   0.000E+00   0.000E+00
Rovibration_vJ|4[14]              29.0      8803.2293     3.12465   12.923    9.594E+02     139   1.317E+02   0.000E+00   0.000E+00
Rovibration_vJ|4[15]              31.0      8858.7224     3.12299   12.916    9.600E+02     140   1.316E+02   0.000E+00   0.000E+00
Rovibration_vJ|4[16]              33.0      8917.9029     3.12122   12.908    9.605E+02     141   1.316E+02   0.000E+00   0.000E+00
Rovibration_vJ|4[17]              35.0      8980.7685     3.11933   12.901    9.611E+02     142   1.316E+02   0.000E+00   0.000E+00
Rovibration_vJ|4[18]              37.0      9047.3166     3.11734   12.892    9.617E+02     143   1.315E+02   0.000E+00   0.000E+00
Rovibration_vJ|4[19]              39.0      9117.5446     3.11523   12.884    9.623E+02     144   1.315E+02   0.000E+00   0.000E+00
Rovibration_vJ|4[20]              41.0      9191.4498     3.11302   12.874    9.630E+02     145   1.314E+02   0.000E+00   0.000E+00
Rovibration_vJ|4[21]              43.0      9269.0292     3.11069   12.865    9.637E+02     146   1.314E+02   0.000E+00   0.000E+00
Rovibration_vJ|4[22]              45.0      9350.2797     3.10825   12.855    9.645E+02     147   1.314E+02   0.000E+00   0.000E+00
Rovibration_vJ|4[23]              47.0      9435.1981     3.10571   12.844    9.653E+02     148   1.313E+02   0.000E+00   0.000E+00
Rovibration_vJ|4[24]              49.0      9523.7810     3.10305   12.833    9.661E+02     149   1.313E+02   0.000E+00   0.000E+00
Rovibration_vJ|4[25]              51.0      9616.0249     3.10029   12.822    9.670E+02     150   1.312E+02   0.000E+00   0.000E+00
Rovibration_vJ|4[26]              53.0      9711.9262     3.09741   12.810    9.679E+02     151   1.312E+02   0.000E+00   0.000E+00
Rovibration_vJ|4[27]              55.0      9811.4810     3.09443   12.798    9.688E+02     152   1.311E+02   0.000E+00   0.000E+00
Rovibration_vJ|4[28]              57.0      9914.6854     3.09133   12.785    9.698E+02     153   1.310E+02   0.000E+00   0.000E+00
Rovibration_vJ|4[29]              59.0     10021.5353     3.08813   12.771    9.708E+02     154   1.310E+02   0.000E+00   0.000E+00
Rovibration_vJ|4[30]              61.0     10132.0265     3.08482   12.758    9.718E+02     155   7.543E+01   0.000E+00   0.000E+00
Rovibration_vJ|5[0]                1.0     10452.2222     3.07522   12.718    9.749E+02     156   1.609E+02   0.000E+00   0.000E+00
Rovibration_vJ|5[1]                3.0     10455.8922     3.07511   12.718    9.749E+02     157   1.608E+02   0.000E+00   0.000E+00
Rovibration_vJ|5[2]                5.0     10463.2321     3.07489   12.717    9.750E+02     158   1.608E+02   0.000E+00   0.000E+00
Rovibration_vJ|5[3]                7.0     10474.2416     3.07456   12.715    9.751E+02     159   1.608E+02   0.000E+00   0.000E+00
Rovibration_vJ|5[4]                9.0     10488.9202     3.07412   12.714    9.752E+02     160   1.608E+02   0.000E+00   0.000E+00
Rovibration_vJ|5[5]               11.0     10507.2674     3.07357   12.711    9.754E+02     161   1.608E+02   0.000E+00   0.000E+00
Rovibration_vJ|5[6]               13.0     10529.2825     3.07291   12.709    9.756E+02     162   1.608E+02   0.000E+00   0.000E+00
Rovibration_vJ|5[7]               15.0     10554.9644     3.07214   12.705    9.758E+02     163   1.608E+02   0.000E+00   0.000E+00
Rovibration_vJ|5[8]               17.0     10584.3123     3.07126   12.702    9.761E+02     164   1.608E+02   0.000E+00   0.000E+00
Rovibration_vJ|5[9]               19.0     10617.3249     3.07027   12.698    9.764E+02     165   1.607E+02   0.000E+00   0.000E+00
Rovibration_vJ|5[10]              21.0     10654.0010     3.06917   12.693    9.768E+02     166   1.607E+02   0.000E+00   0.000E+00
Rovibration_vJ|5[11]              23.0     10694.3389     3.06796   12.688    9.772E+02     167   1.607E+02   0.000E+00   0.000E+00
Rovibration_vJ|5[12]              25.0     10738.3373     3.06664   12.683    9.776E+02     168   1.606E+02   0.000E+00   0.000E+00
Rovibration_vJ|5[13]              27.0     10785.9941     3.06521   12.677    9.780E+02     169   1.606E+02   0.000E+00   0.000E+00
Rovibration_vJ|5[14]              29.0     10837.3077     3.06367   12.670    9.785E+02     170   1.606E+02   0.000E+00   0.000E+00
Rovibration_vJ|5[15]              31.0     10892.2759     3.06203   12.664    9.791E+02     171   1.605E+02   0.000E+00   0.000E+00
Rovibration_vJ|5[16]              33.0     10950.8964     3.06027   12.656    9.796E+02     172   1.605E+02   0.000E+00   0.000E+00
Rovibration_vJ|5[17]              35.0     11013.1671     3.05840   12.649    9.802E+02     173   1.605E+02   0.000E+00   0.000E+00
Rovibration_vJ|5[18]              37.0     11079.0852     3.05643   12.640    9.809E+02     174   1.604E+02   0.000E+00   0.000E+00
Rovibration_vJ|5[19]              39.0     11148.6484     3.05434   12.632    9.815E+02     175   1.604E+02   0.000E+00   0.000E+00
Rovibration_vJ|5[20]              41.0     11221.8536     3.05215   12.623    9.822E+02     176   1.603E+02   0.000E+00   0.000E+00
Rovibration_vJ|5[21]              43.0     11298.6981     3.04984   12.613    9.830E+02     177   1.603E+02   0.000E+00   0.000E+00
Rovibration_vJ|5[22]              45.0     11379.1786     3.04743   12.603    9.838E+02     178   1.602E+02   0.000E+00   0.000E+00
Rovibration_vJ|5[23]              47.0     11463.2921     3.04491   12.593    9.846E+02     179   1.601E+02   0.000E+00   0.000E+00
Rovibration_vJ|5[24]              49.0     11551.0351     3.04228   12.582    9.854E+02     180   1.601E+02   0.000E+00   0.000E+00
Rovibration_vJ|5[25]              51.0     11642.4041     3.03954   12.571    9.863E+02     181   1.600E+02   0.000E+00   0.000E+00
Rovibration_vJ|5[26]              53.0     11737.3955     3.03669   12.559    9.872E+02     182   1.600E+02   0.000E+00   0.000E+00
Rovibration_vJ|5[27]              55.0     11836.0053     3.03373   12.547    9.882E+02     183   1.599E+02   0.000E+00   0.000E+00
Rovibration_vJ|5[28]              57.0     11938.2298     3.03067   12.534    9.892E+02     184   1.598E+02   0.000E+00   0.000E+00
Rovibration_vJ|5[29]              59.0     12044.0648     3.02750   12.521    9.902E+02     185   1.597E+02   0.000E+00   0.000E+00
Rovibration_vJ|5[30]              61.0     12153.5059     3.02422   12.507    9.913E+02     186   9.198E+01   0.000E+00   0.000E+00
Rovibration_vJ|6[0]                1.0     12463.7686     3.01491   12.469    9.944E+02     187   1.883E+02   0.000E+00   0.000E+00
Rovibration_vJ|6[1]                3.0     12467.4037     3.01481   12.468    9.944E+02     188   1.884E+02   0.000E+00   0.000E+00
Rovibration_vJ|6[2]                5.0     12474.6736     3.01459   12.467    9.945E+02     189   1.883E+02   0.000E+00   0.000E+00
Rovibration_vJ|6[3]                7.0     12485.5781     3.01426   12.466    9.946E+02     190   1.883E+02   0.000E+00   0.000E+00
Rovibration_vJ|6[4]                9.0     12500.1168     3.01382   12.464    9.947E+02     191   1.883E+02   0.000E+00   0.000E+00
Rovibration_vJ|6[5]               11.0     12518.2890     3.01328   12.462    9.949E+02     192   1.883E+02   0.000E+00   0.000E+00
Rovibration_vJ|6[6]               13.0     12540.0941     3.01263   12.459    9.951E+02     193   1.883E+02   0.000E+00   0.000E+00
Rovibration_vJ|6[7]               15.0     12565.5311     3.01186   12.456    9.954E+02     194   1.882E+02   0.000E+00   0.000E+00
Rovibration_vJ|6[8]               17.0     12594.5991     3.01099   12.452    9.957E+02     195   1.882E+02   0.000E+00   0.000E+00
Rovibration_vJ|6[9]               19.0     12627.2968     3.01001   12.448    9.960E+02     196   1.882E+02   0.000E+00   0.000E+00
Rovibration_vJ|6[10]              21.0     12663.6229     3.00892   12.444    9.963E+02     197   1.882E+02   0.000E+00   0.000E+00
Rovibration_vJ|6[11]              23.0     12703.5760     3.00772   12.439    9.967E+02     198   1.881E+02   0.000E+00   0.000E+00
Rovibration_vJ|6[12]              25.0     12747.1544     3.00642   12.434    9.972E+02     199   1.881E+02   0.000E+00   0.000E+00
Rovibration_vJ|6[13]              27.0     12794.3564     3.00500   12.428    9.976E+02     200   1.881E+02   0.000E+00   0.000E+00
Rovibration_vJ|6[14]              29.0     12845.1800     3.00348   12.421    9.982E+02     201   1.880E+02   0.000E+00   0.000E+00
Rovibration_vJ|6[15]              31.0     12899.6233     3.00185   12.415    9.987E+02     202   1.880E+02   0.000E+00   0.000E+00
Rovibration_vJ|6[16]              33.0     12957.6840     3.00011   12.407    9.993E+02     203   1.879E+02   0.000E+00   0.000E+00
Rovibration_vJ|6[17]              35.0     13019.3598     2.99826   12.400    9.999E+02     204   1.879E+02   0.000E+00   0.000E+00
Rovibration_vJ|6[18]              37.0     13084.6481     2.99630   12.392    1.001E+03     205   1.878E+02   0.000E+00   0.000E+00
Rovibration_vJ|6[19]              39.0     13153.5463     2.99424   12.383    1.001E+03     206   1.877E+02   0.000E+00   0.000E+00
Rovibration_vJ|6[20]              41.0     13226.0517     2.99206   12.374    1.002E+03     207   1.877E+02   0.000E+00   0.000E+00
Rovibration_vJ|6[21]              43.0     13302.1613     2.98978   12.365    1.003E+03     208   1.876E+02   0.000E+00   0.000E+00
Rovibration_vJ|6[22]              45.0     13381.8721     2.98739   12.355    1.004E+03     209   1.876E+02   0.000E+00   0.000E+00
Rovibration_vJ|6[23]              47.0     13465.1807     2.98489   12.345    1.004E+03     210   1.875E+02   0.000E+00   0.000E+00
Rovibration_vJ|6[24]              49.0     13552.0838     2.98229   12.334    1.005E+03     211   1.874E+02   0.000E+00   0.000E+00
Rovibration_vJ|6[25]              51.0     13642.5780     2.97957   12.323    1.006E+03     212   1.873E+02   0.000E+00   0.000E+00
Rovibration_vJ|6[26]              53.0     13736.6595     2.97675   12.311    1.007E+03     213   1.873E+02   0.000E+00   0.000E+00
Rovibration_vJ|6[27]              55.0     13834.3245     2.97383   12.299    1.008E+03     214   1.872E+02   0.000E+00   0.000E+00
Rovibration_vJ|6[28]              57.0     13935.5691     2.97079   12.286    1.009E+03     215   1.871E+02   0.000E+00   0.000E+00
Rovibration_vJ|6[29]              59.0     14040.3892     2.96765   12.273    1.010E+03     216   1.870E+02   0.000E+00   0.000E+00
Rovibration_vJ|6[30]              61.0     14148.7805     2.96440   12.260    1.011E+03     217   1.077E+02   0.000E+00   0.000E+00
Rovibration_vJ|7[0]                1.0     14449.1813     2.95539   12.223    1.014E+03     218   2.161E+02   0.000E+00   0.000E+00
Rovibration_vJ|7[1]                3.0     14452.7814     2.95528   12.222    1.014E+03     219   2.160E+02   0.000E+00   0.000E+00
Rovibration_vJ|7[2]                5.0     14459.9813     2.95507   12.221    1.015E+03     220   2.160E+02   0.000E+00   0.000E+00
Rovibration_vJ|7[3]                7.0     14470.7809     2.95475   12.220    1.015E+03     221   2.161E+02   0.000E+00   0.000E+00
Rovibration_vJ|7[4]                9.0     14485.1796     2.95431   12.218    1.015E+03     222   2.160E+02   0.000E+00   0.000E+00
Rovibration_vJ|7[5]               11.0     14503.1769     2.95377   12.216    1.015E+03     223   2.160E+02   0.000E+00   0.000E+00
Rovibration_vJ|7[6]               13.0     14524.7721     2.95313   12.213    1.015E+03     224   2.160E+02   0.000E+00   0.000E+00
Rovibration_vJ|7[7]               15.0     14549.9642     2.95237   12.210    1.015E+03     225   2.160E+02   0.000E+00   0.000E+00
Rovibration_vJ|7[8]               17.0     14578.7522     2.95151   12.206    1.016E+03     226   2.159E+02   0.000E+00   0.000E+00
Rovibration_vJ|7[9]               19.0     14611.1350     2.95054   12.202    1.016E+03     227   2.159E+02   0.000E+00   0.000E+00
Rovibration_vJ|7[10]              21.0     14647.1113     2.94946   12.198    1.016E+03     228   2.159E+02   0.000E+00   0.000E+00
Rovibration_vJ|7[11]              23.0     14686.6795     2.94827   12.193    1.017E+03     229   2.158E+02   0.000E+00   0.000E+00
Rovibration_vJ|7[12]              25.0     14729.8381     2.94698   12.188    1.017E+03     230   2.158E+02   0.000E+00   0.000E+00
Rovibration_vJ|7[13]              27.0     14776.5852     2.94558   12.182    1.018E+03     231   2.157E+02   0.000E+00   0.000E+00
Rovibration_vJ|7[14]              29.0     14826.9191     2.94407   12.176    1.018E+03     232   2.157E+02   0.000E+00   0.000E+00
Rovibration_vJ|7[15]              31.0     14880.8375     2.94245   12.169    1.019E+03     233   2.156E+02   0.000E+00   0.000E+00
Rovibration_vJ|7[16]              33.0     14938.3384     2.94073   12.162    1.019E+03     234   2.156E+02   0.000E+00   0.000E+00
Rovibration_vJ|7[17]              35.0     14999.4194     2.93890   12.154    1.020E+03     235   2.156E+02   0.000E+00   0.000E+00
Rovibration_vJ|7[18]              37.0     15064.0779     2.93696   12.146    1.021E+03     236   2.155E+02   0.000E+00   0.000E+00
Rovibration_vJ|7[19]              39.0     15132.3114     2.93491   12.138    1.021E+03     237   2.154E+02   0.000E+00   0.000E+00
Rovibration_vJ|7[20]              41.0     15204.1170     2.93276   12.129    1.022E+03     238   2.153E+02   0.000E+00   0.000E+00
Rovibration_vJ|7[21]              43.0     15279.4918     2.93050   12.120    1.023E+03     239   2.152E+02   0.000E+00   0.000E+00
Rovibration_vJ|7[22]              45.0     15358.4327     2.92813   12.110    1.024E+03     240   2.152E+02   0.000E+00   0.000E+00
Rovibration_vJ|7[23]              47.0     15440.9366     2.92566   12.100    1.025E+03     241   2.151E+02   0.000E+00   0.000E+00
Rovibration_vJ|7[24]              49.0     15527.0000     2.92308   12.089    1.026E+03     242   2.150E+02   0.000E+00   0.000E+00
Rovibration_vJ|7[25]              51.0     15616.6194     2.92039   12.078    1.027E+03     243   2.149E+02   0.000E+00   0.000E+00
Rovibration_vJ|7[26]              53.0     15709.7911     2.91760   12.066    1.028E+03     244   2.148E+02   0.000E+00   0.000E+00
Rovibration_vJ|7[27]              55.0     15806.5114     2.91470   12.054    1.029E+03     245   2.147E+02   0.000E+00   0.000E+00
Rovibration_vJ|7[28]              57.0     15906.7762     2.91170   12.042    1.030E+03     246   2.146E+02   0.000E+00   0.000E+00
Rovibration_vJ|7[29]              59.0     16010.5815     2.90858   12.029    1.031E+03     247   2.145E+02   0.000E+00   0.000E+00
Rovibration_vJ|7[30]              61.0     16117.9231     2.90536   12.016    1.032E+03     248   1.235E+02   0.000E+00   0.000E+00
Rovibration_vJ|8[0]                1.0     16408.5346     2.89665   11.980    1.035E+03     249   2.409E+02   0.000E+00   0.000E+00
Rovibration_vJ|8[1]                3.0     16412.0997     2.89655   11.979    1.035E+03     250   2.410E+02   0.000E+00   0.000E+00
Rovibration_vJ|8[2]                5.0     16419.2297     2.89633   11.978    1.035E+03     251   2.409E+02   0.000E+00   0.000E+00
Rovibration_vJ|8[3]                7.0     16429.9243     2.89601   11.977    1.035E+03     252   2.409E+02   0.000E+00   0.000E+00
Rovibration_vJ|8[4]                9.0     16444.1831     2.89558   11.975    1.035E+03     253   2.409E+02   0.000E+00   0.000E+00
Rovibration_vJ|8[5]               11.0     16462.0055     2.89505   11.973    1.036E+03     254   2.410E+02   0.000E+00   0.000E+00
Rovibration_vJ|8[6]               13.0     16483.3907     2.89441   11.970    1.036E+03     255   2.409E+02   0.000E+00   0.000E+00
Rovibration_vJ|8[7]               15.0     16508.3380     2.89366   11.967    1.036E+03     256   2.409E+02   0.000E+00   0.000E+00
Rovibration_vJ|8[8]               17.0     16536.8462     2.89281   11.964    1.036E+03     257   2.409E+02   0.000E+00   0.000E+00
Rovibration_vJ|8[9]               19.0     16568.9141     2.89184   11.960    1.037E+03     258   2.408E+02   0.000E+00   0.000E+00
Rovibration_vJ|8[10]              21.0     16604.5405     2.89078   11.955    1.037E+03     259   2.407E+02   0.000E+00   0.000E+00
Rovibration_vJ|8[11]              23.0     16643.7239     2.88960   11.950    1.037E+03     260   2.406E+02   0.000E+00   0.000E+00
Rovibration_vJ|8[12]              25.0     16686.4627     2.88832   11.945    1.038E+03     261   2.406E+02   0.000E+00   0.000E+00
Rovibration_vJ|8[13]              27.0     16732.7551     2.88693   11.939    1.038E+03     262   2.406E+02   0.000E+00   0.000E+00
Rovibration_vJ|8[14]              29.0     16782.5992     2.88544   11.933    1.039E+03     263   2.406E+02   0.000E+00   0.000E+00
Rovibration_vJ|8[15]              31.0     16835.9929     2.88384   11.927    1.040E+03     264   2.404E+02   0.000E+00   0.000E+00
Rovibration_vJ|8[16]              33.0     16892.9340     2.88213   11.920    1.040E+03     265   2.404E+02   0.000E+00   0.000E+00
Rovibration_vJ|8[17]              35.0     16953.4202     2.88032   11.912    1.041E+03     266   2.404E+02   0.000E+00   0.000E+00
Rovibration_vJ|8[18]              37.0     17017.4491     2.87840   11.904    1.042E+03     267   2.403E+02   0.000E+00   0.000E+00
Rovibration_vJ|8[19]              39.0     17085.0178     2.87637   11.896    1.042E+03     268   2.402E+02   0.000E+00   0.000E+00
Rovibration_vJ|8[20]              41.0     17156.1237     2.87424   11.887    1.043E+03     269   2.400E+02   0.000E+00   0.000E+00
Rovibration_vJ|8[21]              43.0     17230.7639     2.87200   11.878    1.044E+03     270   2.400E+02   0.000E+00   0.000E+00
Rovibration_vJ|8[22]              45.0     17308.9351     2.86966   11.868    1.045E+03     271   2.399E+02   0.000E+00   0.000E+00
Rovibration_vJ|8[23]              47.0     17390.6343     2.86721   11.858    1.046E+03     272   2.398E+02   0.000E+00   0.000E+00
Rovibration_vJ|8[24]              49.0     17475.8580     2.86465   11.847    1.047E+03     273   2.397E+02   0.000E+00   0.000E+00
Rovibration_vJ|8[25]              51.0     17564.6028     2.86199   11.836    1.047E+03     274   2.396E+02   0.000E+00   0.000E+00
Rovibration_vJ|8[26]              53.0     17656.8648     2.85923   11.825    1.049E+03     275   2.395E+02   0.000E+00   0.000E+00
Rovibration_vJ|8[27]              55.0     17752.6405     2.85636   11.813    1.050E+03     276   2.394E+02   0.000E+00   0.000E+00
Rovibration_vJ|8[28]              57.0     17851.9256     2.85338   11.801    1.051E+03     277   2.392E+02   0.000E+00   0.000E+00
Rovibration_vJ|8[29]              59.0     17954.7163     2.85030   11.788    1.052E+03     278   2.392E+02   0.000E+00   0.000E+00
Rovibration_vJ|8[30]              61.0     18061.0082     2.84711   11.775    1.053E+03     279   1.377E+02   0.000E+00   0.000E+00
Rovibration_vJ|9[0]                1.0     18341.9044     2.83869   11.740    1.056E+03     280   2.645E+02   0.000E+00   0.000E+00
Rovibration_vJ|9[1]                3.0     18345.4345     2.83859   11.739    1.056E+03     281   2.645E+02   0.000E+00   0.000E+00
Rovibration_vJ|9[2]                5.0     18352.4945     2.83837   11.739    1.056E+03     282   2.644E+02   0.000E+00   0.000E+00
Rovibration_vJ|9[3]                7.0     18363.0842     2.83806   11.737    1.056E+03     283   2.644E+02   0.000E+00   0.000E+00
Rovibration_vJ|9[4]                9.0     18377.2031     2.83763   11.736    1.056E+03     284   2.644E+02   0.000E+00   0.000E+00
Rovibration_vJ|9[5]               11.0     18394.8506     2.83710   11.733    1.057E+03     285   2.644E+02   0.000E+00   0.000E+00
Rovibration_vJ|9[6]               13.0     18416.0260     2.83647   11.731    1.057E+03     286   2.643E+02   0.000E+00   0.000E+00
Rovibration_vJ|9[7]               15.0     18440.7284     2.83573   11.728    1.057E+03     287   2.643E+02   0.000E+00   0.000E+00
Rovibration_vJ|9[8]               17.0     18468.9568     2.83488   11.724    1.058E+03     288   2.644E+02   0.000E+00   0.000E+00
Rovibration_vJ|9[9]               19.0     18500.7100     2.83393   11.720    1.058E+03     289   2.643E+02   0.000E+00   0.000E+00
Rovibration_vJ|9[10]              21.0     18535.9866     2.83287   11.716    1.058E+03     290   2.642E+02   0.000E+00   0.000E+00
Rovibration_vJ|9[11]              23.0     18574.7853     2.83171   11.711    1.059E+03     291   2.642E+02   0.000E+00   0.000E+00
Rovibration_vJ|9[12]              25.0     18617.1043     2.83044   11.706    1.059E+03     292   2.640E+02   0.000E+00   0.000E+00
Rovibration_vJ|9[13]              27.0     18662.9420     2.82907   11.700    1.060E+03     293   2.641E+02   0.000E+00   0.000E+00
Rovibration_vJ|9[14]              29.0     18712.2963     2.82759   11.694    1.060E+03     294   2.639E+02   0.000E+00   0.000E+00
Rovibration_vJ|9[15]              31.0     18765.1654     2.82600   11.687    1.061E+03     295   2.639E+02   0.000E+00   0.000E+00
Rovibration_vJ|9[16]              33.0     18821.5468     2.82431   11.680    1.061E+03     296   2.638E+02   0.000E+00   0.000E+00
Rovibration_vJ|9[17]              35.0     18881.4384     2.82252   11.673    1.062E+03     297   2.637E+02   0.000E+00   0.000E+00
Rovibration_vJ|9[18]              37.0     18944.8376     2.82062   11.665    1.063E+03     298   2.637E+02   0.000E+00   0.000E+00
Rovibration_vJ|9[19]              39.0     19011.7418     2.81861   11.657    1.064E+03     299   2.636E+02   0.000E+00   0.000E+00
Rovibration_vJ|9[20]              41.0     19082.1481     2.81650   11.648    1.064E+03     300   2.635E+02   0.000E+00   0.000E+00
Rovibration_vJ|9[21]              43.0     19156.0536     2.81428   11.639    1.065E+03     301   2.634E+02   0.000E+00   0.000E+00
Rovibration_vJ|9[22]              45.0     19233.4553     2.81196   11.629    1.066E+03     302   2.633E+02   0.000E+00   0.000E+00
Rovibration_vJ|9[23]              47.0     19314.3499     2.80954   11.619    1.067E+03     303   2.632E+02   0.000E+00   0.000E+00
Rovibration_vJ|9[24]              49.0     19398.7341     2.80701   11.609    1.068E+03     304   2.631E+02   0.000E+00   0.000E+00
Rovibration_vJ|9[25]              51.0     19486.6043     2.80437   11.598    1.069E+03     305   2.630E+02   0.000E+00   0.000E+00
Rovibration_vJ|9[26]              53.0     19577.9568     2.80164   11.587    1.070E+03     306   2.629E+02   0.000E+00   0.000E+00
Rovibration_vJ|9[27]              55.0     19672.7879     2.79879   11.575    1.071E+03     307   2.627E+02   0.000E+00   0.000E+00
Rovibration_vJ|9[28]              57.0     19771.0935     2.79585   11.563    1.072E+03     308   2.626E+02   0.000E+00   0.000E+00
Rovibration_vJ|9[29]              59.0     19872.8696     2.79279   11.550    1.073E+03     309   2.625E+02   0.000E+00   0.000E+00
Rovibration_vJ|9[30]              61.0     19978.1120     2.78964   11.537    1.075E+03     310   1.511E+02   0.000E+00   0.000E+00
Rovibration_vJ|10[0]               1.0     20249.3682     2.78151   11.503    1.078E+03     311   2.867E+02   0.000E+00   0.000E+00
Rovibration_vJ|10[1]               3.0     20252.8634     2.78140   11.503    1.078E+03     312   2.866E+02   0.000E+00   0.000E+00
Rovibration_vJ|10[2]               5.0     20259.8534     2.78119   11.502    1.078E+03     313   2.867E+02   0.000E+00   0.000E+00
Rovibration_vJ|10[3]               7.0     20270.3382     2.78088   11.501    1.078E+03     314   2.866E+02   0.000E+00   0.000E+00
Rovibration_vJ|10[4]               9.0     20284.3172     2.78046   11.499    1.078E+03     315   2.866E+02   0.000E+00   0.000E+00
Rovibration_vJ|10[5]              11.0     20301.7899     2.77994   11.497    1.078E+03     316   2.866E+02   0.000E+00   0.000E+00
Rovibration_vJ|10[6]              13.0     20322.7555     2.77931   11.494    1.079E+03     317   2.865E+02   0.000E+00   0.000E+00
Rovibration_vJ|10[7]              15.0     20347.2131     2.77857   11.491    1.079E+03     318   2.866E+02   0.000E+00   0.000E+00
Rovibration_vJ|10[8]              17.0     20375.1617     2.77774   11.488    1.079E+03     319   2.865E+02   0.000E+00   0.000E+00
Rovibration_vJ|10[9]              19.0     20406.6001     2.77679   11.484    1.080E+03     320   2.864E+02   0.000E+00   0.000E+00
Rovibration_vJ|10[10]             21.0     20441.5270     2.77575   11.480    1.080E+03     321   2.864E+02   0.000E+00   0.000E+00
Rovibration_vJ|10[11]             23.0     20479.9410     2.77459   11.475    1.080E+03     322   2.863E+02   0.000E+00   0.000E+00
Rovibration_vJ|10[12]             25.0     20521.8403     2.77334   11.470    1.081E+03     323   2.862E+02   0.000E+00   0.000E+00
Rovibration_vJ|10[13]             27.0     20567.2234     2.77198   11.464    1.082E+03     324   2.862E+02   0.000E+00   0.000E+00
Rovibration_vJ|10[14]             29.0     20616.0881     2.77051   11.458    1.082E+03     325   2.861E+02   0.000E+00   0.000E+00
Rovibration_vJ|10[15]             31.0     20668.4326     2.76894   11.451    1.083E+03     326   2.860E+02   0.000E+00   0.000E+00
Rovibration_vJ|10[16]             33.0     20724.2545     2.76727   11.445    1.083E+03     327   2.859E+02   0.000E+00   0.000E+00
Rovibration_vJ|10[17]             35.0     20783.5515     2.76549   11.437    1.084E+03     328   2.859E+02   0.000E+00   0.000E+00
Rovibration_vJ|10[18]             37.0     20846.3211     2.76361   11.429    1.085E+03     329   2.858E+02   0.000E+00   0.000E+00
Rovibration_vJ|10[19]             39.0     20912.5608     2.76162   11.421    1.086E+03     330   2.857E+02   0.000E+00   0.000E+00
Rovibration_vJ|10[20]             41.0     20982.2676     2.75953   11.413    1.086E+03     331   2.856E+02   0.000E+00   0.000E+00
Rovibration_vJ|10[21]             43.0     21055.4387     2.75734   11.403    1.087E+03     332   2.855E+02   0.000E+00   0.000E+00
Rovibration_vJ|10[22]             45.0     21132.0709     2.75504   11.394    1.088E+03     333   2.854E+02   0.000E+00   0.000E+00
Rovibration_vJ|10[23]             47.0     21212.1611     2.75264   11.384    1.089E+03     334   2.853E+02   0.000E+00   0.000E+00
Rovibration_vJ|10[24]             49.0     21295.7058     2.75014   11.374    1.090E+03     335   2.851E+02   0.000E+00   0.000E+00
Rovibration_vJ|10[25]             51.0     21382.7015     2.74753   11.363    1.091E+03     336   2.850E+02   0.000E+00   0.000E+00
Rovibration_vJ|10[26]             53.0     21473.1446     2.74482   11.352    1.092E+03     337   2.849E+02   0.000E+00   0.000E+00
Rovibration_vJ|10[27]             55.0     21567.0313     2.74200   11.340    1.093E+03     338   2.848E+02   0.000E+00   0.000E+00
Rovibration_vJ|10[28]             57.0     21664.3575     2.73909   11.328    1.094E+03     339   2.846E+02   0.000E+00   0.000E+00
Rovibration_vJ|10[29]             59.0     21765.1193     2.73607   11.315    1.096E+03     340   2.845E+02   0.000E+00   0.000E+00
Rovibration_vJ|10[30]             61.0     21869.3122     2.73294   11.303    1.097E+03     341   1.637E+02   0.000E+00   0.000E+00


 ****************************************************************************************

 oscillator strengths

 ****************************************************************************************

  Transition                                                      f           A          Lam(A)      i-j    Trans. #

Rovibration_vJ|0[0]         -Rovibration_vJ|0[1]             2.1925E-08  7.2070E-08   2.601E+07       1-   2        1
Rovibration_vJ|0[0]         -Rovibration_vJ|1[1]             1.1659E-05  1.1950E+01   4.657E+04       1-  33        2
Rovibration_vJ|0[0]         -Rovibration_vJ|2[1]             8.6264E-08  3.4870E-01   2.345E+04       1-  64        3
Rovibration_vJ|0[0]         -Rovibration_vJ|3[1]             5.1375E-10  4.6120E-03   1.574E+04       1-  95        4
Rovibration_vJ|0[0]         -Rovibration_vJ|4[1]             1.7663E-12  2.7830E-05   1.188E+04       1- 126        5
Rovibration_vJ|0[0]         -Rovibration_vJ|5[1]             4.3978E-15  1.0690E-07   9.564E+03       1- 157        6
Rovibration_vJ|0[0]         -Rovibration_vJ|6[1]             2.8131E-15  9.7220E-08   8.021E+03       1- 188        7
Rovibration_vJ|0[0]         -Rovibration_vJ|7[1]             1.2732E-16  5.9130E-09   6.919E+03       1- 219        8
Rovibration_vJ|0[0]         -Rovibration_vJ|8[1]             1.2567E-16  7.5260E-09   6.093E+03       1- 250        9
Rovibration_vJ|0[0]         -Rovibration_vJ|9[1]             2.2985E-16  1.7200E-08   5.451E+03       1- 281       10
Rovibration_vJ|0[0]         -Rovibration_vJ|10[1]            1.1107E-16  1.0130E-08   4.938E+03       1- 312       11
Rovibration_vJ|0[1]         -Rovibration_vJ|0[2]             2.9214E-08  6.9140E-07   1.300E+07       2-   3       12
Rovibration_vJ|0[1]         -Rovibration_vJ|1[0]             3.8715E-06  3.5460E+01   4.674E+04       2-  32       13
Rovibration_vJ|0[1]         -Rovibration_vJ|1[2]             7.7884E-06  1.4420E+01   4.649E+04       2-  34       14
Rovibration_vJ|0[1]         -Rovibration_vJ|2[0]             2.8414E-08  1.0300E+00   2.350E+04       2-  63       15
Rovibration_vJ|0[1]         -Rovibration_vJ|2[2]             5.7871E-08  4.2180E-01   2.343E+04       2-  65       16
Rovibration_vJ|0[1]         -Rovibration_vJ|3[0]             1.6699E-10  1.3460E-02   1.576E+04       2-  94       17
Rovibration_vJ|0[1]         -Rovibration_vJ|3[2]             3.4684E-10  5.6110E-03   1.573E+04       2-  96       18
Rovibration_vJ|0[1]         -Rovibration_vJ|4[0]             5.5068E-13  7.7950E-05   1.189E+04       2- 125       19
Rovibration_vJ|0[1]         -Rovibration_vJ|4[2]             1.2175E-12  3.4560E-05   1.187E+04       2- 127       20
Rovibration_vJ|0[1]         -Rovibration_vJ|5[0]             1.7958E-15  3.9230E-07   9.571E+03       2- 156       21
Rovibration_vJ|0[1]         -Rovibration_vJ|5[2]             2.6220E-15  1.1480E-07   9.561E+03       2- 158       22
Rovibration_vJ|0[1]         -Rovibration_vJ|6[0]             9.8144E-16  3.0490E-07   8.026E+03       2- 187       23
Rovibration_vJ|0[1]         -Rovibration_vJ|6[2]             1.8316E-15  1.1400E-07   8.019E+03       2- 189       24
Rovibration_vJ|0[1]         -Rovibration_vJ|7[0]             4.4161E-17  1.8440E-08   6.923E+03       2- 218       25
Rovibration_vJ|0[1]         -Rovibration_vJ|7[2]             8.3384E-17  6.9740E-09   6.917E+03       2- 220       26
Rovibration_vJ|0[1]         -Rovibration_vJ|8[0]             4.1521E-17  2.2360E-08   6.096E+03       2- 249       27
Rovibration_vJ|0[1]         -Rovibration_vJ|8[2]             8.3973E-17  9.0560E-09   6.092E+03       2- 251       28
Rovibration_vJ|0[1]         -Rovibration_vJ|9[0]             7.6397E-17  5.1410E-08   5.453E+03       2- 280       29
Rovibration_vJ|0[1]         -Rovibration_vJ|9[2]             1.5333E-16  2.0660E-08   5.450E+03       2- 282       30
Rovibration_vJ|0[1]         -Rovibration_vJ|10[0]            3.6905E-17  3.0270E-08   4.939E+03       2- 311       31
Rovibration_vJ|0[1]         -Rovibration_vJ|10[2]            7.4173E-17  1.2180E-08   4.937E+03       2- 313       32
Rovibration_vJ|0[2]         -Rovibration_vJ|0[3]             3.9392E-08  2.4970E-06   8.670E+06       3-   4       33
Rovibration_vJ|0[2]         -Rovibration_vJ|1[1]             4.6371E-06  2.3510E+01   4.683E+04       3-  33       34
Rovibration_vJ|0[2]         -Rovibration_vJ|1[3]             7.0260E-06  1.5540E+01   4.641E+04       3-  35       35
Rovibration_vJ|0[2]         -Rovibration_vJ|2[1]             3.3892E-08  6.8130E-01   2.352E+04       3-  64       36
Rovibration_vJ|0[2]         -Rovibration_vJ|2[3]             5.2394E-08  4.5540E-01   2.341E+04       3-  66       37
Rovibration_vJ|0[2]         -Rovibration_vJ|3[1]             1.9791E-10  8.8510E-03   1.577E+04       3-  95       38
Rovibration_vJ|0[2]         -Rovibration_vJ|3[3]             3.1613E-10  6.0950E-03   1.572E+04       3-  97       39
Rovibration_vJ|0[2]         -Rovibration_vJ|4[1]             6.3882E-13  5.0190E-05   1.190E+04       3- 126       40
Rovibration_vJ|0[2]         -Rovibration_vJ|4[3]             1.1322E-12  3.8290E-05   1.187E+04       3- 128       41
Rovibration_vJ|0[2]         -Rovibration_vJ|5[1]             2.3658E-15  2.8690E-07   9.575E+03       3- 157       42
Rovibration_vJ|0[2]         -Rovibration_vJ|5[3]             2.0937E-15  1.0920E-07   9.558E+03       3- 159       43
Rovibration_vJ|0[2]         -Rovibration_vJ|6[1]             1.2042E-15  2.0770E-07   8.028E+03       3- 188       44
Rovibration_vJ|0[2]         -Rovibration_vJ|6[3]             1.6092E-15  1.1930E-07   8.017E+03       3- 190       45
Rovibration_vJ|0[2]         -Rovibration_vJ|7[1]             5.4174E-17  1.2560E-08   6.925E+03       3- 219       46
Rovibration_vJ|0[2]         -Rovibration_vJ|7[3]             7.3838E-17  7.3550E-09   6.916E+03       3- 221       47
Rovibration_vJ|0[2]         -Rovibration_vJ|8[1]             4.9494E-17  1.4800E-08   6.097E+03       3- 250       48
Rovibration_vJ|0[2]         -Rovibration_vJ|8[3]             7.5651E-17  9.7160E-09   6.091E+03       3- 252       49
Rovibration_vJ|0[2]         -Rovibration_vJ|9[1]             9.1495E-17  3.4190E-08   5.454E+03       3- 281       50
Rovibration_vJ|0[2]         -Rovibration_vJ|9[3]             1.3804E-16  2.2150E-08   5.449E+03       3- 283       51
Rovibration_vJ|0[2]         -Rovibration_vJ|10[1]            4.4261E-17  2.0160E-08   4.940E+03       3- 312       52
Rovibration_vJ|0[2]         -Rovibration_vJ|10[3]            6.6942E-17  1.3090E-08   4.936E+03       3- 314       53
Rovibration_vJ|0[3]         -Rovibration_vJ|0[4]             4.9952E-08  6.1290E-06   6.503E+06       4-   5       54
Rovibration_vJ|0[3]         -Rovibration_vJ|1[2]             4.9585E-06  2.1040E+01   4.691E+04       4-  34       55
Rovibration_vJ|0[3]         -Rovibration_vJ|1[4]             6.7034E-06  1.6200E+01   4.633E+04       4-  36       56
Rovibration_vJ|0[3]         -Rovibration_vJ|2[2]             3.6098E-08  6.0840E-01   2.354E+04       4-  65       57
Rovibration_vJ|0[3]         -Rovibration_vJ|2[4]             5.0210E-08  4.7600E-01   2.339E+04       4-  67       58
Rovibration_vJ|0[3]         -Rovibration_vJ|3[2]             2.0941E-10  7.8570E-03   1.578E+04       4-  96       59
Rovibration_vJ|0[3]         -Rovibration_vJ|3[4]             3.0495E-10  6.4090E-03   1.571E+04       4-  98       60
Rovibration_vJ|0[3]         -Rovibration_vJ|4[2]             6.6145E-13  4.3610E-05   1.190E+04       4- 127       61
Rovibration_vJ|0[3]         -Rovibration_vJ|4[4]             1.1144E-12  4.1070E-05   1.186E+04       4- 129       62
Rovibration_vJ|0[3]         -Rovibration_vJ|5[2]             2.7686E-15  2.8180E-07   9.578E+03       4- 158       63
Rovibration_vJ|0[3]         -Rovibration_vJ|5[4]             1.7554E-15  9.9750E-08   9.555E+03       4- 160       64
Rovibration_vJ|0[3]         -Rovibration_vJ|6[2]             1.3192E-15  1.9100E-07   8.031E+03       4- 189       65
Rovibration_vJ|0[3]         -Rovibration_vJ|6[4]             1.4957E-15  1.2080E-07   8.015E+03       4- 191       66
Rovibration_vJ|0[3]         -Rovibration_vJ|7[2]             5.9394E-17  1.1560E-08   6.927E+03       4- 220       67
Rovibration_vJ|0[3]         -Rovibration_vJ|7[4]             6.9285E-17  7.5180E-09   6.915E+03       4- 222       68
Rovibration_vJ|0[3]         -Rovibration_vJ|8[2]             5.2620E-17  1.3210E-08   6.099E+03       4- 251       69
Rovibration_vJ|0[3]         -Rovibration_vJ|8[4]             7.2054E-17  1.0080E-08   6.090E+03       4- 253       70
Rovibration_vJ|0[3]         -Rovibration_vJ|9[2]             9.7788E-17  3.0680E-08   5.456E+03       4- 282       71
Rovibration_vJ|0[3]         -Rovibration_vJ|9[4]             1.3143E-16  2.2970E-08   5.448E+03       4- 284       72
Rovibration_vJ|0[3]         -Rovibration_vJ|10[2]            4.7433E-17  1.8140E-08   4.941E+03       4- 313       73
Rovibration_vJ|0[3]         -Rovibration_vJ|10[4]            6.3998E-17  1.3630E-08   4.936E+03       4- 315       74
Rovibration_vJ|0[4]         -Rovibration_vJ|0[5]             6.0600E-08  1.2220E-05   5.202E+06       5-   6       75
Rovibration_vJ|0[4]         -Rovibration_vJ|1[3]             5.1308E-06  1.9920E+01   4.700E+04       5-  35       76
Rovibration_vJ|0[4]         -Rovibration_vJ|1[5]             6.5271E-06  1.6650E+01   4.625E+04       5-  37       77
Rovibration_vJ|0[4]         -Rovibration_vJ|2[3]             3.7214E-08  5.7490E-01   2.356E+04       5-  66       78
Rovibration_vJ|0[4]         -Rovibration_vJ|2[5]             4.9114E-08  4.9060E-01   2.337E+04       5-  68       79
Rovibration_vJ|0[4]         -Rovibration_vJ|3[3]             2.1449E-10  7.3810E-03   1.579E+04       5-  97       80
Rovibration_vJ|0[4]         -Rovibration_vJ|3[5]             3.0025E-10  6.6450E-03   1.570E+04       5-  99       81
Rovibration_vJ|0[4]         -Rovibration_vJ|4[3]             6.6278E-13  4.0090E-05   1.191E+04       5- 128       82
Rovibration_vJ|0[4]         -Rovibration_vJ|4[5]             1.1191E-12  4.3420E-05   1.186E+04       5- 130       83
Rovibration_vJ|0[4]         -Rovibration_vJ|5[3]             3.1221E-15  2.9160E-07   9.582E+03       5- 159       84
Rovibration_vJ|0[4]         -Rovibration_vJ|5[5]             1.4868E-15  8.8930E-08   9.552E+03       5- 161       85
Rovibration_vJ|0[4]         -Rovibration_vJ|6[3]             1.3976E-15  1.8570E-07   8.034E+03       5- 190       86
Rovibration_vJ|0[4]         -Rovibration_vJ|6[5]             1.4189E-15  1.2060E-07   8.013E+03       5- 192       87
Rovibration_vJ|0[4]         -Rovibration_vJ|7[3]             6.3091E-17  1.1270E-08   6.929E+03       5- 221       88
Rovibration_vJ|0[4]         -Rovibration_vJ|7[5]             6.6479E-17  7.5910E-09   6.913E+03       5- 223       89
Rovibration_vJ|0[4]         -Rovibration_vJ|8[3]             5.4031E-17  1.2450E-08   6.101E+03       5- 252       90
Rovibration_vJ|0[4]         -Rovibration_vJ|8[5]             6.9902E-17  1.0290E-08   6.089E+03       5- 254       91
Rovibration_vJ|0[4]         -Rovibration_vJ|9[3]             1.0112E-16  2.9120E-08   5.457E+03       5- 283       92
Rovibration_vJ|0[4]         -Rovibration_vJ|9[5]             1.2774E-16  2.3490E-08   5.448E+03       5- 285       93
Rovibration_vJ|0[4]         -Rovibration_vJ|10[3]            4.9196E-17  1.7270E-08   4.943E+03       5- 314       94
Rovibration_vJ|0[4]         -Rovibration_vJ|10[5]            6.2431E-17  1.3990E-08   4.935E+03       5- 316       95
Rovibration_vJ|0[5]         -Rovibration_vJ|0[6]             7.1204E-08  2.1380E-05   4.336E+06       6-   7       96
Rovibration_vJ|0[5]         -Rovibration_vJ|1[4]             5.2382E-06  1.9260E+01   4.709E+04       6-  36       97
Rovibration_vJ|0[5]         -Rovibration_vJ|1[6]             6.4224E-06  1.7000E+01   4.618E+04       6-  38       98
Rovibration_vJ|0[5]         -Rovibration_vJ|2[4]             3.7838E-08  5.5460E-01   2.358E+04       6-  67       99
Rovibration_vJ|0[5]         -Rovibration_vJ|2[6]             4.8516E-08  5.0200E-01   2.336E+04       6-  69      100
Rovibration_vJ|0[5]         -Rovibration_vJ|3[4]             2.1666E-10  7.0780E-03   1.580E+04       6-  98      101
Rovibration_vJ|0[5]         -Rovibration_vJ|3[6]             2.9859E-10  6.8410E-03   1.570E+04       6- 100      102
Rovibration_vJ|0[5]         -Rovibration_vJ|4[4]             6.5494E-13  3.7620E-05   1.191E+04       6- 129      103
Rovibration_vJ|0[5]         -Rovibration_vJ|4[6]             1.1349E-12  4.5570E-05   1.186E+04       6- 131      104
Rovibration_vJ|0[5]         -Rovibration_vJ|5[4]             3.4585E-15  3.0680E-07   9.587E+03       6- 160      105
Rovibration_vJ|0[5]         -Rovibration_vJ|5[6]             1.2571E-15  7.7800E-08   9.550E+03       6- 162      106
Rovibration_vJ|0[5]         -Rovibration_vJ|6[4]             1.4602E-15  1.8430E-07   8.037E+03       6- 191      107
Rovibration_vJ|0[5]         -Rovibration_vJ|6[6]             1.3577E-15  1.1940E-07   8.011E+03       6- 193      108
Rovibration_vJ|0[5]         -Rovibration_vJ|7[4]             6.6177E-17  1.1230E-08   6.931E+03       6- 222      109
Rovibration_vJ|0[5]         -Rovibration_vJ|7[6]             6.4506E-17  7.6200E-09   6.912E+03       6- 224      110
Rovibration_vJ|0[5]         -Rovibration_vJ|8[4]             5.4680E-17  1.1970E-08   6.103E+03       6- 253      111
Rovibration_vJ|0[5]         -Rovibration_vJ|8[6]             6.8427E-17  1.0420E-08   6.088E+03       6- 255      112
Rovibration_vJ|0[5]         -Rovibration_vJ|9[4]             1.0307E-16  2.8200E-08   5.459E+03       6- 284      113
Rovibration_vJ|0[5]         -Rovibration_vJ|9[6]             1.2528E-16  2.3830E-08   5.447E+03       6- 286      114
Rovibration_vJ|0[5]         -Rovibration_vJ|10[4]            5.0370E-17  1.6800E-08   4.944E+03       6- 315      115
Rovibration_vJ|0[5]         -Rovibration_vJ|10[6]            6.1565E-17  1.4270E-08   4.935E+03       6- 317      116
Rovibration_vJ|0[6]         -Rovibration_vJ|0[7]             8.1787E-08  3.4230E-05   3.717E+06       7-   8      117
Rovibration_vJ|0[6]         -Rovibration_vJ|1[5]             5.3079E-06  1.8800E+01   4.718E+04       7-  37      118
Rovibration_vJ|0[6]         -Rovibration_vJ|1[7]             6.3526E-06  1.7280E+01   4.610E+04       7-  39      119
Rovibration_vJ|0[6]         -Rovibration_vJ|2[5]             3.8191E-08  5.4020E-01   2.361E+04       7-  68      120
Rovibration_vJ|0[6]         -Rovibration_vJ|2[7]             4.8189E-08  5.1150E-01   2.334E+04       7-  70      121
Rovibration_vJ|0[6]         -Rovibration_vJ|3[5]             2.1731E-10  6.8550E-03   1.581E+04       7-  99      122
Rovibration_vJ|0[6]         -Rovibration_vJ|3[7]             2.9856E-10  7.0130E-03   1.569E+04       7- 101      123
Rovibration_vJ|0[6]         -Rovibration_vJ|4[5]             6.4220E-13  3.5630E-05   1.192E+04       7- 130      124
Rovibration_vJ|0[6]         -Rovibration_vJ|4[7]             1.1569E-12  4.7610E-05   1.185E+04       7- 132      125
Rovibration_vJ|0[6]         -Rovibration_vJ|5[5]             3.7889E-15  3.2470E-07   9.591E+03       7- 161      126
Rovibration_vJ|0[6]         -Rovibration_vJ|5[7]             1.0542E-15  6.6860E-08   9.547E+03       7- 163      127
Rovibration_vJ|0[6]         -Rovibration_vJ|6[5]             1.5138E-15  1.8460E-07   8.040E+03       7- 192      128
Rovibration_vJ|0[6]         -Rovibration_vJ|6[7]             1.3062E-15  1.1770E-07   8.010E+03       7- 194      129
Rovibration_vJ|0[6]         -Rovibration_vJ|7[5]             6.9036E-17  1.1320E-08   6.934E+03       7- 223      130
Rovibration_vJ|0[6]         -Rovibration_vJ|7[7]             6.3035E-17  7.6290E-09   6.911E+03       7- 225      131
Rovibration_vJ|0[6]         -Rovibration_vJ|8[5]             5.4837E-17  1.1600E-08   6.105E+03       7- 254      132
Rovibration_vJ|0[6]         -Rovibration_vJ|8[7]             6.7241E-17  1.0490E-08   6.087E+03       7- 256      133
Rovibration_vJ|0[6]         -Rovibration_vJ|9[5]             1.0427E-16  2.7570E-08   5.460E+03       7- 285      134
Rovibration_vJ|0[6]         -Rovibration_vJ|9[7]             1.2347E-16  2.4060E-08   5.447E+03       7- 287      135
Rovibration_vJ|0[6]         -Rovibration_vJ|10[5]            5.1190E-17  1.6500E-08   4.945E+03       7- 316      136
Rovibration_vJ|0[6]         -Rovibration_vJ|10[7]            6.1026E-17  1.4490E-08   4.934E+03       7- 318      137
Rovibration_vJ|0[7]         -Rovibration_vJ|0[8]             9.2284E-08  5.1350E-05   3.252E+06       8-   9      138
Rovibration_vJ|0[7]         -Rovibration_vJ|1[6]             5.3558E-06  1.8450E+01   4.727E+04       8-  38      139
Rovibration_vJ|0[7]         -Rovibration_vJ|1[8]             6.3056E-06  1.7520E+01   4.602E+04       8-  40      140
Rovibration_vJ|0[7]         -Rovibration_vJ|2[6]             3.8390E-08  5.2910E-01   2.363E+04       8-  69      141
Rovibration_vJ|0[7]         -Rovibration_vJ|2[8]             4.8027E-08  5.1980E-01   2.332E+04       8-  71      142
Rovibration_vJ|0[7]         -Rovibration_vJ|3[6]             2.1704E-10  6.6750E-03   1.582E+04       8- 100      143
Rovibration_vJ|0[7]         -Rovibration_vJ|3[8]             2.9953E-10  7.1700E-03   1.568E+04       8- 102      144
Rovibration_vJ|0[7]         -Rovibration_vJ|4[6]             6.2690E-13  3.3920E-05   1.193E+04       8- 131      145
Rovibration_vJ|0[7]         -Rovibration_vJ|4[8]             1.1830E-12  4.9600E-05   1.185E+04       8- 133      146
Rovibration_vJ|0[7]         -Rovibration_vJ|5[6]             4.1200E-15  3.4440E-07   9.595E+03       8- 162      147
Rovibration_vJ|0[7]         -Rovibration_vJ|5[8]             8.7276E-16  5.6380E-08   9.545E+03       8- 164      148
Rovibration_vJ|0[7]         -Rovibration_vJ|6[6]             1.5619E-15  1.8580E-07   8.043E+03       8- 193      149
Rovibration_vJ|0[7]         -Rovibration_vJ|6[8]             1.2608E-15  1.1570E-07   8.008E+03       8- 195      150
Rovibration_vJ|0[7]         -Rovibration_vJ|7[6]             7.1762E-17  1.1480E-08   6.936E+03       8- 224      151
Rovibration_vJ|0[7]         -Rovibration_vJ|7[8]             6.1898E-17  7.6290E-09   6.910E+03       8- 226      152
Rovibration_vJ|0[7]         -Rovibration_vJ|8[6]             5.4702E-17  1.1290E-08   6.107E+03       8- 255      153
Rovibration_vJ|0[7]         -Rovibration_vJ|8[8]             6.6221E-17  1.0520E-08   6.087E+03       8- 257      154
Rovibration_vJ|0[7]         -Rovibration_vJ|9[6]             1.0497E-16  2.7080E-08   5.462E+03       8- 286      155
Rovibration_vJ|0[7]         -Rovibration_vJ|9[8]             1.2206E-16  2.4220E-08   5.446E+03       8- 288      156
Rovibration_vJ|0[7]         -Rovibration_vJ|10[6]            5.1857E-17  1.6310E-08   4.947E+03       8- 317      157
Rovibration_vJ|0[7]         -Rovibration_vJ|10[8]            6.0763E-17  1.4690E-08   4.934E+03       8- 319      158
Rovibration_vJ|0[8]         -Rovibration_vJ|0[9]             1.0267E-07  7.3300E-05   2.891E+06       9-  10      159
Rovibration_vJ|0[8]         -Rovibration_vJ|1[7]             5.3908E-06  1.8170E+01   4.736E+04       9-  39      160
Rovibration_vJ|0[8]         -Rovibration_vJ|1[9]             6.2690E-06  1.7720E+01   4.595E+04       9-  41      161
Rovibration_vJ|0[8]         -Rovibration_vJ|2[7]             3.8492E-08  5.2000E-01   2.366E+04       9-  70      162
Rovibration_vJ|0[8]         -Rovibration_vJ|2[9]             4.7974E-08  5.2730E-01   2.330E+04       9-  72      163
Rovibration_vJ|0[8]         -Rovibration_vJ|3[7]             2.1619E-10  6.5210E-03   1.583E+04       9- 101      164
Rovibration_vJ|0[8]         -Rovibration_vJ|3[9]             3.0117E-10  7.3170E-03   1.567E+04       9- 103      165
Rovibration_vJ|0[8]         -Rovibration_vJ|4[7]             6.1016E-13  3.2390E-05   1.193E+04       9- 132      166
Rovibration_vJ|0[8]         -Rovibration_vJ|4[9]             1.2122E-12  5.1570E-05   1.184E+04       9- 134      167
Rovibration_vJ|0[8]         -Rovibration_vJ|5[7]             4.4535E-15  3.6530E-07   9.600E+03       9- 163      168
Rovibration_vJ|0[8]         -Rovibration_vJ|5[9]             7.1016E-16  4.6540E-08   9.543E+03       9- 165      169
Rovibration_vJ|0[8]         -Rovibration_vJ|6[7]             1.6069E-15  1.8760E-07   8.047E+03       9- 194      170
Rovibration_vJ|0[8]         -Rovibration_vJ|6[9]             1.2182E-15  1.1340E-07   8.007E+03       9- 196      171
Rovibration_vJ|0[8]         -Rovibration_vJ|7[7]             7.4518E-17  1.1700E-08   6.939E+03       9- 225      172
Rovibration_vJ|0[8]         -Rovibration_vJ|7[9]             6.1012E-17  7.6270E-09   6.910E+03       9- 227      173
Rovibration_vJ|0[8]         -Rovibration_vJ|8[7]             5.4300E-17  1.1000E-08   6.109E+03       9- 256      174
Rovibration_vJ|0[8]         -Rovibration_vJ|8[9]             6.5232E-17  1.0510E-08   6.086E+03       9- 258      175
Rovibration_vJ|0[8]         -Rovibration_vJ|9[7]             1.0536E-16  2.6680E-08   5.464E+03       9- 287      176
Rovibration_vJ|0[8]         -Rovibration_vJ|9[9]             1.2086E-16  2.4320E-08   5.446E+03       9- 289      177
Rovibration_vJ|0[8]         -Rovibration_vJ|10[7]            5.2408E-17  1.6180E-08   4.948E+03       9- 318      178
Rovibration_vJ|0[8]         -Rovibration_vJ|10[9]            6.0652E-17  1.4870E-08   4.934E+03       9- 320      179
Rovibration_vJ|0[9]         -Rovibration_vJ|0[10]            1.1289E-07  1.0060E-04   2.602E+06      10-  11      180
Rovibration_vJ|0[9]         -Rovibration_vJ|1[8]             5.4154E-06  1.7930E+01   4.745E+04      10-  40      181
Rovibration_vJ|0[9]         -Rovibration_vJ|1[10]            6.2459E-06  1.7910E+01   4.588E+04      10-  42      182
Rovibration_vJ|0[9]         -Rovibration_vJ|2[8]             3.8519E-08  5.1210E-01   2.368E+04      10-  71      183
Rovibration_vJ|0[9]         -Rovibration_vJ|2[10]            4.7993E-08  5.3420E-01   2.328E+04      10-  73      184
Rovibration_vJ|0[9]         -Rovibration_vJ|3[8]             2.1500E-10  6.3860E-03   1.584E+04      10- 102      185
Rovibration_vJ|0[9]         -Rovibration_vJ|3[10]            3.0331E-10  7.4580E-03   1.567E+04      10- 104      186
Rovibration_vJ|0[9]         -Rovibration_vJ|4[8]             5.9268E-13  3.0990E-05   1.194E+04      10- 133      187
Rovibration_vJ|0[9]         -Rovibration_vJ|4[10]            1.2437E-12  5.3530E-05   1.184E+04      10- 135      188
Rovibration_vJ|0[9]         -Rovibration_vJ|5[8]             4.7915E-15  3.8720E-07   9.605E+03      10- 164      189
Rovibration_vJ|0[9]         -Rovibration_vJ|5[10]            5.6490E-16  3.7450E-08   9.541E+03      10- 166      190
Rovibration_vJ|0[9]         -Rovibration_vJ|6[8]             1.6500E-15  1.8980E-07   8.050E+03      10- 195      191
Rovibration_vJ|0[9]         -Rovibration_vJ|6[10]            1.1778E-15  1.1090E-07   8.006E+03      10- 197      192
Rovibration_vJ|0[9]         -Rovibration_vJ|7[8]             7.7241E-17  1.1950E-08   6.942E+03      10- 226      193
Rovibration_vJ|0[9]         -Rovibration_vJ|7[10]            6.0324E-17  7.6270E-09   6.909E+03      10- 228      194
Rovibration_vJ|0[9]         -Rovibration_vJ|8[8]             5.3750E-17  1.0730E-08   6.111E+03      10- 257      195
Rovibration_vJ|0[9]         -Rovibration_vJ|8[10]            6.4317E-17  1.0480E-08   6.086E+03      10- 259      196
Rovibration_vJ|0[9]         -Rovibration_vJ|9[8]             1.0551E-16  2.6330E-08   5.466E+03      10- 288      197
Rovibration_vJ|0[9]         -Rovibration_vJ|9[10]            1.1980E-16  2.4380E-08   5.446E+03      10- 290      198
Rovibration_vJ|0[9]         -Rovibration_vJ|10[8]            5.2915E-17  1.6100E-08   4.950E+03      10- 319      199
Rovibration_vJ|0[9]         -Rovibration_vJ|10[10]           6.0623E-17  1.5030E-08   4.934E+03      10- 321      200
Rovibration_vJ|0[10]        -Rovibration_vJ|0[11]            1.2309E-07  1.3390E-04   2.366E+06      11-  12      201
Rovibration_vJ|0[10]        -Rovibration_vJ|1[9]             5.4303E-06  1.7710E+01   4.755E+04      11-  41      202
Rovibration_vJ|0[10]        -Rovibration_vJ|1[11]            6.2283E-06  1.8080E+01   4.580E+04      11-  43      203
Rovibration_vJ|0[10]        -Rovibration_vJ|2[9]             3.8500E-08  5.0510E-01   2.371E+04      11-  72      204
Rovibration_vJ|0[10]        -Rovibration_vJ|2[11]            4.8067E-08  5.4070E-01   2.327E+04      11-  74      205
Rovibration_vJ|0[10]        -Rovibration_vJ|3[9]             2.1351E-10  6.2620E-03   1.585E+04      11- 103      206
Rovibration_vJ|0[10]        -Rovibration_vJ|3[11]            3.0578E-10  7.5940E-03   1.566E+04      11- 105      207
Rovibration_vJ|0[10]        -Rovibration_vJ|4[9]             5.7488E-13  2.9690E-05   1.195E+04      11- 134      208
Rovibration_vJ|0[10]        -Rovibration_vJ|4[11]            1.2773E-12  5.5510E-05   1.184E+04      11- 136      209
Rovibration_vJ|0[10]        -Rovibration_vJ|5[9]             5.1346E-15  4.0990E-07   9.610E+03      11- 165      210
Rovibration_vJ|0[10]        -Rovibration_vJ|5[11]            4.3630E-16  2.9200E-08   9.539E+03      11- 167      211
Rovibration_vJ|0[10]        -Rovibration_vJ|6[9]             1.6921E-15  1.9230E-07   8.054E+03      11- 196      212
Rovibration_vJ|0[10]        -Rovibration_vJ|6[11]            1.1406E-15  1.0840E-07   8.005E+03      11- 198      213
Rovibration_vJ|0[10]        -Rovibration_vJ|7[9]             8.0069E-17  1.2240E-08   6.945E+03      11- 227      214
Rovibration_vJ|0[10]        -Rovibration_vJ|7[11]            5.9799E-17  7.6310E-09   6.908E+03      11- 229      215
Rovibration_vJ|0[10]        -Rovibration_vJ|8[9]             5.3026E-17  1.0460E-08   6.113E+03      11- 258      216
Rovibration_vJ|0[10]        -Rovibration_vJ|8[11]            6.3363E-17  1.0420E-08   6.086E+03      11- 260      217
Rovibration_vJ|0[10]        -Rovibration_vJ|9[9]             1.0543E-16  2.6000E-08   5.468E+03      11- 289      218
Rovibration_vJ|0[10]        -Rovibration_vJ|9[11]            1.1881E-16  2.4400E-08   5.446E+03      11- 291      219
Rovibration_vJ|0[10]        -Rovibration_vJ|10[9]            5.3346E-17  1.6040E-08   4.952E+03      11- 320      220
Rovibration_vJ|0[10]        -Rovibration_vJ|10[11]           6.0713E-17  1.5190E-08   4.934E+03      11- 322      221
Rovibration_vJ|0[11]        -Rovibration_vJ|0[12]            1.3304E-07  1.7350E-04   2.169E+06      12-  13      222
Rovibration_vJ|0[11]        -Rovibration_vJ|1[10]            5.4428E-06  1.7520E+01   4.764E+04      12-  42      223
Rovibration_vJ|0[11]        -Rovibration_vJ|1[12]            6.2164E-06  1.8240E+01   4.573E+04      12-  44      224
Rovibration_vJ|0[11]        -Rovibration_vJ|2[10]            3.8450E-08  4.9880E-01   2.373E+04      12-  73      225
Rovibration_vJ|0[11]        -Rovibration_vJ|2[12]            4.8175E-08  5.4680E-01   2.325E+04      12-  75      226
Rovibration_vJ|0[11]        -Rovibration_vJ|3[10]            2.1187E-10  6.1480E-03   1.587E+04      12- 104      227
Rovibration_vJ|0[11]        -Rovibration_vJ|3[12]            3.0857E-10  7.7280E-03   1.565E+04      12- 106      228
Rovibration_vJ|0[11]        -Rovibration_vJ|4[10]            5.5681E-13  2.8460E-05   1.196E+04      12- 135      229
Rovibration_vJ|0[11]        -Rovibration_vJ|4[12]            1.3124E-12  5.7500E-05   1.183E+04      12- 137      230
Rovibration_vJ|0[11]        -Rovibration_vJ|5[10]            5.4833E-15  4.3330E-07   9.615E+03      12- 166      231
Rovibration_vJ|0[11]        -Rovibration_vJ|5[12]            3.2420E-16  2.1870E-08   9.538E+03      12- 168      232
Rovibration_vJ|0[11]        -Rovibration_vJ|6[10]            1.7323E-15  1.9490E-07   8.058E+03      12- 197      233
Rovibration_vJ|0[11]        -Rovibration_vJ|6[12]            1.1035E-15  1.0570E-07   8.004E+03      12- 199      234
Rovibration_vJ|0[11]        -Rovibration_vJ|7[10]            8.3053E-17  1.2570E-08   6.948E+03      12- 228      235
Rovibration_vJ|0[11]        -Rovibration_vJ|7[12]            5.9425E-17  7.6420E-09   6.908E+03      12- 230      236
Rovibration_vJ|0[11]        -Rovibration_vJ|8[10]            5.2224E-17  1.0200E-08   6.116E+03      12- 259      237
Rovibration_vJ|0[11]        -Rovibration_vJ|8[12]            6.2337E-17  1.0330E-08   6.085E+03      12- 261      238
Rovibration_vJ|0[11]        -Rovibration_vJ|9[10]            1.0525E-16  2.5700E-08   5.470E+03      12- 290      239
Rovibration_vJ|0[11]        -Rovibration_vJ|9[12]            1.1791E-16  2.4400E-08   5.446E+03      12- 292      240
Rovibration_vJ|0[11]        -Rovibration_vJ|10[10]           5.3739E-17  1.6000E-08   4.953E+03      12- 321      241
Rovibration_vJ|0[11]        -Rovibration_vJ|10[12]           6.0851E-17  1.5340E-08   4.934E+03      12- 323      242
Rovibration_vJ|0[12]        -Rovibration_vJ|0[13]            1.4287E-07  2.2000E-04   2.003E+06      13-  14      243
Rovibration_vJ|0[12]        -Rovibration_vJ|1[11]            5.4530E-06  1.7350E+01   4.774E+04      13-  43      244
Rovibration_vJ|0[12]        -Rovibration_vJ|1[13]            6.2049E-06  1.8380E+01   4.566E+04      13-  45      245
Rovibration_vJ|0[12]        -Rovibration_vJ|2[11]            3.8369E-08  4.9290E-01   2.376E+04      13-  74      246
Rovibration_vJ|0[12]        -Rovibration_vJ|2[13]            4.8317E-08  5.5270E-01   2.324E+04      13-  76      247
Rovibration_vJ|0[12]        -Rovibration_vJ|3[11]            2.1010E-10  6.0410E-03   1.588E+04      13- 105      248
Rovibration_vJ|0[12]        -Rovibration_vJ|3[13]            3.1156E-10  7.8590E-03   1.565E+04      13- 107      249
Rovibration_vJ|0[12]        -Rovibration_vJ|4[11]            5.3887E-13  2.7300E-05   1.196E+04      13- 136      250
Rovibration_vJ|0[12]        -Rovibration_vJ|4[13]            1.3492E-12  5.9520E-05   1.183E+04      13- 138      251
Rovibration_vJ|0[12]        -Rovibration_vJ|5[11]            5.8389E-15  4.5740E-07   9.620E+03      13- 167      252
Rovibration_vJ|0[12]        -Rovibration_vJ|5[13]            2.2838E-16  1.5510E-08   9.536E+03      13- 169      253
Rovibration_vJ|0[12]        -Rovibration_vJ|6[11]            1.7723E-15  1.9770E-07   8.062E+03      13- 198      254
Rovibration_vJ|0[12]        -Rovibration_vJ|6[13]            1.0683E-15  1.0300E-07   8.003E+03      13- 200      255
Rovibration_vJ|0[12]        -Rovibration_vJ|7[11]            8.6094E-17  1.2920E-08   6.951E+03      13- 229      256
Rovibration_vJ|0[12]        -Rovibration_vJ|7[13]            5.9171E-17  7.6590E-09   6.908E+03      13- 231      257
Rovibration_vJ|0[12]        -Rovibration_vJ|8[11]            5.1277E-17  9.9310E-09   6.118E+03      13- 260      258
Rovibration_vJ|0[12]        -Rovibration_vJ|8[13]            6.1337E-17  1.0230E-08   6.085E+03      13- 262      259
Rovibration_vJ|0[12]        -Rovibration_vJ|9[11]            1.0494E-16  2.5410E-08   5.472E+03      13- 291      260
Rovibration_vJ|0[12]        -Rovibration_vJ|9[13]            1.1697E-16  2.4360E-08   5.446E+03      13- 293      261
Rovibration_vJ|0[12]        -Rovibration_vJ|10[11]           5.4156E-17  1.5990E-08   4.955E+03      13- 322      262
Rovibration_vJ|0[12]        -Rovibration_vJ|10[13]           6.1017E-17  1.5480E-08   4.934E+03      13- 324      263
Rovibration_vJ|0[13]        -Rovibration_vJ|0[14]            1.5253E-07  2.7380E-04   1.860E+06      14-  15      264
Rovibration_vJ|0[13]        -Rovibration_vJ|1[12]            5.4596E-06  1.7190E+01   4.783E+04      14-  44      265
Rovibration_vJ|0[13]        -Rovibration_vJ|1[14]            6.1989E-06  1.8520E+01   4.559E+04      14-  46      266
Rovibration_vJ|0[13]        -Rovibration_vJ|2[12]            3.8270E-08  4.8740E-01   2.378E+04      14-  75      267
Rovibration_vJ|0[13]        -Rovibration_vJ|2[14]            4.8492E-08  5.5850E-01   2.322E+04      14-  77      268
Rovibration_vJ|0[13]        -Rovibration_vJ|3[12]            2.0822E-10  5.9390E-03   1.589E+04      14- 106      269
Rovibration_vJ|0[13]        -Rovibration_vJ|3[14]            3.1474E-10  7.9890E-03   1.564E+04      14- 108      270
Rovibration_vJ|0[13]        -Rovibration_vJ|4[12]            5.2118E-13  2.6200E-05   1.197E+04      14- 137      271
Rovibration_vJ|0[13]        -Rovibration_vJ|4[14]            1.3873E-12  6.1570E-05   1.183E+04      14- 139      272
Rovibration_vJ|0[13]        -Rovibration_vJ|5[12]            6.1996E-15  4.8200E-07   9.626E+03      14- 168      273
Rovibration_vJ|0[13]        -Rovibration_vJ|5[14]            1.4889E-16  1.0170E-08   9.535E+03      14- 170      274
Rovibration_vJ|0[13]        -Rovibration_vJ|6[12]            1.8109E-15  2.0050E-07   8.066E+03      14- 199      275
Rovibration_vJ|0[13]        -Rovibration_vJ|6[14]            1.0334E-15  1.0020E-07   8.003E+03      14- 201      276
Rovibration_vJ|0[13]        -Rovibration_vJ|7[12]            8.9214E-17  1.3290E-08   6.954E+03      14- 230      277
Rovibration_vJ|0[13]        -Rovibration_vJ|7[14]            5.9043E-17  7.6850E-09   6.907E+03      14- 232      278
Rovibration_vJ|0[13]        -Rovibration_vJ|8[12]            5.0238E-17  9.6590E-09   6.121E+03      14- 261      279
Rovibration_vJ|0[13]        -Rovibration_vJ|8[14]            6.0286E-17  1.0110E-08   6.085E+03      14- 263      280
Rovibration_vJ|0[13]        -Rovibration_vJ|9[12]            1.0450E-16  2.5120E-08   5.474E+03      14- 292      281
Rovibration_vJ|0[13]        -Rovibration_vJ|9[14]            1.1605E-16  2.4300E-08   5.446E+03      14- 294      282
Rovibration_vJ|0[13]        -Rovibration_vJ|10[12]           5.4514E-17  1.5980E-08   4.957E+03      14- 323      283
Rovibration_vJ|0[13]        -Rovibration_vJ|10[14]           6.1238E-17  1.5620E-08   4.934E+03      14- 325      284
Rovibration_vJ|0[14]        -Rovibration_vJ|0[15]            1.6200E-07  3.3530E-04   1.736E+06      15-  16      285
Rovibration_vJ|0[14]        -Rovibration_vJ|1[13]            5.4610E-06  1.7030E+01   4.793E+04      15-  45      286
Rovibration_vJ|0[14]        -Rovibration_vJ|1[15]            6.1973E-06  1.8660E+01   4.552E+04      15-  47      287
Rovibration_vJ|0[14]        -Rovibration_vJ|2[13]            3.8156E-08  4.8220E-01   2.381E+04      15-  76      288
Rovibration_vJ|0[14]        -Rovibration_vJ|2[15]            4.8683E-08  5.6410E-01   2.321E+04      15-  78      289
Rovibration_vJ|0[14]        -Rovibration_vJ|3[13]            2.0629E-10  5.8420E-03   1.591E+04      15- 107      290
Rovibration_vJ|0[14]        -Rovibration_vJ|3[15]            3.1812E-10  8.1190E-03   1.564E+04      15- 109      291
Rovibration_vJ|0[14]        -Rovibration_vJ|4[13]            5.0353E-13  2.5140E-05   1.198E+04      15- 138      292
Rovibration_vJ|0[14]        -Rovibration_vJ|4[15]            1.4270E-12  6.3660E-05   1.183E+04      15- 140      293
Rovibration_vJ|0[14]        -Rovibration_vJ|5[13]            6.5674E-15  5.0720E-07   9.632E+03      15- 169      294
Rovibration_vJ|0[14]        -Rovibration_vJ|5[15]            8.6076E-17  5.9090E-09   9.534E+03      15- 171      295
Rovibration_vJ|0[14]        -Rovibration_vJ|6[13]            1.8491E-15  2.0340E-07   8.070E+03      15- 200      296
Rovibration_vJ|0[14]        -Rovibration_vJ|6[15]            9.9991E-16  9.7430E-08   8.002E+03      15- 202      297
Rovibration_vJ|0[14]        -Rovibration_vJ|7[13]            9.2564E-17  1.3700E-08   6.957E+03      15- 231      298
Rovibration_vJ|0[14]        -Rovibration_vJ|7[15]            5.9020E-17  7.7190E-09   6.907E+03      15- 233      299
Rovibration_vJ|0[14]        -Rovibration_vJ|8[13]            4.9112E-17  9.3820E-09   6.124E+03      15- 262      300
Rovibration_vJ|0[14]        -Rovibration_vJ|8[15]            5.9147E-17  9.9660E-09   6.085E+03      15- 264      301
Rovibration_vJ|0[14]        -Rovibration_vJ|9[13]            1.0395E-16  2.4830E-08   5.477E+03      15- 293      302
Rovibration_vJ|0[14]        -Rovibration_vJ|9[15]            1.1508E-16  2.4210E-08   5.446E+03      15- 295      303
Rovibration_vJ|0[14]        -Rovibration_vJ|10[13]           5.4895E-17  1.5990E-08   4.959E+03      15- 324      304
Rovibration_vJ|0[14]        -Rovibration_vJ|10[15]           6.1501E-17  1.5760E-08   4.935E+03      15- 326      305
Rovibration_vJ|0[15]        -Rovibration_vJ|0[16]            1.7125E-07  4.0480E-04   1.628E+06      16-  17      306
Rovibration_vJ|0[15]        -Rovibration_vJ|1[14]            5.4646E-06  1.6890E+01   4.803E+04      16-  46      307
Rovibration_vJ|0[15]        -Rovibration_vJ|1[16]            6.1961E-06  1.8790E+01   4.546E+04      16-  48      308
Rovibration_vJ|0[15]        -Rovibration_vJ|2[14]            3.8028E-08  4.7720E-01   2.384E+04      16-  77      309
Rovibration_vJ|0[15]        -Rovibration_vJ|2[16]            4.8883E-08  5.6950E-01   2.319E+04      16-  79      310
Rovibration_vJ|0[15]        -Rovibration_vJ|3[14]            2.0432E-10  5.7490E-03   1.592E+04      16- 108      311
Rovibration_vJ|0[15]        -Rovibration_vJ|3[16]            3.2161E-10  8.2480E-03   1.563E+04      16- 110      312
Rovibration_vJ|0[15]        -Rovibration_vJ|4[14]            4.8609E-13  2.4120E-05   1.199E+04      16- 139      313
Rovibration_vJ|0[15]        -Rovibration_vJ|4[16]            1.4681E-12  6.5790E-05   1.182E+04      16- 141      314
Rovibration_vJ|0[15]        -Rovibration_vJ|5[14]            6.9403E-15  5.3280E-07   9.637E+03      16- 170      315
Rovibration_vJ|0[15]        -Rovibration_vJ|5[16]            4.0117E-17  2.7660E-09   9.533E+03      16- 172      316
Rovibration_vJ|0[15]        -Rovibration_vJ|6[14]            1.8874E-15  2.0640E-07   8.075E+03      16- 201      317
Rovibration_vJ|0[15]        -Rovibration_vJ|6[16]            9.6685E-16  9.4610E-08   8.002E+03      16- 203      318
Rovibration_vJ|0[15]        -Rovibration_vJ|7[14]            9.6022E-17  1.4130E-08   6.961E+03      16- 232      319
Rovibration_vJ|0[15]        -Rovibration_vJ|7[16]            5.9111E-17  7.7630E-09   6.907E+03      16- 234      320
Rovibration_vJ|0[15]        -Rovibration_vJ|8[14]            4.7909E-17  9.1000E-09   6.127E+03      16- 263      321
Rovibration_vJ|0[15]        -Rovibration_vJ|8[16]            5.7978E-17  9.8090E-09   6.086E+03      16- 265      322
Rovibration_vJ|0[15]        -Rovibration_vJ|9[14]            1.0328E-16  2.4530E-08   5.479E+03      16- 294      323
Rovibration_vJ|0[15]        -Rovibration_vJ|9[16]            1.1409E-16  2.4100E-08   5.446E+03      16- 296      324
Rovibration_vJ|0[15]        -Rovibration_vJ|10[14]           5.5239E-17  1.6000E-08   4.962E+03      16- 325      325
Rovibration_vJ|0[15]        -Rovibration_vJ|10[16]           6.1800E-17  1.5900E-08   4.935E+03      16- 327      326
Rovibration_vJ|0[16]        -Rovibration_vJ|0[17]            1.8030E-07  4.8270E-04   1.533E+06      17-  18      327
Rovibration_vJ|0[16]        -Rovibration_vJ|1[15]            5.4616E-06  1.6740E+01   4.813E+04      17-  47      328
Rovibration_vJ|0[16]        -Rovibration_vJ|1[17]            6.1946E-06  1.8910E+01   4.539E+04      17-  49      329
Rovibration_vJ|0[16]        -Rovibration_vJ|2[15]            3.7899E-08  4.7250E-01   2.386E+04      17-  78      330
Rovibration_vJ|0[16]        -Rovibration_vJ|2[17]            4.9105E-08  5.7490E-01   2.318E+04      17-  80      331
Rovibration_vJ|0[16]        -Rovibration_vJ|3[15]            2.0231E-10  5.6590E-03   1.593E+04      17- 109      332
Rovibration_vJ|0[16]        -Rovibration_vJ|3[17]            3.2523E-10  8.3770E-03   1.563E+04      17- 111      333
Rovibration_vJ|0[16]        -Rovibration_vJ|4[15]            4.6915E-13  2.3150E-05   1.200E+04      17- 140      334
Rovibration_vJ|0[16]        -Rovibration_vJ|4[17]            1.5104E-12  6.7960E-05   1.182E+04      17- 142      335
Rovibration_vJ|0[16]        -Rovibration_vJ|5[15]            7.3198E-15  5.5890E-07   9.643E+03      17- 171      336
Rovibration_vJ|0[16]        -Rovibration_vJ|5[17]            1.1347E-17  7.8540E-10   9.532E+03      17- 173      337
Rovibration_vJ|0[16]        -Rovibration_vJ|6[15]            1.9260E-15  2.0950E-07   8.079E+03      17- 202      338
Rovibration_vJ|0[16]        -Rovibration_vJ|6[17]            9.3455E-16  9.1790E-08   8.002E+03      17- 204      339
Rovibration_vJ|0[16]        -Rovibration_vJ|7[15]            9.9599E-17  1.4580E-08   6.965E+03      17- 233      340
Rovibration_vJ|0[16]        -Rovibration_vJ|7[17]            5.9291E-17  7.8150E-09   6.908E+03      17- 235      341
Rovibration_vJ|0[16]        -Rovibration_vJ|8[15]            4.6627E-17  8.8110E-09   6.130E+03      17- 264      342
Rovibration_vJ|0[16]        -Rovibration_vJ|8[17]            5.6752E-17  9.6360E-09   6.086E+03      17- 266      343
Rovibration_vJ|0[16]        -Rovibration_vJ|9[15]            1.0258E-16  2.4240E-08   5.482E+03      17- 295      344
Rovibration_vJ|0[16]        -Rovibration_vJ|9[17]            1.1313E-16  2.3980E-08   5.447E+03      17- 297      345
Rovibration_vJ|0[16]        -Rovibration_vJ|10[15]           5.5589E-17  1.6020E-08   4.964E+03      17- 326      346
Rovibration_vJ|0[16]        -Rovibration_vJ|10[17]           6.2090E-17  1.6030E-08   4.936E+03      17- 328      347
Rovibration_vJ|0[17]        -Rovibration_vJ|0[18]            1.8910E-07  5.6920E-04   1.448E+06      18-  19      348
Rovibration_vJ|0[17]        -Rovibration_vJ|1[16]            5.4622E-06  1.6610E+01   4.823E+04      18-  48      349
Rovibration_vJ|0[17]        -Rovibration_vJ|1[18]            6.1956E-06  1.9030E+01   4.532E+04      18-  50      350
Rovibration_vJ|0[17]        -Rovibration_vJ|2[16]            3.7750E-08  4.6780E-01   2.389E+04      18-  79      351
Rovibration_vJ|0[17]        -Rovibration_vJ|2[18]            4.9346E-08  5.8030E-01   2.316E+04      18-  81      352
Rovibration_vJ|0[17]        -Rovibration_vJ|3[16]            2.0032E-10  5.5730E-03   1.595E+04      18- 110      353
Rovibration_vJ|0[17]        -Rovibration_vJ|3[18]            3.2896E-10  8.5060E-03   1.562E+04      18- 112      354
Rovibration_vJ|0[17]        -Rovibration_vJ|4[16]            4.5242E-13  2.2210E-05   1.200E+04      18- 141      355
Rovibration_vJ|0[17]        -Rovibration_vJ|4[18]            1.5540E-12  7.0170E-05   1.182E+04      18- 143      356
Rovibration_vJ|0[17]        -Rovibration_vJ|5[16]            7.7050E-15  5.8540E-07   9.650E+03      18- 172      357
Rovibration_vJ|0[17]        -Rovibration_vJ|5[18]            1.4528E-19  1.0090E-11   9.532E+03      18- 174      358
Rovibration_vJ|0[17]        -Rovibration_vJ|6[16]            1.9639E-15  2.1260E-07   8.084E+03      18- 203      359
Rovibration_vJ|0[17]        -Rovibration_vJ|6[18]            9.0278E-16  8.8960E-08   8.002E+03      18- 205      360
Rovibration_vJ|0[17]        -Rovibration_vJ|7[16]            1.0344E-16  1.5070E-08   6.968E+03      18- 234      361
Rovibration_vJ|0[17]        -Rovibration_vJ|7[18]            5.9571E-17  7.8770E-09   6.908E+03      18- 236      362
Rovibration_vJ|0[17]        -Rovibration_vJ|8[16]            4.5283E-17  8.5170E-09   6.133E+03      18- 265      363
Rovibration_vJ|0[17]        -Rovibration_vJ|8[18]            5.5477E-17  9.4490E-09   6.087E+03      18- 267      364
Rovibration_vJ|0[17]        -Rovibration_vJ|9[16]            1.0174E-16  2.3930E-08   5.484E+03      18- 296      365
Rovibration_vJ|0[17]        -Rovibration_vJ|9[18]            1.1207E-16  2.3830E-08   5.447E+03      18- 298      366
Rovibration_vJ|0[17]        -Rovibration_vJ|10[16]           5.5951E-17  1.6050E-08   4.966E+03      18- 327      367
Rovibration_vJ|0[17]        -Rovibration_vJ|10[18]           6.2404E-17  1.6160E-08   4.936E+03      18- 329      368
Rovibration_vJ|0[18]        -Rovibration_vJ|0[19]            1.9768E-07  6.6460E-04   1.372E+06      19-  20      369
Rovibration_vJ|0[18]        -Rovibration_vJ|1[17]            5.4604E-06  1.6480E+01   4.834E+04      19-  49      370
Rovibration_vJ|0[18]        -Rovibration_vJ|1[19]            6.1987E-06  1.9150E+01   4.526E+04      19-  51      371
Rovibration_vJ|0[18]        -Rovibration_vJ|2[17]            3.7607E-08  4.6340E-01   2.392E+04      19-  80      372
Rovibration_vJ|0[18]        -Rovibration_vJ|2[19]            4.9585E-08  5.8550E-01   2.315E+04      19-  82      373
Rovibration_vJ|0[18]        -Rovibration_vJ|3[17]            1.9830E-10  5.4890E-03   1.596E+04      19- 111      374
Rovibration_vJ|0[18]        -Rovibration_vJ|3[19]            3.3282E-10  8.6360E-03   1.562E+04      19- 113      375
Rovibration_vJ|0[18]        -Rovibration_vJ|4[17]            4.3616E-13  2.1310E-05   1.201E+04      19- 142      376
Rovibration_vJ|0[18]        -Rovibration_vJ|4[19]            1.5987E-12  7.2420E-05   1.182E+04      19- 144      377
Rovibration_vJ|0[18]        -Rovibration_vJ|5[17]            8.0960E-15  6.1230E-07   9.656E+03      19- 173      378
Rovibration_vJ|0[18]        -Rovibration_vJ|5[19]            6.9150E-18  4.8170E-10   9.531E+03      19- 175      379
Rovibration_vJ|0[18]        -Rovibration_vJ|6[17]            2.0015E-15  2.1570E-07   8.089E+03      19- 204      380
Rovibration_vJ|0[18]        -Rovibration_vJ|6[19]            8.7142E-16  8.6120E-08   8.002E+03      19- 206      381
Rovibration_vJ|0[18]        -Rovibration_vJ|7[17]            1.0734E-16  1.5570E-08   6.972E+03      19- 235      382
Rovibration_vJ|0[18]        -Rovibration_vJ|7[19]            5.9939E-17  7.9480E-09   6.908E+03      19- 237      383
Rovibration_vJ|0[18]        -Rovibration_vJ|8[17]            4.3877E-17  8.2170E-09   6.136E+03      19- 266      384
Rovibration_vJ|0[18]        -Rovibration_vJ|8[19]            5.4143E-17  9.2470E-09   6.087E+03      19- 268      385
Rovibration_vJ|0[18]        -Rovibration_vJ|9[17]            1.0085E-16  2.3620E-08   5.487E+03      19- 297      386
Rovibration_vJ|0[18]        -Rovibration_vJ|9[19]            1.1098E-16  2.3660E-08   5.448E+03      19- 299      387
Rovibration_vJ|0[18]        -Rovibration_vJ|10[17]           5.6294E-17  1.6080E-08   4.969E+03      19- 328      388
Rovibration_vJ|0[18]        -Rovibration_vJ|10[19]           6.2740E-17  1.6290E-08   4.937E+03      19- 330      389
Rovibration_vJ|0[19]        -Rovibration_vJ|0[20]            2.0599E-07  7.6900E-04   1.304E+06      20-  21      390
Rovibration_vJ|0[19]        -Rovibration_vJ|1[18]            5.4567E-06  1.6350E+01   4.844E+04      20-  50      391
Rovibration_vJ|0[19]        -Rovibration_vJ|1[20]            6.2004E-06  1.9260E+01   4.520E+04      20-  52      392
Rovibration_vJ|0[19]        -Rovibration_vJ|2[18]            3.7450E-08  4.5900E-01   2.395E+04      20-  81      393
Rovibration_vJ|0[19]        -Rovibration_vJ|2[20]            4.9838E-08  5.9070E-01   2.314E+04      20-  83      394
Rovibration_vJ|0[19]        -Rovibration_vJ|3[18]            1.9627E-10  5.4070E-03   1.598E+04      20- 112      395
Rovibration_vJ|0[19]        -Rovibration_vJ|3[20]            3.3680E-10  8.7670E-03   1.561E+04      20- 114      396
Rovibration_vJ|0[19]        -Rovibration_vJ|4[18]            4.2022E-13  2.0440E-05   1.202E+04      20- 143      397
Rovibration_vJ|0[19]        -Rovibration_vJ|4[20]            1.6449E-12  7.4730E-05   1.182E+04      20- 145      398
Rovibration_vJ|0[19]        -Rovibration_vJ|5[18]            8.4919E-15  6.3950E-07   9.662E+03      20- 174      399
Rovibration_vJ|0[19]        -Rovibration_vJ|5[20]            3.2098E-17  2.2420E-09   9.531E+03      20- 176      400
Rovibration_vJ|0[19]        -Rovibration_vJ|6[18]            2.0397E-15  2.1890E-07   8.094E+03      20- 205      401
Rovibration_vJ|0[19]        -Rovibration_vJ|6[20]            8.4073E-16  8.3300E-08   8.002E+03      20- 207      402
Rovibration_vJ|0[19]        -Rovibration_vJ|7[18]            1.1151E-16  1.6110E-08   6.976E+03      20- 236      403
Rovibration_vJ|0[19]        -Rovibration_vJ|7[20]            6.0392E-17  8.0280E-09   6.909E+03      20- 238      404
Rovibration_vJ|0[19]        -Rovibration_vJ|8[18]            4.2419E-17  7.9120E-09   6.140E+03      20- 267      405
Rovibration_vJ|0[19]        -Rovibration_vJ|8[20]            5.2756E-17  9.0320E-09   6.088E+03      20- 269      406
Rovibration_vJ|0[19]        -Rovibration_vJ|9[18]            9.9881E-17  2.3300E-08   5.490E+03      20- 298      407
Rovibration_vJ|0[19]        -Rovibration_vJ|9[20]            1.0982E-16  2.3470E-08   5.449E+03      20- 300      408
Rovibration_vJ|0[19]        -Rovibration_vJ|10[18]           5.6621E-17  1.6110E-08   4.971E+03      20- 329      409
Rovibration_vJ|0[19]        -Rovibration_vJ|10[20]           6.3056E-17  1.6410E-08   4.938E+03      20- 331      410
Rovibration_vJ|0[20]        -Rovibration_vJ|0[21]            2.1404E-07  8.8260E-04   1.242E+06      21-  22      411
Rovibration_vJ|0[20]        -Rovibration_vJ|1[19]            5.4512E-06  1.6220E+01   4.855E+04      21-  51      412
Rovibration_vJ|0[20]        -Rovibration_vJ|1[21]            6.2037E-06  1.9370E+01   4.513E+04      21-  53      413
Rovibration_vJ|0[20]        -Rovibration_vJ|2[19]            3.7297E-08  4.5480E-01   2.398E+04      21-  82      414
Rovibration_vJ|0[20]        -Rovibration_vJ|2[21]            5.0103E-08  5.9590E-01   2.312E+04      21-  84      415
Rovibration_vJ|0[20]        -Rovibration_vJ|3[19]            1.9424E-10  5.3270E-03   1.599E+04      21- 113      416
Rovibration_vJ|0[20]        -Rovibration_vJ|3[21]            3.4089E-10  8.8990E-03   1.561E+04      21- 115      417
Rovibration_vJ|0[20]        -Rovibration_vJ|4[19]            4.0464E-13  1.9600E-05   1.203E+04      21- 144      418
Rovibration_vJ|0[20]        -Rovibration_vJ|4[21]            1.6925E-12  7.7090E-05   1.182E+04      21- 146      419
Rovibration_vJ|0[20]        -Rovibration_vJ|5[19]            8.8940E-15  6.6710E-07   9.669E+03      21- 175      420
Rovibration_vJ|0[20]        -Rovibration_vJ|5[21]            7.6153E-17  5.3320E-09   9.531E+03      21- 177      421
Rovibration_vJ|0[20]        -Rovibration_vJ|6[19]            2.0766E-15  2.2200E-07   8.099E+03      21- 206      422
Rovibration_vJ|0[20]        -Rovibration_vJ|6[21]            8.1031E-16  8.0470E-08   8.003E+03      21- 208      423
Rovibration_vJ|0[20]        -Rovibration_vJ|7[19]            1.1583E-16  1.6670E-08   6.980E+03      21- 237      424
Rovibration_vJ|0[20]        -Rovibration_vJ|7[21]            6.0935E-17  8.1180E-09   6.909E+03      21- 239      425
Rovibration_vJ|0[20]        -Rovibration_vJ|8[19]            4.0905E-17  7.6010E-09   6.143E+03      21- 268      426
Rovibration_vJ|0[20]        -Rovibration_vJ|8[21]            5.1321E-17  8.8050E-09   6.089E+03      21- 270      427
Rovibration_vJ|0[20]        -Rovibration_vJ|9[19]            9.8833E-17  2.2970E-08   5.493E+03      21- 299      428
Rovibration_vJ|0[20]        -Rovibration_vJ|9[21]            1.0862E-16  2.3260E-08   5.450E+03      21- 301      429
Rovibration_vJ|0[20]        -Rovibration_vJ|10[19]           5.6900E-17  1.6130E-08   4.974E+03      21- 330      430
Rovibration_vJ|0[20]        -Rovibration_vJ|10[21]           6.3349E-17  1.6520E-08   4.939E+03      21- 332      431
Rovibration_vJ|0[21]        -Rovibration_vJ|0[22]            2.2172E-07  1.0050E-03   1.186E+06      22-  23      432
Rovibration_vJ|0[21]        -Rovibration_vJ|1[20]            5.4476E-06  1.6100E+01   4.865E+04      22-  52      433
Rovibration_vJ|0[21]        -Rovibration_vJ|1[22]            6.2083E-06  1.9480E+01   4.507E+04      22-  54      434
Rovibration_vJ|0[21]        -Rovibration_vJ|2[20]            3.7142E-08  4.5070E-01   2.401E+04      22-  83      435
Rovibration_vJ|0[21]        -Rovibration_vJ|2[22]            5.0378E-08  6.0110E-01   2.311E+04      22-  85      436
Rovibration_vJ|0[21]        -Rovibration_vJ|3[20]            1.9225E-10  5.2500E-03   1.601E+04      22- 114      437
Rovibration_vJ|0[21]        -Rovibration_vJ|3[22]            3.4504E-10  9.0310E-03   1.561E+04      22- 116      438
Rovibration_vJ|0[21]        -Rovibration_vJ|4[20]            3.8946E-13  1.8790E-05   1.204E+04      22- 145      439
Rovibration_vJ|0[21]        -Rovibration_vJ|4[22]            1.7411E-12  7.9490E-05   1.182E+04      22- 147      440
Rovibration_vJ|0[21]        -Rovibration_vJ|5[20]            9.3012E-15  6.9500E-07   9.676E+03      22- 176      441
Rovibration_vJ|0[21]        -Rovibration_vJ|5[22]            1.3958E-16  9.7940E-09   9.531E+03      22- 178      442
Rovibration_vJ|0[21]        -Rovibration_vJ|6[20]            2.1143E-15  2.2520E-07   8.104E+03      22- 207      443
Rovibration_vJ|0[21]        -Rovibration_vJ|6[22]            7.8042E-16  7.7660E-08   8.003E+03      22- 209      444
Rovibration_vJ|0[21]        -Rovibration_vJ|7[20]            1.2029E-16  1.7250E-08   6.985E+03      22- 238      445
Rovibration_vJ|0[21]        -Rovibration_vJ|7[22]            6.1558E-17  8.2170E-09   6.910E+03      22- 240      446
Rovibration_vJ|0[21]        -Rovibration_vJ|8[20]            3.9354E-17  7.2870E-09   6.147E+03      22- 269      447
Rovibration_vJ|0[21]        -Rovibration_vJ|8[22]            4.9834E-17  8.5660E-09   6.089E+03      22- 271      448
Rovibration_vJ|0[21]        -Rovibration_vJ|9[20]            9.7711E-17  2.2630E-08   5.496E+03      22- 300      449
Rovibration_vJ|0[21]        -Rovibration_vJ|9[22]            1.0735E-16  2.3030E-08   5.451E+03      22- 302      450
Rovibration_vJ|0[21]        -Rovibration_vJ|10[20]           5.7204E-17  1.6160E-08   4.976E+03      22- 331      451
Rovibration_vJ|0[21]        -Rovibration_vJ|10[22]           6.3658E-17  1.6630E-08   4.939E+03      22- 333      452
Rovibration_vJ|0[22]        -Rovibration_vJ|0[23]            2.2938E-07  1.1380E-03   1.135E+06      23-  24      453
Rovibration_vJ|0[22]        -Rovibration_vJ|1[21]            5.4394E-06  1.5970E+01   4.876E+04      23-  53      454
Rovibration_vJ|0[22]        -Rovibration_vJ|1[23]            6.2142E-06  1.9590E+01   4.501E+04      23-  55      455
Rovibration_vJ|0[22]        -Rovibration_vJ|2[21]            3.6978E-08  4.4660E-01   2.404E+04      23-  84      456
Rovibration_vJ|0[22]        -Rovibration_vJ|2[23]            5.0653E-08  6.0620E-01   2.310E+04      23-  86      457
Rovibration_vJ|0[22]        -Rovibration_vJ|3[21]            1.9025E-10  5.1740E-03   1.602E+04      23- 115      458
Rovibration_vJ|0[22]        -Rovibration_vJ|3[23]            3.4931E-10  9.1650E-03   1.560E+04      23- 117      459
Rovibration_vJ|0[22]        -Rovibration_vJ|4[21]            3.7472E-13  1.8010E-05   1.205E+04      23- 146      460
Rovibration_vJ|0[22]        -Rovibration_vJ|4[23]            1.7912E-12  8.1950E-05   1.181E+04      23- 148      461
Rovibration_vJ|0[22]        -Rovibration_vJ|5[21]            9.7137E-15  7.2320E-07   9.683E+03      23- 177      462
Rovibration_vJ|0[22]        -Rovibration_vJ|5[23]            2.2289E-16  1.5670E-08   9.531E+03      23- 179      463
Rovibration_vJ|0[22]        -Rovibration_vJ|6[21]            2.1519E-15  2.2840E-07   8.110E+03      23- 208      464
Rovibration_vJ|0[22]        -Rovibration_vJ|6[23]            7.5102E-16  7.4870E-08   8.004E+03      23- 210      465
Rovibration_vJ|0[22]        -Rovibration_vJ|7[21]            1.2497E-16  1.7860E-08   6.989E+03      23- 239      466
Rovibration_vJ|0[22]        -Rovibration_vJ|7[23]            6.2267E-17  8.3260E-09   6.911E+03      23- 241      467
Rovibration_vJ|0[22]        -Rovibration_vJ|8[21]            3.7758E-17  6.9680E-09   6.150E+03      23- 270      468
Rovibration_vJ|0[22]        -Rovibration_vJ|8[23]            4.8305E-17  8.3170E-09   6.090E+03      23- 272      469
Rovibration_vJ|0[22]        -Rovibration_vJ|9[21]            9.6519E-17  2.2280E-08   5.499E+03      23- 301      470
Rovibration_vJ|0[22]        -Rovibration_vJ|9[23]            1.0601E-16  2.2780E-08   5.452E+03      23- 303      471
Rovibration_vJ|0[22]        -Rovibration_vJ|10[21]           5.7498E-17  1.6190E-08   4.979E+03      23- 332      472
Rovibration_vJ|0[22]        -Rovibration_vJ|10[23]           6.3941E-17  1.6730E-08   4.940E+03      23- 334      473
Rovibration_vJ|0[23]        -Rovibration_vJ|0[24]            2.3648E-07  1.2790E-03   1.088E+06      24-  25      474
Rovibration_vJ|0[23]        -Rovibration_vJ|1[22]            5.4334E-06  1.5850E+01   4.887E+04      24-  54      475
Rovibration_vJ|0[23]        -Rovibration_vJ|1[24]            6.2212E-06  1.9700E+01   4.495E+04      24-  56      476
Rovibration_vJ|0[23]        -Rovibration_vJ|2[22]            3.6813E-08  4.4260E-01   2.407E+04      24-  85      477
Rovibration_vJ|0[23]        -Rovibration_vJ|2[24]            5.0937E-08  6.1130E-01   2.309E+04      24-  87      478
Rovibration_vJ|0[23]        -Rovibration_vJ|3[22]            1.8826E-10  5.1000E-03   1.604E+04      24- 116      479
Rovibration_vJ|0[23]        -Rovibration_vJ|3[24]            3.5367E-10  9.3000E-03   1.560E+04      24- 118      480
Rovibration_vJ|0[23]        -Rovibration_vJ|4[22]            3.6042E-13  1.7260E-05   1.206E+04      24- 147      481
Rovibration_vJ|0[23]        -Rovibration_vJ|4[24]            1.8425E-12  8.4460E-05   1.181E+04      24- 149      482
Rovibration_vJ|0[23]        -Rovibration_vJ|5[22]            1.0132E-14  7.5170E-07   9.690E+03      24- 178      483
Rovibration_vJ|0[23]        -Rovibration_vJ|5[24]            3.2658E-16  2.3000E-08   9.531E+03      24- 180      484
Rovibration_vJ|0[23]        -Rovibration_vJ|6[22]            2.1903E-15  2.3170E-07   8.115E+03      24- 209      485
Rovibration_vJ|0[23]        -Rovibration_vJ|6[24]            7.2197E-16  7.2090E-08   8.005E+03      24- 211      486
Rovibration_vJ|0[23]        -Rovibration_vJ|7[22]            1.2988E-16  1.8500E-08   6.993E+03      24- 240      487
Rovibration_vJ|0[23]        -Rovibration_vJ|7[24]            6.3046E-17  8.4430E-09   6.912E+03      24- 242      488
Rovibration_vJ|0[23]        -Rovibration_vJ|8[22]            3.6134E-17  6.6470E-09   6.154E+03      24- 271      489
Rovibration_vJ|0[23]        -Rovibration_vJ|8[24]            4.6733E-17  8.0580E-09   6.091E+03      24- 273      490
Rovibration_vJ|0[23]        -Rovibration_vJ|9[22]            9.5259E-17  2.1920E-08   5.502E+03      24- 302      491
Rovibration_vJ|0[23]        -Rovibration_vJ|9[24]            1.0465E-16  2.2520E-08   5.453E+03      24- 304      492
Rovibration_vJ|0[23]        -Rovibration_vJ|10[22]           5.7749E-17  1.6210E-08   4.982E+03      24- 333      493
Rovibration_vJ|0[23]        -Rovibration_vJ|10[24]           6.4236E-17  1.6830E-08   4.942E+03      24- 335      494
Rovibration_vJ|0[24]        -Rovibration_vJ|0[25]            2.4341E-07  1.4300E-03   1.044E+06      25-  26      495
Rovibration_vJ|0[24]        -Rovibration_vJ|1[23]            5.4265E-06  1.5730E+01   4.898E+04      25-  55      496
Rovibration_vJ|0[24]        -Rovibration_vJ|1[25]            6.2260E-06  1.9800E+01   4.489E+04      25-  57      497
Rovibration_vJ|0[24]        -Rovibration_vJ|2[23]            3.6651E-08  4.3870E-01   2.410E+04      25-  86      498
Rovibration_vJ|0[24]        -Rovibration_vJ|2[25]            5.1236E-08  6.1650E-01   2.308E+04      25-  88      499
Rovibration_vJ|0[24]        -Rovibration_vJ|3[23]            1.8628E-10  5.0270E-03   1.605E+04      25- 117      500
Rovibration_vJ|0[24]        -Rovibration_vJ|3[25]            3.5812E-10  9.4360E-03   1.560E+04      25- 119      501
Rovibration_vJ|0[24]        -Rovibration_vJ|4[23]            3.4639E-13  1.6530E-05   1.207E+04      25- 148      502
Rovibration_vJ|0[24]        -Rovibration_vJ|4[25]            1.8953E-12  8.7030E-05   1.181E+04      25- 150      503
Rovibration_vJ|0[24]        -Rovibration_vJ|5[23]            1.0555E-14  7.8050E-07   9.697E+03      25- 179      504
Rovibration_vJ|0[24]        -Rovibration_vJ|5[25]            4.5126E-16  3.1830E-08   9.532E+03      25- 181      505
Rovibration_vJ|0[24]        -Rovibration_vJ|6[23]            2.2277E-15  2.3490E-07   8.121E+03      25- 210      506
Rovibration_vJ|0[24]        -Rovibration_vJ|6[25]            6.9333E-16  6.9330E-08   8.006E+03      25- 212      507
Rovibration_vJ|0[24]        -Rovibration_vJ|7[23]            1.3500E-16  1.9170E-08   6.998E+03      25- 241      508
Rovibration_vJ|0[24]        -Rovibration_vJ|7[25]            6.3908E-17  8.5700E-09   6.913E+03      25- 243      509
Rovibration_vJ|0[24]        -Rovibration_vJ|8[23]            3.4484E-17  6.3240E-09   6.158E+03      25- 272      510
Rovibration_vJ|0[24]        -Rovibration_vJ|8[25]            4.5121E-17  7.7900E-09   6.093E+03      25- 274      511
Rovibration_vJ|0[24]        -Rovibration_vJ|9[23]            9.3936E-17  2.1550E-08   5.506E+03      25- 303      512
Rovibration_vJ|0[24]        -Rovibration_vJ|9[25]            1.0318E-16  2.2230E-08   5.454E+03      25- 305      513
Rovibration_vJ|0[24]        -Rovibration_vJ|10[23]           5.7958E-17  1.6220E-08   4.985E+03      25- 334      514
Rovibration_vJ|0[24]        -Rovibration_vJ|10[25]           6.4465E-17  1.6910E-08   4.943E+03      25- 336      515
Rovibration_vJ|0[25]        -Rovibration_vJ|0[26]            2.5001E-07  1.5900E-03   1.005E+06      26-  27      516
Rovibration_vJ|0[25]        -Rovibration_vJ|1[24]            5.4222E-06  1.5620E+01   4.909E+04      26-  56      517
Rovibration_vJ|0[25]        -Rovibration_vJ|1[26]            6.2316E-06  1.9900E+01   4.483E+04      26-  58      518
Rovibration_vJ|0[25]        -Rovibration_vJ|2[24]            3.6490E-08  4.3490E-01   2.414E+04      26-  87      519
Rovibration_vJ|0[25]        -Rovibration_vJ|2[26]            5.1534E-08  6.2160E-01   2.307E+04      26-  89      520
Rovibration_vJ|0[25]        -Rovibration_vJ|3[24]            1.8433E-10  4.9560E-03   1.607E+04      26- 118      521
Rovibration_vJ|0[25]        -Rovibration_vJ|3[26]            3.6264E-10  9.5730E-03   1.559E+04      26- 120      522
Rovibration_vJ|0[25]        -Rovibration_vJ|4[24]            3.3285E-13  1.5830E-05   1.208E+04      26- 149      523
Rovibration_vJ|0[25]        -Rovibration_vJ|4[26]            1.9495E-12  8.9660E-05   1.181E+04      26- 151      524
Rovibration_vJ|0[25]        -Rovibration_vJ|5[24]            1.0981E-14  8.0940E-07   9.705E+03      26- 180      525
Rovibration_vJ|0[25]        -Rovibration_vJ|5[26]            5.9744E-16  4.2200E-08   9.533E+03      26- 182      526
Rovibration_vJ|0[25]        -Rovibration_vJ|6[24]            2.2651E-15  2.3810E-07   8.127E+03      26- 211      527
Rovibration_vJ|0[25]        -Rovibration_vJ|6[26]            6.6508E-16  6.6590E-08   8.007E+03      26- 213      528
Rovibration_vJ|0[25]        -Rovibration_vJ|7[24]            1.4028E-16  1.9860E-08   7.003E+03      26- 242      529
Rovibration_vJ|0[25]        -Rovibration_vJ|7[26]            6.4838E-17  8.7050E-09   6.914E+03      26- 244      530
Rovibration_vJ|0[25]        -Rovibration_vJ|8[24]            3.2809E-17  5.9990E-09   6.162E+03      26- 273      531
Rovibration_vJ|0[25]        -Rovibration_vJ|8[26]            4.3474E-17  7.5140E-09   6.094E+03      26- 275      532
Rovibration_vJ|0[25]        -Rovibration_vJ|9[24]            9.2505E-17  2.1160E-08   5.509E+03      26- 304      533
Rovibration_vJ|0[25]        -Rovibration_vJ|9[26]            1.0168E-16  2.1930E-08   5.455E+03      26- 306      534
Rovibration_vJ|0[25]        -Rovibration_vJ|10[24]           5.8161E-17  1.6230E-08   4.988E+03      26- 335      535
Rovibration_vJ|0[25]        -Rovibration_vJ|10[26]           6.4666E-17  1.6980E-08   4.944E+03      26- 337      536
Rovibration_vJ|0[26]        -Rovibration_vJ|0[27]            2.5613E-07  1.7580E-03   9.677E+05      27-  28      537
Rovibration_vJ|0[26]        -Rovibration_vJ|1[25]            5.4136E-06  1.5500E+01   4.920E+04      27-  57      538
Rovibration_vJ|0[26]        -Rovibration_vJ|1[27]            6.2381E-06  2.0000E+01   4.478E+04      27-  59      539
Rovibration_vJ|0[26]        -Rovibration_vJ|2[25]            3.6324E-08  4.3110E-01   2.417E+04      27-  88      540
Rovibration_vJ|0[26]        -Rovibration_vJ|2[27]            5.1837E-08  6.2670E-01   2.306E+04      27-  90      541
Rovibration_vJ|0[26]        -Rovibration_vJ|3[25]            1.8242E-10  4.8870E-03   1.609E+04      27- 119      542
Rovibration_vJ|0[26]        -Rovibration_vJ|3[27]            3.6727E-10  9.7120E-03   1.559E+04      27- 121      543
Rovibration_vJ|0[26]        -Rovibration_vJ|4[25]            3.1982E-13  1.5160E-05   1.209E+04      27- 150      544
Rovibration_vJ|0[26]        -Rovibration_vJ|4[27]            2.0049E-12  9.2340E-05   1.181E+04      27- 152      545
Rovibration_vJ|0[26]        -Rovibration_vJ|5[25]            1.1414E-14  8.3870E-07   9.713E+03      27- 181      546
Rovibration_vJ|0[26]        -Rovibration_vJ|5[27]            7.6581E-16  5.4160E-08   9.533E+03      27- 183      547
Rovibration_vJ|0[26]        -Rovibration_vJ|6[25]            2.3034E-15  2.4140E-07   8.133E+03      27- 212      548
Rovibration_vJ|0[26]        -Rovibration_vJ|6[27]            6.3720E-16  6.3870E-08   8.008E+03      27- 214      549
Rovibration_vJ|0[26]        -Rovibration_vJ|7[25]            1.4573E-16  2.0570E-08   7.008E+03      27- 243      550
Rovibration_vJ|0[26]        -Rovibration_vJ|7[27]            6.5850E-17  8.8500E-09   6.916E+03      27- 245      551
Rovibration_vJ|0[26]        -Rovibration_vJ|8[25]            3.1115E-17  5.6730E-09   6.166E+03      27- 274      552
Rovibration_vJ|0[26]        -Rovibration_vJ|8[27]            4.1796E-17  7.2310E-09   6.095E+03      27- 276      553
Rovibration_vJ|0[26]        -Rovibration_vJ|9[25]            9.1057E-17  2.0770E-08   5.513E+03      27- 305      554
Rovibration_vJ|0[26]        -Rovibration_vJ|9[27]            1.0010E-16  2.1610E-08   5.457E+03      27- 307      555
Rovibration_vJ|0[26]        -Rovibration_vJ|10[25]           5.8324E-17  1.6230E-08   4.991E+03      27- 336      556
Rovibration_vJ|0[26]        -Rovibration_vJ|10[27]           6.4839E-17  1.7040E-08   4.945E+03      27- 338      557
Rovibration_vJ|0[27]        -Rovibration_vJ|0[28]            2.6212E-07  1.9360E-03   9.335E+05      28-  29      558
Rovibration_vJ|0[27]        -Rovibration_vJ|1[26]            5.4078E-06  1.5390E+01   4.932E+04      28-  58      559
Rovibration_vJ|0[27]        -Rovibration_vJ|1[28]            6.2453E-06  2.0100E+01   4.472E+04      28-  60      560
Rovibration_vJ|0[27]        -Rovibration_vJ|2[26]            3.6162E-08  4.2740E-01   2.420E+04      28-  89      561
Rovibration_vJ|0[27]        -Rovibration_vJ|2[28]            5.2146E-08  6.3180E-01   2.305E+04      28-  91      562
Rovibration_vJ|0[27]        -Rovibration_vJ|3[26]            1.8051E-10  4.8190E-03   1.610E+04      28- 120      563
Rovibration_vJ|0[27]        -Rovibration_vJ|3[28]            3.7197E-10  9.8520E-03   1.559E+04      28- 122      564
Rovibration_vJ|0[27]        -Rovibration_vJ|4[26]            3.0688E-13  1.4500E-05   1.210E+04      28- 151      565
Rovibration_vJ|0[27]        -Rovibration_vJ|4[28]            2.0617E-12  9.5080E-05   1.181E+04      28- 153      566
Rovibration_vJ|0[27]        -Rovibration_vJ|5[26]            1.1850E-14  8.6810E-07   9.721E+03      28- 182      567
Rovibration_vJ|0[27]        -Rovibration_vJ|5[28]            9.5691E-16  6.7750E-08   9.534E+03      28- 184      568
Rovibration_vJ|0[27]        -Rovibration_vJ|6[26]            2.3408E-15  2.4460E-07   8.139E+03      28- 213      569
Rovibration_vJ|0[27]        -Rovibration_vJ|6[28]            6.0976E-16  6.1180E-08   8.009E+03      28- 215      570
Rovibration_vJ|0[27]        -Rovibration_vJ|7[26]            1.5147E-16  2.1320E-08   7.013E+03      28- 244      571
Rovibration_vJ|0[27]        -Rovibration_vJ|7[28]            6.6921E-17  9.0020E-09   6.917E+03      28- 246      572
Rovibration_vJ|0[27]        -Rovibration_vJ|8[26]            2.9414E-17  5.3480E-09   6.170E+03      28- 275      573
Rovibration_vJ|0[27]        -Rovibration_vJ|8[28]            4.0092E-17  6.9420E-09   6.097E+03      28- 277      574
Rovibration_vJ|0[27]        -Rovibration_vJ|9[26]            8.9505E-17  2.0360E-08   5.516E+03      28- 306      575
Rovibration_vJ|0[27]        -Rovibration_vJ|9[28]            9.8454E-17  2.1270E-08   5.458E+03      28- 308      576
Rovibration_vJ|0[27]        -Rovibration_vJ|10[26]           5.8446E-17  1.6220E-08   4.994E+03      28- 337      577
Rovibration_vJ|0[27]        -Rovibration_vJ|10[28]           6.4943E-17  1.7080E-08   4.947E+03      28- 339      578
Rovibration_vJ|0[28]        -Rovibration_vJ|0[29]            2.6769E-07  2.1220E-03   9.016E+05      29-  30      579
Rovibration_vJ|0[28]        -Rovibration_vJ|1[27]            5.3980E-06  1.5270E+01   4.943E+04      29-  59      580
Rovibration_vJ|0[28]        -Rovibration_vJ|1[29]            6.2531E-06  2.0200E+01   4.466E+04      29-  61      581
Rovibration_vJ|0[28]        -Rovibration_vJ|2[27]            3.6004E-08  4.2380E-01   2.423E+04      29-  90      582
Rovibration_vJ|0[28]        -Rovibration_vJ|2[29]            5.2459E-08  6.3690E-01   2.304E+04      29-  92      583
Rovibration_vJ|0[28]        -Rovibration_vJ|3[27]            1.7862E-10  4.7520E-03   1.612E+04      29- 121      584
Rovibration_vJ|0[28]        -Rovibration_vJ|3[29]            3.7674E-10  9.9930E-03   1.559E+04      29- 123      585
Rovibration_vJ|0[28]        -Rovibration_vJ|4[27]            2.9448E-13  1.3870E-05   1.211E+04      29- 152      586
Rovibration_vJ|0[28]        -Rovibration_vJ|4[29]            2.1202E-12  9.7890E-05   1.181E+04      29- 154      587
Rovibration_vJ|0[28]        -Rovibration_vJ|5[27]            1.2291E-14  8.9770E-07   9.729E+03      29- 183      588
Rovibration_vJ|0[28]        -Rovibration_vJ|5[29]            1.1714E-15  8.3020E-08   9.536E+03      29- 185      589
Rovibration_vJ|0[28]        -Rovibration_vJ|6[27]            2.3791E-15  2.4790E-07   8.145E+03      29- 214      590
Rovibration_vJ|0[28]        -Rovibration_vJ|6[29]            5.8274E-16  5.8520E-08   8.011E+03      29- 216      591
Rovibration_vJ|0[28]        -Rovibration_vJ|7[27]            1.5738E-16  2.2090E-08   7.018E+03      29- 245      592
Rovibration_vJ|0[28]        -Rovibration_vJ|7[29]            6.8065E-17  9.1630E-09   6.919E+03      29- 247      593
Rovibration_vJ|0[28]        -Rovibration_vJ|8[27]            2.7708E-17  5.0240E-09   6.175E+03      29- 276      594
Rovibration_vJ|0[28]        -Rovibration_vJ|8[29]            3.8362E-17  6.6470E-09   6.098E+03      29- 278      595
Rovibration_vJ|0[28]        -Rovibration_vJ|9[27]            8.7894E-17  1.9940E-08   5.520E+03      29- 307      596
Rovibration_vJ|0[28]        -Rovibration_vJ|9[29]            9.6725E-17  2.0910E-08   5.460E+03      29- 309      597
Rovibration_vJ|0[28]        -Rovibration_vJ|10[27]           5.8529E-17  1.6200E-08   4.998E+03      29- 338      598
Rovibration_vJ|0[28]        -Rovibration_vJ|10[29]           6.5056E-17  1.7120E-08   4.949E+03      29- 340      599
Rovibration_vJ|0[29]        -Rovibration_vJ|0[30]            2.7291E-07  2.3160E-03   8.719E+05      30-  31      600
Rovibration_vJ|0[29]        -Rovibration_vJ|1[28]            5.3911E-06  1.5160E+01   4.955E+04      30-  60      601
Rovibration_vJ|0[29]        -Rovibration_vJ|1[30]            6.2616E-06  2.0300E+01   4.461E+04      30-  62      602
Rovibration_vJ|0[29]        -Rovibration_vJ|2[28]            3.5842E-08  4.2020E-01   2.427E+04      30-  91      603
Rovibration_vJ|0[29]        -Rovibration_vJ|2[30]            5.2778E-08  6.4200E-01   2.303E+04      30-  93      604
Rovibration_vJ|0[29]        -Rovibration_vJ|3[28]            1.7678E-10  4.6870E-03   1.614E+04      30- 122      605
Rovibration_vJ|0[29]        -Rovibration_vJ|3[30]            3.8177E-10  1.0140E-02   1.559E+04      30- 124      606
Rovibration_vJ|0[29]        -Rovibration_vJ|4[28]            2.8240E-13  1.3260E-05   1.213E+04      30- 153      607
Rovibration_vJ|0[29]        -Rovibration_vJ|4[30]            2.1809E-12  1.0080E-04   1.181E+04      30- 155      608
Rovibration_vJ|0[29]        -Rovibration_vJ|5[28]            1.2735E-14  9.2740E-07   9.737E+03      30- 184      609
Rovibration_vJ|0[29]        -Rovibration_vJ|5[30]            1.4098E-15  1.0000E-07   9.537E+03      30- 186      610
Rovibration_vJ|0[29]        -Rovibration_vJ|6[28]            2.4176E-15  2.5120E-07   8.152E+03      30- 215      611
Rovibration_vJ|0[29]        -Rovibration_vJ|6[30]            5.5614E-16  5.5890E-08   8.012E+03      30- 217      612
Rovibration_vJ|0[29]        -Rovibration_vJ|7[28]            1.6352E-16  2.2890E-08   7.023E+03      30- 246      613
Rovibration_vJ|0[29]        -Rovibration_vJ|7[30]            6.9275E-17  9.3320E-09   6.920E+03      30- 248      614
Rovibration_vJ|0[29]        -Rovibration_vJ|8[28]            2.6001E-17  4.7020E-09   6.179E+03      30- 277      615
Rovibration_vJ|0[29]        -Rovibration_vJ|8[30]            3.6620E-17  6.3490E-09   6.100E+03      30- 279      616
Rovibration_vJ|0[29]        -Rovibration_vJ|9[28]            8.6225E-17  1.9510E-08   5.524E+03      30- 308      617
Rovibration_vJ|0[29]        -Rovibration_vJ|9[30]            9.4963E-17  2.0540E-08   5.461E+03      30- 310      618
Rovibration_vJ|0[29]        -Rovibration_vJ|10[28]           5.8572E-17  1.6170E-08   5.001E+03      30- 339      619
Rovibration_vJ|0[29]        -Rovibration_vJ|10[30]           6.5063E-17  1.7130E-08   4.950E+03      30- 341      620
Rovibration_vJ|0[30]        -Rovibration_vJ|1[29]            5.3837E-06  1.5050E+01   4.967E+04      31-  61      621
Rovibration_vJ|0[30]        -Rovibration_vJ|2[29]            3.5676E-08  4.1660E-01   2.430E+04      31-  92      622
Rovibration_vJ|0[30]        -Rovibration_vJ|3[29]            1.7495E-10  4.6230E-03   1.615E+04      31- 123      623
Rovibration_vJ|0[30]        -Rovibration_vJ|4[29]            2.7087E-13  1.2680E-05   1.214E+04      31- 154      624
Rovibration_vJ|0[30]        -Rovibration_vJ|5[29]            1.3184E-14  9.5740E-07   9.745E+03      31- 185      625
Rovibration_vJ|0[30]        -Rovibration_vJ|6[29]            2.4551E-15  2.5440E-07   8.158E+03      31- 216      626
Rovibration_vJ|0[30]        -Rovibration_vJ|7[29]            1.6991E-16  2.3720E-08   7.028E+03      31- 247      627
Rovibration_vJ|0[30]        -Rovibration_vJ|8[29]            2.4301E-17  4.3830E-09   6.184E+03      31- 278      628
Rovibration_vJ|0[30]        -Rovibration_vJ|9[29]            8.4453E-17  1.9060E-08   5.528E+03      31- 309      629
Rovibration_vJ|0[30]        -Rovibration_vJ|10[29]           5.8539E-17  1.6120E-08   5.004E+03      31- 340      630
Rovibration_vJ|1[0]         -Rovibration_vJ|1[1]             1.2796E-08  4.1300E-08   2.625E+07      32-  33      631
Rovibration_vJ|1[0]         -Rovibration_vJ|2[1]             2.2984E-05  2.2980E+01   4.716E+04      32-  64      632
Rovibration_vJ|1[0]         -Rovibration_vJ|3[1]             2.6227E-07  1.0340E+00   2.375E+04      32-  95      633
Rovibration_vJ|1[0]         -Rovibration_vJ|4[1]             2.1589E-09  1.8900E-02   1.594E+04      32- 126      634
Rovibration_vJ|1[0]         -Rovibration_vJ|5[1]             1.0310E-11  1.5840E-04   1.203E+04      32- 157      635
Rovibration_vJ|1[0]         -Rovibration_vJ|6[1]             1.4579E-14  3.4550E-07   9.686E+03      32- 188      636
Rovibration_vJ|1[0]         -Rovibration_vJ|7[1]             1.4737E-14  4.9650E-07   8.124E+03      32- 219      637
Rovibration_vJ|1[0]         -Rovibration_vJ|8[1]             4.0514E-16  1.8340E-08   7.008E+03      32- 250      638
Rovibration_vJ|1[0]         -Rovibration_vJ|9[1]             8.0217E-16  4.6820E-08   6.172E+03      32- 281      639
Rovibration_vJ|1[0]         -Rovibration_vJ|10[1]            7.5248E-16  5.4870E-08   5.522E+03      32- 312      640
Rovibration_vJ|1[1]         -Rovibration_vJ|1[2]             1.7046E-08  3.9610E-07   1.312E+07      33-  34      641
Rovibration_vJ|1[1]         -Rovibration_vJ|2[0]             7.6325E-06  6.8190E+01   4.733E+04      33-  63      642
Rovibration_vJ|1[1]         -Rovibration_vJ|2[2]             1.5354E-05  2.7730E+01   4.707E+04      33-  65      643
Rovibration_vJ|1[1]         -Rovibration_vJ|3[0]             8.6352E-08  3.0530E+00   2.379E+04      33-  94      644
Rovibration_vJ|1[1]         -Rovibration_vJ|3[2]             1.7584E-07  1.2500E+00   2.373E+04      33-  96      645
Rovibration_vJ|1[1]         -Rovibration_vJ|4[0]             7.0214E-10  5.5190E-02   1.596E+04      33- 125      646
Rovibration_vJ|1[1]         -Rovibration_vJ|4[2]             1.4566E-09  2.2980E-02   1.593E+04      33- 127      647
Rovibration_vJ|1[1]         -Rovibration_vJ|5[0]             3.2291E-12  4.4570E-04   1.204E+04      33- 156      648
Rovibration_vJ|1[1]         -Rovibration_vJ|5[2]             7.0886E-12  1.9620E-04   1.202E+04      33- 158      649
Rovibration_vJ|1[1]         -Rovibration_vJ|6[0]             6.3761E-15  1.3580E-06   9.693E+03      33- 187      650
Rovibration_vJ|1[1]         -Rovibration_vJ|6[2]             8.3399E-15  3.5600E-07   9.683E+03      33- 189      651
Rovibration_vJ|1[1]         -Rovibration_vJ|7[0]             5.1842E-15  1.5700E-06   8.129E+03      33- 218      652
Rovibration_vJ|1[1]         -Rovibration_vJ|7[2]             9.5590E-15  5.8000E-07   8.122E+03      33- 220      653
Rovibration_vJ|1[1]         -Rovibration_vJ|8[0]             1.4418E-16  5.8680E-08   7.012E+03      33- 249      654
Rovibration_vJ|1[1]         -Rovibration_vJ|8[2]             2.6189E-16  2.1350E-08   7.007E+03      33- 251      655
Rovibration_vJ|1[1]         -Rovibration_vJ|9[0]             2.6428E-16  1.3870E-07   6.175E+03      33- 280      656
Rovibration_vJ|1[1]         -Rovibration_vJ|9[2]             5.3728E-16  5.6470E-08   6.171E+03      33- 282      657
Rovibration_vJ|1[1]         -Rovibration_vJ|10[0]            2.4964E-16  1.6370E-07   5.524E+03      33- 311      658
Rovibration_vJ|1[1]         -Rovibration_vJ|10[2]            5.0351E-16  6.6110E-08   5.521E+03      33- 313      659
Rovibration_vJ|1[2]         -Rovibration_vJ|1[3]             2.2976E-08  1.4300E-06   8.749E+06      34-  35      660
Rovibration_vJ|1[2]         -Rovibration_vJ|2[1]             9.1419E-06  4.5210E+01   4.741E+04      34-  64      661
Rovibration_vJ|1[2]         -Rovibration_vJ|2[3]             1.3844E-05  2.9870E+01   4.699E+04      34-  66      662
Rovibration_vJ|1[2]         -Rovibration_vJ|3[1]             1.0303E-07  2.0200E+00   2.381E+04      34-  95      663
Rovibration_vJ|1[2]         -Rovibration_vJ|3[3]             1.5913E-07  1.3490E+00   2.371E+04      34-  97      664
Rovibration_vJ|1[2]         -Rovibration_vJ|4[1]             8.3231E-10  3.6300E-02   1.597E+04      34- 126      665
Rovibration_vJ|1[2]         -Rovibration_vJ|4[3]             1.3275E-09  2.4960E-02   1.592E+04      34- 128      666
Rovibration_vJ|1[2]         -Rovibration_vJ|5[1]             3.7555E-12  2.8770E-04   1.205E+04      34- 157      667
Rovibration_vJ|1[2]         -Rovibration_vJ|5[3]             6.5773E-12  2.1690E-04   1.202E+04      34- 159      668
Rovibration_vJ|1[2]         -Rovibration_vJ|6[1]             8.6355E-15  1.0210E-06   9.697E+03      34- 188      669
Rovibration_vJ|1[2]         -Rovibration_vJ|6[3]             6.3501E-15  3.2290E-07   9.680E+03      34- 190      670
Rovibration_vJ|1[2]         -Rovibration_vJ|7[1]             6.3876E-15  1.0740E-06   8.131E+03      34- 219      671
Rovibration_vJ|1[2]         -Rovibration_vJ|7[3]             8.3686E-15  6.0480E-07   8.119E+03      34- 221      672
Rovibration_vJ|1[2]         -Rovibration_vJ|8[1]             1.7909E-16  4.0470E-08   7.014E+03      34- 250      673
Rovibration_vJ|1[2]         -Rovibration_vJ|8[3]             2.2896E-16  2.2230E-08   7.005E+03      34- 252      674
Rovibration_vJ|1[2]         -Rovibration_vJ|9[1]             3.1518E-16  9.1850E-08   6.176E+03      34- 281      675
Rovibration_vJ|1[2]         -Rovibration_vJ|9[3]             4.8559E-16  6.0780E-08   6.170E+03      34- 283      676
Rovibration_vJ|1[2]         -Rovibration_vJ|10[1]            2.9934E-16  1.0900E-07   5.525E+03      34- 312      677
Rovibration_vJ|1[2]         -Rovibration_vJ|10[3]            4.5517E-16  7.1170E-08   5.520E+03      34- 314      678
Rovibration_vJ|1[3]         -Rovibration_vJ|1[4]             2.9127E-08  3.5090E-06   6.562E+06      35-  36      679
Rovibration_vJ|1[3]         -Rovibration_vJ|2[2]             9.7756E-06  4.0460E+01   4.750E+04      35-  65      680
Rovibration_vJ|1[3]         -Rovibration_vJ|2[4]             1.3209E-05  3.1140E+01   4.691E+04      35-  67      681
Rovibration_vJ|1[3]         -Rovibration_vJ|3[2]             1.0975E-07  1.8040E+00   2.383E+04      35-  96      682
Rovibration_vJ|1[3]         -Rovibration_vJ|3[4]             1.5249E-07  1.4100E+00   2.369E+04      35-  98      683
Rovibration_vJ|1[3]         -Rovibration_vJ|4[2]             8.8115E-10  3.2240E-02   1.598E+04      35- 127      684
Rovibration_vJ|1[3]         -Rovibration_vJ|4[4]             1.2798E-09  2.6230E-02   1.591E+04      35- 129      685
Rovibration_vJ|1[3]         -Rovibration_vJ|5[2]             3.8981E-12  2.5060E-04   1.205E+04      35- 158      686
Rovibration_vJ|1[3]         -Rovibration_vJ|5[4]             6.4586E-12  2.3210E-04   1.202E+04      35- 160      687
Rovibration_vJ|1[3]         -Rovibration_vJ|6[2]             1.0369E-14  1.0290E-06   9.701E+03      35- 189      688
Rovibration_vJ|1[3]         -Rovibration_vJ|6[4]             5.0286E-15  2.7860E-07   9.677E+03      35- 191      689
Rovibration_vJ|1[3]         -Rovibration_vJ|7[2]             7.0250E-15  9.9150E-07   8.134E+03      35- 220      690
Rovibration_vJ|1[3]         -Rovibration_vJ|7[4]             7.7503E-15  6.1020E-07   8.118E+03      35- 222      691
Rovibration_vJ|1[3]         -Rovibration_vJ|8[2]             1.9888E-16  3.7730E-08   7.016E+03      35- 251      692
Rovibration_vJ|1[3]         -Rovibration_vJ|8[4]             2.1208E-16  2.2430E-08   7.004E+03      35- 253      693
Rovibration_vJ|1[3]         -Rovibration_vJ|9[2]             3.3532E-16  8.2040E-08   6.178E+03      35- 282      694
Rovibration_vJ|1[3]         -Rovibration_vJ|9[4]             4.6421E-16  6.3290E-08   6.169E+03      35- 284      695
Rovibration_vJ|1[3]         -Rovibration_vJ|10[2]            3.2065E-16  9.8030E-08   5.527E+03      35- 313      696
Rovibration_vJ|1[3]         -Rovibration_vJ|10[4]            4.3581E-16  7.4220E-08   5.519E+03      35- 315      697
Rovibration_vJ|1[4]         -Rovibration_vJ|1[5]             3.5304E-08  6.9900E-06   5.250E+06      36-  37      698
Rovibration_vJ|1[4]         -Rovibration_vJ|2[3]             1.0117E-05  3.8310E+01   4.759E+04      36-  66      699
Rovibration_vJ|1[4]         -Rovibration_vJ|2[5]             1.2868E-05  3.2020E+01   4.683E+04      36-  68      700
Rovibration_vJ|1[4]         -Rovibration_vJ|3[3]             1.1316E-07  1.7050E+00   2.386E+04      36-  97      701
Rovibration_vJ|1[4]         -Rovibration_vJ|3[5]             1.4914E-07  1.4530E+00   2.367E+04      36-  99      702
Rovibration_vJ|1[4]         -Rovibration_vJ|4[3]             9.0264E-10  3.0290E-02   1.599E+04      36- 128      703
Rovibration_vJ|1[4]         -Rovibration_vJ|4[5]             1.2598E-09  2.7190E-02   1.590E+04      36- 130      704
Rovibration_vJ|1[4]         -Rovibration_vJ|5[3]             3.9167E-12  2.3100E-04   1.206E+04      36- 159      705
Rovibration_vJ|1[4]         -Rovibration_vJ|5[5]             6.4734E-12  2.4490E-04   1.201E+04      36- 161      706
Rovibration_vJ|1[4]         -Rovibration_vJ|6[3]             1.1959E-14  1.0890E-06   9.705E+03      36- 190      707
Rovibration_vJ|1[4]         -Rovibration_vJ|6[5]             3.9836E-15  2.3230E-07   9.674E+03      36- 192      708
Rovibration_vJ|1[4]         -Rovibration_vJ|7[3]             7.4759E-15  9.6830E-07   8.137E+03      36- 221      709
Rovibration_vJ|1[4]         -Rovibration_vJ|7[5]             7.3245E-15  6.0690E-07   8.116E+03      36- 223      710
Rovibration_vJ|1[4]         -Rovibration_vJ|8[3]             2.1400E-16  3.7260E-08   7.018E+03      36- 252      711
Rovibration_vJ|1[4]         -Rovibration_vJ|8[5]             2.0090E-16  2.2360E-08   7.002E+03      36- 254      712
Rovibration_vJ|1[4]         -Rovibration_vJ|9[3]             3.4507E-16  7.7490E-08   6.180E+03      36- 283      713
Rovibration_vJ|1[4]         -Rovibration_vJ|9[5]             4.5266E-16  6.4940E-08   6.168E+03      36- 285      714
Rovibration_vJ|1[4]         -Rovibration_vJ|10[3]            3.3277E-16  9.3380E-08   5.528E+03      36- 314      715
Rovibration_vJ|1[4]         -Rovibration_vJ|10[5]            4.2635E-16  7.6400E-08   5.519E+03      36- 316      716
Rovibration_vJ|1[5]         -Rovibration_vJ|1[6]             4.1449E-08  1.2220E-05   4.375E+06      37-  38      717
Rovibration_vJ|1[5]         -Rovibration_vJ|2[4]             1.0328E-05  3.7040E+01   4.768E+04      37-  67      718
Rovibration_vJ|1[5]         -Rovibration_vJ|2[6]             1.2660E-05  3.2690E+01   4.675E+04      37-  69      719
Rovibration_vJ|1[5]         -Rovibration_vJ|3[4]             1.1500E-07  1.6440E+00   2.388E+04      37-  98      720
Rovibration_vJ|1[5]         -Rovibration_vJ|3[6]             1.4735E-07  1.4870E+00   2.365E+04      37- 100      721
Rovibration_vJ|1[5]         -Rovibration_vJ|4[4]             9.1220E-10  2.9060E-02   1.600E+04      37- 129      722
Rovibration_vJ|1[5]         -Rovibration_vJ|4[6]             1.2523E-09  2.7980E-02   1.589E+04      37- 131      723
Rovibration_vJ|1[5]         -Rovibration_vJ|5[4]             3.8799E-12  2.1730E-04   1.206E+04      37- 160      724
Rovibration_vJ|1[5]         -Rovibration_vJ|5[6]             6.5512E-12  2.5650E-04   1.201E+04      37- 162      725
Rovibration_vJ|1[5]         -Rovibration_vJ|6[4]             1.3517E-14  1.1690E-06   9.709E+03      37- 191      726
Rovibration_vJ|1[5]         -Rovibration_vJ|6[6]             3.1041E-15  1.8730E-07   9.671E+03      37- 193      727
Rovibration_vJ|1[5]         -Rovibration_vJ|7[4]             7.8450E-15  9.6520E-07   8.140E+03      37- 222      728
Rovibration_vJ|1[5]         -Rovibration_vJ|7[6]             6.9884E-15  5.9910E-07   8.114E+03      37- 224      729
Rovibration_vJ|1[5]         -Rovibration_vJ|8[4]             2.2732E-16  3.7600E-08   7.021E+03      37- 253      730
Rovibration_vJ|1[5]         -Rovibration_vJ|8[6]             1.9246E-16  2.2160E-08   7.001E+03      37- 255      731
Rovibration_vJ|1[5]         -Rovibration_vJ|9[4]             3.4995E-16  7.4660E-08   6.182E+03      37- 284      732
Rovibration_vJ|1[5]         -Rovibration_vJ|9[6]             4.4553E-16  6.6120E-08   6.167E+03      37- 286      733
Rovibration_vJ|1[5]         -Rovibration_vJ|10[4]            3.4087E-16  9.0880E-08   5.530E+03      37- 315      734
Rovibration_vJ|1[5]         -Rovibration_vJ|10[6]            4.2150E-16  7.8130E-08   5.518E+03      37- 317      735
Rovibration_vJ|1[6]         -Rovibration_vJ|1[7]             4.7574E-08  1.9550E-05   3.751E+06      38-  39      736
Rovibration_vJ|1[6]         -Rovibration_vJ|2[5]             1.0464E-05  3.6150E+01   4.777E+04      38-  68      737
Rovibration_vJ|1[6]         -Rovibration_vJ|2[7]             1.2519E-05  3.3220E+01   4.668E+04      38-  70      738
Rovibration_vJ|1[6]         -Rovibration_vJ|3[5]             1.1613E-07  1.6020E+00   2.390E+04      38-  99      739
Rovibration_vJ|1[6]         -Rovibration_vJ|3[7]             1.4634E-07  1.5150E+00   2.363E+04      38- 101      740
Rovibration_vJ|1[6]         -Rovibration_vJ|4[5]             9.1511E-10  2.8150E-02   1.601E+04      38- 130      741
Rovibration_vJ|1[6]         -Rovibration_vJ|4[7]             1.2520E-09  2.8680E-02   1.589E+04      38- 132      742
Rovibration_vJ|1[6]         -Rovibration_vJ|5[5]             3.8154E-12  2.0640E-04   1.207E+04      38- 161      743
Rovibration_vJ|1[6]         -Rovibration_vJ|5[7]             6.6635E-12  2.6740E-04   1.200E+04      38- 163      744
Rovibration_vJ|1[6]         -Rovibration_vJ|6[5]             1.5093E-14  1.2610E-06   9.713E+03      38- 192      745
Rovibration_vJ|1[6]         -Rovibration_vJ|6[7]             2.3547E-15  1.4560E-07   9.669E+03      38- 194      746
Rovibration_vJ|1[6]         -Rovibration_vJ|7[5]             8.1701E-15  9.7120E-07   8.143E+03      38- 223      747
Rovibration_vJ|1[6]         -Rovibration_vJ|7[7]             6.7009E-15  5.8860E-07   8.112E+03      38- 225      748
Rovibration_vJ|1[6]         -Rovibration_vJ|8[5]             2.3995E-16  3.8350E-08   7.023E+03      38- 254      749
Rovibration_vJ|1[6]         -Rovibration_vJ|8[7]             1.8573E-16  2.1910E-08   7.000E+03      38- 256      750
Rovibration_vJ|1[6]         -Rovibration_vJ|9[5]             3.5216E-16  7.2600E-08   6.184E+03      38- 285      751
Rovibration_vJ|1[6]         -Rovibration_vJ|9[7]             4.4067E-16  6.7000E-08   6.166E+03      38- 287      752
Rovibration_vJ|1[6]         -Rovibration_vJ|10[5]            3.4699E-16  8.9400E-08   5.531E+03      38- 316      753
Rovibration_vJ|1[6]         -Rovibration_vJ|10[7]            4.1935E-16  7.9630E-08   5.518E+03      38- 318      754
Rovibration_vJ|1[7]         -Rovibration_vJ|1[8]             5.3629E-08  2.9300E-05   3.282E+06      39-  40      755
Rovibration_vJ|1[7]         -Rovibration_vJ|2[6]             1.0560E-05  3.5480E+01   4.786E+04      39-  69      756
Rovibration_vJ|1[7]         -Rovibration_vJ|2[8]             1.2426E-05  3.3680E+01   4.660E+04      39-  71      757
Rovibration_vJ|1[7]         -Rovibration_vJ|3[6]             1.1673E-07  1.5690E+00   2.393E+04      39- 100      758
Rovibration_vJ|1[7]         -Rovibration_vJ|3[8]             1.4588E-07  1.5400E+00   2.361E+04      39- 102      759
Rovibration_vJ|1[7]         -Rovibration_vJ|4[6]             9.1429E-10  2.7420E-02   1.602E+04      39- 131      760
Rovibration_vJ|1[7]         -Rovibration_vJ|4[8]             1.2556E-09  2.9310E-02   1.588E+04      39- 133      761
Rovibration_vJ|1[7]         -Rovibration_vJ|5[6]             3.7360E-12  1.9710E-04   1.208E+04      39- 162      762
Rovibration_vJ|1[7]         -Rovibration_vJ|5[8]             6.8001E-12  2.7800E-04   1.200E+04      39- 164      763
Rovibration_vJ|1[7]         -Rovibration_vJ|6[6]             1.6688E-14  1.3600E-06   9.718E+03      39- 193      764
Rovibration_vJ|1[7]         -Rovibration_vJ|6[8]             1.7164E-15  1.0810E-07   9.667E+03      39- 195      765
Rovibration_vJ|1[7]         -Rovibration_vJ|7[6]             8.4708E-15  9.8230E-07   8.147E+03      39- 224      766
Rovibration_vJ|1[7]         -Rovibration_vJ|7[8]             6.4442E-15  5.7650E-07   8.111E+03      39- 226      767
Rovibration_vJ|1[7]         -Rovibration_vJ|8[6]             2.5250E-16  3.9370E-08   7.026E+03      39- 255      768
Rovibration_vJ|1[7]         -Rovibration_vJ|8[8]             1.8013E-16  2.1640E-08   6.999E+03      39- 257      769
Rovibration_vJ|1[7]         -Rovibration_vJ|9[6]             3.5269E-16  7.0940E-08   6.186E+03      39- 286      770
Rovibration_vJ|1[7]         -Rovibration_vJ|9[8]             4.3702E-16  6.7660E-08   6.166E+03      39- 288      771
Rovibration_vJ|1[7]         -Rovibration_vJ|10[6]            3.5201E-16  8.8490E-08   5.533E+03      39- 317      772
Rovibration_vJ|1[7]         -Rovibration_vJ|10[8]            4.1892E-16  8.1000E-08   5.517E+03      39- 319      773
Rovibration_vJ|1[8]         -Rovibration_vJ|1[9]             5.9599E-08  4.1780E-05   2.918E+06      40-  41      774
Rovibration_vJ|1[8]         -Rovibration_vJ|2[7]             1.0628E-05  3.4940E+01   4.795E+04      40-  70      775
Rovibration_vJ|1[8]         -Rovibration_vJ|2[9]             1.2356E-05  3.4070E+01   4.652E+04      40-  72      776
Rovibration_vJ|1[8]         -Rovibration_vJ|3[7]             1.1704E-07  1.5420E+00   2.395E+04      40- 101      777
Rovibration_vJ|1[8]         -Rovibration_vJ|3[9]             1.4570E-07  1.5620E+00   2.359E+04      40- 103      778
Rovibration_vJ|1[8]         -Rovibration_vJ|4[7]             9.1112E-10  2.6800E-02   1.603E+04      40- 132      779
Rovibration_vJ|1[8]         -Rovibration_vJ|4[9]             1.2620E-09  2.9900E-02   1.587E+04      40- 134      780
Rovibration_vJ|1[8]         -Rovibration_vJ|5[7]             3.6457E-12  1.8870E-04   1.209E+04      40- 163      781
Rovibration_vJ|1[8]         -Rovibration_vJ|5[9]             6.9550E-12  2.8850E-04   1.199E+04      40- 165      782
Rovibration_vJ|1[8]         -Rovibration_vJ|6[7]             1.8320E-14  1.4650E-06   9.723E+03      40- 194      783
Rovibration_vJ|1[8]         -Rovibration_vJ|6[9]             1.1821E-15  7.5530E-08   9.665E+03      40- 196      784
Rovibration_vJ|1[8]         -Rovibration_vJ|7[7]             8.7580E-15  9.9670E-07   8.150E+03      40- 225      785
Rovibration_vJ|1[8]         -Rovibration_vJ|7[9]             6.2076E-15  5.6330E-07   8.110E+03      40- 227      786
Rovibration_vJ|1[8]         -Rovibration_vJ|8[7]             2.6517E-16  4.0580E-08   7.028E+03      40- 256      787
Rovibration_vJ|1[8]         -Rovibration_vJ|8[9]             1.7547E-16  2.1380E-08   6.999E+03      40- 258      788
Rovibration_vJ|1[8]         -Rovibration_vJ|9[7]             3.5198E-16  6.9490E-08   6.188E+03      40- 287      789
Rovibration_vJ|1[8]         -Rovibration_vJ|9[9]             4.3402E-16  6.8150E-08   6.165E+03      40- 289      790
Rovibration_vJ|1[8]         -Rovibration_vJ|10[7]            3.5643E-16  8.7950E-08   5.535E+03      40- 318      791
Rovibration_vJ|1[8]         -Rovibration_vJ|10[9]            4.1966E-16  8.2290E-08   5.517E+03      40- 320      792
Rovibration_vJ|1[9]         -Rovibration_vJ|1[10]            6.5479E-08  5.7290E-05   2.626E+06      41-  42      793
Rovibration_vJ|1[9]         -Rovibration_vJ|2[8]             1.0677E-05  3.4480E+01   4.805E+04      41-  71      794
Rovibration_vJ|1[9]         -Rovibration_vJ|2[10]            1.2308E-05  3.4430E+01   4.645E+04      41-  73      795
Rovibration_vJ|1[9]         -Rovibration_vJ|3[8]             1.1715E-07  1.5190E+00   2.398E+04      41- 102      796
Rovibration_vJ|1[9]         -Rovibration_vJ|3[10]            1.4572E-07  1.5820E+00   2.358E+04      41- 104      797
Rovibration_vJ|1[9]         -Rovibration_vJ|4[8]             9.0629E-10  2.6250E-02   1.604E+04      41- 133      798
Rovibration_vJ|1[9]         -Rovibration_vJ|4[10]            1.2707E-09  3.0470E-02   1.586E+04      41- 135      799
Rovibration_vJ|1[9]         -Rovibration_vJ|5[8]             3.5522E-12  1.8110E-04   1.209E+04      41- 164      800
Rovibration_vJ|1[9]         -Rovibration_vJ|5[10]            7.1218E-12  2.9890E-04   1.199E+04      41- 166      801
Rovibration_vJ|1[9]         -Rovibration_vJ|6[8]             1.9992E-14  1.5750E-06   9.728E+03      41- 195      802
Rovibration_vJ|1[9]         -Rovibration_vJ|6[10]            7.4727E-16  4.8300E-08   9.663E+03      41- 197      803
Rovibration_vJ|1[9]         -Rovibration_vJ|7[8]             9.0343E-15  1.0130E-06   8.154E+03      41- 226      804
Rovibration_vJ|1[9]         -Rovibration_vJ|7[10]            5.9868E-15  5.4950E-07   8.109E+03      41- 228      805
Rovibration_vJ|1[9]         -Rovibration_vJ|8[8]             2.7820E-16  4.1950E-08   7.031E+03      41- 257      806
Rovibration_vJ|1[9]         -Rovibration_vJ|8[10]            1.7146E-16  2.1130E-08   6.998E+03      41- 259      807
Rovibration_vJ|1[9]         -Rovibration_vJ|9[8]             3.5046E-16  6.8180E-08   6.190E+03      41- 288      808
Rovibration_vJ|1[9]         -Rovibration_vJ|9[10]            4.3149E-16  6.8520E-08   6.165E+03      41- 290      809
Rovibration_vJ|1[9]         -Rovibration_vJ|10[8]            3.6049E-16  8.7660E-08   5.537E+03      41- 319      810
Rovibration_vJ|1[9]         -Rovibration_vJ|10[10]           4.2138E-16  8.3560E-08   5.517E+03      41- 321      811
Rovibration_vJ|1[10]        -Rovibration_vJ|1[11]            7.1258E-08  7.6110E-05   2.388E+06      42-  43      812
Rovibration_vJ|1[10]        -Rovibration_vJ|2[9]             1.0714E-05  3.4080E+01   4.814E+04      42-  72      813
Rovibration_vJ|1[10]        -Rovibration_vJ|2[11]            1.2271E-05  3.4750E+01   4.637E+04      42-  74      814
Rovibration_vJ|1[10]        -Rovibration_vJ|3[9]             1.1716E-07  1.4990E+00   2.400E+04      42- 103      815
Rovibration_vJ|1[10]        -Rovibration_vJ|3[11]            1.4592E-07  1.6010E+00   2.356E+04      42- 105      816
Rovibration_vJ|1[10]        -Rovibration_vJ|4[9]             9.0036E-10  2.5750E-02   1.606E+04      42- 134      817
Rovibration_vJ|1[10]        -Rovibration_vJ|4[11]            1.2808E-09  3.1020E-02   1.586E+04      42- 136      818
Rovibration_vJ|1[10]        -Rovibration_vJ|5[9]             3.4554E-12  1.7400E-04   1.210E+04      42- 165      819
Rovibration_vJ|1[10]        -Rovibration_vJ|5[11]            7.2988E-12  3.0930E-04   1.199E+04      42- 167      820
Rovibration_vJ|1[10]        -Rovibration_vJ|6[9]             2.1702E-14  1.6890E-06   9.733E+03      42- 196      821
Rovibration_vJ|1[10]        -Rovibration_vJ|6[11]            4.1118E-16  2.6830E-08   9.661E+03      42- 198      822
Rovibration_vJ|1[10]        -Rovibration_vJ|7[9]             9.3065E-15  1.0310E-06   8.158E+03      42- 227      823
Rovibration_vJ|1[10]        -Rovibration_vJ|7[11]            5.7778E-15  5.3530E-07   8.108E+03      42- 229      824
Rovibration_vJ|1[10]        -Rovibration_vJ|8[9]             2.9175E-16  4.3470E-08   7.034E+03      42- 258      825
Rovibration_vJ|1[10]        -Rovibration_vJ|8[11]            1.6803E-16  2.0900E-08   6.997E+03      42- 260      826
Rovibration_vJ|1[10]        -Rovibration_vJ|9[9]             3.4816E-16  6.6930E-08   6.193E+03      42- 289      827
Rovibration_vJ|1[10]        -Rovibration_vJ|9[11]            4.2910E-16  6.8770E-08   6.164E+03      42- 291      828
Rovibration_vJ|1[10]        -Rovibration_vJ|10[9]            3.6447E-16  8.7580E-08   5.539E+03      42- 320      829
Rovibration_vJ|1[10]        -Rovibration_vJ|10[11]           4.2384E-16  8.4820E-08   5.517E+03      42- 322      830
Rovibration_vJ|1[11]        -Rovibration_vJ|1[12]            7.6920E-08  9.8490E-05   2.189E+06      43-  44      831
Rovibration_vJ|1[11]        -Rovibration_vJ|2[10]            1.0738E-05  3.3710E+01   4.824E+04      43-  73      832
Rovibration_vJ|1[11]        -Rovibration_vJ|2[12]            1.2245E-05  3.5050E+01   4.630E+04      43-  75      833
Rovibration_vJ|1[11]        -Rovibration_vJ|3[10]            1.1698E-07  1.4800E+00   2.403E+04      43- 104      834
Rovibration_vJ|1[11]        -Rovibration_vJ|3[12]            1.4624E-07  1.6190E+00   2.354E+04      43- 106      835
Rovibration_vJ|1[11]        -Rovibration_vJ|4[10]            8.9376E-10  2.5290E-02   1.607E+04      43- 135      836
Rovibration_vJ|1[11]        -Rovibration_vJ|4[12]            1.2918E-09  3.1550E-02   1.585E+04      43- 137      837
Rovibration_vJ|1[11]        -Rovibration_vJ|5[10]            3.3570E-12  1.6730E-04   1.211E+04      43- 166      838
Rovibration_vJ|1[11]        -Rovibration_vJ|5[12]            7.4880E-12  3.1990E-04   1.199E+04      43- 168      839
Rovibration_vJ|1[11]        -Rovibration_vJ|6[10]            2.3456E-14  1.8070E-06   9.738E+03      43- 197      840
Rovibration_vJ|1[11]        -Rovibration_vJ|6[12]            1.7409E-16  1.1450E-08   9.659E+03      43- 199      841
Rovibration_vJ|1[11]        -Rovibration_vJ|7[10]            9.5739E-15  1.0500E-06   8.162E+03      43- 228      842
Rovibration_vJ|1[11]        -Rovibration_vJ|7[12]            5.5776E-15  5.2080E-07   8.107E+03      43- 230      843
Rovibration_vJ|1[11]        -Rovibration_vJ|8[10]            3.0587E-16  4.5120E-08   7.037E+03      43- 259      844
Rovibration_vJ|1[11]        -Rovibration_vJ|8[12]            1.6514E-16  2.0700E-08   6.997E+03      43- 261      845
Rovibration_vJ|1[11]        -Rovibration_vJ|9[10]            3.4533E-16  6.5730E-08   6.195E+03      43- 290      846
Rovibration_vJ|1[11]        -Rovibration_vJ|9[12]            4.2682E-16  6.8930E-08   6.164E+03      43- 292      847
Rovibration_vJ|1[11]        -Rovibration_vJ|10[10]           3.6838E-16  8.7650E-08   5.541E+03      43- 321      848
Rovibration_vJ|1[11]        -Rovibration_vJ|10[12]           4.2693E-16  8.6090E-08   5.517E+03      43- 323      849
Rovibration_vJ|1[12]        -Rovibration_vJ|1[13]            8.2479E-08  1.2470E-04   2.021E+06      44-  45      850
Rovibration_vJ|1[12]        -Rovibration_vJ|2[11]            1.0754E-05  3.3370E+01   4.834E+04      44-  74      851
Rovibration_vJ|1[12]        -Rovibration_vJ|2[13]            1.2226E-05  3.5330E+01   4.623E+04      44-  76      852
Rovibration_vJ|1[12]        -Rovibration_vJ|3[11]            1.1678E-07  1.4630E+00   2.406E+04      44- 105      853
Rovibration_vJ|1[12]        -Rovibration_vJ|3[13]            1.4663E-07  1.6360E+00   2.353E+04      44- 107      854
Rovibration_vJ|1[12]        -Rovibration_vJ|4[11]            8.8667E-10  2.4860E-02   1.608E+04      44- 136      855
Rovibration_vJ|1[12]        -Rovibration_vJ|4[13]            1.3041E-09  3.2080E-02   1.585E+04      44- 138      856
Rovibration_vJ|1[12]        -Rovibration_vJ|5[11]            3.2594E-12  1.6100E-04   1.212E+04      44- 167      857
Rovibration_vJ|1[12]        -Rovibration_vJ|5[13]            7.6830E-12  3.3050E-04   1.198E+04      44- 169      858
Rovibration_vJ|1[12]        -Rovibration_vJ|6[11]            2.5258E-14  1.9290E-06   9.743E+03      44- 198      859
Rovibration_vJ|1[12]        -Rovibration_vJ|6[13]            3.6836E-17  2.4390E-09   9.658E+03      44- 200      860
Rovibration_vJ|1[12]        -Rovibration_vJ|7[11]            9.8496E-15  1.0710E-06   8.166E+03      44- 229      861
Rovibration_vJ|1[12]        -Rovibration_vJ|7[13]            5.3856E-15  5.0620E-07   8.106E+03      44- 231      862
Rovibration_vJ|1[12]        -Rovibration_vJ|8[11]            3.2058E-16  4.6890E-08   7.041E+03      44- 260      863
Rovibration_vJ|1[12]        -Rovibration_vJ|8[13]            1.6281E-16  2.0540E-08   6.997E+03      44- 262      864
Rovibration_vJ|1[12]        -Rovibration_vJ|9[11]            3.4195E-16  6.4540E-08   6.198E+03      44- 291      865
Rovibration_vJ|1[12]        -Rovibration_vJ|9[13]            4.2445E-16  6.8990E-08   6.164E+03      44- 293      866
Rovibration_vJ|1[12]        -Rovibration_vJ|10[11]           3.7233E-16  8.7850E-08   5.543E+03      44- 322      867
Rovibration_vJ|1[12]        -Rovibration_vJ|10[13]           4.3052E-16  8.7370E-08   5.517E+03      44- 324      868
Rovibration_vJ|1[13]        -Rovibration_vJ|1[14]            8.7886E-08  1.5490E-04   1.877E+06      45-  46      869
Rovibration_vJ|1[13]        -Rovibration_vJ|2[12]            1.0766E-05  3.3060E+01   4.844E+04      45-  75      870
Rovibration_vJ|1[13]        -Rovibration_vJ|2[14]            1.2214E-05  3.5600E+01   4.616E+04      45-  77      871
Rovibration_vJ|1[13]        -Rovibration_vJ|3[12]            1.1642E-07  1.4460E+00   2.408E+04      45- 106      872
Rovibration_vJ|1[13]        -Rovibration_vJ|3[14]            1.4715E-07  1.6530E+00   2.351E+04      45- 108      873
Rovibration_vJ|1[13]        -Rovibration_vJ|4[12]            8.7910E-10  2.4450E-02   1.609E+04      45- 137      874
Rovibration_vJ|1[13]        -Rovibration_vJ|4[14]            1.3170E-09  3.2600E-02   1.584E+04      45- 139      875
Rovibration_vJ|1[13]        -Rovibration_vJ|5[12]            3.1624E-12  1.5500E-04   1.212E+04      45- 168      876
Rovibration_vJ|1[13]        -Rovibration_vJ|5[14]            7.8870E-12  3.4130E-04   1.198E+04      45- 170      877
Rovibration_vJ|1[13]        -Rovibration_vJ|6[12]            2.7100E-14  2.0540E-06   9.749E+03      45- 199      878
Rovibration_vJ|1[13]        -Rovibration_vJ|6[14]            1.2037E-18  8.0160E-11   9.657E+03      45- 201      879
Rovibration_vJ|1[13]        -Rovibration_vJ|7[12]            1.0118E-14  1.0920E-06   8.170E+03      45- 230      880
Rovibration_vJ|1[13]        -Rovibration_vJ|7[14]            5.1987E-15  4.9140E-07   8.106E+03      45- 232      881
Rovibration_vJ|1[13]        -Rovibration_vJ|8[12]            3.3604E-16  4.8790E-08   7.044E+03      45- 261      882
Rovibration_vJ|1[13]        -Rovibration_vJ|8[14]            1.6080E-16  2.0400E-08   6.997E+03      45- 263      883
Rovibration_vJ|1[13]        -Rovibration_vJ|9[12]            3.3816E-16  6.3360E-08   6.201E+03      45- 292      884
Rovibration_vJ|1[13]        -Rovibration_vJ|9[14]            4.2200E-16  6.8970E-08   6.164E+03      45- 294      885
Rovibration_vJ|1[13]        -Rovibration_vJ|10[12]           3.7633E-16  8.8150E-08   5.546E+03      45- 323      886
Rovibration_vJ|1[13]        -Rovibration_vJ|10[14]           4.3461E-16  8.8680E-08   5.517E+03      45- 325      887
Rovibration_vJ|1[14]        -Rovibration_vJ|1[15]            9.3101E-08  1.8920E-04   1.752E+06      46-  47      888
Rovibration_vJ|1[14]        -Rovibration_vJ|2[13]            1.0775E-05  3.2770E+01   4.854E+04      46-  76      889
Rovibration_vJ|1[14]        -Rovibration_vJ|2[15]            1.2208E-05  3.5860E+01   4.609E+04      46-  78      890
Rovibration_vJ|1[14]        -Rovibration_vJ|3[13]            1.1611E-07  1.4310E+00   2.411E+04      46- 107      891
Rovibration_vJ|1[14]        -Rovibration_vJ|3[15]            1.4768E-07  1.6690E+00   2.350E+04      46- 109      892
Rovibration_vJ|1[14]        -Rovibration_vJ|4[13]            8.7129E-10  2.4060E-02   1.611E+04      46- 138      893
Rovibration_vJ|1[14]        -Rovibration_vJ|4[15]            1.3307E-09  3.3120E-02   1.583E+04      46- 140      894
Rovibration_vJ|1[14]        -Rovibration_vJ|5[13]            3.0650E-12  1.4920E-04   1.213E+04      46- 169      895
Rovibration_vJ|1[14]        -Rovibration_vJ|5[15]            8.0992E-12  3.5230E-04   1.198E+04      46- 171      896
Rovibration_vJ|1[14]        -Rovibration_vJ|6[13]            2.8981E-14  2.1820E-06   9.755E+03      46- 200      897
Rovibration_vJ|1[14]        -Rovibration_vJ|6[15]            6.9104E-17  4.6250E-09   9.656E+03      46- 202      898
Rovibration_vJ|1[14]        -Rovibration_vJ|7[13]            1.0380E-14  1.1130E-06   8.174E+03      46- 231      899
Rovibration_vJ|1[14]        -Rovibration_vJ|7[15]            5.0187E-15  4.7670E-07   8.105E+03      46- 233      900
Rovibration_vJ|1[14]        -Rovibration_vJ|8[13]            3.5230E-16  5.0820E-08   7.047E+03      46- 262      901
Rovibration_vJ|1[14]        -Rovibration_vJ|8[15]            1.5925E-16  2.0300E-08   6.996E+03      46- 264      902
Rovibration_vJ|1[14]        -Rovibration_vJ|9[13]            3.3395E-16  6.2170E-08   6.204E+03      46- 293      903
Rovibration_vJ|1[14]        -Rovibration_vJ|9[15]            4.1935E-16  6.8860E-08   6.164E+03      46- 295      904
Rovibration_vJ|1[14]        -Rovibration_vJ|10[13]           3.8045E-16  8.8550E-08   5.548E+03      46- 324      905
Rovibration_vJ|1[14]        -Rovibration_vJ|10[15]           4.3907E-16  9.0010E-08   5.517E+03      46- 326      906
Rovibration_vJ|1[15]        -Rovibration_vJ|1[16]            9.8236E-08  2.2800E-04   1.643E+06      47-  48      907
Rovibration_vJ|1[15]        -Rovibration_vJ|2[14]            1.0776E-05  3.2480E+01   4.864E+04      47-  77      908
Rovibration_vJ|1[15]        -Rovibration_vJ|2[16]            1.2202E-05  3.6100E+01   4.602E+04      47-  79      909
Rovibration_vJ|1[15]        -Rovibration_vJ|3[14]            1.1571E-07  1.4160E+00   2.414E+04      47- 108      910
Rovibration_vJ|1[15]        -Rovibration_vJ|3[16]            1.4828E-07  1.6850E+00   2.348E+04      47- 110      911
Rovibration_vJ|1[15]        -Rovibration_vJ|4[14]            8.6309E-10  2.3680E-02   1.612E+04      47- 139      912
Rovibration_vJ|1[15]        -Rovibration_vJ|4[16]            1.3446E-09  3.3630E-02   1.583E+04      47- 141      913
Rovibration_vJ|1[15]        -Rovibration_vJ|5[14]            2.9703E-12  1.4370E-04   1.214E+04      47- 170      914
Rovibration_vJ|1[15]        -Rovibration_vJ|5[16]            8.3165E-12  3.6340E-04   1.197E+04      47- 172      915
Rovibration_vJ|1[15]        -Rovibration_vJ|6[14]            3.0919E-14  2.3140E-06   9.761E+03      47- 201      916
Rovibration_vJ|1[15]        -Rovibration_vJ|6[16]            2.4278E-16  1.6320E-08   9.655E+03      47- 203      917
Rovibration_vJ|1[15]        -Rovibration_vJ|7[14]            1.0648E-14  1.1350E-06   8.179E+03      47- 232      918
Rovibration_vJ|1[15]        -Rovibration_vJ|7[16]            4.8423E-15  4.6190E-07   8.105E+03      47- 234      919
Rovibration_vJ|1[15]        -Rovibration_vJ|8[14]            3.6933E-16  5.2970E-08   7.051E+03      47- 263      920
Rovibration_vJ|1[15]        -Rovibration_vJ|8[16]            1.5812E-16  2.0240E-08   6.997E+03      47- 265      921
Rovibration_vJ|1[15]        -Rovibration_vJ|9[14]            3.2938E-16  6.0970E-08   6.206E+03      47- 294      922
Rovibration_vJ|1[15]        -Rovibration_vJ|9[16]            4.1648E-16  6.8670E-08   6.165E+03      47- 296      923
Rovibration_vJ|1[15]        -Rovibration_vJ|10[14]           3.8474E-16  8.9040E-08   5.551E+03      47- 325      924
Rovibration_vJ|1[15]        -Rovibration_vJ|10[16]           4.4396E-16  9.1380E-08   5.518E+03      47- 327      925
Rovibration_vJ|1[16]        -Rovibration_vJ|1[17]            1.0317E-07  2.7120E-04   1.547E+06      48-  49      926
Rovibration_vJ|1[16]        -Rovibration_vJ|2[15]            1.0776E-05  3.2210E+01   4.874E+04      48-  78      927
Rovibration_vJ|1[16]        -Rovibration_vJ|2[17]            1.2202E-05  3.6340E+01   4.595E+04      48-  80      928
Rovibration_vJ|1[16]        -Rovibration_vJ|3[15]            1.1532E-07  1.4020E+00   2.417E+04      48- 109      929
Rovibration_vJ|1[16]        -Rovibration_vJ|3[17]            1.4896E-07  1.7010E+00   2.347E+04      48- 111      930
Rovibration_vJ|1[16]        -Rovibration_vJ|4[15]            8.5500E-10  2.3320E-02   1.613E+04      48- 140      931
Rovibration_vJ|1[16]        -Rovibration_vJ|4[17]            1.3596E-09  3.4150E-02   1.582E+04      48- 142      932
Rovibration_vJ|1[16]        -Rovibration_vJ|5[15]            2.8768E-12  1.3840E-04   1.215E+04      48- 171      933
Rovibration_vJ|1[16]        -Rovibration_vJ|5[17]            8.5430E-12  3.7480E-04   1.197E+04      48- 173      934
Rovibration_vJ|1[16]        -Rovibration_vJ|6[15]            3.2874E-14  2.4470E-06   9.767E+03      48- 202      935
Rovibration_vJ|1[16]        -Rovibration_vJ|6[17]            5.2475E-16  3.5410E-08   9.654E+03      48- 204      936
Rovibration_vJ|1[16]        -Rovibration_vJ|7[15]            1.0921E-14  1.1580E-06   8.183E+03      48- 233      937
Rovibration_vJ|1[16]        -Rovibration_vJ|7[17]            4.6708E-15  4.4720E-07   8.105E+03      48- 235      938
Rovibration_vJ|1[16]        -Rovibration_vJ|8[15]            3.8732E-16  5.5260E-08   7.055E+03      48- 264      939
Rovibration_vJ|1[16]        -Rovibration_vJ|8[17]            1.5739E-16  2.0220E-08   6.997E+03      48- 266      940
Rovibration_vJ|1[16]        -Rovibration_vJ|9[15]            3.2441E-16  5.9740E-08   6.210E+03      48- 295      941
Rovibration_vJ|1[16]        -Rovibration_vJ|9[17]            4.1343E-16  6.8410E-08   6.165E+03      48- 297      942
Rovibration_vJ|1[16]        -Rovibration_vJ|10[15]           3.8910E-16  8.9590E-08   5.553E+03      48- 326      943
Rovibration_vJ|1[16]        -Rovibration_vJ|10[17]           4.4919E-16  9.2780E-08   5.518E+03      48- 328      944
Rovibration_vJ|1[17]        -Rovibration_vJ|1[18]            1.0794E-07  3.1900E-04   1.461E+06      49-  50      945
Rovibration_vJ|1[17]        -Rovibration_vJ|2[16]            1.0774E-05  3.1950E+01   4.884E+04      49-  79      946
Rovibration_vJ|1[17]        -Rovibration_vJ|2[18]            1.2204E-05  3.6570E+01   4.589E+04      49-  81      947
Rovibration_vJ|1[17]        -Rovibration_vJ|3[16]            1.1494E-07  1.3890E+00   2.420E+04      49- 110      948
Rovibration_vJ|1[17]        -Rovibration_vJ|3[18]            1.4969E-07  1.7170E+00   2.345E+04      49- 112      949
Rovibration_vJ|1[17]        -Rovibration_vJ|4[16]            8.4677E-10  2.2970E-02   1.615E+04      49- 141      950
Rovibration_vJ|1[17]        -Rovibration_vJ|4[18]            1.3749E-09  3.4670E-02   1.582E+04      49- 143      951
Rovibration_vJ|1[17]        -Rovibration_vJ|5[16]            2.7851E-12  1.3330E-04   1.216E+04      49- 172      952
Rovibration_vJ|1[17]        -Rovibration_vJ|5[18]            8.7737E-12  3.8630E-04   1.197E+04      49- 174      953
Rovibration_vJ|1[17]        -Rovibration_vJ|6[16]            3.4888E-14  2.5840E-06   9.773E+03      49- 203      954
Rovibration_vJ|1[17]        -Rovibration_vJ|6[18]            9.1775E-16  6.2140E-08   9.653E+03      49- 205      955
Rovibration_vJ|1[17]        -Rovibration_vJ|7[16]            1.1193E-14  1.1810E-06   8.188E+03      49- 234      956
Rovibration_vJ|1[17]        -Rovibration_vJ|7[18]            4.5036E-15  4.3260E-07   8.105E+03      49- 236      957
Rovibration_vJ|1[17]        -Rovibration_vJ|8[16]            4.0614E-16  5.7670E-08   7.059E+03      49- 265      958
Rovibration_vJ|1[17]        -Rovibration_vJ|8[18]            1.5697E-16  2.0230E-08   6.997E+03      49- 267      959
Rovibration_vJ|1[17]        -Rovibration_vJ|9[16]            3.1907E-16  5.8480E-08   6.213E+03      49- 296      960
Rovibration_vJ|1[17]        -Rovibration_vJ|9[18]            4.1010E-16  6.8070E-08   6.166E+03      49- 298      961
Rovibration_vJ|1[17]        -Rovibration_vJ|10[16]           3.9367E-16  9.0220E-08   5.556E+03      49- 327      962
Rovibration_vJ|1[17]        -Rovibration_vJ|10[18]           4.5467E-16  9.4200E-08   5.519E+03      49- 329      963
Rovibration_vJ|1[18]        -Rovibration_vJ|1[19]            1.1251E-07  3.7140E-04   1.385E+06      50-  51      964
Rovibration_vJ|1[18]        -Rovibration_vJ|2[17]            1.0771E-05  3.1700E+01   4.895E+04      50-  80      965
Rovibration_vJ|1[18]        -Rovibration_vJ|2[19]            1.2207E-05  3.6790E+01   4.582E+04      50-  82      966
Rovibration_vJ|1[18]        -Rovibration_vJ|3[17]            1.1451E-07  1.3760E+00   2.422E+04      50- 111      967
Rovibration_vJ|1[18]        -Rovibration_vJ|3[19]            1.5039E-07  1.7320E+00   2.344E+04      50- 113      968
Rovibration_vJ|1[18]        -Rovibration_vJ|4[17]            8.3848E-10  2.2630E-02   1.616E+04      50- 142      969
Rovibration_vJ|1[18]        -Rovibration_vJ|4[19]            1.3907E-09  3.5190E-02   1.581E+04      50- 144      970
Rovibration_vJ|1[18]        -Rovibration_vJ|5[17]            2.6955E-12  1.2840E-04   1.217E+04      50- 173      971
Rovibration_vJ|1[18]        -Rovibration_vJ|5[19]            9.0129E-12  3.9810E-04   1.197E+04      50- 175      972
Rovibration_vJ|1[18]        -Rovibration_vJ|6[17]            3.6934E-14  2.7230E-06   9.780E+03      50- 204      973
Rovibration_vJ|1[18]        -Rovibration_vJ|6[19]            1.4245E-15  9.6740E-08   9.653E+03      50- 206      974
Rovibration_vJ|1[18]        -Rovibration_vJ|7[17]            1.1471E-14  1.2050E-06   8.193E+03      50- 235      975
Rovibration_vJ|1[18]        -Rovibration_vJ|7[19]            4.3400E-15  4.1810E-07   8.105E+03      50- 237      976
Rovibration_vJ|1[18]        -Rovibration_vJ|8[17]            4.2597E-16  6.0220E-08   7.062E+03      50- 266      977
Rovibration_vJ|1[18]        -Rovibration_vJ|8[19]            1.5692E-16  2.0280E-08   6.997E+03      50- 268      978
Rovibration_vJ|1[18]        -Rovibration_vJ|9[17]            3.1344E-16  5.7200E-08   6.216E+03      50- 297      979
Rovibration_vJ|1[18]        -Rovibration_vJ|9[19]            4.0639E-16  6.7640E-08   6.166E+03      50- 299      980
Rovibration_vJ|1[18]        -Rovibration_vJ|10[17]           3.9834E-16  9.0900E-08   5.559E+03      50- 328      981
Rovibration_vJ|1[18]        -Rovibration_vJ|10[19]           4.6048E-16  9.5660E-08   5.519E+03      50- 330      982
Rovibration_vJ|1[19]        -Rovibration_vJ|1[20]            1.1693E-07  4.2860E-04   1.316E+06      51-  52      983
Rovibration_vJ|1[19]        -Rovibration_vJ|2[18]            1.0764E-05  3.1450E+01   4.905E+04      51-  81      984
Rovibration_vJ|1[19]        -Rovibration_vJ|2[20]            1.2213E-05  3.7010E+01   4.576E+04      51-  83      985
Rovibration_vJ|1[19]        -Rovibration_vJ|3[18]            1.1404E-07  1.3630E+00   2.425E+04      51- 112      986
Rovibration_vJ|1[19]        -Rovibration_vJ|3[20]            1.5112E-07  1.7470E+00   2.343E+04      51- 114      987
Rovibration_vJ|1[19]        -Rovibration_vJ|4[18]            8.3019E-10  2.2300E-02   1.618E+04      51- 143      988
Rovibration_vJ|1[19]        -Rovibration_vJ|4[20]            1.4068E-09  3.5710E-02   1.581E+04      51- 145      989
Rovibration_vJ|1[19]        -Rovibration_vJ|5[18]            2.6063E-12  1.2360E-04   1.218E+04      51- 174      990
Rovibration_vJ|1[19]        -Rovibration_vJ|5[20]            9.2602E-12  4.1020E-04   1.197E+04      51- 176      991
Rovibration_vJ|1[19]        -Rovibration_vJ|6[18]            3.9013E-14  2.8640E-06   9.786E+03      51- 205      992
Rovibration_vJ|1[19]        -Rovibration_vJ|6[20]            2.0486E-15  1.3950E-07   9.653E+03      51- 207      993
Rovibration_vJ|1[19]        -Rovibration_vJ|7[18]            1.1749E-14  1.2290E-06   8.198E+03      51- 236      994
Rovibration_vJ|1[19]        -Rovibration_vJ|7[20]            4.1788E-15  4.0360E-07   8.105E+03      51- 238      995
Rovibration_vJ|1[19]        -Rovibration_vJ|8[18]            4.4689E-16  6.2920E-08   7.067E+03      51- 267      996
Rovibration_vJ|1[19]        -Rovibration_vJ|8[20]            1.5722E-16  2.0370E-08   6.998E+03      51- 269      997
Rovibration_vJ|1[19]        -Rovibration_vJ|9[18]            3.0744E-16  5.5880E-08   6.219E+03      51- 298      998
Rovibration_vJ|1[19]        -Rovibration_vJ|9[20]            4.0242E-16  6.7140E-08   6.167E+03      51- 300      999
Rovibration_vJ|1[19]        -Rovibration_vJ|10[18]           4.0314E-16  9.1630E-08   5.562E+03      51- 329     1000
Rovibration_vJ|1[19]        -Rovibration_vJ|10[20]           4.6650E-16  9.7140E-08   5.520E+03      51- 331     1001
Rovibration_vJ|1[20]        -Rovibration_vJ|1[21]            1.2113E-07  4.9040E-04   1.253E+06      52-  53     1002
Rovibration_vJ|1[20]        -Rovibration_vJ|2[19]            1.0757E-05  3.1210E+01   4.916E+04      52-  82     1003
Rovibration_vJ|1[20]        -Rovibration_vJ|2[21]            1.2219E-05  3.7220E+01   4.569E+04      52-  84     1004
Rovibration_vJ|1[20]        -Rovibration_vJ|3[19]            1.1353E-07  1.3500E+00   2.428E+04      52- 113     1005
Rovibration_vJ|1[20]        -Rovibration_vJ|3[21]            1.5198E-07  1.7630E+00   2.341E+04      52- 115     1006
Rovibration_vJ|1[20]        -Rovibration_vJ|4[19]            8.2197E-10  2.1980E-02   1.619E+04      52- 144     1007
Rovibration_vJ|1[20]        -Rovibration_vJ|4[21]            1.4232E-09  3.6230E-02   1.581E+04      52- 146     1008
Rovibration_vJ|1[20]        -Rovibration_vJ|5[19]            2.5199E-12  1.1900E-04   1.219E+04      52- 175     1009
Rovibration_vJ|1[20]        -Rovibration_vJ|5[21]            9.5133E-12  4.2250E-04   1.197E+04      52- 177     1010
Rovibration_vJ|1[20]        -Rovibration_vJ|6[19]            4.1126E-14  3.0070E-06   9.793E+03      52- 206     1011
Rovibration_vJ|1[20]        -Rovibration_vJ|6[21]            2.7923E-15  1.9060E-07   9.653E+03      52- 208     1012
Rovibration_vJ|1[20]        -Rovibration_vJ|7[19]            1.2025E-14  1.2530E-06   8.203E+03      52- 237     1013
Rovibration_vJ|1[20]        -Rovibration_vJ|7[21]            4.0216E-15  3.8930E-07   8.106E+03      52- 239     1014
Rovibration_vJ|1[20]        -Rovibration_vJ|8[19]            4.6878E-16  6.5750E-08   7.071E+03      52- 268     1015
Rovibration_vJ|1[20]        -Rovibration_vJ|8[21]            1.5788E-16  2.0500E-08   6.999E+03      52- 270     1016
Rovibration_vJ|1[20]        -Rovibration_vJ|9[19]            3.0109E-16  5.4520E-08   6.223E+03      52- 299     1017
Rovibration_vJ|1[20]        -Rovibration_vJ|9[21]            3.9810E-16  6.6560E-08   6.168E+03      52- 301     1018
Rovibration_vJ|1[20]        -Rovibration_vJ|10[19]           4.0804E-16  9.2400E-08   5.565E+03      52- 330     1019
Rovibration_vJ|1[20]        -Rovibration_vJ|10[21]           4.7272E-16  9.8640E-08   5.521E+03      52- 332     1020
Rovibration_vJ|1[21]        -Rovibration_vJ|1[22]            1.2513E-07  5.5690E-04   1.197E+06      53-  54     1021
Rovibration_vJ|1[21]        -Rovibration_vJ|2[20]            1.0747E-05  3.0970E+01   4.927E+04      53-  83     1022
Rovibration_vJ|1[21]        -Rovibration_vJ|2[22]            1.2228E-05  3.7430E+01   4.563E+04      53-  85     1023
Rovibration_vJ|1[21]        -Rovibration_vJ|3[20]            1.1308E-07  1.3380E+00   2.432E+04      53- 114     1024
Rovibration_vJ|1[21]        -Rovibration_vJ|3[22]            1.5278E-07  1.7780E+00   2.340E+04      53- 116     1025
Rovibration_vJ|1[21]        -Rovibration_vJ|4[20]            8.1386E-10  2.1670E-02   1.621E+04      53- 145     1026
Rovibration_vJ|1[21]        -Rovibration_vJ|4[22]            1.4402E-09  3.6760E-02   1.580E+04      53- 147     1027
Rovibration_vJ|1[21]        -Rovibration_vJ|5[20]            2.4364E-12  1.1460E-04   1.220E+04      53- 176     1028
Rovibration_vJ|1[21]        -Rovibration_vJ|5[22]            9.7719E-12  4.3500E-04   1.197E+04      53- 178     1029
Rovibration_vJ|1[21]        -Rovibration_vJ|6[20]            4.3273E-14  3.1520E-06   9.800E+03      53- 207     1030
Rovibration_vJ|1[21]        -Rovibration_vJ|6[22]            3.6590E-15  2.5030E-07   9.653E+03      53- 209     1031
Rovibration_vJ|1[21]        -Rovibration_vJ|7[20]            1.2310E-14  1.2780E-06   8.209E+03      53- 238     1032
Rovibration_vJ|1[21]        -Rovibration_vJ|7[22]            3.8680E-15  3.7520E-07   8.106E+03      53- 240     1033
Rovibration_vJ|1[21]        -Rovibration_vJ|8[20]            4.9180E-16  6.8730E-08   7.075E+03      53- 269     1034
Rovibration_vJ|1[21]        -Rovibration_vJ|8[22]            1.5888E-16  2.0670E-08   6.999E+03      53- 271     1035
Rovibration_vJ|1[21]        -Rovibration_vJ|9[20]            2.9445E-16  5.3130E-08   6.227E+03      53- 300     1036
Rovibration_vJ|1[21]        -Rovibration_vJ|9[22]            3.9341E-16  6.5900E-08   6.169E+03      53- 302     1037
Rovibration_vJ|1[21]        -Rovibration_vJ|10[20]           4.1311E-16  9.3220E-08   5.568E+03      53- 331     1038
Rovibration_vJ|1[21]        -Rovibration_vJ|10[22]           4.7933E-16  1.0020E-07   5.522E+03      53- 333     1039
Rovibration_vJ|1[22]        -Rovibration_vJ|1[23]            1.2893E-07  6.2800E-04   1.145E+06      54-  55     1040
Rovibration_vJ|1[22]        -Rovibration_vJ|2[21]            1.0734E-05  3.0730E+01   4.938E+04      54-  84     1041
Rovibration_vJ|1[22]        -Rovibration_vJ|2[23]            1.2235E-05  3.7630E+01   4.557E+04      54-  86     1042
Rovibration_vJ|1[22]        -Rovibration_vJ|3[21]            1.1259E-07  1.3260E+00   2.435E+04      54- 115     1043
Rovibration_vJ|1[22]        -Rovibration_vJ|3[23]            1.5361E-07  1.7930E+00   2.339E+04      54- 117     1044
Rovibration_vJ|1[22]        -Rovibration_vJ|4[21]            8.0552E-10  2.1360E-02   1.622E+04      54- 146     1045
Rovibration_vJ|1[22]        -Rovibration_vJ|4[23]            1.4574E-09  3.7290E-02   1.580E+04      54- 148     1046
Rovibration_vJ|1[22]        -Rovibration_vJ|5[21]            2.3540E-12  1.1030E-04   1.221E+04      54- 177     1047
Rovibration_vJ|1[22]        -Rovibration_vJ|5[23]            1.0038E-11  4.4780E-04   1.197E+04      54- 179     1048
Rovibration_vJ|1[22]        -Rovibration_vJ|6[21]            4.5470E-14  3.3000E-06   9.807E+03      54- 208     1049
Rovibration_vJ|1[22]        -Rovibration_vJ|6[23]            4.6514E-15  3.1880E-07   9.653E+03      54- 210     1050
Rovibration_vJ|1[22]        -Rovibration_vJ|7[21]            1.2595E-14  1.3030E-06   8.214E+03      54- 239     1051
Rovibration_vJ|1[22]        -Rovibration_vJ|7[23]            3.7160E-15  3.6110E-07   8.107E+03      54- 241     1052
Rovibration_vJ|1[22]        -Rovibration_vJ|8[21]            5.1596E-16  7.1860E-08   7.080E+03      54- 270     1053
Rovibration_vJ|1[22]        -Rovibration_vJ|8[23]            1.6022E-16  2.0880E-08   7.000E+03      54- 272     1054
Rovibration_vJ|1[22]        -Rovibration_vJ|9[21]            2.8744E-16  5.1690E-08   6.230E+03      54- 301     1055
Rovibration_vJ|1[22]        -Rovibration_vJ|9[23]            3.8829E-16  6.5150E-08   6.170E+03      54- 303     1056
Rovibration_vJ|1[22]        -Rovibration_vJ|10[21]           4.1822E-16  9.4060E-08   5.571E+03      54- 332     1057
Rovibration_vJ|1[22]        -Rovibration_vJ|10[23]           4.8573E-16  1.0170E-07   5.523E+03      54- 334     1058
Rovibration_vJ|1[23]        -Rovibration_vJ|1[24]            1.3248E-07  7.0350E-04   1.098E+06      55-  56     1059
Rovibration_vJ|1[23]        -Rovibration_vJ|2[22]            1.0723E-05  3.0500E+01   4.949E+04      55-  85     1060
Rovibration_vJ|1[23]        -Rovibration_vJ|2[24]            1.2246E-05  3.7830E+01   4.551E+04      55-  87     1061
Rovibration_vJ|1[23]        -Rovibration_vJ|3[22]            1.1217E-07  1.3150E+00   2.438E+04      55- 116     1062
Rovibration_vJ|1[23]        -Rovibration_vJ|3[24]            1.5446E-07  1.8080E+00   2.338E+04      55- 118     1063
Rovibration_vJ|1[23]        -Rovibration_vJ|4[22]            7.9773E-10  2.1070E-02   1.624E+04      55- 147     1064
Rovibration_vJ|1[23]        -Rovibration_vJ|4[24]            1.4753E-09  3.7830E-02   1.580E+04      55- 149     1065
Rovibration_vJ|1[23]        -Rovibration_vJ|5[22]            2.2726E-12  1.0610E-04   1.222E+04      55- 178     1066
Rovibration_vJ|1[23]        -Rovibration_vJ|5[24]            1.0312E-11  4.6090E-04   1.196E+04      55- 180     1067
Rovibration_vJ|1[23]        -Rovibration_vJ|6[22]            4.7688E-14  3.4490E-06   9.815E+03      55- 209     1068
Rovibration_vJ|1[23]        -Rovibration_vJ|6[24]            5.7750E-15  3.9650E-07   9.653E+03      55- 211     1069
Rovibration_vJ|1[23]        -Rovibration_vJ|7[22]            1.2890E-14  1.3290E-06   8.220E+03      55- 240     1070
Rovibration_vJ|1[23]        -Rovibration_vJ|7[24]            3.5672E-15  3.4720E-07   8.108E+03      55- 242     1071
Rovibration_vJ|1[23]        -Rovibration_vJ|8[22]            5.4135E-16  7.5150E-08   7.084E+03      55- 271     1072
Rovibration_vJ|1[23]        -Rovibration_vJ|8[24]            1.6189E-16  2.1130E-08   7.001E+03      55- 273     1073
Rovibration_vJ|1[23]        -Rovibration_vJ|9[22]            2.8017E-16  5.0220E-08   6.234E+03      55- 302     1074
Rovibration_vJ|1[23]        -Rovibration_vJ|9[24]            3.8279E-16  6.4320E-08   6.171E+03      55- 304     1075
Rovibration_vJ|1[23]        -Rovibration_vJ|10[22]           4.2342E-16  9.4930E-08   5.574E+03      55- 333     1076
Rovibration_vJ|1[23]        -Rovibration_vJ|10[24]           4.9221E-16  1.0320E-07   5.524E+03      55- 335     1077
Rovibration_vJ|1[24]        -Rovibration_vJ|1[25]            1.3584E-07  7.8350E-04   1.054E+06      56-  57     1078
Rovibration_vJ|1[24]        -Rovibration_vJ|2[23]            1.0710E-05  3.0270E+01   4.960E+04      56-  86     1079
Rovibration_vJ|1[24]        -Rovibration_vJ|2[25]            1.2257E-05  3.8030E+01   4.545E+04      56-  88     1080
Rovibration_vJ|1[24]        -Rovibration_vJ|3[23]            1.1164E-07  1.3030E+00   2.441E+04      56- 117     1081
Rovibration_vJ|1[24]        -Rovibration_vJ|3[25]            1.5534E-07  1.8230E+00   2.337E+04      56- 119     1082
Rovibration_vJ|1[24]        -Rovibration_vJ|4[23]            7.8938E-10  2.0770E-02   1.626E+04      56- 148     1083
Rovibration_vJ|1[24]        -Rovibration_vJ|4[25]            1.4933E-09  3.8370E-02   1.579E+04      56- 150     1084
Rovibration_vJ|1[24]        -Rovibration_vJ|5[23]            2.1946E-12  1.0210E-04   1.223E+04      56- 179     1085
Rovibration_vJ|1[24]        -Rovibration_vJ|5[25]            1.0591E-11  4.7420E-04   1.196E+04      56- 181     1086
Rovibration_vJ|1[24]        -Rovibration_vJ|6[23]            4.9929E-14  3.5990E-06   9.822E+03      56- 210     1087
Rovibration_vJ|1[24]        -Rovibration_vJ|6[25]            7.0313E-15  4.8350E-07   9.654E+03      56- 212     1088
Rovibration_vJ|1[24]        -Rovibration_vJ|7[23]            1.3175E-14  1.3540E-06   8.226E+03      56- 241     1089
Rovibration_vJ|1[24]        -Rovibration_vJ|7[25]            3.4216E-15  3.3350E-07   8.109E+03      56- 243     1090
Rovibration_vJ|1[24]        -Rovibration_vJ|8[23]            5.6799E-16  7.8600E-08   7.089E+03      56- 272     1091
Rovibration_vJ|1[24]        -Rovibration_vJ|8[25]            1.6397E-16  2.1430E-08   7.003E+03      56- 274     1092
Rovibration_vJ|1[24]        -Rovibration_vJ|9[23]            2.7253E-16  4.8700E-08   6.238E+03      56- 303     1093
Rovibration_vJ|1[24]        -Rovibration_vJ|9[25]            3.7690E-16  6.3410E-08   6.172E+03      56- 305     1094
Rovibration_vJ|1[24]        -Rovibration_vJ|10[23]           4.2874E-16  9.5830E-08   5.578E+03      56- 334     1095
Rovibration_vJ|1[24]        -Rovibration_vJ|10[25]           4.9923E-16  1.0480E-07   5.525E+03      56- 336     1096
Rovibration_vJ|1[25]        -Rovibration_vJ|1[26]            1.3895E-07  8.6760E-04   1.014E+06      57-  58     1097
Rovibration_vJ|1[25]        -Rovibration_vJ|2[24]            1.0698E-05  3.0050E+01   4.972E+04      57-  87     1098
Rovibration_vJ|1[25]        -Rovibration_vJ|2[26]            1.2268E-05  3.8220E+01   4.539E+04      57-  89     1099
Rovibration_vJ|1[25]        -Rovibration_vJ|3[24]            1.1118E-07  1.2920E+00   2.444E+04      57- 118     1100
Rovibration_vJ|1[25]        -Rovibration_vJ|3[26]            1.5615E-07  1.8370E+00   2.336E+04      57- 120     1101
Rovibration_vJ|1[25]        -Rovibration_vJ|4[24]            7.8164E-10  2.0490E-02   1.627E+04      57- 149     1102
Rovibration_vJ|1[25]        -Rovibration_vJ|4[26]            1.5119E-09  3.8920E-02   1.579E+04      57- 151     1103
Rovibration_vJ|1[25]        -Rovibration_vJ|5[24]            2.1184E-12  9.8220E-05   1.224E+04      57- 180     1104
Rovibration_vJ|1[25]        -Rovibration_vJ|5[26]            1.0880E-11  4.8790E-04   1.196E+04      57- 182     1105
Rovibration_vJ|1[25]        -Rovibration_vJ|6[24]            5.2220E-14  3.7520E-06   9.830E+03      57- 211     1106
Rovibration_vJ|1[25]        -Rovibration_vJ|6[26]            8.4259E-15  5.8020E-07   9.655E+03      57- 213     1107
Rovibration_vJ|1[25]        -Rovibration_vJ|7[24]            1.3469E-14  1.3800E-06   8.232E+03      57- 242     1108
Rovibration_vJ|1[25]        -Rovibration_vJ|7[26]            3.2779E-15  3.1990E-07   8.110E+03      57- 244     1109
Rovibration_vJ|1[25]        -Rovibration_vJ|8[24]            5.9596E-16  8.2220E-08   7.094E+03      57- 273     1110
Rovibration_vJ|1[25]        -Rovibration_vJ|8[26]            1.6630E-16  2.1760E-08   7.004E+03      57- 275     1111
Rovibration_vJ|1[25]        -Rovibration_vJ|9[24]            2.6464E-16  4.7150E-08   6.242E+03      57- 304     1112
Rovibration_vJ|1[25]        -Rovibration_vJ|9[26]            3.7055E-16  6.2410E-08   6.173E+03      57- 306     1113
Rovibration_vJ|1[25]        -Rovibration_vJ|10[24]           4.3404E-16  9.6730E-08   5.581E+03      57- 335     1114
Rovibration_vJ|1[25]        -Rovibration_vJ|10[26]           5.0585E-16  1.0630E-07   5.527E+03      57- 337     1115
Rovibration_vJ|1[26]        -Rovibration_vJ|1[27]            1.4182E-07  9.5570E-04   9.767E+05      58-  59     1116
Rovibration_vJ|1[26]        -Rovibration_vJ|2[25]            1.0682E-05  2.9820E+01   4.983E+04      58-  88     1117
Rovibration_vJ|1[26]        -Rovibration_vJ|2[27]            1.2280E-05  3.8410E+01   4.533E+04      58-  90     1118
Rovibration_vJ|1[26]        -Rovibration_vJ|3[25]            1.1070E-07  1.2810E+00   2.448E+04      58- 119     1119
Rovibration_vJ|1[26]        -Rovibration_vJ|3[27]            1.5706E-07  1.8520E+00   2.335E+04      58- 121     1120
Rovibration_vJ|1[26]        -Rovibration_vJ|4[25]            7.7375E-10  2.0210E-02   1.629E+04      58- 150     1121
Rovibration_vJ|1[26]        -Rovibration_vJ|4[27]            1.5306E-09  3.9470E-02   1.579E+04      58- 152     1122
Rovibration_vJ|1[26]        -Rovibration_vJ|5[25]            2.0441E-12  9.4460E-05   1.225E+04      58- 181     1123
Rovibration_vJ|1[26]        -Rovibration_vJ|5[27]            1.1174E-11  5.0180E-04   1.196E+04      58- 183     1124
Rovibration_vJ|1[26]        -Rovibration_vJ|6[25]            5.4534E-14  3.9060E-06   9.838E+03      58- 212     1125
Rovibration_vJ|1[26]        -Rovibration_vJ|6[27]            9.9616E-15  6.8680E-07   9.656E+03      58- 214     1126
Rovibration_vJ|1[26]        -Rovibration_vJ|7[25]            1.3765E-14  1.4060E-06   8.238E+03      58- 243     1127
Rovibration_vJ|1[26]        -Rovibration_vJ|7[27]            3.1360E-15  3.0640E-07   8.111E+03      58- 245     1128
Rovibration_vJ|1[26]        -Rovibration_vJ|8[25]            6.2519E-16  8.6000E-08   7.099E+03      58- 274     1129
Rovibration_vJ|1[26]        -Rovibration_vJ|8[27]            1.6895E-16  2.2130E-08   7.005E+03      58- 276     1130
Rovibration_vJ|1[26]        -Rovibration_vJ|9[25]            2.5640E-16  4.5550E-08   6.246E+03      58- 305     1131
Rovibration_vJ|1[26]        -Rovibration_vJ|9[27]            3.6378E-16  6.1330E-08   6.175E+03      58- 307     1132
Rovibration_vJ|1[26]        -Rovibration_vJ|10[25]           4.3937E-16  9.7640E-08   5.585E+03      58- 336     1133
Rovibration_vJ|1[26]        -Rovibration_vJ|10[27]           5.1300E-16  1.0790E-07   5.528E+03      58- 338     1134
Rovibration_vJ|1[27]        -Rovibration_vJ|1[28]            1.4438E-07  1.0470E-03   9.421E+05      59-  60     1135
Rovibration_vJ|1[27]        -Rovibration_vJ|2[26]            1.0668E-05  2.9600E+01   4.995E+04      59-  89     1136
Rovibration_vJ|1[27]        -Rovibration_vJ|2[28]            1.2293E-05  3.8600E+01   4.528E+04      59-  91     1137
Rovibration_vJ|1[27]        -Rovibration_vJ|3[26]            1.1021E-07  1.2700E+00   2.451E+04      59- 120     1138
Rovibration_vJ|1[27]        -Rovibration_vJ|3[28]            1.5799E-07  1.8670E+00   2.334E+04      59- 122     1139
Rovibration_vJ|1[27]        -Rovibration_vJ|4[26]            7.6574E-10  1.9930E-02   1.631E+04      59- 151     1140
Rovibration_vJ|1[27]        -Rovibration_vJ|4[28]            1.5499E-09  4.0030E-02   1.579E+04      59- 153     1141
Rovibration_vJ|1[27]        -Rovibration_vJ|5[26]            1.9719E-12  9.0830E-05   1.226E+04      59- 182     1142
Rovibration_vJ|1[27]        -Rovibration_vJ|5[28]            1.1476E-11  5.1600E-04   1.196E+04      59- 184     1143
Rovibration_vJ|1[27]        -Rovibration_vJ|6[26]            5.6872E-14  4.0610E-06   9.846E+03      59- 213     1144
Rovibration_vJ|1[27]        -Rovibration_vJ|6[28]            1.1643E-14  8.0360E-07   9.657E+03      59- 215     1145
Rovibration_vJ|1[27]        -Rovibration_vJ|7[26]            1.4070E-14  1.4330E-06   8.244E+03      59- 244     1146
Rovibration_vJ|1[27]        -Rovibration_vJ|7[28]            2.9980E-15  2.9320E-07   8.112E+03      59- 246     1147
Rovibration_vJ|1[27]        -Rovibration_vJ|8[26]            6.5585E-16  8.9960E-08   7.104E+03      59- 275     1148
Rovibration_vJ|1[27]        -Rovibration_vJ|8[28]            1.7201E-16  2.2550E-08   7.007E+03      59- 277     1149
Rovibration_vJ|1[27]        -Rovibration_vJ|9[26]            2.4786E-16  4.3910E-08   6.251E+03      59- 306     1150
Rovibration_vJ|1[27]        -Rovibration_vJ|9[28]            3.5661E-16  6.0170E-08   6.176E+03      59- 308     1151
Rovibration_vJ|1[27]        -Rovibration_vJ|10[26]           4.4469E-16  9.8550E-08   5.589E+03      59- 337     1152
Rovibration_vJ|1[27]        -Rovibration_vJ|10[28]           5.1973E-16  1.0940E-07   5.530E+03      59- 339     1153
Rovibration_vJ|1[28]        -Rovibration_vJ|1[29]            1.4687E-07  1.1430E-03   9.100E+05      60-  61     1154
Rovibration_vJ|1[28]        -Rovibration_vJ|2[27]            1.0653E-05  2.9380E+01   5.006E+04      60-  90     1155
Rovibration_vJ|1[28]        -Rovibration_vJ|2[29]            1.2308E-05  3.8790E+01   4.522E+04      60-  92     1156
Rovibration_vJ|1[28]        -Rovibration_vJ|3[27]            1.0970E-07  1.2590E+00   2.454E+04      60- 121     1157
Rovibration_vJ|1[28]        -Rovibration_vJ|3[29]            1.5894E-07  1.8820E+00   2.333E+04      60- 123     1158
Rovibration_vJ|1[28]        -Rovibration_vJ|4[27]            7.5799E-10  1.9660E-02   1.633E+04      60- 152     1159
Rovibration_vJ|1[28]        -Rovibration_vJ|4[29]            1.5693E-09  4.0590E-02   1.578E+04      60- 154     1160
Rovibration_vJ|1[28]        -Rovibration_vJ|5[27]            1.9018E-12  8.7320E-05   1.227E+04      60- 183     1161
Rovibration_vJ|1[28]        -Rovibration_vJ|5[29]            1.1785E-11  5.3050E-04   1.196E+04      60- 185     1162
Rovibration_vJ|1[28]        -Rovibration_vJ|6[27]            5.9234E-14  4.2170E-06   9.854E+03      60- 214     1163
Rovibration_vJ|1[28]        -Rovibration_vJ|6[29]            1.3473E-14  9.3080E-07   9.658E+03      60- 216     1164
Rovibration_vJ|1[28]        -Rovibration_vJ|7[27]            1.4367E-14  1.4590E-06   8.251E+03      60- 245     1165
Rovibration_vJ|1[28]        -Rovibration_vJ|7[29]            2.8606E-15  2.8000E-07   8.114E+03      60- 247     1166
Rovibration_vJ|1[28]        -Rovibration_vJ|8[27]            6.8796E-16  9.4100E-08   7.109E+03      60- 276     1167
Rovibration_vJ|1[28]        -Rovibration_vJ|8[29]            1.7538E-16  2.3010E-08   7.008E+03      60- 278     1168
Rovibration_vJ|1[28]        -Rovibration_vJ|9[27]            2.3903E-16  4.2230E-08   6.255E+03      60- 307     1169
Rovibration_vJ|1[28]        -Rovibration_vJ|9[29]            3.4896E-16  5.8920E-08   6.178E+03      60- 309     1170
Rovibration_vJ|1[28]        -Rovibration_vJ|10[27]           4.5000E-16  9.9460E-08   5.593E+03      60- 338     1171
Rovibration_vJ|1[28]        -Rovibration_vJ|10[29]           5.2652E-16  1.1090E-07   5.531E+03      60- 340     1172
Rovibration_vJ|1[29]        -Rovibration_vJ|1[30]            1.4895E-07  1.2410E-03   8.800E+05      61-  62     1173
Rovibration_vJ|1[29]        -Rovibration_vJ|2[28]            1.0636E-05  2.9160E+01   5.018E+04      61-  91     1174
Rovibration_vJ|1[29]        -Rovibration_vJ|2[30]            1.2321E-05  3.8970E+01   4.516E+04      61-  93     1175
Rovibration_vJ|1[29]        -Rovibration_vJ|3[28]            1.0918E-07  1.2480E+00   2.458E+04      61- 122     1176
Rovibration_vJ|1[29]        -Rovibration_vJ|3[30]            1.5990E-07  1.8970E+00   2.332E+04      61- 124     1177
Rovibration_vJ|1[29]        -Rovibration_vJ|4[28]            7.5053E-10  1.9400E-02   1.634E+04      61- 153     1178
Rovibration_vJ|1[29]        -Rovibration_vJ|4[30]            1.5892E-09  4.1160E-02   1.578E+04      61- 155     1179
Rovibration_vJ|1[29]        -Rovibration_vJ|5[28]            1.8334E-12  8.3920E-05   1.228E+04      61- 184     1180
Rovibration_vJ|1[29]        -Rovibration_vJ|5[30]            1.2103E-11  5.4540E-04   1.197E+04      61- 186     1181
Rovibration_vJ|1[29]        -Rovibration_vJ|6[28]            6.1634E-14  4.3750E-06   9.862E+03      61- 215     1182
Rovibration_vJ|1[29]        -Rovibration_vJ|6[30]            1.5460E-14  1.0690E-06   9.659E+03      61- 217     1183
Rovibration_vJ|1[29]        -Rovibration_vJ|7[28]            1.4674E-14  1.4860E-06   8.257E+03      61- 246     1184
Rovibration_vJ|1[29]        -Rovibration_vJ|7[30]            2.7268E-15  2.6710E-07   8.116E+03      61- 248     1185
Rovibration_vJ|1[29]        -Rovibration_vJ|8[28]            7.2152E-16  9.8420E-08   7.114E+03      61- 277     1186
Rovibration_vJ|1[29]        -Rovibration_vJ|8[30]            1.7908E-16  2.3510E-08   7.010E+03      61- 279     1187
Rovibration_vJ|1[29]        -Rovibration_vJ|9[28]            2.2997E-16  4.0520E-08   6.260E+03      61- 308     1188
Rovibration_vJ|1[29]        -Rovibration_vJ|9[30]            3.4083E-16  5.7580E-08   6.180E+03      61- 310     1189
Rovibration_vJ|1[29]        -Rovibration_vJ|10[28]           4.5500E-16  1.0030E-07   5.596E+03      61- 339     1190
Rovibration_vJ|1[29]        -Rovibration_vJ|10[30]           5.3337E-16  1.1240E-07   5.533E+03      61- 341     1191
Rovibration_vJ|1[30]        -Rovibration_vJ|2[29]            1.0623E-05  2.8950E+01   5.030E+04      62-  92     1192
Rovibration_vJ|1[30]        -Rovibration_vJ|3[29]            1.0874E-07  1.2380E+00   2.461E+04      62- 123     1193
Rovibration_vJ|1[30]        -Rovibration_vJ|4[29]            7.4297E-10  1.9140E-02   1.636E+04      62- 154     1194
Rovibration_vJ|1[30]        -Rovibration_vJ|5[29]            1.7670E-12  8.0630E-05   1.229E+04      62- 185     1195
Rovibration_vJ|1[30]        -Rovibration_vJ|6[29]            6.4045E-14  4.5330E-06   9.871E+03      62- 216     1196
Rovibration_vJ|1[30]        -Rovibration_vJ|7[29]            1.4982E-14  1.5130E-06   8.264E+03      62- 247     1197
Rovibration_vJ|1[30]        -Rovibration_vJ|8[29]            7.5639E-16  1.0290E-07   7.120E+03      62- 278     1198
Rovibration_vJ|1[30]        -Rovibration_vJ|9[29]            2.2056E-16  3.8760E-08   6.264E+03      62- 309     1199
Rovibration_vJ|1[30]        -Rovibration_vJ|10[29]           4.6028E-16  1.0120E-07   5.601E+03      62- 340     1200
Rovibration_vJ|2[0]         -Rovibration_vJ|2[1]             6.1448E-09  1.9470E-08   2.649E+07      63-  64     1201
Rovibration_vJ|2[0]         -Rovibration_vJ|3[1]             3.3968E-05  3.3120E+01   4.775E+04      63-  95     1202
Rovibration_vJ|2[0]         -Rovibration_vJ|4[1]             5.3066E-07  2.0400E+00   2.405E+04      63- 126     1203
Rovibration_vJ|2[0]         -Rovibration_vJ|5[1]             5.6588E-09  4.8300E-02   1.614E+04      63- 157     1204
Rovibration_vJ|2[0]         -Rovibration_vJ|6[1]             3.5741E-11  5.3530E-04   1.218E+04      63- 188     1205
Rovibration_vJ|2[0]         -Rovibration_vJ|7[1]             8.0218E-15  1.8530E-07   9.811E+03      63- 219     1206
Rovibration_vJ|2[0]         -Rovibration_vJ|8[1]             3.5726E-14  1.1730E-06   8.229E+03      63- 250     1207
Rovibration_vJ|2[0]         -Rovibration_vJ|9[1]             2.5367E-15  1.1190E-07   7.100E+03      63- 281     1208
Rovibration_vJ|2[0]         -Rovibration_vJ|10[1]            2.7977E-17  1.5910E-09   6.253E+03      63- 312     1209
Rovibration_vJ|2[1]         -Rovibration_vJ|2[2]             8.1841E-09  1.8670E-07   1.325E+07      64-  65     1210
Rovibration_vJ|2[1]         -Rovibration_vJ|3[0]             1.1279E-05  9.8270E+01   4.792E+04      64-  94     1211
Rovibration_vJ|2[1]         -Rovibration_vJ|3[2]             2.2688E-05  3.9960E+01   4.767E+04      64-  96     1212
Rovibration_vJ|2[1]         -Rovibration_vJ|4[0]             1.7486E-07  6.0280E+00   2.409E+04      64- 125     1213
Rovibration_vJ|2[1]         -Rovibration_vJ|4[2]             3.5590E-07  2.4670E+00   2.403E+04      64- 127     1214
Rovibration_vJ|2[1]         -Rovibration_vJ|5[0]             1.8412E-09  1.4110E-01   1.616E+04      64- 156     1215
Rovibration_vJ|2[1]         -Rovibration_vJ|5[2]             3.8176E-09  5.8720E-02   1.613E+04      64- 158     1216
Rovibration_vJ|2[1]         -Rovibration_vJ|6[0]             1.1245E-11  1.5130E-03   1.220E+04      64- 187     1217
Rovibration_vJ|2[1]         -Rovibration_vJ|6[2]             2.4528E-11  6.6180E-04   1.218E+04      64- 189     1218
Rovibration_vJ|2[1]         -Rovibration_vJ|7[0]             5.0290E-15  1.0440E-06   9.818E+03      64- 218     1219
Rovibration_vJ|2[1]         -Rovibration_vJ|7[2]             3.5283E-15  1.4680E-07   9.808E+03      64- 220     1220
Rovibration_vJ|2[1]         -Rovibration_vJ|8[0]             1.2770E-14  3.7690E-06   8.234E+03      64- 249     1221
Rovibration_vJ|2[1]         -Rovibration_vJ|8[2]             2.2965E-14  1.3580E-06   8.227E+03      64- 251     1222
Rovibration_vJ|2[1]         -Rovibration_vJ|9[0]             8.9587E-16  3.5530E-07   7.103E+03      64- 280     1223
Rovibration_vJ|2[1]         -Rovibration_vJ|9[2]             1.6428E-15  1.3050E-07   7.098E+03      64- 282     1224
Rovibration_vJ|2[1]         -Rovibration_vJ|10[0]            8.1080E-18  4.1460E-09   6.256E+03      64- 311     1225
Rovibration_vJ|2[1]         -Rovibration_vJ|10[2]            1.9980E-17  2.0460E-09   6.252E+03      64- 313     1226
Rovibration_vJ|2[2]         -Rovibration_vJ|2[3]             1.1028E-08  6.7380E-07   8.830E+06      65-  66     1227
Rovibration_vJ|2[2]         -Rovibration_vJ|3[1]             1.3509E-05  6.5150E+01   4.801E+04      65-  95     1228
Rovibration_vJ|2[2]         -Rovibration_vJ|3[3]             2.0455E-05  4.3040E+01   4.759E+04      65-  97     1229
Rovibration_vJ|2[2]         -Rovibration_vJ|4[1]             2.0861E-07  3.9880E+00   2.412E+04      65- 126     1230
Rovibration_vJ|2[2]         -Rovibration_vJ|4[3]             3.2215E-07  2.6630E+00   2.401E+04      65- 128     1231
Rovibration_vJ|2[2]         -Rovibration_vJ|5[1]             2.1841E-09  9.2870E-02   1.617E+04      65- 157     1232
Rovibration_vJ|2[2]         -Rovibration_vJ|5[3]             3.4776E-09  6.3750E-02   1.612E+04      65- 159     1233
Rovibration_vJ|2[2]         -Rovibration_vJ|6[1]             1.3103E-11  9.7850E-04   1.220E+04      65- 188     1234
Rovibration_vJ|2[2]         -Rovibration_vJ|6[3]             2.2717E-11  7.3030E-04   1.217E+04      65- 190     1235
Rovibration_vJ|2[2]         -Rovibration_vJ|7[1]             7.7577E-15  8.9400E-07   9.822E+03      65- 219     1236
Rovibration_vJ|2[2]         -Rovibration_vJ|7[3]             1.8689E-15  9.2630E-08   9.805E+03      65- 221     1237
Rovibration_vJ|2[2]         -Rovibration_vJ|8[1]             1.5855E-14  2.5980E-06   8.237E+03      65- 250     1238
Rovibration_vJ|2[2]         -Rovibration_vJ|8[3]             1.9920E-14  1.4030E-06   8.225E+03      65- 252     1239
Rovibration_vJ|2[2]         -Rovibration_vJ|9[1]             1.1058E-15  2.4350E-07   7.105E+03      65- 281     1240
Rovibration_vJ|2[2]         -Rovibration_vJ|9[3]             1.4354E-15  1.3580E-07   7.096E+03      65- 283     1241
Rovibration_vJ|2[2]         -Rovibration_vJ|10[1]            9.0583E-18  2.5720E-09   6.257E+03      65- 312     1242
Rovibration_vJ|2[2]         -Rovibration_vJ|10[3]            1.9253E-17  2.3480E-09   6.250E+03      65- 314     1243
Rovibration_vJ|2[3]         -Rovibration_vJ|2[4]             1.3960E-08  1.6510E-06   6.623E+06      66-  67     1244
Rovibration_vJ|2[3]         -Rovibration_vJ|3[2]             1.4447E-05  5.8310E+01   4.810E+04      66-  96     1245
Rovibration_vJ|2[3]         -Rovibration_vJ|3[4]             1.9521E-05  4.4880E+01   4.750E+04      66-  98     1246
Rovibration_vJ|2[3]         -Rovibration_vJ|4[2]             2.2224E-07  3.5620E+00   2.414E+04      66- 127     1247
Rovibration_vJ|2[3]         -Rovibration_vJ|4[4]             3.0867E-07  2.7830E+00   2.399E+04      66- 129     1248
Rovibration_vJ|2[3]         -Rovibration_vJ|5[2]             2.3128E-09  8.2500E-02   1.618E+04      66- 158     1249
Rovibration_vJ|2[3]         -Rovibration_vJ|5[4]             3.3524E-09  6.6990E-02   1.611E+04      66- 160     1250
Rovibration_vJ|2[3]         -Rovibration_vJ|6[2]             1.3634E-11  8.5440E-04   1.221E+04      66- 189     1251
Rovibration_vJ|2[3]         -Rovibration_vJ|6[4]             2.2262E-11  7.7990E-04   1.217E+04      66- 191     1252
Rovibration_vJ|2[3]         -Rovibration_vJ|7[2]             1.0370E-14  1.0030E-06   9.826E+03      66- 220     1253
Rovibration_vJ|2[3]         -Rovibration_vJ|7[4]             8.5756E-16  4.6310E-08   9.802E+03      66- 222     1254
Rovibration_vJ|2[3]         -Rovibration_vJ|8[2]             1.7557E-14  2.4150E-06   8.240E+03      66- 251     1255
Rovibration_vJ|2[3]         -Rovibration_vJ|8[4]             1.8272E-14  1.4020E-06   8.223E+03      66- 253     1256
Rovibration_vJ|2[3]         -Rovibration_vJ|9[2]             1.2182E-15  2.2520E-07   7.107E+03      66- 282     1257
Rovibration_vJ|2[3]         -Rovibration_vJ|9[4]             1.3264E-15  1.3670E-07   7.095E+03      66- 284     1258
Rovibration_vJ|2[3]         -Rovibration_vJ|10[2]            9.0318E-18  2.1530E-09   6.259E+03      66- 313     1259
Rovibration_vJ|2[3]         -Rovibration_vJ|10[4]            1.9603E-17  2.6040E-09   6.249E+03      66- 315     1260
Rovibration_vJ|2[4]         -Rovibration_vJ|2[5]             1.6906E-08  3.2860E-06   5.299E+06      67-  68     1261
Rovibration_vJ|2[4]         -Rovibration_vJ|3[3]             1.4954E-05  5.5220E+01   4.819E+04      67-  97     1262
Rovibration_vJ|2[4]         -Rovibration_vJ|3[5]             1.9013E-05  4.6140E+01   4.742E+04      67-  99     1263
Rovibration_vJ|2[4]         -Rovibration_vJ|4[3]             2.2919E-07  3.3670E+00   2.416E+04      67- 128     1264
Rovibration_vJ|2[4]         -Rovibration_vJ|4[5]             3.0189E-07  2.8680E+00   2.397E+04      67- 130     1265
Rovibration_vJ|2[4]         -Rovibration_vJ|5[3]             2.3704E-09  7.7550E-02   1.619E+04      67- 159     1266
Rovibration_vJ|2[4]         -Rovibration_vJ|5[5]             3.2990E-09  6.9420E-02   1.610E+04      67- 161     1267
Rovibration_vJ|2[4]         -Rovibration_vJ|6[3]             1.3727E-11  7.8920E-04   1.221E+04      67- 190     1268
Rovibration_vJ|2[4]         -Rovibration_vJ|6[5]             2.2270E-11  8.2130E-04   1.216E+04      67- 192     1269
Rovibration_vJ|2[4]         -Rovibration_vJ|7[3]             1.3115E-14  1.1640E-06   9.830E+03      67- 221     1270
Rovibration_vJ|2[4]         -Rovibration_vJ|7[5]             2.5774E-16  1.4650E-08   9.799E+03      67- 223     1271
Rovibration_vJ|2[4]         -Rovibration_vJ|8[3]             1.8815E-14  2.3750E-06   8.243E+03      67- 252     1272
Rovibration_vJ|2[4]         -Rovibration_vJ|8[5]             1.7089E-14  1.3800E-06   8.221E+03      67- 254     1273
Rovibration_vJ|2[4]         -Rovibration_vJ|9[3]             1.2985E-15  2.2030E-07   7.110E+03      67- 283     1274
Rovibration_vJ|2[4]         -Rovibration_vJ|9[5]             1.2503E-15  1.3560E-07   7.094E+03      67- 285     1275
Rovibration_vJ|2[4]         -Rovibration_vJ|10[3]            8.7023E-18  1.9040E-09   6.261E+03      67- 314     1276
Rovibration_vJ|2[4]         -Rovibration_vJ|10[5]            2.0368E-17  2.8470E-09   6.248E+03      67- 316     1277
Rovibration_vJ|2[5]         -Rovibration_vJ|2[6]             1.9829E-08  5.7390E-06   4.416E+06      68-  69     1278
Rovibration_vJ|2[5]         -Rovibration_vJ|3[4]             1.5264E-05  5.3380E+01   4.828E+04      68-  98     1279
Rovibration_vJ|2[5]         -Rovibration_vJ|3[6]             1.8700E-05  4.7090E+01   4.734E+04      68- 100     1280
Rovibration_vJ|2[5]         -Rovibration_vJ|4[4]             2.3303E-07  3.2480E+00   2.418E+04      68- 129     1281
Rovibration_vJ|2[5]         -Rovibration_vJ|4[6]             2.9815E-07  2.9340E+00   2.395E+04      68- 131     1282
Rovibration_vJ|2[5]         -Rovibration_vJ|5[4]             2.3958E-09  7.4410E-02   1.620E+04      68- 160     1283
Rovibration_vJ|2[5]         -Rovibration_vJ|5[6]             3.2785E-09  7.1420E-02   1.610E+04      68- 162     1284
Rovibration_vJ|2[5]         -Rovibration_vJ|6[4]             1.3631E-11  7.4420E-04   1.222E+04      68- 191     1285
Rovibration_vJ|2[5]         -Rovibration_vJ|6[6]             2.2493E-11  8.5850E-04   1.216E+04      68- 193     1286
Rovibration_vJ|2[5]         -Rovibration_vJ|7[4]             1.6051E-14  1.3530E-06   9.834E+03      68- 222     1287
Rovibration_vJ|2[5]         -Rovibration_vJ|7[6]             9.6355E-18  5.6670E-10   9.796E+03      68- 224     1288
Rovibration_vJ|2[5]         -Rovibration_vJ|8[4]             1.9866E-14  2.3820E-06   8.246E+03      68- 253     1289
Rovibration_vJ|2[5]         -Rovibration_vJ|8[6]             1.6134E-14  1.3480E-06   8.219E+03      68- 255     1290
Rovibration_vJ|2[5]         -Rovibration_vJ|9[4]             1.3644E-15  2.1990E-07   7.112E+03      68- 284     1291
Rovibration_vJ|2[5]         -Rovibration_vJ|9[6]             1.1907E-15  1.3360E-07   7.093E+03      68- 286     1292
Rovibration_vJ|2[5]         -Rovibration_vJ|10[4]            8.2651E-18  1.7180E-09   6.263E+03      68- 315     1293
Rovibration_vJ|2[5]         -Rovibration_vJ|10[6]            2.1342E-17  3.0860E-09   6.248E+03      68- 317     1294
Rovibration_vJ|2[6]         -Rovibration_vJ|2[7]             2.2718E-08  9.1650E-06   3.785E+06      69-  70     1295
Rovibration_vJ|2[6]         -Rovibration_vJ|3[5]             1.5469E-05  5.2110E+01   4.837E+04      69-  99     1296
Rovibration_vJ|2[6]         -Rovibration_vJ|3[7]             1.8494E-05  4.7860E+01   4.726E+04      69- 101     1297
Rovibration_vJ|2[6]         -Rovibration_vJ|4[5]             2.3530E-07  3.1650E+00   2.421E+04      69- 130     1298
Rovibration_vJ|2[6]         -Rovibration_vJ|4[7]             2.9608E-07  2.9890E+00   2.393E+04      69- 132     1299
Rovibration_vJ|2[6]         -Rovibration_vJ|5[5]             2.4045E-09  7.2110E-02   1.621E+04      69- 161     1300
Rovibration_vJ|2[6]         -Rovibration_vJ|5[7]             3.2762E-09  7.3170E-02   1.609E+04      69- 163     1301
Rovibration_vJ|2[6]         -Rovibration_vJ|6[5]             1.3435E-11  7.0850E-04   1.223E+04      69- 192     1302
Rovibration_vJ|2[6]         -Rovibration_vJ|6[7]             2.2840E-11  8.9350E-04   1.216E+04      69- 194     1303
Rovibration_vJ|2[6]         -Rovibration_vJ|7[5]             1.9181E-14  1.5620E-06   9.839E+03      69- 223     1304
Rovibration_vJ|2[6]         -Rovibration_vJ|7[7]             9.4774E-17  5.7120E-09   9.794E+03      69- 225     1305
Rovibration_vJ|2[6]         -Rovibration_vJ|8[5]             2.0820E-14  2.4120E-06   8.249E+03      69- 254     1306
Rovibration_vJ|2[6]         -Rovibration_vJ|8[7]             1.5291E-14  1.3090E-06   8.218E+03      69- 256     1307
Rovibration_vJ|2[6]         -Rovibration_vJ|9[5]             1.4236E-15  2.2170E-07   7.115E+03      69- 285     1308
Rovibration_vJ|2[6]         -Rovibration_vJ|9[7]             1.1387E-15  1.3090E-07   7.091E+03      69- 287     1309
Rovibration_vJ|2[6]         -Rovibration_vJ|10[5]            7.7816E-18  1.5630E-09   6.265E+03      69- 316     1310
Rovibration_vJ|2[6]         -Rovibration_vJ|10[7]            2.2466E-17  3.3280E-09   6.247E+03      69- 318     1311
Rovibration_vJ|2[7]         -Rovibration_vJ|2[8]             2.5562E-08  1.3710E-05   3.313E+06      70-  71     1312
Rovibration_vJ|2[7]         -Rovibration_vJ|3[6]             1.5612E-05  5.1150E+01   4.847E+04      70- 100     1313
Rovibration_vJ|2[7]         -Rovibration_vJ|3[8]             1.8351E-05  4.8510E+01   4.719E+04      70- 102     1314
Rovibration_vJ|2[7]         -Rovibration_vJ|4[6]             2.3654E-07  3.1000E+00   2.423E+04      70- 131     1315
Rovibration_vJ|2[7]         -Rovibration_vJ|4[8]             2.9504E-07  3.0370E+00   2.391E+04      70- 133     1316
Rovibration_vJ|2[7]         -Rovibration_vJ|5[6]             2.4030E-09  7.0260E-02   1.622E+04      70- 162     1317
Rovibration_vJ|2[7]         -Rovibration_vJ|5[8]             3.2848E-09  7.4760E-02   1.608E+04      70- 164     1318
Rovibration_vJ|2[7]         -Rovibration_vJ|6[6]             1.3184E-11  6.7800E-04   1.223E+04      70- 193     1319
Rovibration_vJ|2[7]         -Rovibration_vJ|6[8]             2.3270E-11  9.2740E-04   1.215E+04      70- 195     1320
Rovibration_vJ|2[7]         -Rovibration_vJ|7[6]             2.2522E-14  1.7890E-06   9.843E+03      70- 224     1321
Rovibration_vJ|2[7]         -Rovibration_vJ|7[8]             5.0840E-16  3.1210E-08   9.791E+03      70- 226     1322
Rovibration_vJ|2[7]         -Rovibration_vJ|8[6]             2.1714E-14  2.4540E-06   8.252E+03      70- 255     1323
Rovibration_vJ|2[7]         -Rovibration_vJ|8[8]             1.4532E-14  1.2670E-06   8.216E+03      70- 257     1324
Rovibration_vJ|2[7]         -Rovibration_vJ|9[6]             1.4783E-15  2.2460E-07   7.117E+03      70- 286     1325
Rovibration_vJ|2[7]         -Rovibration_vJ|9[8]             1.0926E-15  1.2790E-07   7.091E+03      70- 288     1326
Rovibration_vJ|2[7]         -Rovibration_vJ|10[6]            7.2868E-18  1.4280E-09   6.267E+03      70- 317     1327
Rovibration_vJ|2[7]         -Rovibration_vJ|10[8]            2.3700E-17  3.5750E-09   6.246E+03      70- 319     1328
Rovibration_vJ|2[8]         -Rovibration_vJ|2[9]             2.8350E-08  1.9510E-05   2.945E+06      71-  72     1329
Rovibration_vJ|2[8]         -Rovibration_vJ|3[7]             1.5710E-05  5.0360E+01   4.856E+04      71- 101     1330
Rovibration_vJ|2[8]         -Rovibration_vJ|3[9]             1.8250E-05  4.9080E+01   4.711E+04      71- 103     1331
Rovibration_vJ|2[8]         -Rovibration_vJ|4[7]             2.3719E-07  3.0470E+00   2.426E+04      71- 132     1332
Rovibration_vJ|2[8]         -Rovibration_vJ|4[9]             2.9463E-07  3.0800E+00   2.389E+04      71- 134     1333
Rovibration_vJ|2[8]         -Rovibration_vJ|5[7]             2.3953E-09  6.8690E-02   1.624E+04      71- 163     1334
Rovibration_vJ|2[8]         -Rovibration_vJ|5[9]             3.3009E-09  7.6250E-02   1.607E+04      71- 165     1335
Rovibration_vJ|2[8]         -Rovibration_vJ|6[7]             1.2903E-11  6.5100E-04   1.224E+04      71- 194     1336
Rovibration_vJ|2[8]         -Rovibration_vJ|6[9]             2.3755E-11  9.6060E-04   1.215E+04      71- 196     1337
Rovibration_vJ|2[8]         -Rovibration_vJ|7[7]             2.6096E-14  2.0340E-06   9.848E+03      71- 225     1338
Rovibration_vJ|2[8]         -Rovibration_vJ|7[9]             1.2515E-15  7.7940E-08   9.789E+03      71- 227     1339
Rovibration_vJ|2[8]         -Rovibration_vJ|8[7]             2.2568E-14  2.5030E-06   8.256E+03      71- 256     1340
Rovibration_vJ|2[8]         -Rovibration_vJ|8[9]             1.3829E-14  1.2230E-06   8.215E+03      71- 258     1341
Rovibration_vJ|2[8]         -Rovibration_vJ|9[7]             1.5303E-15  2.2820E-07   7.120E+03      71- 287     1342
Rovibration_vJ|2[8]         -Rovibration_vJ|9[9]             1.0503E-15  1.2470E-07   7.090E+03      71- 289     1343
Rovibration_vJ|2[8]         -Rovibration_vJ|10[7]            6.7949E-18  1.3070E-09   6.269E+03      71- 318     1344
Rovibration_vJ|2[8]         -Rovibration_vJ|10[9]            2.5028E-17  3.8290E-09   6.246E+03      71- 320     1345
Rovibration_vJ|2[9]         -Rovibration_vJ|2[10]            3.1062E-08  2.6680E-05   2.651E+06      72-  73     1346
Rovibration_vJ|2[9]         -Rovibration_vJ|3[8]             1.5784E-05  4.9700E+01   4.866E+04      72- 102     1347
Rovibration_vJ|2[9]         -Rovibration_vJ|3[10]            1.8177E-05  4.9590E+01   4.703E+04      72- 104     1348
Rovibration_vJ|2[9]         -Rovibration_vJ|4[8]             2.3747E-07  3.0020E+00   2.428E+04      72- 133     1349
Rovibration_vJ|2[9]         -Rovibration_vJ|4[10]            2.9472E-07  3.1200E+00   2.388E+04      72- 135     1350
Rovibration_vJ|2[9]         -Rovibration_vJ|5[8]             2.3837E-09  6.7310E-02   1.625E+04      72- 164     1351
Rovibration_vJ|2[9]         -Rovibration_vJ|5[10]            3.3222E-09  7.7670E-02   1.607E+04      72- 166     1352
Rovibration_vJ|2[9]         -Rovibration_vJ|6[8]             1.2602E-11  6.2630E-04   1.225E+04      72- 195     1353
Rovibration_vJ|2[9]         -Rovibration_vJ|6[10]            2.4283E-11  9.9350E-04   1.215E+04      72- 197     1354
Rovibration_vJ|2[9]         -Rovibration_vJ|7[8]             2.9862E-14  2.2930E-06   9.853E+03      72- 226     1355
Rovibration_vJ|2[9]         -Rovibration_vJ|7[10]            2.3286E-15  1.4670E-07   9.787E+03      72- 228     1356
Rovibration_vJ|2[9]         -Rovibration_vJ|8[8]             2.3409E-14  2.5580E-06   8.260E+03      72- 257     1357
Rovibration_vJ|2[9]         -Rovibration_vJ|8[10]            1.3158E-14  1.1770E-06   8.214E+03      72- 259     1358
Rovibration_vJ|2[9]         -Rovibration_vJ|9[8]             1.5810E-15  2.3230E-07   7.123E+03      72- 288     1359
Rovibration_vJ|2[9]         -Rovibration_vJ|9[10]            1.0101E-15  1.2130E-07   7.089E+03      72- 290     1360
Rovibration_vJ|2[9]         -Rovibration_vJ|10[8]            6.3099E-18  1.1960E-09   6.271E+03      72- 319     1361
Rovibration_vJ|2[9]         -Rovibration_vJ|10[10]           2.6435E-17  4.0900E-09   6.245E+03      72- 321     1362
Rovibration_vJ|2[10]        -Rovibration_vJ|2[11]            3.3714E-08  3.5350E-05   2.410E+06      73-  74     1363
Rovibration_vJ|2[10]        -Rovibration_vJ|3[9]             1.5838E-05  4.9120E+01   4.875E+04      73- 103     1364
Rovibration_vJ|2[10]        -Rovibration_vJ|3[11]            1.8125E-05  5.0060E+01   4.696E+04      73- 105     1365
Rovibration_vJ|2[10]        -Rovibration_vJ|4[9]             2.3736E-07  2.9610E+00   2.431E+04      73- 134     1366
Rovibration_vJ|2[10]        -Rovibration_vJ|4[11]            2.9509E-07  3.1570E+00   2.386E+04      73- 136     1367
Rovibration_vJ|2[10]        -Rovibration_vJ|5[9]             2.3689E-09  6.6050E-02   1.626E+04      73- 165     1368
Rovibration_vJ|2[10]        -Rovibration_vJ|5[11]            3.3473E-09  7.9040E-02   1.606E+04      73- 167     1369
Rovibration_vJ|2[10]        -Rovibration_vJ|6[9]             1.2291E-11  6.0330E-04   1.226E+04      73- 196     1370
Rovibration_vJ|2[10]        -Rovibration_vJ|6[11]            2.4860E-11  1.0270E-03   1.214E+04      73- 198     1371
Rovibration_vJ|2[10]        -Rovibration_vJ|7[9]             3.3854E-14  2.5680E-06   9.859E+03      73- 227     1372
Rovibration_vJ|2[10]        -Rovibration_vJ|7[11]            3.7437E-15  2.3810E-07   9.786E+03      73- 229     1373
Rovibration_vJ|2[10]        -Rovibration_vJ|8[9]             2.4231E-14  2.6160E-06   8.264E+03      73- 258     1374
Rovibration_vJ|2[10]        -Rovibration_vJ|8[11]            1.2526E-14  1.1310E-06   8.213E+03      73- 260     1375
Rovibration_vJ|2[10]        -Rovibration_vJ|9[9]             1.6310E-15  2.3680E-07   7.126E+03      73- 289     1376
Rovibration_vJ|2[10]        -Rovibration_vJ|9[11]            9.7275E-16  1.1790E-07   7.089E+03      73- 291     1377
Rovibration_vJ|2[10]        -Rovibration_vJ|10[9]            5.8410E-18  1.0940E-09   6.274E+03      73- 320     1378
Rovibration_vJ|2[10]        -Rovibration_vJ|10[11]           2.7915E-17  4.3590E-09   6.245E+03      73- 322     1379
Rovibration_vJ|2[11]        -Rovibration_vJ|2[12]            3.6286E-08  4.5610E-05   2.210E+06      74-  75     1380
Rovibration_vJ|2[11]        -Rovibration_vJ|3[10]            1.5874E-05  4.8590E+01   4.885E+04      74- 104     1381
Rovibration_vJ|2[11]        -Rovibration_vJ|3[12]            1.8086E-05  5.0490E+01   4.688E+04      74- 106     1382
Rovibration_vJ|2[11]        -Rovibration_vJ|4[10]            2.3705E-07  2.9240E+00   2.434E+04      74- 135     1383
Rovibration_vJ|2[11]        -Rovibration_vJ|4[12]            2.9569E-07  3.1920E+00   2.384E+04      74- 137     1384
Rovibration_vJ|2[11]        -Rovibration_vJ|5[10]            2.3523E-09  6.4890E-02   1.627E+04      74- 166     1385
Rovibration_vJ|2[11]        -Rovibration_vJ|5[12]            3.3752E-09  8.0370E-02   1.605E+04      74- 168     1386
Rovibration_vJ|2[11]        -Rovibration_vJ|6[10]            1.1974E-11  5.8170E-04   1.226E+04      74- 197     1387
Rovibration_vJ|2[11]        -Rovibration_vJ|6[12]            2.5452E-11  1.0600E-03   1.214E+04      74- 199     1388
Rovibration_vJ|2[11]        -Rovibration_vJ|7[10]            3.8050E-14  2.8570E-06   9.864E+03      74- 228     1389
Rovibration_vJ|2[11]        -Rovibration_vJ|7[12]            5.5050E-15  3.5290E-07   9.784E+03      74- 230     1390
Rovibration_vJ|2[11]        -Rovibration_vJ|8[10]            2.5047E-14  2.6770E-06   8.268E+03      74- 259     1391
Rovibration_vJ|2[11]        -Rovibration_vJ|8[12]            1.1912E-14  1.0840E-06   8.212E+03      74- 261     1392
Rovibration_vJ|2[11]        -Rovibration_vJ|9[10]            1.6808E-15  2.4160E-07   7.129E+03      74- 290     1393
Rovibration_vJ|2[11]        -Rovibration_vJ|9[12]            9.3662E-16  1.1440E-07   7.088E+03      74- 292     1394
Rovibration_vJ|2[11]        -Rovibration_vJ|10[10]           5.3827E-18  9.9820E-10   6.277E+03      74- 321     1395
Rovibration_vJ|2[11]        -Rovibration_vJ|10[12]           2.9463E-17  4.6360E-09   6.245E+03      74- 323     1396
Rovibration_vJ|2[12]        -Rovibration_vJ|2[13]            3.8768E-08  5.7540E-05   2.040E+06      75-  76     1397
Rovibration_vJ|2[12]        -Rovibration_vJ|3[11]            1.5901E-05  4.8110E+01   4.895E+04      75- 105     1398
Rovibration_vJ|2[12]        -Rovibration_vJ|3[13]            1.8056E-05  5.0890E+01   4.681E+04      75- 107     1399
Rovibration_vJ|2[12]        -Rovibration_vJ|4[11]            2.3660E-07  2.8900E+00   2.436E+04      75- 136     1400
Rovibration_vJ|2[12]        -Rovibration_vJ|4[13]            2.9652E-07  3.2260E+00   2.383E+04      75- 138     1401
Rovibration_vJ|2[12]        -Rovibration_vJ|5[11]            2.3342E-09  6.3800E-02   1.629E+04      75- 167     1402
Rovibration_vJ|2[12]        -Rovibration_vJ|5[13]            3.4060E-09  8.1690E-02   1.605E+04      75- 169     1403
Rovibration_vJ|2[12]        -Rovibration_vJ|6[11]            1.1656E-11  5.6120E-04   1.227E+04      75- 198     1404
Rovibration_vJ|2[12]        -Rovibration_vJ|6[13]            2.6064E-11  1.0930E-03   1.214E+04      75- 200     1405
Rovibration_vJ|2[12]        -Rovibration_vJ|7[11]            4.2440E-14  3.1590E-06   9.869E+03      75- 229     1406
Rovibration_vJ|2[12]        -Rovibration_vJ|7[13]            7.6189E-15  4.9170E-07   9.783E+03      75- 231     1407
Rovibration_vJ|2[12]        -Rovibration_vJ|8[11]            2.5867E-14  2.7410E-06   8.272E+03      75- 260     1408
Rovibration_vJ|2[12]        -Rovibration_vJ|8[13]            1.1332E-14  1.0380E-06   8.211E+03      75- 262     1409
Rovibration_vJ|2[12]        -Rovibration_vJ|9[11]            1.7303E-15  2.4660E-07   7.132E+03      75- 291     1410
Rovibration_vJ|2[12]        -Rovibration_vJ|9[13]            9.0208E-16  1.1090E-07   7.088E+03      75- 293     1411
Rovibration_vJ|2[12]        -Rovibration_vJ|10[11]           4.9412E-18  9.0860E-10   6.279E+03      75- 322     1412
Rovibration_vJ|2[12]        -Rovibration_vJ|10[13]           3.1061E-17  4.9190E-09   6.245E+03      75- 324     1413
Rovibration_vJ|2[13]        -Rovibration_vJ|2[14]            4.1162E-08  7.1220E-05   1.895E+06      76-  77     1414
Rovibration_vJ|2[13]        -Rovibration_vJ|3[12]            1.5919E-05  4.7660E+01   4.905E+04      76- 106     1415
Rovibration_vJ|2[13]        -Rovibration_vJ|3[14]            1.8036E-05  5.1270E+01   4.674E+04      76- 108     1416
Rovibration_vJ|2[13]        -Rovibration_vJ|4[12]            2.3610E-07  2.8590E+00   2.439E+04      76- 137     1417
Rovibration_vJ|2[13]        -Rovibration_vJ|4[14]            2.9752E-07  3.2590E+00   2.381E+04      76- 139     1418
Rovibration_vJ|2[13]        -Rovibration_vJ|5[12]            2.3147E-09  6.2760E-02   1.630E+04      76- 168     1419
Rovibration_vJ|2[13]        -Rovibration_vJ|5[14]            3.4387E-09  8.2990E-02   1.604E+04      76- 170     1420
Rovibration_vJ|2[13]        -Rovibration_vJ|6[12]            1.1338E-11  5.4170E-04   1.228E+04      76- 199     1421
Rovibration_vJ|2[13]        -Rovibration_vJ|6[14]            2.6716E-11  1.1270E-03   1.213E+04      76- 201     1422
Rovibration_vJ|2[13]        -Rovibration_vJ|7[12]            4.7041E-14  3.4750E-06   9.875E+03      76- 230     1423
Rovibration_vJ|2[13]        -Rovibration_vJ|7[14]            1.0092E-14  6.5510E-07   9.781E+03      76- 232     1424
Rovibration_vJ|2[13]        -Rovibration_vJ|8[12]            2.6679E-14  2.8060E-06   8.276E+03      76- 261     1425
Rovibration_vJ|2[13]        -Rovibration_vJ|8[14]            1.0758E-14  9.9100E-07   8.211E+03      76- 263     1426
Rovibration_vJ|2[13]        -Rovibration_vJ|9[12]            1.7798E-15  2.5180E-07   7.136E+03      76- 292     1427
Rovibration_vJ|2[13]        -Rovibration_vJ|9[14]            8.6797E-16  1.0730E-07   7.088E+03      76- 294     1428
Rovibration_vJ|2[13]        -Rovibration_vJ|10[12]           4.5140E-18  8.2400E-10   6.282E+03      76- 323     1429
Rovibration_vJ|2[13]        -Rovibration_vJ|10[14]           3.2713E-17  5.2090E-09   6.245E+03      76- 325     1430
Rovibration_vJ|2[14]        -Rovibration_vJ|2[15]            4.3454E-08  8.6690E-05   1.769E+06      77-  78     1431
Rovibration_vJ|2[14]        -Rovibration_vJ|3[13]            1.5932E-05  4.7240E+01   4.915E+04      77- 107     1432
Rovibration_vJ|2[14]        -Rovibration_vJ|3[15]            1.8025E-05  5.1640E+01   4.667E+04      77- 109     1433
Rovibration_vJ|2[14]        -Rovibration_vJ|4[13]            2.3545E-07  2.8290E+00   2.442E+04      77- 138     1434
Rovibration_vJ|2[14]        -Rovibration_vJ|4[15]            2.9862E-07  3.2910E+00   2.380E+04      77- 140     1435
Rovibration_vJ|2[14]        -Rovibration_vJ|5[13]            2.2950E-09  6.1780E-02   1.631E+04      77- 169     1436
Rovibration_vJ|2[14]        -Rovibration_vJ|5[15]            3.4735E-09  8.4290E-02   1.604E+04      77- 171     1437
Rovibration_vJ|2[14]        -Rovibration_vJ|6[13]            1.1024E-11  5.2310E-04   1.229E+04      77- 200     1438
Rovibration_vJ|2[14]        -Rovibration_vJ|6[15]            2.7404E-11  1.1620E-03   1.213E+04      77- 202     1439
Rovibration_vJ|2[14]        -Rovibration_vJ|7[13]            5.1840E-14  3.8040E-06   9.881E+03      77- 231     1440
Rovibration_vJ|2[14]        -Rovibration_vJ|7[15]            1.2936E-14  8.4390E-07   9.780E+03      77- 233     1441
Rovibration_vJ|2[14]        -Rovibration_vJ|8[13]            2.7506E-14  2.8740E-06   8.280E+03      77- 262     1442
Rovibration_vJ|2[14]        -Rovibration_vJ|8[15]            1.0208E-14  9.4490E-07   8.210E+03      77- 264     1443
Rovibration_vJ|2[14]        -Rovibration_vJ|9[13]            1.8299E-15  2.5720E-07   7.139E+03      77- 293     1444
Rovibration_vJ|2[14]        -Rovibration_vJ|9[15]            8.3565E-16  1.0380E-07   7.088E+03      77- 295     1445
Rovibration_vJ|2[14]        -Rovibration_vJ|10[13]           4.1015E-18  7.4390E-10   6.285E+03      77- 324     1446
Rovibration_vJ|2[14]        -Rovibration_vJ|10[15]           3.4409E-17  5.5050E-09   6.245E+03      77- 326     1447
Rovibration_vJ|2[15]        -Rovibration_vJ|2[16]            4.5646E-08  1.0400E-04   1.658E+06      78-  79     1448
Rovibration_vJ|2[15]        -Rovibration_vJ|3[14]            1.5935E-05  4.6830E+01   4.926E+04      78- 108     1449
Rovibration_vJ|2[15]        -Rovibration_vJ|3[16]            1.8018E-05  5.1990E+01   4.660E+04      78- 110     1450
Rovibration_vJ|2[15]        -Rovibration_vJ|4[14]            2.3469E-07  2.8000E+00   2.445E+04      78- 139     1451
Rovibration_vJ|2[15]        -Rovibration_vJ|4[16]            2.9981E-07  3.3220E+00   2.378E+04      78- 141     1452
Rovibration_vJ|2[15]        -Rovibration_vJ|5[14]            2.2747E-09  6.0840E-02   1.633E+04      78- 170     1453
Rovibration_vJ|2[15]        -Rovibration_vJ|5[16]            3.5097E-09  8.5580E-02   1.603E+04      78- 172     1454
Rovibration_vJ|2[15]        -Rovibration_vJ|6[14]            1.0713E-11  5.0520E-04   1.230E+04      78- 201     1455
Rovibration_vJ|2[15]        -Rovibration_vJ|6[16]            2.8101E-11  1.1970E-03   1.213E+04      78- 203     1456
Rovibration_vJ|2[15]        -Rovibration_vJ|7[14]            5.6827E-14  4.1450E-06   9.887E+03      78- 232     1457
Rovibration_vJ|2[15]        -Rovibration_vJ|7[16]            1.6163E-14  1.0590E-06   9.779E+03      78- 234     1458
Rovibration_vJ|2[15]        -Rovibration_vJ|8[14]            2.8322E-14  2.9420E-06   8.285E+03      78- 263     1459
Rovibration_vJ|2[15]        -Rovibration_vJ|8[16]            9.6740E-15  8.9930E-07   8.210E+03      78- 265     1460
Rovibration_vJ|2[15]        -Rovibration_vJ|9[14]            1.8806E-15  2.6280E-07   7.143E+03      78- 294     1461
Rovibration_vJ|2[15]        -Rovibration_vJ|9[16]            8.0494E-16  1.0040E-07   7.088E+03      78- 296     1462
Rovibration_vJ|2[15]        -Rovibration_vJ|10[14]           3.7014E-18  6.6750E-10   6.288E+03      78- 325     1463
Rovibration_vJ|2[15]        -Rovibration_vJ|10[16]           3.6136E-17  5.8050E-09   6.245E+03      78- 327     1464
Rovibration_vJ|2[16]        -Rovibration_vJ|2[17]            4.7743E-08  1.2320E-04   1.561E+06      79-  80     1465
Rovibration_vJ|2[16]        -Rovibration_vJ|3[15]            1.5936E-05  4.6440E+01   4.936E+04      79- 109     1466
Rovibration_vJ|2[16]        -Rovibration_vJ|3[17]            1.8016E-05  5.2330E+01   4.653E+04      79- 111     1467
Rovibration_vJ|2[16]        -Rovibration_vJ|4[15]            2.3386E-07  2.7720E+00   2.448E+04      79- 140     1468
Rovibration_vJ|2[16]        -Rovibration_vJ|4[17]            3.0112E-07  3.3530E+00   2.377E+04      79- 142     1469
Rovibration_vJ|2[16]        -Rovibration_vJ|5[15]            2.2540E-09  5.9930E-02   1.634E+04      79- 171     1470
Rovibration_vJ|2[16]        -Rovibration_vJ|5[17]            3.5468E-09  8.6860E-02   1.603E+04      79- 173     1471
Rovibration_vJ|2[16]        -Rovibration_vJ|6[15]            1.0404E-11  4.8790E-04   1.231E+04      79- 202     1472
Rovibration_vJ|2[16]        -Rovibration_vJ|6[17]            2.8807E-11  1.2320E-03   1.213E+04      79- 204     1473
Rovibration_vJ|2[16]        -Rovibration_vJ|7[15]            6.2003E-14  4.4980E-06   9.893E+03      79- 233     1474
Rovibration_vJ|2[16]        -Rovibration_vJ|7[17]            1.9766E-14  1.3000E-06   9.779E+03      79- 235     1475
Rovibration_vJ|2[16]        -Rovibration_vJ|8[15]            2.9151E-14  3.0120E-06   8.290E+03      79- 264     1476
Rovibration_vJ|2[16]        -Rovibration_vJ|8[17]            9.1559E-15  8.5430E-07   8.210E+03      79- 266     1477
Rovibration_vJ|2[16]        -Rovibration_vJ|9[15]            1.9322E-15  2.6860E-07   7.147E+03      79- 295     1478
Rovibration_vJ|2[16]        -Rovibration_vJ|9[17]            7.7447E-16  9.6950E-08   7.088E+03      79- 297     1479
Rovibration_vJ|2[16]        -Rovibration_vJ|10[15]           3.3143E-18  5.9460E-10   6.291E+03      79- 326     1480
Rovibration_vJ|2[16]        -Rovibration_vJ|10[17]           3.7888E-17  6.1080E-09   6.246E+03      79- 328     1481
Rovibration_vJ|2[17]        -Rovibration_vJ|2[18]            4.9704E-08  1.4420E-04   1.475E+06      80-  81     1482
Rovibration_vJ|2[17]        -Rovibration_vJ|3[16]            1.5931E-05  4.6060E+01   4.947E+04      80- 110     1483
Rovibration_vJ|2[17]        -Rovibration_vJ|3[18]            1.8018E-05  5.2660E+01   4.646E+04      80- 112     1484
Rovibration_vJ|2[17]        -Rovibration_vJ|4[16]            2.3308E-07  2.7460E+00   2.450E+04      80- 141     1485
Rovibration_vJ|2[17]        -Rovibration_vJ|4[18]            3.0247E-07  3.3830E+00   2.375E+04      80- 143     1486
Rovibration_vJ|2[17]        -Rovibration_vJ|5[16]            2.2330E-09  5.9050E-02   1.636E+04      80- 172     1487
Rovibration_vJ|2[17]        -Rovibration_vJ|5[18]            3.5856E-09  8.8150E-02   1.602E+04      80- 174     1488
Rovibration_vJ|2[17]        -Rovibration_vJ|6[16]            1.0102E-11  4.7130E-04   1.231E+04      80- 203     1489
Rovibration_vJ|2[17]        -Rovibration_vJ|6[18]            2.9543E-11  1.2680E-03   1.212E+04      80- 205     1490
Rovibration_vJ|2[17]        -Rovibration_vJ|7[16]            6.7355E-14  4.8620E-06   9.900E+03      80- 234     1491
Rovibration_vJ|2[17]        -Rovibration_vJ|7[18]            2.3760E-14  1.5680E-06   9.778E+03      80- 236     1492
Rovibration_vJ|2[17]        -Rovibration_vJ|8[16]            2.9983E-14  3.0830E-06   8.295E+03      80- 265     1493
Rovibration_vJ|2[17]        -Rovibration_vJ|8[18]            8.6517E-15  8.0990E-07   8.210E+03      80- 267     1494
Rovibration_vJ|2[17]        -Rovibration_vJ|9[16]            1.9833E-15  2.7440E-07   7.151E+03      80- 296     1495
Rovibration_vJ|2[17]        -Rovibration_vJ|9[18]            7.4502E-16  9.3560E-08   7.088E+03      80- 298     1496
Rovibration_vJ|2[17]        -Rovibration_vJ|10[16]           2.9396E-18  5.2490E-10   6.294E+03      80- 327     1497
Rovibration_vJ|2[17]        -Rovibration_vJ|10[18]           3.9656E-17  6.4130E-09   6.246E+03      80- 329     1498
Rovibration_vJ|2[18]        -Rovibration_vJ|2[19]            5.1537E-08  1.6700E-04   1.397E+06      81-  82     1499
Rovibration_vJ|2[18]        -Rovibration_vJ|3[17]            1.5927E-05  4.5700E+01   4.957E+04      81- 111     1500
Rovibration_vJ|2[18]        -Rovibration_vJ|3[19]            1.8019E-05  5.2970E+01   4.640E+04      81- 113     1501
Rovibration_vJ|2[18]        -Rovibration_vJ|4[17]            2.3219E-07  2.7200E+00   2.453E+04      81- 142     1502
Rovibration_vJ|2[18]        -Rovibration_vJ|4[19]            3.0391E-07  3.4130E+00   2.374E+04      81- 144     1503
Rovibration_vJ|2[18]        -Rovibration_vJ|5[17]            2.2121E-09  5.8200E-02   1.637E+04      81- 173     1504
Rovibration_vJ|2[18]        -Rovibration_vJ|5[19]            3.6258E-09  8.9450E-02   1.602E+04      81- 175     1505
Rovibration_vJ|2[18]        -Rovibration_vJ|6[17]            9.8062E-12  4.5530E-04   1.232E+04      81- 204     1506
Rovibration_vJ|2[18]        -Rovibration_vJ|6[19]            3.0308E-11  1.3050E-03   1.212E+04      81- 206     1507
Rovibration_vJ|2[18]        -Rovibration_vJ|7[17]            7.2898E-14  5.2380E-06   9.906E+03      81- 235     1508
Rovibration_vJ|2[18]        -Rovibration_vJ|7[19]            2.8175E-14  1.8650E-06   9.778E+03      81- 237     1509
Rovibration_vJ|2[18]        -Rovibration_vJ|8[17]            3.0831E-14  3.1560E-06   8.300E+03      81- 266     1510
Rovibration_vJ|2[18]        -Rovibration_vJ|8[19]            8.1623E-15  7.6630E-07   8.210E+03      81- 268     1511
Rovibration_vJ|2[18]        -Rovibration_vJ|9[17]            2.0364E-15  2.8050E-07   7.155E+03      81- 297     1512
Rovibration_vJ|2[18]        -Rovibration_vJ|9[19]            7.1649E-16  9.0230E-08   7.089E+03      81- 299     1513
Rovibration_vJ|2[18]        -Rovibration_vJ|10[17]           2.5767E-18  4.5810E-10   6.298E+03      81- 328     1514
Rovibration_vJ|2[18]        -Rovibration_vJ|10[19]           4.1423E-17  6.7170E-09   6.247E+03      81- 330     1515
Rovibration_vJ|2[19]        -Rovibration_vJ|2[20]            5.3250E-08  1.9160E-04   1.328E+06      82-  83     1516
Rovibration_vJ|2[19]        -Rovibration_vJ|3[18]            1.5917E-05  4.5340E+01   4.968E+04      82- 112     1517
Rovibration_vJ|2[19]        -Rovibration_vJ|3[20]            1.8026E-05  5.3280E+01   4.633E+04      82- 114     1518
Rovibration_vJ|2[19]        -Rovibration_vJ|4[18]            2.3130E-07  2.6950E+00   2.456E+04      82- 143     1519
Rovibration_vJ|2[19]        -Rovibration_vJ|4[20]            3.0543E-07  3.4430E+00   2.372E+04      82- 145     1520
Rovibration_vJ|2[19]        -Rovibration_vJ|5[18]            2.1910E-09  5.7370E-02   1.639E+04      82- 174     1521
Rovibration_vJ|2[19]        -Rovibration_vJ|5[20]            3.6669E-09  9.0750E-02   1.601E+04      82- 176     1522
Rovibration_vJ|2[19]        -Rovibration_vJ|6[18]            9.5148E-12  4.3980E-04   1.233E+04      82- 205     1523
Rovibration_vJ|2[19]        -Rovibration_vJ|6[20]            3.1102E-11  1.3430E-03   1.212E+04      82- 207     1524
Rovibration_vJ|2[19]        -Rovibration_vJ|7[18]            7.8621E-14  5.6250E-06   9.913E+03      82- 236     1525
Rovibration_vJ|2[19]        -Rovibration_vJ|7[20]            3.2996E-14  2.1900E-06   9.777E+03      82- 238     1526
Rovibration_vJ|2[19]        -Rovibration_vJ|8[18]            3.1676E-14  3.2290E-06   8.305E+03      82- 267     1527
Rovibration_vJ|2[19]        -Rovibration_vJ|8[20]            7.6868E-15  7.2350E-07   8.210E+03      82- 269     1528
Rovibration_vJ|2[19]        -Rovibration_vJ|9[18]            2.0892E-15  2.8660E-07   7.159E+03      82- 298     1529
Rovibration_vJ|2[19]        -Rovibration_vJ|9[20]            6.8866E-16  8.6940E-08   7.089E+03      82- 300     1530
Rovibration_vJ|2[19]        -Rovibration_vJ|10[18]           2.2262E-18  3.9420E-10   6.301E+03      82- 329     1531
Rovibration_vJ|2[19]        -Rovibration_vJ|10[20]           4.3187E-17  7.0200E-09   6.248E+03      82- 331     1532
Rovibration_vJ|2[20]        -Rovibration_vJ|2[21]            5.4853E-08  2.1800E-04   1.265E+06      83-  84     1533
Rovibration_vJ|2[20]        -Rovibration_vJ|3[19]            1.5905E-05  4.4990E+01   4.979E+04      83- 113     1534
Rovibration_vJ|2[20]        -Rovibration_vJ|3[21]            1.8038E-05  5.3590E+01   4.627E+04      83- 115     1535
Rovibration_vJ|2[20]        -Rovibration_vJ|4[19]            2.3033E-07  2.6700E+00   2.460E+04      83- 144     1536
Rovibration_vJ|2[20]        -Rovibration_vJ|4[21]            3.0694E-07  3.4720E+00   2.371E+04      83- 146     1537
Rovibration_vJ|2[20]        -Rovibration_vJ|5[19]            2.1698E-09  5.6560E-02   1.640E+04      83- 175     1538
Rovibration_vJ|2[20]        -Rovibration_vJ|5[21]            3.7088E-09  9.2050E-02   1.601E+04      83- 177     1539
Rovibration_vJ|2[20]        -Rovibration_vJ|6[19]            9.2291E-12  4.2480E-04   1.234E+04      83- 206     1540
Rovibration_vJ|2[20]        -Rovibration_vJ|6[21]            3.1900E-11  1.3810E-03   1.212E+04      83- 208     1541
Rovibration_vJ|2[20]        -Rovibration_vJ|7[19]            8.4510E-14  6.0220E-06   9.920E+03      83- 237     1542
Rovibration_vJ|2[20]        -Rovibration_vJ|7[21]            3.8238E-14  2.5440E-06   9.777E+03      83- 239     1543
Rovibration_vJ|2[20]        -Rovibration_vJ|8[19]            3.2530E-14  3.3030E-06   8.310E+03      83- 268     1544
Rovibration_vJ|2[20]        -Rovibration_vJ|8[21]            7.2252E-15  6.8160E-07   8.211E+03      83- 270     1545
Rovibration_vJ|2[20]        -Rovibration_vJ|9[19]            2.1441E-15  2.9300E-07   7.163E+03      83- 299     1546
Rovibration_vJ|2[20]        -Rovibration_vJ|9[21]            6.6171E-16  8.3720E-08   7.090E+03      83- 301     1547
Rovibration_vJ|2[20]        -Rovibration_vJ|10[19]           1.8888E-18  3.3320E-10   6.305E+03      83- 330     1548
Rovibration_vJ|2[20]        -Rovibration_vJ|10[21]           4.4926E-17  7.3180E-09   6.249E+03      83- 332     1549
Rovibration_vJ|2[21]        -Rovibration_vJ|2[22]            5.6309E-08  2.4600E-04   1.208E+06      84-  85     1550
Rovibration_vJ|2[21]        -Rovibration_vJ|3[20]            1.5893E-05  4.4650E+01   4.990E+04      84- 114     1551
Rovibration_vJ|2[21]        -Rovibration_vJ|3[22]            1.8046E-05  5.3880E+01   4.620E+04      84- 116     1552
Rovibration_vJ|2[21]        -Rovibration_vJ|4[20]            2.2947E-07  2.6470E+00   2.463E+04      84- 145     1553
Rovibration_vJ|2[21]        -Rovibration_vJ|4[22]            3.0860E-07  3.5020E+00   2.370E+04      84- 147     1554
Rovibration_vJ|2[21]        -Rovibration_vJ|5[20]            2.1491E-09  5.5780E-02   1.642E+04      84- 176     1555
Rovibration_vJ|2[21]        -Rovibration_vJ|5[22]            3.7521E-09  9.3370E-02   1.600E+04      84- 178     1556
Rovibration_vJ|2[21]        -Rovibration_vJ|6[20]            8.9498E-12  4.1030E-04   1.235E+04      84- 207     1557
Rovibration_vJ|2[21]        -Rovibration_vJ|6[22]            3.2724E-11  1.4200E-03   1.212E+04      84- 209     1558
Rovibration_vJ|2[21]        -Rovibration_vJ|7[20]            9.0581E-14  6.4300E-06   9.927E+03      84- 238     1559
Rovibration_vJ|2[21]        -Rovibration_vJ|7[22]            4.3931E-14  2.9290E-06   9.777E+03      84- 240     1560
Rovibration_vJ|2[21]        -Rovibration_vJ|8[20]            3.3402E-14  3.3790E-06   8.316E+03      84- 269     1561
Rovibration_vJ|2[21]        -Rovibration_vJ|8[22]            6.7768E-15  6.4060E-07   8.211E+03      84- 271     1562
Rovibration_vJ|2[21]        -Rovibration_vJ|9[20]            2.1988E-15  2.9940E-07   7.168E+03      84- 300     1563
Rovibration_vJ|2[21]        -Rovibration_vJ|9[22]            6.3551E-16  8.0560E-08   7.091E+03      84- 302     1564
Rovibration_vJ|2[21]        -Rovibration_vJ|10[20]           1.5662E-18  2.7530E-10   6.309E+03      84- 331     1565
Rovibration_vJ|2[21]        -Rovibration_vJ|10[22]           4.6631E-17  7.6100E-09   6.250E+03      84- 333     1566
Rovibration_vJ|2[22]        -Rovibration_vJ|2[23]            5.7617E-08  2.7550E-04   1.156E+06      85-  86     1567
Rovibration_vJ|2[22]        -Rovibration_vJ|3[21]            1.5877E-05  4.4310E+01   5.001E+04      85- 115     1568
Rovibration_vJ|2[22]        -Rovibration_vJ|3[23]            1.8059E-05  5.4170E+01   4.614E+04      85- 117     1569
Rovibration_vJ|2[22]        -Rovibration_vJ|4[21]            2.2847E-07  2.6230E+00   2.466E+04      85- 146     1570
Rovibration_vJ|2[22]        -Rovibration_vJ|4[23]            3.1023E-07  3.5310E+00   2.369E+04      85- 148     1571
Rovibration_vJ|2[22]        -Rovibration_vJ|5[21]            2.1282E-09  5.5010E-02   1.643E+04      85- 177     1572
Rovibration_vJ|2[22]        -Rovibration_vJ|5[23]            3.7964E-09  9.4700E-02   1.600E+04      85- 179     1573
Rovibration_vJ|2[22]        -Rovibration_vJ|6[21]            8.6775E-12  3.9630E-04   1.236E+04      85- 208     1574
Rovibration_vJ|2[22]        -Rovibration_vJ|6[23]            3.3575E-11  1.4600E-03   1.212E+04      85- 210     1575
Rovibration_vJ|2[22]        -Rovibration_vJ|7[21]            9.6807E-14  6.8470E-06   9.935E+03      85- 239     1576
Rovibration_vJ|2[22]        -Rovibration_vJ|7[23]            5.0059E-14  3.3440E-06   9.778E+03      85- 241     1577
Rovibration_vJ|2[22]        -Rovibration_vJ|8[21]            3.4273E-14  3.4550E-06   8.321E+03      85- 270     1578
Rovibration_vJ|2[22]        -Rovibration_vJ|8[23]            6.3412E-15  6.0050E-07   8.212E+03      85- 272     1579
Rovibration_vJ|2[22]        -Rovibration_vJ|9[21]            2.2550E-15  3.0600E-07   7.172E+03      85- 301     1580
Rovibration_vJ|2[22]        -Rovibration_vJ|9[23]            6.1001E-16  7.7460E-08   7.092E+03      85- 303     1581
Rovibration_vJ|2[22]        -Rovibration_vJ|10[21]           1.2604E-18  2.2080E-10   6.312E+03      85- 332     1582
Rovibration_vJ|2[22]        -Rovibration_vJ|10[23]           4.8286E-17  7.8930E-09   6.251E+03      85- 334     1583
Rovibration_vJ|2[23]        -Rovibration_vJ|2[24]            5.8799E-08  3.0650E-04   1.108E+06      86-  87     1584
Rovibration_vJ|2[23]        -Rovibration_vJ|3[22]            1.5862E-05  4.3980E+01   5.013E+04      86- 116     1585
Rovibration_vJ|2[23]        -Rovibration_vJ|3[24]            1.8074E-05  5.4460E+01   4.608E+04      86- 118     1586
Rovibration_vJ|2[23]        -Rovibration_vJ|4[22]            2.2751E-07  2.6000E+00   2.469E+04      86- 147     1587
Rovibration_vJ|2[23]        -Rovibration_vJ|4[24]            3.1191E-07  3.5600E+00   2.368E+04      86- 149     1588
Rovibration_vJ|2[23]        -Rovibration_vJ|5[22]            2.1076E-09  5.4260E-02   1.645E+04      86- 178     1589
Rovibration_vJ|2[23]        -Rovibration_vJ|5[24]            3.8413E-09  9.6030E-02   1.600E+04      86- 180     1590
Rovibration_vJ|2[23]        -Rovibration_vJ|6[22]            8.4104E-12  3.8270E-04   1.237E+04      86- 209     1591
Rovibration_vJ|2[23]        -Rovibration_vJ|6[24]            3.4453E-11  1.5010E-03   1.212E+04      86- 211     1592
Rovibration_vJ|2[23]        -Rovibration_vJ|7[22]            1.0320E-13  7.2740E-06   9.942E+03      86- 240     1593
Rovibration_vJ|2[23]        -Rovibration_vJ|7[24]            5.6638E-14  3.7900E-06   9.778E+03      86- 242     1594
Rovibration_vJ|2[23]        -Rovibration_vJ|8[22]            3.5155E-14  3.5320E-06   8.327E+03      86- 271     1595
Rovibration_vJ|2[23]        -Rovibration_vJ|8[24]            5.9199E-15  5.6150E-07   8.213E+03      86- 273     1596
Rovibration_vJ|2[23]        -Rovibration_vJ|9[22]            2.3127E-15  3.1280E-07   7.177E+03      86- 302     1597
Rovibration_vJ|2[23]        -Rovibration_vJ|9[24]            5.8518E-16  7.4420E-08   7.093E+03      86- 304     1598
Rovibration_vJ|2[23]        -Rovibration_vJ|10[22]           9.7411E-19  1.7010E-10   6.316E+03      86- 333     1599
Rovibration_vJ|2[23]        -Rovibration_vJ|10[24]           4.9878E-17  8.1650E-09   6.252E+03      86- 335     1600
Rovibration_vJ|2[24]        -Rovibration_vJ|2[25]            5.9820E-08  3.3870E-04   1.064E+06      87-  88     1601
Rovibration_vJ|2[24]        -Rovibration_vJ|3[23]            1.5843E-05  4.3650E+01   5.024E+04      87- 117     1602
Rovibration_vJ|2[24]        -Rovibration_vJ|3[25]            1.8089E-05  5.4740E+01   4.602E+04      87- 119     1603
Rovibration_vJ|2[24]        -Rovibration_vJ|4[23]            2.2659E-07  2.5780E+00   2.472E+04      87- 148     1604
Rovibration_vJ|2[24]        -Rovibration_vJ|4[25]            3.1363E-07  3.5890E+00   2.366E+04      87- 150     1605
Rovibration_vJ|2[24]        -Rovibration_vJ|5[23]            2.0868E-09  5.3520E-02   1.647E+04      87- 179     1606
Rovibration_vJ|2[24]        -Rovibration_vJ|5[25]            3.8874E-09  9.7380E-02   1.599E+04      87- 181     1607
Rovibration_vJ|2[24]        -Rovibration_vJ|6[23]            8.1513E-12  3.6960E-04   1.238E+04      87- 210     1608
Rovibration_vJ|2[24]        -Rovibration_vJ|6[25]            3.5333E-11  1.5420E-03   1.212E+04      87- 212     1609
Rovibration_vJ|2[24]        -Rovibration_vJ|7[23]            1.0976E-13  7.7100E-06   9.950E+03      87- 241     1610
Rovibration_vJ|2[24]        -Rovibration_vJ|7[25]            6.3698E-14  4.2690E-06   9.779E+03      87- 243     1611
Rovibration_vJ|2[24]        -Rovibration_vJ|8[23]            3.6048E-14  3.6100E-06   8.333E+03      87- 272     1612
Rovibration_vJ|2[24]        -Rovibration_vJ|8[25]            5.5114E-15  5.2350E-07   8.214E+03      87- 274     1613
Rovibration_vJ|2[24]        -Rovibration_vJ|9[23]            2.3712E-15  3.1970E-07   7.182E+03      87- 303     1614
Rovibration_vJ|2[24]        -Rovibration_vJ|9[25]            5.6116E-16  7.1460E-08   7.094E+03      87- 305     1615
Rovibration_vJ|2[24]        -Rovibration_vJ|10[23]           7.1231E-19  1.2400E-10   6.320E+03      87- 334     1616
Rovibration_vJ|2[24]        -Rovibration_vJ|10[25]           5.1384E-17  8.4220E-09   6.253E+03      87- 336     1617
Rovibration_vJ|2[25]        -Rovibration_vJ|2[26]            6.0708E-08  3.7210E-04   1.023E+06      88-  89     1618
Rovibration_vJ|2[25]        -Rovibration_vJ|3[24]            1.5822E-05  4.3320E+01   5.036E+04      88- 118     1619
Rovibration_vJ|2[25]        -Rovibration_vJ|3[26]            1.8103E-05  5.5010E+01   4.596E+04      88- 120     1620
Rovibration_vJ|2[25]        -Rovibration_vJ|4[24]            2.2564E-07  2.5560E+00   2.476E+04      88- 149     1621
Rovibration_vJ|2[25]        -Rovibration_vJ|4[26]            3.1539E-07  3.6180E+00   2.365E+04      88- 151     1622
Rovibration_vJ|2[25]        -Rovibration_vJ|5[24]            2.0664E-09  5.2800E-02   1.648E+04      88- 180     1623
Rovibration_vJ|2[25]        -Rovibration_vJ|5[26]            3.9344E-09  9.8740E-02   1.599E+04      88- 182     1624
Rovibration_vJ|2[25]        -Rovibration_vJ|6[24]            7.8960E-12  3.5680E-04   1.240E+04      88- 211     1625
Rovibration_vJ|2[25]        -Rovibration_vJ|6[26]            3.6238E-11  1.5840E-03   1.212E+04      88- 213     1626
Rovibration_vJ|2[25]        -Rovibration_vJ|7[24]            1.1647E-13  8.1550E-06   9.958E+03      88- 242     1627
Rovibration_vJ|2[25]        -Rovibration_vJ|7[26]            7.1239E-14  4.7810E-06   9.780E+03      88- 244     1628
Rovibration_vJ|2[25]        -Rovibration_vJ|8[24]            3.6953E-14  3.6890E-06   8.339E+03      88- 273     1629
Rovibration_vJ|2[25]        -Rovibration_vJ|8[26]            5.1155E-15  4.8650E-07   8.215E+03      88- 275     1630
Rovibration_vJ|2[25]        -Rovibration_vJ|9[24]            2.4313E-15  3.2680E-07   7.187E+03      88- 304     1631
Rovibration_vJ|2[25]        -Rovibration_vJ|9[26]            5.3776E-16  6.8560E-08   7.095E+03      88- 306     1632
Rovibration_vJ|2[25]        -Rovibration_vJ|10[24]           4.7943E-19  8.3210E-11   6.325E+03      88- 335     1633
Rovibration_vJ|2[25]        -Rovibration_vJ|10[26]           5.2790E-17  8.6620E-09   6.254E+03      88- 337     1634
Rovibration_vJ|2[26]        -Rovibration_vJ|2[27]            6.1438E-08  4.0640E-04   9.858E+05      89-  90     1635
Rovibration_vJ|2[26]        -Rovibration_vJ|3[25]            1.5803E-05  4.3000E+01   5.047E+04      89- 119     1636
Rovibration_vJ|2[26]        -Rovibration_vJ|3[27]            1.8120E-05  5.5280E+01   4.590E+04      89- 121     1637
Rovibration_vJ|2[26]        -Rovibration_vJ|4[25]            2.2465E-07  2.5340E+00   2.479E+04      89- 150     1638
Rovibration_vJ|2[26]        -Rovibration_vJ|4[27]            3.1719E-07  3.6470E+00   2.364E+04      89- 152     1639
Rovibration_vJ|2[26]        -Rovibration_vJ|5[25]            2.0464E-09  5.2100E-02   1.650E+04      89- 181     1640
Rovibration_vJ|2[26]        -Rovibration_vJ|5[27]            3.9818E-09  1.0010E-01   1.599E+04      89- 183     1641
Rovibration_vJ|2[26]        -Rovibration_vJ|6[25]            7.6492E-12  3.4450E-04   1.241E+04      89- 212     1642
Rovibration_vJ|2[26]        -Rovibration_vJ|6[27]            3.7193E-11  1.6280E-03   1.212E+04      89- 214     1643
Rovibration_vJ|2[26]        -Rovibration_vJ|7[25]            1.2333E-13  8.6080E-06   9.966E+03      89- 243     1644
Rovibration_vJ|2[26]        -Rovibration_vJ|7[27]            7.9277E-14  5.3270E-06   9.781E+03      89- 245     1645
Rovibration_vJ|2[26]        -Rovibration_vJ|8[25]            3.7869E-14  3.7690E-06   8.345E+03      89- 274     1646
Rovibration_vJ|2[26]        -Rovibration_vJ|8[27]            4.7338E-15  4.5070E-07   8.217E+03      89- 276     1647
Rovibration_vJ|2[26]        -Rovibration_vJ|9[25]            2.4922E-15  3.3400E-07   7.192E+03      89- 305     1648
Rovibration_vJ|2[26]        -Rovibration_vJ|9[27]            5.1504E-16  6.5730E-08   7.097E+03      89- 307     1649
Rovibration_vJ|2[26]        -Rovibration_vJ|10[25]           2.8279E-19  4.8940E-11   6.329E+03      89- 336     1650
Rovibration_vJ|2[26]        -Rovibration_vJ|10[27]           5.4080E-17  8.8820E-09   6.256E+03      89- 338     1651
Rovibration_vJ|2[27]        -Rovibration_vJ|2[28]            6.2024E-08  4.4150E-04   9.509E+05      90-  91     1652
Rovibration_vJ|2[27]        -Rovibration_vJ|3[26]            1.5781E-05  4.2680E+01   5.059E+04      90- 120     1653
Rovibration_vJ|2[27]        -Rovibration_vJ|3[28]            1.8139E-05  5.5550E+01   4.584E+04      90- 122     1654
Rovibration_vJ|2[27]        -Rovibration_vJ|4[26]            2.2363E-07  2.5120E+00   2.482E+04      90- 151     1655
Rovibration_vJ|2[27]        -Rovibration_vJ|4[28]            3.1903E-07  3.6760E+00   2.363E+04      90- 153     1656
Rovibration_vJ|2[27]        -Rovibration_vJ|5[26]            2.0265E-09  5.1410E-02   1.652E+04      90- 182     1657
Rovibration_vJ|2[27]        -Rovibration_vJ|5[28]            4.0311E-09  1.0150E-01   1.599E+04      90- 184     1658
Rovibration_vJ|2[27]        -Rovibration_vJ|6[26]            7.4069E-12  3.3250E-04   1.242E+04      90- 213     1659
Rovibration_vJ|2[27]        -Rovibration_vJ|6[28]            3.8149E-11  1.6720E-03   1.212E+04      90- 215     1660
Rovibration_vJ|2[27]        -Rovibration_vJ|7[26]            1.3035E-13  9.0700E-06   9.974E+03      90- 244     1661
Rovibration_vJ|2[27]        -Rovibration_vJ|7[28]            8.7813E-14  5.9070E-06   9.782E+03      90- 246     1662
Rovibration_vJ|2[27]        -Rovibration_vJ|8[26]            3.8787E-14  3.8490E-06   8.352E+03      90- 275     1663
Rovibration_vJ|2[27]        -Rovibration_vJ|8[28]            4.3651E-15  4.1600E-07   8.218E+03      90- 277     1664
Rovibration_vJ|2[27]        -Rovibration_vJ|9[26]            2.5548E-15  3.4140E-07   7.197E+03      90- 306     1665
Rovibration_vJ|2[27]        -Rovibration_vJ|9[28]            4.9298E-16  6.2970E-08   7.098E+03      90- 308     1666
Rovibration_vJ|2[27]        -Rovibration_vJ|10[26]           1.3038E-19  2.2500E-11   6.333E+03      90- 337     1667
Rovibration_vJ|2[27]        -Rovibration_vJ|10[28]           5.5234E-17  9.0790E-09   6.257E+03      90- 339     1668
Rovibration_vJ|2[28]        -Rovibration_vJ|2[29]            6.2452E-08  4.7710E-04   9.184E+05      91-  92     1669
Rovibration_vJ|2[28]        -Rovibration_vJ|3[27]            1.5758E-05  4.2360E+01   5.071E+04      91- 121     1670
Rovibration_vJ|2[28]        -Rovibration_vJ|3[29]            1.8156E-05  5.5810E+01   4.579E+04      91- 123     1671
Rovibration_vJ|2[28]        -Rovibration_vJ|4[27]            2.2267E-07  2.4910E+00   2.486E+04      91- 152     1672
Rovibration_vJ|2[28]        -Rovibration_vJ|4[29]            3.2089E-07  3.7050E+00   2.362E+04      91- 154     1673
Rovibration_vJ|2[28]        -Rovibration_vJ|5[27]            2.0067E-09  5.0730E-02   1.654E+04      91- 183     1674
Rovibration_vJ|2[28]        -Rovibration_vJ|5[29]            4.0808E-09  1.0290E-01   1.599E+04      91- 185     1675
Rovibration_vJ|2[28]        -Rovibration_vJ|6[27]            7.1713E-12  3.2090E-04   1.243E+04      91- 214     1676
Rovibration_vJ|2[28]        -Rovibration_vJ|6[29]            3.9131E-11  1.7170E-03   1.212E+04      91- 216     1677
Rovibration_vJ|2[28]        -Rovibration_vJ|7[27]            1.3750E-13  9.5390E-06   9.982E+03      91- 245     1678
Rovibration_vJ|2[28]        -Rovibration_vJ|7[29]            9.6877E-14  6.5230E-06   9.783E+03      91- 247     1679
Rovibration_vJ|2[28]        -Rovibration_vJ|8[27]            3.9728E-14  3.9310E-06   8.358E+03      91- 276     1680
Rovibration_vJ|2[28]        -Rovibration_vJ|8[29]            4.0092E-15  3.8240E-07   8.220E+03      91- 278     1681
Rovibration_vJ|2[28]        -Rovibration_vJ|9[27]            2.6183E-15  3.4890E-07   7.202E+03      91- 307     1682
Rovibration_vJ|2[28]        -Rovibration_vJ|9[29]            4.7165E-16  6.0290E-08   7.100E+03      91- 309     1683
Rovibration_vJ|2[28]        -Rovibration_vJ|10[27]           3.2185E-20  5.5390E-12   6.338E+03      91- 338     1684
Rovibration_vJ|2[28]        -Rovibration_vJ|10[29]           5.6236E-17  9.2500E-09   6.259E+03      91- 340     1685
Rovibration_vJ|2[29]        -Rovibration_vJ|2[30]            6.2713E-08  5.1290E-04   8.882E+05      92-  93     1686
Rovibration_vJ|2[29]        -Rovibration_vJ|3[28]            1.5737E-05  4.2050E+01   5.083E+04      92- 122     1687
Rovibration_vJ|2[29]        -Rovibration_vJ|3[30]            1.8176E-05  5.6070E+01   4.573E+04      92- 124     1688
Rovibration_vJ|2[29]        -Rovibration_vJ|4[28]            2.2169E-07  2.4700E+00   2.489E+04      92- 153     1689
Rovibration_vJ|2[29]        -Rovibration_vJ|4[30]            3.2279E-07  3.7340E+00   2.362E+04      92- 155     1690
Rovibration_vJ|2[29]        -Rovibration_vJ|5[28]            1.9874E-09  5.0070E-02   1.655E+04      92- 184     1691
Rovibration_vJ|2[29]        -Rovibration_vJ|5[30]            4.1308E-09  1.0430E-01   1.598E+04      92- 186     1692
Rovibration_vJ|2[29]        -Rovibration_vJ|6[28]            6.9427E-12  3.0970E-04   1.244E+04      92- 215     1693
Rovibration_vJ|2[29]        -Rovibration_vJ|6[30]            4.0138E-11  1.7630E-03   1.212E+04      92- 217     1694
Rovibration_vJ|2[29]        -Rovibration_vJ|7[28]            1.4486E-13  1.0020E-05   9.991E+03      92- 246     1695
Rovibration_vJ|2[29]        -Rovibration_vJ|7[30]            1.0647E-13  7.1750E-06   9.784E+03      92- 248     1696
Rovibration_vJ|2[29]        -Rovibration_vJ|8[28]            4.0672E-14  4.0130E-06   8.365E+03      92- 277     1697
Rovibration_vJ|2[29]        -Rovibration_vJ|8[30]            3.6679E-15  3.5010E-07   8.221E+03      92- 279     1698
Rovibration_vJ|2[29]        -Rovibration_vJ|9[28]            2.6842E-15  3.5670E-07   7.208E+03      92- 308     1699
Rovibration_vJ|2[29]        -Rovibration_vJ|9[30]            4.5087E-16  5.7670E-08   7.102E+03      92- 310     1700
Rovibration_vJ|2[29]        -Rovibration_vJ|10[28]           1.9804E-22  3.3990E-14   6.342E+03      92- 339     1701
Rovibration_vJ|2[29]        -Rovibration_vJ|10[30]           5.7068E-17  9.3920E-09   6.261E+03      92- 341     1702
Rovibration_vJ|2[30]        -Rovibration_vJ|3[29]            1.5714E-05  4.1740E+01   5.095E+04      93- 123     1703
Rovibration_vJ|2[30]        -Rovibration_vJ|4[29]            2.2078E-07  2.4500E+00   2.493E+04      93- 154     1704
Rovibration_vJ|2[30]        -Rovibration_vJ|5[29]            1.9679E-09  4.9410E-02   1.657E+04      93- 185     1705
Rovibration_vJ|2[30]        -Rovibration_vJ|6[29]            6.7190E-12  2.9880E-04   1.245E+04      93- 216     1706
Rovibration_vJ|2[30]        -Rovibration_vJ|7[29]            1.5224E-13  1.0500E-05   1.000E+04      93- 247     1707
Rovibration_vJ|2[30]        -Rovibration_vJ|8[29]            4.1629E-14  4.0960E-06   8.372E+03      93- 278     1708
Rovibration_vJ|2[30]        -Rovibration_vJ|9[29]            2.7511E-15  3.6460E-07   7.214E+03      93- 309     1709
Rovibration_vJ|2[30]        -Rovibration_vJ|10[29]           4.8516E-20  8.3050E-12   6.347E+03      93- 340     1710
Rovibration_vJ|3[0]         -Rovibration_vJ|3[1]             1.9289E-09  5.9990E-09   2.674E+07      94-  95     1711
Rovibration_vJ|3[0]         -Rovibration_vJ|4[1]             4.4592E-05  4.2390E+01   4.836E+04      94- 126     1712
Rovibration_vJ|3[0]         -Rovibration_vJ|5[1]             8.9473E-07  3.3530E+00   2.436E+04      94- 157     1713
Rovibration_vJ|3[0]         -Rovibration_vJ|6[1]             1.1848E-08  9.8570E-02   1.635E+04      94- 188     1714
Rovibration_vJ|3[0]         -Rovibration_vJ|7[1]             9.8176E-11  1.4330E-03   1.234E+04      94- 219     1715
Rovibration_vJ|3[0]         -Rovibration_vJ|8[1]             3.8522E-16  8.6710E-09   9.939E+03      94- 250     1716
Rovibration_vJ|3[0]         -Rovibration_vJ|9[1]             9.8623E-14  3.1550E-06   8.337E+03      94- 281     1717
Rovibration_vJ|3[0]         -Rovibration_vJ|10[1]            1.1467E-14  4.9280E-07   7.193E+03      94- 312     1718
Rovibration_vJ|3[1]         -Rovibration_vJ|3[2]             2.5661E-09  5.7460E-08   1.337E+07      95-  96     1719
Rovibration_vJ|3[1]         -Rovibration_vJ|4[0]             1.4810E-05  1.2580E+02   4.854E+04      95- 125     1720
Rovibration_vJ|3[1]         -Rovibration_vJ|4[2]             2.9781E-05  5.1140E+01   4.828E+04      95- 127     1721
Rovibration_vJ|3[1]         -Rovibration_vJ|5[0]             2.9489E-07  9.9100E+00   2.440E+04      95- 156     1722
Rovibration_vJ|3[1]         -Rovibration_vJ|5[2]             6.0009E-07  4.0550E+00   2.434E+04      95- 158     1723
Rovibration_vJ|3[1]         -Rovibration_vJ|6[0]             3.8584E-09  2.8820E-01   1.637E+04      95- 187     1724
Rovibration_vJ|3[1]         -Rovibration_vJ|6[2]             7.9908E-09  1.1980E-01   1.634E+04      95- 189     1725
Rovibration_vJ|3[1]         -Rovibration_vJ|7[0]             3.1000E-11  4.0650E-03   1.235E+04      95- 218     1726
Rovibration_vJ|3[1]         -Rovibration_vJ|7[2]             6.7197E-11  1.7670E-03   1.234E+04      95- 220     1727
Rovibration_vJ|3[1]         -Rovibration_vJ|8[0]             1.8479E-15  3.7380E-07   9.946E+03      95- 249     1728
Rovibration_vJ|3[1]         -Rovibration_vJ|8[2]             4.4076E-17  1.7870E-09   9.935E+03      95- 251     1729
Rovibration_vJ|3[1]         -Rovibration_vJ|9[0]             3.5401E-14  1.0180E-05   8.342E+03      95- 280     1730
Rovibration_vJ|3[1]         -Rovibration_vJ|9[2]             6.3265E-14  3.6450E-06   8.335E+03      95- 282     1731
Rovibration_vJ|3[1]         -Rovibration_vJ|10[0]            4.0196E-15  1.5530E-06   7.197E+03      95- 311     1732
Rovibration_vJ|3[1]         -Rovibration_vJ|10[2]            7.4442E-15  5.7610E-07   7.191E+03      95- 313     1733
Rovibration_vJ|3[2]         -Rovibration_vJ|3[3]             3.4515E-09  2.0700E-07   8.913E+06      96-  97     1734
Rovibration_vJ|3[2]         -Rovibration_vJ|4[1]             1.7736E-05  8.3390E+01   4.863E+04      96- 126     1735
Rovibration_vJ|3[2]         -Rovibration_vJ|4[3]             2.6849E-05  5.5080E+01   4.819E+04      96- 128     1736
Rovibration_vJ|3[2]         -Rovibration_vJ|5[1]             3.5186E-07  6.5570E+00   2.442E+04      96- 157     1737
Rovibration_vJ|3[2]         -Rovibration_vJ|5[3]             5.4317E-07  4.3770E+00   2.432E+04      96- 159     1738
Rovibration_vJ|3[2]         -Rovibration_vJ|6[1]             4.5772E-09  1.8970E-01   1.638E+04      96- 188     1739
Rovibration_vJ|3[2]         -Rovibration_vJ|6[3]             7.2756E-09  1.3000E-01   1.633E+04      96- 190     1740
Rovibration_vJ|3[2]         -Rovibration_vJ|7[1]             3.6219E-11  2.6360E-03   1.236E+04      96- 219     1741
Rovibration_vJ|3[2]         -Rovibration_vJ|7[3]             6.2113E-11  1.9460E-03   1.233E+04      96- 221     1742
Rovibration_vJ|3[2]         -Rovibration_vJ|8[1]             4.1240E-15  4.6310E-07   9.950E+03      96- 250     1743
Rovibration_vJ|3[2]         -Rovibration_vJ|8[3]             7.8286E-16  3.7810E-08   9.932E+03      96- 252     1744
Rovibration_vJ|3[2]         -Rovibration_vJ|9[1]             4.4008E-14  7.0260E-06   8.345E+03      96- 281     1745
Rovibration_vJ|3[2]         -Rovibration_vJ|9[3]             5.4747E-14  3.7570E-06   8.332E+03      96- 283     1746
Rovibration_vJ|3[2]         -Rovibration_vJ|10[1]            4.9366E-15  1.0590E-06   7.199E+03      96- 312     1747
Rovibration_vJ|3[2]         -Rovibration_vJ|10[3]            6.5152E-15  6.0050E-07   7.190E+03      96- 314     1748
Rovibration_vJ|3[3]         -Rovibration_vJ|3[4]             4.3606E-09  5.0620E-07   6.685E+06      97-  98     1749
Rovibration_vJ|3[3]         -Rovibration_vJ|4[2]             1.8969E-05  7.4640E+01   4.872E+04      97- 127     1750
Rovibration_vJ|3[3]         -Rovibration_vJ|4[4]             2.5620E-05  5.7430E+01   4.811E+04      97- 129     1751
Rovibration_vJ|3[3]         -Rovibration_vJ|5[2]             3.7487E-07  5.8570E+00   2.445E+04      97- 158     1752
Rovibration_vJ|3[3]         -Rovibration_vJ|5[4]             5.2029E-07  4.5730E+00   2.430E+04      97- 160     1753
Rovibration_vJ|3[3]         -Rovibration_vJ|6[2]             4.8492E-09  1.6860E-01   1.639E+04      97- 189     1754
Rovibration_vJ|3[3]         -Rovibration_vJ|6[4]             7.0133E-09  1.3660E-01   1.632E+04      97- 191     1755
Rovibration_vJ|3[3]         -Rovibration_vJ|7[2]             3.7757E-11  2.3060E-03   1.237E+04      97- 220     1756
Rovibration_vJ|3[3]         -Rovibration_vJ|7[4]             6.0747E-11  2.0740E-03   1.233E+04      97- 222     1757
Rovibration_vJ|3[3]         -Rovibration_vJ|8[2]             7.0652E-15  6.6590E-07   9.954E+03      97- 251     1758
Rovibration_vJ|3[3]         -Rovibration_vJ|8[4]             2.3659E-15  1.2450E-07   9.929E+03      97- 253     1759
Rovibration_vJ|3[3]         -Rovibration_vJ|9[2]             4.8823E-14  6.5430E-06   8.348E+03      97- 282     1760
Rovibration_vJ|3[3]         -Rovibration_vJ|9[4]             5.0080E-14  3.7440E-06   8.330E+03      97- 284     1761
Rovibration_vJ|3[3]         -Rovibration_vJ|10[2]            5.4123E-15  9.7470E-07   7.201E+03      97- 313     1762
Rovibration_vJ|3[3]         -Rovibration_vJ|10[4]            6.0278E-15  6.0520E-07   7.188E+03      97- 315     1763
Rovibration_vJ|3[4]         -Rovibration_vJ|3[5]             5.2677E-09  1.0050E-06   5.348E+06      98-  99     1764
Rovibration_vJ|3[4]         -Rovibration_vJ|4[3]             1.9633E-05  7.0680E+01   4.881E+04      98- 128     1765
Rovibration_vJ|3[4]         -Rovibration_vJ|4[5]             2.4952E-05  5.9040E+01   4.803E+04      98- 130     1766
Rovibration_vJ|3[4]         -Rovibration_vJ|5[3]             3.8657E-07  5.5360E+00   2.447E+04      98- 159     1767
Rovibration_vJ|3[4]         -Rovibration_vJ|5[5]             5.0879E-07  4.7120E+00   2.428E+04      98- 161     1768
Rovibration_vJ|3[4]         -Rovibration_vJ|6[3]             4.9706E-09  1.5850E-01   1.640E+04      98- 190     1769
Rovibration_vJ|3[4]         -Rovibration_vJ|6[5]             6.8989E-09  1.4150E-01   1.631E+04      98- 192     1770
Rovibration_vJ|3[4]         -Rovibration_vJ|7[3]             3.8104E-11  2.1350E-03   1.237E+04      98- 221     1771
Rovibration_vJ|3[4]         -Rovibration_vJ|7[5]             6.0653E-11  2.1800E-03   1.232E+04      98- 223     1772
Rovibration_vJ|3[4]         -Rovibration_vJ|8[3]             1.0683E-14  9.2390E-07   9.958E+03      98- 252     1773
Rovibration_vJ|3[4]         -Rovibration_vJ|8[5]             4.7863E-15  2.6510E-07   9.926E+03      98- 254     1774
Rovibration_vJ|3[4]         -Rovibration_vJ|9[3]             5.2380E-14  6.4420E-06   8.351E+03      98- 283     1775
Rovibration_vJ|3[4]         -Rovibration_vJ|9[5]             4.6708E-14  3.6750E-06   8.328E+03      98- 285     1776
Rovibration_vJ|3[4]         -Rovibration_vJ|10[3]            5.7363E-15  9.4810E-07   7.203E+03      98- 314     1777
Rovibration_vJ|3[4]         -Rovibration_vJ|10[5]            5.6854E-15  6.0070E-07   7.187E+03      98- 316     1778
Rovibration_vJ|3[5]         -Rovibration_vJ|3[6]             6.1532E-09  1.7480E-06   4.457E+06      99- 100     1779
Rovibration_vJ|3[5]         -Rovibration_vJ|4[4]             2.0042E-05  6.8330E+01   4.890E+04      99- 129     1780
Rovibration_vJ|3[5]         -Rovibration_vJ|4[6]             2.4543E-05  6.0260E+01   4.794E+04      99- 131     1781
Rovibration_vJ|3[5]         -Rovibration_vJ|5[4]             3.9317E-07  5.3420E+00   2.450E+04      99- 160     1782
Rovibration_vJ|3[5]         -Rovibration_vJ|5[6]             5.0244E-07  4.8200E+00   2.426E+04      99- 162     1783
Rovibration_vJ|3[5]         -Rovibration_vJ|6[4]             5.0245E-09  1.5210E-01   1.641E+04      99- 191     1784
Rovibration_vJ|3[5]         -Rovibration_vJ|6[6]             6.8525E-09  1.4550E-01   1.630E+04      99- 193     1785
Rovibration_vJ|3[5]         -Rovibration_vJ|7[4]             3.7927E-11  2.0180E-03   1.238E+04      99- 222     1786
Rovibration_vJ|3[5]         -Rovibration_vJ|7[6]             6.1160E-11  2.2750E-03   1.232E+04      99- 224     1787
Rovibration_vJ|3[5]         -Rovibration_vJ|8[4]             1.4962E-14  1.2290E-06   9.962E+03      99- 253     1788
Rovibration_vJ|3[5]         -Rovibration_vJ|8[6]             8.0542E-15  4.6160E-07   9.924E+03      99- 255     1789
Rovibration_vJ|3[5]         -Rovibration_vJ|9[4]             5.5383E-14  6.4700E-06   8.354E+03      99- 284     1790
Rovibration_vJ|3[5]         -Rovibration_vJ|9[6]             4.3942E-14  3.5770E-06   8.327E+03      99- 286     1791
Rovibration_vJ|3[5]         -Rovibration_vJ|10[4]            5.9900E-15  9.4050E-07   7.206E+03      99- 315     1792
Rovibration_vJ|3[5]         -Rovibration_vJ|10[6]            5.4097E-15  5.9130E-07   7.186E+03      99- 317     1793
Rovibration_vJ|3[6]         -Rovibration_vJ|3[7]             7.0207E-09  2.7800E-06   3.821E+06     100- 101     1794
Rovibration_vJ|3[6]         -Rovibration_vJ|4[5]             2.0313E-05  6.6710E+01   4.899E+04     100- 130     1795
Rovibration_vJ|3[6]         -Rovibration_vJ|4[7]             2.4270E-05  6.1240E+01   4.786E+04     100- 132     1796
Rovibration_vJ|3[6]         -Rovibration_vJ|5[5]             3.9698E-07  5.2050E+00   2.452E+04     100- 161     1797
Rovibration_vJ|3[6]         -Rovibration_vJ|5[7]             4.9902E-07  4.9110E+00   2.424E+04     100- 163     1798
Rovibration_vJ|3[6]         -Rovibration_vJ|6[5]             5.0462E-09  1.4750E-01   1.642E+04     100- 192     1799
Rovibration_vJ|3[6]         -Rovibration_vJ|6[7]             6.8491E-09  1.4910E-01   1.630E+04     100- 194     1800
Rovibration_vJ|3[6]         -Rovibration_vJ|7[5]             3.7477E-11  1.9260E-03   1.239E+04     100- 223     1801
Rovibration_vJ|3[6]         -Rovibration_vJ|7[7]             6.1980E-11  2.3630E-03   1.231E+04     100- 225     1802
Rovibration_vJ|3[6]         -Rovibration_vJ|8[5]             1.9911E-14  1.5800E-06   9.967E+03     100- 254     1803
Rovibration_vJ|3[6]         -Rovibration_vJ|8[7]             1.2191E-14  7.1600E-07   9.921E+03     100- 256     1804
Rovibration_vJ|3[6]         -Rovibration_vJ|9[5]             5.8093E-14  6.5570E-06   8.357E+03     100- 285     1805
Rovibration_vJ|3[6]         -Rovibration_vJ|9[7]             4.1519E-14  3.4630E-06   8.325E+03     100- 287     1806
Rovibration_vJ|3[6]         -Rovibration_vJ|10[5]            6.2045E-15  9.4130E-07   7.208E+03     100- 316     1807
Rovibration_vJ|3[6]         -Rovibration_vJ|10[7]            5.1676E-15  5.7870E-07   7.185E+03     100- 318     1808
Rovibration_vJ|3[7]         -Rovibration_vJ|3[8]             7.8583E-09  4.1370E-06   3.344E+06     101- 102     1809
Rovibration_vJ|3[7]         -Rovibration_vJ|4[6]             2.0498E-05  6.5470E+01   4.909E+04     101- 131     1810
Rovibration_vJ|3[7]         -Rovibration_vJ|4[8]             2.4082E-05  6.2070E+01   4.779E+04     101- 133     1811
Rovibration_vJ|3[7]         -Rovibration_vJ|5[6]             3.9914E-07  5.0990E+00   2.455E+04     101- 162     1812
Rovibration_vJ|3[7]         -Rovibration_vJ|5[8]             4.9717E-07  4.9890E+00   2.422E+04     101- 164     1813
Rovibration_vJ|3[7]         -Rovibration_vJ|6[6]             5.0426E-09  1.4370E-01   1.643E+04     101- 193     1814
Rovibration_vJ|3[7]         -Rovibration_vJ|6[8]             6.8652E-09  1.5230E-01   1.629E+04     101- 195     1815
Rovibration_vJ|3[7]         -Rovibration_vJ|7[6]             3.6853E-11  1.8470E-03   1.239E+04     101- 224     1816
Rovibration_vJ|3[7]         -Rovibration_vJ|7[8]             6.3027E-11  2.4480E-03   1.231E+04     101- 226     1817
Rovibration_vJ|3[7]         -Rovibration_vJ|8[6]             2.5491E-14  1.9730E-06   9.972E+03     101- 255     1818
Rovibration_vJ|3[7]         -Rovibration_vJ|8[8]             1.7218E-14  1.0300E-06   9.919E+03     101- 257     1819
Rovibration_vJ|3[7]         -Rovibration_vJ|9[6]             6.0641E-14  6.6770E-06   8.361E+03     101- 286     1820
Rovibration_vJ|3[7]         -Rovibration_vJ|9[8]             3.9319E-14  3.3400E-06   8.324E+03     101- 288     1821
Rovibration_vJ|3[7]         -Rovibration_vJ|10[6]            6.3948E-15  9.4650E-07   7.211E+03     101- 317     1822
Rovibration_vJ|3[7]         -Rovibration_vJ|10[8]            4.9464E-15  5.6410E-07   7.184E+03     101- 319     1823
Rovibration_vJ|3[8]         -Rovibration_vJ|3[9]             8.6664E-09  5.8540E-06   2.972E+06     102- 103     1824
Rovibration_vJ|3[8]         -Rovibration_vJ|4[7]             2.0631E-05  6.4470E+01   4.918E+04     102- 132     1825
Rovibration_vJ|3[8]         -Rovibration_vJ|4[9]             2.3950E-05  6.2800E+01   4.771E+04     102- 134     1826
Rovibration_vJ|3[8]         -Rovibration_vJ|5[7]             4.0026E-07  5.0120E+00   2.457E+04     102- 163     1827
Rovibration_vJ|3[8]         -Rovibration_vJ|5[9]             4.9642E-07  5.0590E+00   2.420E+04     102- 165     1828
Rovibration_vJ|3[8]         -Rovibration_vJ|6[7]             5.0305E-09  1.4060E-01   1.645E+04     102- 194     1829
Rovibration_vJ|3[8]         -Rovibration_vJ|6[9]             6.8929E-09  1.5520E-01   1.628E+04     102- 196     1830
Rovibration_vJ|3[8]         -Rovibration_vJ|7[7]             3.6160E-11  1.7780E-03   1.240E+04     102- 225     1831
Rovibration_vJ|3[8]         -Rovibration_vJ|7[9]             6.4223E-11  2.5310E-03   1.231E+04     102- 227     1832
Rovibration_vJ|3[8]         -Rovibration_vJ|8[7]             3.1692E-14  2.4070E-06   9.977E+03     102- 256     1833
Rovibration_vJ|3[8]         -Rovibration_vJ|8[9]             2.3152E-14  1.4050E-06   9.917E+03     102- 258     1834
Rovibration_vJ|3[8]         -Rovibration_vJ|9[7]             6.3088E-14  6.8170E-06   8.364E+03     102- 287     1835
Rovibration_vJ|3[8]         -Rovibration_vJ|9[9]             3.7254E-14  3.2100E-06   8.322E+03     102- 289     1836
Rovibration_vJ|3[8]         -Rovibration_vJ|10[7]            6.5673E-15  9.5400E-07   7.214E+03     102- 318     1837
Rovibration_vJ|3[8]         -Rovibration_vJ|10[9]            4.7386E-15  5.4810E-07   7.183E+03     102- 320     1838
Rovibration_vJ|3[9]         -Rovibration_vJ|3[10]            9.4382E-09  7.9570E-06   2.676E+06     103- 104     1839
Rovibration_vJ|3[9]         -Rovibration_vJ|4[8]             2.0730E-05  6.3630E+01   4.928E+04     103- 133     1840
Rovibration_vJ|3[9]         -Rovibration_vJ|4[10]            2.3849E-05  6.3440E+01   4.763E+04     103- 135     1841
Rovibration_vJ|3[9]         -Rovibration_vJ|5[8]             4.0073E-07  4.9380E+00   2.460E+04     103- 164     1842
Rovibration_vJ|3[9]         -Rovibration_vJ|5[10]            4.9650E-07  5.1240E+00   2.418E+04     103- 166     1843
Rovibration_vJ|3[9]         -Rovibration_vJ|6[8]             5.0070E-09  1.3780E-01   1.646E+04     103- 195     1844
Rovibration_vJ|3[9]         -Rovibration_vJ|6[10]            6.9378E-09  1.5810E-01   1.627E+04     103- 197     1845
Rovibration_vJ|3[9]         -Rovibration_vJ|7[8]             3.5391E-11  1.7140E-03   1.241E+04     103- 226     1846
Rovibration_vJ|3[9]         -Rovibration_vJ|7[10]            6.5532E-11  2.6130E-03   1.230E+04     103- 228     1847
Rovibration_vJ|3[9]         -Rovibration_vJ|8[8]             3.8492E-14  2.8800E-06   9.982E+03     103- 257     1848
Rovibration_vJ|3[9]         -Rovibration_vJ|8[10]            3.0021E-14  1.8430E-06   9.915E+03     103- 259     1849
Rovibration_vJ|3[9]         -Rovibration_vJ|9[8]             6.5478E-14  6.9710E-06   8.368E+03     103- 288     1850
Rovibration_vJ|3[9]         -Rovibration_vJ|9[10]            3.5305E-14  3.0770E-06   8.321E+03     103- 290     1851
Rovibration_vJ|3[9]         -Rovibration_vJ|10[8]            6.7271E-15  9.6290E-07   7.217E+03     103- 319     1852
Rovibration_vJ|3[9]         -Rovibration_vJ|10[10]           4.5390E-15  5.3100E-07   7.182E+03     103- 321     1853
Rovibration_vJ|3[10]        -Rovibration_vJ|3[11]            1.0173E-08  1.0470E-05   2.433E+06     104- 105     1854
Rovibration_vJ|3[10]        -Rovibration_vJ|4[9]             2.0798E-05  6.2880E+01   4.938E+04     104- 134     1855
Rovibration_vJ|3[10]        -Rovibration_vJ|4[11]            2.3780E-05  6.4040E+01   4.756E+04     104- 136     1856
Rovibration_vJ|3[10]        -Rovibration_vJ|5[9]             4.0066E-07  4.8720E+00   2.462E+04     104- 165     1857
Rovibration_vJ|3[10]        -Rovibration_vJ|5[11]            4.9704E-07  5.1840E+00   2.416E+04     104- 167     1858
Rovibration_vJ|3[10]        -Rovibration_vJ|6[9]             4.9753E-09  1.3520E-01   1.647E+04     104- 196     1859
Rovibration_vJ|3[10]        -Rovibration_vJ|6[11]            6.9864E-09  1.6080E-01   1.627E+04     104- 198     1860
Rovibration_vJ|3[10]        -Rovibration_vJ|7[9]             3.4619E-11  1.6560E-03   1.241E+04     104- 227     1861
Rovibration_vJ|3[10]        -Rovibration_vJ|7[11]            6.6939E-11  2.6950E-03   1.230E+04     104- 229     1862
Rovibration_vJ|3[10]        -Rovibration_vJ|8[9]             4.5905E-14  3.3930E-06   9.987E+03     104- 258     1863
Rovibration_vJ|3[10]        -Rovibration_vJ|8[11]            3.7838E-14  2.3450E-06   9.913E+03     104- 260     1864
Rovibration_vJ|3[10]        -Rovibration_vJ|9[9]             6.7823E-14  7.1340E-06   8.372E+03     104- 289     1865
Rovibration_vJ|3[10]        -Rovibration_vJ|9[11]            3.3453E-14  2.9430E-06   8.320E+03     104- 291     1866
Rovibration_vJ|3[10]        -Rovibration_vJ|10[9]            6.8776E-15  9.7270E-07   7.220E+03     104- 320     1867
Rovibration_vJ|3[10]        -Rovibration_vJ|10[11]           4.3456E-15  5.1310E-07   7.182E+03     104- 322     1868
Rovibration_vJ|3[11]        -Rovibration_vJ|3[12]            1.0861E-08  1.3400E-05   2.230E+06     105- 106     1869
Rovibration_vJ|3[11]        -Rovibration_vJ|4[10]            2.0849E-05  6.2210E+01   4.948E+04     105- 135     1870
Rovibration_vJ|3[11]        -Rovibration_vJ|4[12]            2.3724E-05  6.4580E+01   4.748E+04     105- 137     1871
Rovibration_vJ|3[11]        -Rovibration_vJ|5[10]            4.0022E-07  4.8120E+00   2.465E+04     105- 166     1872
Rovibration_vJ|3[11]        -Rovibration_vJ|5[12]            4.9811E-07  5.2420E+00   2.415E+04     105- 168     1873
Rovibration_vJ|3[11]        -Rovibration_vJ|6[10]            4.9432E-09  1.3290E-01   1.648E+04     105- 197     1874
Rovibration_vJ|3[11]        -Rovibration_vJ|6[12]            7.0443E-09  1.6350E-01   1.626E+04     105- 199     1875
Rovibration_vJ|3[11]        -Rovibration_vJ|7[10]            3.3797E-11  1.6000E-03   1.242E+04     105- 228     1876
Rovibration_vJ|3[11]        -Rovibration_vJ|7[12]            6.8420E-11  2.7770E-03   1.230E+04     105- 230     1877
Rovibration_vJ|3[11]        -Rovibration_vJ|8[10]            5.3894E-14  3.9430E-06   9.993E+03     105- 259     1878
Rovibration_vJ|3[11]        -Rovibration_vJ|8[12]            4.6649E-14  2.9140E-06   9.912E+03     105- 261     1879
Rovibration_vJ|3[11]        -Rovibration_vJ|9[10]            7.0153E-14  7.3050E-06   8.376E+03     105- 290     1880
Rovibration_vJ|3[11]        -Rovibration_vJ|9[12]            3.1660E-14  2.8070E-06   8.320E+03     105- 292     1881
Rovibration_vJ|3[11]        -Rovibration_vJ|10[10]           7.0189E-15  9.8280E-07   7.223E+03     105- 321     1882
Rovibration_vJ|3[11]        -Rovibration_vJ|10[12]           4.1576E-15  4.9470E-07   7.182E+03     105- 323     1883
Rovibration_vJ|3[12]        -Rovibration_vJ|3[13]            1.1505E-08  1.6760E-05   2.059E+06     106- 107     1884
Rovibration_vJ|3[12]        -Rovibration_vJ|4[11]            2.0886E-05  6.1600E+01   4.958E+04     106- 136     1885
Rovibration_vJ|3[12]        -Rovibration_vJ|4[13]            2.3689E-05  6.5100E+01   4.741E+04     106- 138     1886
Rovibration_vJ|3[12]        -Rovibration_vJ|5[11]            3.9947E-07  4.7560E+00   2.468E+04     106- 167     1887
Rovibration_vJ|3[12]        -Rovibration_vJ|5[13]            4.9943E-07  5.2970E+00   2.413E+04     106- 169     1888
Rovibration_vJ|3[12]        -Rovibration_vJ|6[11]            4.9063E-09  1.3070E-01   1.650E+04     106- 198     1889
Rovibration_vJ|3[12]        -Rovibration_vJ|6[13]            7.1051E-09  1.6610E-01   1.625E+04     106- 200     1890
Rovibration_vJ|3[12]        -Rovibration_vJ|7[11]            3.2991E-11  1.5480E-03   1.243E+04     106- 229     1891
Rovibration_vJ|3[12]        -Rovibration_vJ|7[13]            6.9981E-11  2.8600E-03   1.229E+04     106- 231     1892
Rovibration_vJ|3[12]        -Rovibration_vJ|8[11]            6.2445E-14  4.5290E-06   9.998E+03     106- 260     1893
Rovibration_vJ|3[12]        -Rovibration_vJ|8[13]            5.6450E-14  3.5500E-06   9.910E+03     106- 262     1894
Rovibration_vJ|3[12]        -Rovibration_vJ|9[11]            7.2474E-14  7.4820E-06   8.380E+03     106- 291     1895
Rovibration_vJ|3[12]        -Rovibration_vJ|9[13]            2.9939E-14  2.6720E-06   8.319E+03     106- 293     1896
Rovibration_vJ|3[12]        -Rovibration_vJ|10[11]           7.1539E-15  9.9320E-07   7.227E+03     106- 322     1897
Rovibration_vJ|3[12]        -Rovibration_vJ|10[13]           3.9729E-15  4.7580E-07   7.181E+03     106- 324     1898
Rovibration_vJ|3[13]        -Rovibration_vJ|3[14]            1.2101E-08  2.0550E-05   1.912E+06     107- 108     1899
Rovibration_vJ|3[13]        -Rovibration_vJ|4[12]            2.0909E-05  6.1020E+01   4.968E+04     107- 137     1900
Rovibration_vJ|3[13]        -Rovibration_vJ|4[14]            2.3660E-05  6.5580E+01   4.733E+04     107- 139     1901
Rovibration_vJ|3[13]        -Rovibration_vJ|5[12]            3.9854E-07  4.7040E+00   2.471E+04     107- 168     1902
Rovibration_vJ|3[13]        -Rovibration_vJ|5[14]            5.0100E-07  5.3500E+00   2.412E+04     107- 170     1903
Rovibration_vJ|3[13]        -Rovibration_vJ|6[12]            4.8665E-09  1.2860E-01   1.651E+04     107- 199     1904
Rovibration_vJ|3[13]        -Rovibration_vJ|6[14]            7.1715E-09  1.6870E-01   1.625E+04     107- 201     1905
Rovibration_vJ|3[13]        -Rovibration_vJ|7[12]            3.2175E-11  1.4980E-03   1.244E+04     107- 230     1906
Rovibration_vJ|3[13]        -Rovibration_vJ|7[14]            7.1610E-11  2.9440E-03   1.229E+04     107- 232     1907
Rovibration_vJ|3[13]        -Rovibration_vJ|8[12]            7.1548E-14  5.1500E-06   1.000E+04     107- 261     1908
Rovibration_vJ|3[13]        -Rovibration_vJ|8[14]            6.7288E-14  4.2560E-06   9.909E+03     107- 263     1909
Rovibration_vJ|3[13]        -Rovibration_vJ|9[12]            7.4783E-14  7.6630E-06   8.385E+03     107- 292     1910
Rovibration_vJ|3[13]        -Rovibration_vJ|9[14]            2.8278E-14  2.5380E-06   8.318E+03     107- 294     1911
Rovibration_vJ|3[13]        -Rovibration_vJ|10[12]           7.2852E-15  1.0040E-06   7.230E+03     107- 323     1912
Rovibration_vJ|3[13]        -Rovibration_vJ|10[14]           3.7915E-15  4.5660E-07   7.181E+03     107- 325     1913
Rovibration_vJ|3[14]        -Rovibration_vJ|3[15]            1.2640E-08  2.4750E-05   1.785E+06     108- 109     1914
Rovibration_vJ|3[14]        -Rovibration_vJ|4[13]            2.0925E-05  6.0480E+01   4.979E+04     108- 138     1915
Rovibration_vJ|3[14]        -Rovibration_vJ|4[15]            2.3644E-05  6.6050E+01   4.726E+04     108- 140     1916
Rovibration_vJ|3[14]        -Rovibration_vJ|5[13]            3.9748E-07  4.6550E+00   2.473E+04     108- 169     1917
Rovibration_vJ|3[14]        -Rovibration_vJ|5[15]            5.0281E-07  5.4020E+00   2.410E+04     108- 171     1918
Rovibration_vJ|3[14]        -Rovibration_vJ|6[13]            4.8292E-09  1.2670E-01   1.652E+04     108- 200     1919
Rovibration_vJ|3[14]        -Rovibration_vJ|6[15]            7.2423E-09  1.7130E-01   1.624E+04     108- 202     1920
Rovibration_vJ|3[14]        -Rovibration_vJ|7[13]            3.1380E-11  1.4510E-03   1.245E+04     108- 231     1921
Rovibration_vJ|3[14]        -Rovibration_vJ|7[15]            7.3273E-11  3.0280E-03   1.229E+04     108- 233     1922
Rovibration_vJ|3[14]        -Rovibration_vJ|8[13]            8.1190E-14  5.8050E-06   1.001E+04     108- 262     1923
Rovibration_vJ|3[14]        -Rovibration_vJ|8[15]            7.9192E-14  5.0340E-06   9.908E+03     108- 264     1924
Rovibration_vJ|3[14]        -Rovibration_vJ|9[13]            7.7105E-14  7.8490E-06   8.389E+03     108- 293     1925
Rovibration_vJ|3[14]        -Rovibration_vJ|9[15]            2.6666E-14  2.4050E-06   8.318E+03     108- 295     1926
Rovibration_vJ|3[14]        -Rovibration_vJ|10[13]           7.4058E-15  1.0140E-06   7.234E+03     108- 324     1927
Rovibration_vJ|3[14]        -Rovibration_vJ|10[15]           3.6131E-15  4.3720E-07   7.181E+03     108- 326     1928
Rovibration_vJ|3[15]        -Rovibration_vJ|3[16]            1.3129E-08  2.9360E-05   1.674E+06     109- 110     1929
Rovibration_vJ|3[15]        -Rovibration_vJ|4[14]            2.0932E-05  5.9960E+01   4.989E+04     109- 139     1930
Rovibration_vJ|3[15]        -Rovibration_vJ|4[16]            2.3632E-05  6.6490E+01   4.719E+04     109- 141     1931
Rovibration_vJ|3[15]        -Rovibration_vJ|5[14]            3.9626E-07  4.6080E+00   2.476E+04     109- 170     1932
Rovibration_vJ|3[15]        -Rovibration_vJ|5[16]            5.0481E-07  5.4530E+00   2.408E+04     109- 172     1933
Rovibration_vJ|3[15]        -Rovibration_vJ|6[14]            4.7877E-09  1.2480E-01   1.654E+04     109- 201     1934
Rovibration_vJ|3[15]        -Rovibration_vJ|6[16]            7.3168E-09  1.7390E-01   1.624E+04     109- 203     1935
Rovibration_vJ|3[15]        -Rovibration_vJ|7[14]            3.0574E-11  1.4050E-03   1.246E+04     109- 232     1936
Rovibration_vJ|3[15]        -Rovibration_vJ|7[16]            7.5013E-11  3.1140E-03   1.229E+04     109- 234     1937
Rovibration_vJ|3[15]        -Rovibration_vJ|8[14]            9.1374E-14  6.4940E-06   1.002E+04     109- 263     1938
Rovibration_vJ|3[15]        -Rovibration_vJ|8[16]            9.2162E-14  5.8840E-06   9.907E+03     109- 265     1939
Rovibration_vJ|3[15]        -Rovibration_vJ|9[14]            7.9427E-14  8.0380E-06   8.394E+03     109- 294     1940
Rovibration_vJ|3[15]        -Rovibration_vJ|9[16]            2.5107E-14  2.2740E-06   8.318E+03     109- 296     1941
Rovibration_vJ|3[15]        -Rovibration_vJ|10[14]           7.5224E-15  1.0240E-06   7.237E+03     109- 325     1942
Rovibration_vJ|3[15]        -Rovibration_vJ|10[16]           3.4376E-15  4.1770E-07   7.181E+03     109- 327     1943
Rovibration_vJ|3[16]        -Rovibration_vJ|3[17]            1.3562E-08  3.4350E-05   1.576E+06     110- 111     1944
Rovibration_vJ|3[16]        -Rovibration_vJ|4[15]            2.0933E-05  5.9460E+01   5.000E+04     110- 140     1945
Rovibration_vJ|3[16]        -Rovibration_vJ|4[17]            2.3628E-05  6.6920E+01   4.712E+04     110- 142     1946
Rovibration_vJ|3[16]        -Rovibration_vJ|5[15]            3.9497E-07  4.5630E+00   2.479E+04     110- 171     1947
Rovibration_vJ|3[16]        -Rovibration_vJ|5[17]            5.0695E-07  5.5030E+00   2.407E+04     110- 173     1948
Rovibration_vJ|3[16]        -Rovibration_vJ|6[15]            4.7429E-09  1.2290E-01   1.655E+04     110- 202     1949
Rovibration_vJ|3[16]        -Rovibration_vJ|6[17]            7.3942E-09  1.7650E-01   1.623E+04     110- 204     1950
Rovibration_vJ|3[16]        -Rovibration_vJ|7[15]            2.9784E-11  1.3610E-03   1.247E+04     110- 233     1951
Rovibration_vJ|3[16]        -Rovibration_vJ|7[17]            7.6825E-11  3.2020E-03   1.228E+04     110- 235     1952
Rovibration_vJ|3[16]        -Rovibration_vJ|8[15]            1.0206E-13  7.2140E-06   1.002E+04     110- 264     1953
Rovibration_vJ|3[16]        -Rovibration_vJ|8[17]            1.0626E-13  6.8100E-06   9.906E+03     110- 266     1954
Rovibration_vJ|3[16]        -Rovibration_vJ|9[15]            8.1759E-14  8.2300E-06   8.399E+03     110- 295     1955
Rovibration_vJ|3[16]        -Rovibration_vJ|9[17]            2.3584E-14  2.1440E-06   8.318E+03     110- 297     1956
Rovibration_vJ|3[16]        -Rovibration_vJ|10[15]           7.6357E-15  1.0340E-06   7.241E+03     110- 326     1957
Rovibration_vJ|3[16]        -Rovibration_vJ|10[17]           3.2645E-15  3.9810E-07   7.181E+03     110- 328     1958
Rovibration_vJ|3[17]        -Rovibration_vJ|3[18]            1.3935E-08  3.9680E-05   1.489E+06     111- 112     1959
Rovibration_vJ|3[17]        -Rovibration_vJ|4[16]            2.0930E-05  5.8980E+01   5.010E+04     111- 141     1960
Rovibration_vJ|3[17]        -Rovibration_vJ|4[18]            2.3630E-05  6.7340E+01   4.705E+04     111- 143     1961
Rovibration_vJ|3[17]        -Rovibration_vJ|5[16]            3.9363E-07  4.5200E+00   2.482E+04     111- 172     1962
Rovibration_vJ|3[17]        -Rovibration_vJ|5[18]            5.0919E-07  5.5520E+00   2.406E+04     111- 174     1963
Rovibration_vJ|3[17]        -Rovibration_vJ|6[16]            4.7029E-09  1.2120E-01   1.657E+04     111- 203     1964
Rovibration_vJ|3[17]        -Rovibration_vJ|6[18]            7.4700E-09  1.7900E-01   1.623E+04     111- 205     1965
Rovibration_vJ|3[17]        -Rovibration_vJ|7[16]            2.8992E-11  1.3180E-03   1.247E+04     111- 234     1966
Rovibration_vJ|3[17]        -Rovibration_vJ|7[18]            7.8679E-11  3.2910E-03   1.228E+04     111- 236     1967
Rovibration_vJ|3[17]        -Rovibration_vJ|8[16]            1.1325E-13  7.9650E-06   1.003E+04     111- 265     1968
Rovibration_vJ|3[17]        -Rovibration_vJ|8[18]            1.2150E-13  7.8130E-06   9.906E+03     111- 267     1969
Rovibration_vJ|3[17]        -Rovibration_vJ|9[16]            8.4115E-14  8.4260E-06   8.404E+03     111- 296     1970
Rovibration_vJ|3[17]        -Rovibration_vJ|9[18]            2.2126E-14  2.0180E-06   8.318E+03     111- 298     1971
Rovibration_vJ|3[17]        -Rovibration_vJ|10[16]           7.7466E-15  1.0440E-06   7.245E+03     111- 327     1972
Rovibration_vJ|3[17]        -Rovibration_vJ|10[18]           3.0931E-15  3.7840E-07   7.182E+03     111- 329     1973
Rovibration_vJ|3[18]        -Rovibration_vJ|3[19]            1.4243E-08  4.5300E-05   1.411E+06     112- 113     1974
Rovibration_vJ|3[18]        -Rovibration_vJ|4[17]            2.0922E-05  5.8510E+01   5.021E+04     112- 142     1975
Rovibration_vJ|3[18]        -Rovibration_vJ|4[19]            2.3633E-05  6.7740E+01   4.699E+04     112- 144     1976
Rovibration_vJ|3[18]        -Rovibration_vJ|5[17]            3.9221E-07  4.4780E+00   2.485E+04     112- 173     1977
Rovibration_vJ|3[18]        -Rovibration_vJ|5[19]            5.1151E-07  5.6000E+00   2.404E+04     112- 175     1978
Rovibration_vJ|3[18]        -Rovibration_vJ|6[17]            4.6606E-09  1.1950E-01   1.658E+04     112- 204     1979
Rovibration_vJ|3[18]        -Rovibration_vJ|6[19]            7.5522E-09  1.8160E-01   1.622E+04     112- 206     1980
Rovibration_vJ|3[18]        -Rovibration_vJ|7[17]            2.8225E-11  1.2770E-03   1.248E+04     112- 235     1981
Rovibration_vJ|3[18]        -Rovibration_vJ|7[19]            8.0574E-11  3.3810E-03   1.228E+04     112- 237     1982
Rovibration_vJ|3[18]        -Rovibration_vJ|8[17]            1.2493E-13  8.7460E-06   1.004E+04     112- 266     1983
Rovibration_vJ|3[18]        -Rovibration_vJ|8[19]            1.3789E-13  8.8940E-06   9.905E+03     112- 268     1984
Rovibration_vJ|3[18]        -Rovibration_vJ|9[17]            8.6479E-14  8.6240E-06   8.409E+03     112- 297     1985
Rovibration_vJ|3[18]        -Rovibration_vJ|9[19]            2.0696E-14  1.8930E-06   8.318E+03     112- 299     1986
Rovibration_vJ|3[18]        -Rovibration_vJ|10[17]           7.8479E-15  1.0530E-06   7.249E+03     112- 328     1987
Rovibration_vJ|3[18]        -Rovibration_vJ|10[19]           2.9256E-15  3.5890E-07   7.182E+03     112- 330     1988
Rovibration_vJ|3[19]        -Rovibration_vJ|3[20]            1.4492E-08  5.1180E-05   1.340E+06     113- 114     1989
Rovibration_vJ|3[19]        -Rovibration_vJ|4[18]            2.0909E-05  5.8050E+01   5.032E+04     113- 143     1990
Rovibration_vJ|3[19]        -Rovibration_vJ|4[20]            2.3639E-05  6.8130E+01   4.692E+04     113- 145     1991
Rovibration_vJ|3[19]        -Rovibration_vJ|5[18]            3.9072E-07  4.4370E+00   2.488E+04     113- 174     1992
Rovibration_vJ|3[19]        -Rovibration_vJ|5[20]            5.1396E-07  5.6480E+00   2.403E+04     113- 176     1993
Rovibration_vJ|3[19]        -Rovibration_vJ|6[18]            4.6164E-09  1.1780E-01   1.660E+04     113- 205     1994
Rovibration_vJ|3[19]        -Rovibration_vJ|6[20]            7.6362E-09  1.8420E-01   1.622E+04     113- 207     1995
Rovibration_vJ|3[19]        -Rovibration_vJ|7[18]            2.7464E-11  1.2370E-03   1.249E+04     113- 236     1996
Rovibration_vJ|3[19]        -Rovibration_vJ|7[20]            8.2530E-11  3.4730E-03   1.228E+04     113- 238     1997
Rovibration_vJ|3[19]        -Rovibration_vJ|8[18]            1.3707E-13  9.5550E-06   1.004E+04     113- 267     1998
Rovibration_vJ|3[19]        -Rovibration_vJ|8[20]            1.5555E-13  1.0060E-05   9.905E+03     113- 269     1999
Rovibration_vJ|3[19]        -Rovibration_vJ|9[18]            8.8856E-14  8.8240E-06   8.414E+03     113- 298     2000
Rovibration_vJ|3[19]        -Rovibration_vJ|9[20]            1.9324E-14  1.7720E-06   8.318E+03     113- 300     2001
Rovibration_vJ|3[19]        -Rovibration_vJ|10[18]           7.9475E-15  1.0620E-06   7.254E+03     113- 329     2002
Rovibration_vJ|3[19]        -Rovibration_vJ|10[20]           2.7598E-15  3.3940E-07   7.183E+03     113- 331     2003
Rovibration_vJ|3[20]        -Rovibration_vJ|3[21]            1.4679E-08  5.7260E-05   1.277E+06     114- 115     2004
Rovibration_vJ|3[20]        -Rovibration_vJ|4[19]            2.0897E-05  5.7610E+01   5.043E+04     114- 144     2005
Rovibration_vJ|3[20]        -Rovibration_vJ|4[21]            2.3652E-05  6.8520E+01   4.685E+04     114- 146     2006
Rovibration_vJ|3[20]        -Rovibration_vJ|5[19]            3.8919E-07  4.3970E+00   2.491E+04     114- 175     2007
Rovibration_vJ|3[20]        -Rovibration_vJ|5[21]            5.1654E-07  5.6960E+00   2.402E+04     114- 177     2008
Rovibration_vJ|3[20]        -Rovibration_vJ|6[19]            4.5743E-09  1.1620E-01   1.661E+04     114- 206     2009
Rovibration_vJ|3[20]        -Rovibration_vJ|6[21]            7.7218E-09  1.8680E-01   1.621E+04     114- 208     2010
Rovibration_vJ|3[20]        -Rovibration_vJ|7[19]            2.6733E-11  1.1990E-03   1.250E+04     114- 237     2011
Rovibration_vJ|3[20]        -Rovibration_vJ|7[21]            8.4522E-11  3.5660E-03   1.228E+04     114- 239     2012
Rovibration_vJ|3[20]        -Rovibration_vJ|8[19]            1.4965E-13  1.0390E-05   1.005E+04     114- 268     2013
Rovibration_vJ|3[20]        -Rovibration_vJ|8[21]            1.7431E-13  1.1300E-05   9.905E+03     114- 270     2014
Rovibration_vJ|3[20]        -Rovibration_vJ|9[19]            9.1258E-14  9.0270E-06   8.420E+03     114- 299     2015
Rovibration_vJ|3[20]        -Rovibration_vJ|9[21]            1.7985E-14  1.6530E-06   8.319E+03     114- 301     2016
Rovibration_vJ|3[20]        -Rovibration_vJ|10[19]           8.0458E-15  1.0710E-06   7.258E+03     114- 330     2017
Rovibration_vJ|3[20]        -Rovibration_vJ|10[21]           2.5972E-15  3.2010E-07   7.184E+03     114- 332     2018
Rovibration_vJ|3[21]        -Rovibration_vJ|3[22]            1.4798E-08  6.3450E-05   1.219E+06     115- 116     2019
Rovibration_vJ|3[21]        -Rovibration_vJ|4[20]            2.0880E-05  5.7170E+01   5.055E+04     115- 145     2020
Rovibration_vJ|3[21]        -Rovibration_vJ|4[22]            2.3663E-05  6.8890E+01   4.679E+04     115- 147     2021
Rovibration_vJ|3[21]        -Rovibration_vJ|5[20]            3.8765E-07  4.3580E+00   2.495E+04     115- 176     2022
Rovibration_vJ|3[21]        -Rovibration_vJ|5[22]            5.1923E-07  5.7440E+00   2.400E+04     115- 178     2023
Rovibration_vJ|3[21]        -Rovibration_vJ|6[20]            4.5309E-09  1.1460E-01   1.663E+04     115- 207     2024
Rovibration_vJ|3[21]        -Rovibration_vJ|6[22]            7.8088E-09  1.8940E-01   1.621E+04     115- 209     2025
Rovibration_vJ|3[21]        -Rovibration_vJ|7[20]            2.5990E-11  1.1610E-03   1.251E+04     115- 238     2026
Rovibration_vJ|3[21]        -Rovibration_vJ|7[22]            8.6597E-11  3.6620E-03   1.228E+04     115- 240     2027
Rovibration_vJ|3[21]        -Rovibration_vJ|8[20]            1.6281E-13  1.1260E-05   1.006E+04     115- 269     2028
Rovibration_vJ|3[21]        -Rovibration_vJ|8[22]            1.9441E-13  1.2630E-05   9.905E+03     115- 271     2029
Rovibration_vJ|3[21]        -Rovibration_vJ|9[20]            9.3678E-14  9.2320E-06   8.425E+03     115- 300     2030
Rovibration_vJ|3[21]        -Rovibration_vJ|9[22]            1.6700E-14  1.5380E-06   8.319E+03     115- 302     2031
Rovibration_vJ|3[21]        -Rovibration_vJ|10[20]           8.1354E-15  1.0790E-06   7.263E+03     115- 331     2032
Rovibration_vJ|3[21]        -Rovibration_vJ|10[22]           2.4375E-15  3.0100E-07   7.184E+03     115- 333     2033
Rovibration_vJ|3[22]        -Rovibration_vJ|3[23]            1.4854E-08  6.9710E-05   1.167E+06     116- 117     2034
Rovibration_vJ|3[22]        -Rovibration_vJ|4[21]            2.0858E-05  5.6730E+01   5.066E+04     116- 146     2035
Rovibration_vJ|3[22]        -Rovibration_vJ|4[23]            2.3679E-05  6.9260E+01   4.673E+04     116- 148     2036
Rovibration_vJ|3[22]        -Rovibration_vJ|5[21]            3.8610E-07  4.3200E+00   2.498E+04     116- 177     2037
Rovibration_vJ|3[22]        -Rovibration_vJ|5[23]            5.2192E-07  5.7910E+00   2.399E+04     116- 179     2038
Rovibration_vJ|3[22]        -Rovibration_vJ|6[21]            4.4861E-09  1.1300E-01   1.665E+04     116- 208     2039
Rovibration_vJ|3[22]        -Rovibration_vJ|6[23]            7.8970E-09  1.9200E-01   1.621E+04     116- 210     2040
Rovibration_vJ|3[22]        -Rovibration_vJ|7[21]            2.5280E-11  1.1250E-03   1.252E+04     116- 239     2041
Rovibration_vJ|3[22]        -Rovibration_vJ|7[23]            8.8704E-11  3.7590E-03   1.228E+04     116- 241     2042
Rovibration_vJ|3[22]        -Rovibration_vJ|8[21]            1.7632E-13  1.2150E-05   1.006E+04     116- 270     2043
Rovibration_vJ|3[22]        -Rovibration_vJ|8[23]            2.1585E-13  1.4050E-05   9.905E+03     116- 272     2044
Rovibration_vJ|3[22]        -Rovibration_vJ|9[21]            9.6117E-14  9.4390E-06   8.431E+03     116- 301     2045
Rovibration_vJ|3[22]        -Rovibration_vJ|9[23]            1.5446E-14  1.4250E-06   8.320E+03     116- 303     2046
Rovibration_vJ|3[22]        -Rovibration_vJ|10[21]           8.2240E-15  1.0870E-06   7.267E+03     116- 332     2047
Rovibration_vJ|3[22]        -Rovibration_vJ|10[23]           2.2814E-15  2.8220E-07   7.185E+03     116- 334     2048
Rovibration_vJ|3[23]        -Rovibration_vJ|3[24]            1.4843E-08  7.5940E-05   1.118E+06     117- 118     2049
Rovibration_vJ|3[23]        -Rovibration_vJ|4[22]            2.0839E-05  5.6310E+01   5.078E+04     117- 147     2050
Rovibration_vJ|3[23]        -Rovibration_vJ|4[24]            2.3695E-05  6.9620E+01   4.666E+04     117- 149     2051
Rovibration_vJ|3[23]        -Rovibration_vJ|5[22]            3.8447E-07  4.2820E+00   2.501E+04     117- 178     2052
Rovibration_vJ|3[23]        -Rovibration_vJ|5[24]            5.2469E-07  5.8380E+00   2.398E+04     117- 180     2053
Rovibration_vJ|3[23]        -Rovibration_vJ|6[22]            4.4442E-09  1.1150E-01   1.666E+04     117- 209     2054
Rovibration_vJ|3[23]        -Rovibration_vJ|6[24]            7.9905E-09  1.9470E-01   1.620E+04     117- 211     2055
Rovibration_vJ|3[23]        -Rovibration_vJ|7[22]            2.4584E-11  1.0900E-03   1.254E+04     117- 240     2056
Rovibration_vJ|3[23]        -Rovibration_vJ|7[24]            9.0868E-11  3.8580E-03   1.228E+04     117- 242     2057
Rovibration_vJ|3[23]        -Rovibration_vJ|8[22]            1.9019E-13  1.3060E-05   1.007E+04     117- 271     2058
Rovibration_vJ|3[23]        -Rovibration_vJ|8[24]            2.3849E-13  1.5550E-05   9.906E+03     117- 273     2059
Rovibration_vJ|3[23]        -Rovibration_vJ|9[22]            9.8588E-14  9.6490E-06   8.437E+03     117- 302     2060
Rovibration_vJ|3[23]        -Rovibration_vJ|9[24]            1.4252E-14  1.3170E-06   8.321E+03     117- 304     2061
Rovibration_vJ|3[23]        -Rovibration_vJ|10[22]           8.3119E-15  1.0950E-06   7.272E+03     117- 333     2062
Rovibration_vJ|3[23]        -Rovibration_vJ|10[24]           2.1287E-15  2.6370E-07   7.187E+03     117- 335     2063
Rovibration_vJ|3[24]        -Rovibration_vJ|3[25]            1.4765E-08  8.2050E-05   1.074E+06     118- 119     2064
Rovibration_vJ|3[24]        -Rovibration_vJ|4[23]            2.0816E-05  5.5890E+01   5.089E+04     118- 148     2065
Rovibration_vJ|3[24]        -Rovibration_vJ|4[25]            2.3712E-05  6.9970E+01   4.660E+04     118- 150     2066
Rovibration_vJ|3[24]        -Rovibration_vJ|5[23]            3.8294E-07  4.2460E+00   2.504E+04     118- 179     2067
Rovibration_vJ|3[24]        -Rovibration_vJ|5[25]            5.2754E-07  5.8850E+00   2.397E+04     118- 181     2068
Rovibration_vJ|3[24]        -Rovibration_vJ|6[23]            4.4053E-09  1.1010E-01   1.668E+04     118- 210     2069
Rovibration_vJ|3[24]        -Rovibration_vJ|6[25]            8.0850E-09  1.9740E-01   1.620E+04     118- 212     2070
Rovibration_vJ|3[24]        -Rovibration_vJ|7[23]            2.3902E-11  1.0560E-03   1.255E+04     118- 241     2071
Rovibration_vJ|3[24]        -Rovibration_vJ|7[25]            9.3087E-11  3.9590E-03   1.228E+04     118- 243     2072
Rovibration_vJ|3[24]        -Rovibration_vJ|8[23]            2.0456E-13  1.4000E-05   1.008E+04     118- 272     2073
Rovibration_vJ|3[24]        -Rovibration_vJ|8[25]            2.6263E-13  1.7150E-05   9.907E+03     118- 274     2074
Rovibration_vJ|3[24]        -Rovibration_vJ|9[23]            1.0108E-13  9.8610E-06   8.443E+03     118- 303     2075
Rovibration_vJ|3[24]        -Rovibration_vJ|9[25]            1.3087E-14  1.2110E-06   8.322E+03     118- 305     2076
Rovibration_vJ|3[24]        -Rovibration_vJ|10[23]           8.3993E-15  1.1030E-06   7.277E+03     118- 334     2077
Rovibration_vJ|3[24]        -Rovibration_vJ|10[25]           1.9791E-15  2.4550E-07   7.188E+03     118- 336     2078
Rovibration_vJ|3[25]        -Rovibration_vJ|3[26]            1.4623E-08  8.7970E-05   1.033E+06     119- 120     2079
Rovibration_vJ|3[25]        -Rovibration_vJ|4[24]            2.0790E-05  5.5470E+01   5.101E+04     119- 149     2080
Rovibration_vJ|3[25]        -Rovibration_vJ|4[26]            2.3733E-05  7.0320E+01   4.654E+04     119- 151     2081
Rovibration_vJ|3[25]        -Rovibration_vJ|5[24]            3.8135E-07  4.2100E+00   2.508E+04     119- 180     2082
Rovibration_vJ|3[25]        -Rovibration_vJ|5[26]            5.3046E-07  5.9320E+00   2.396E+04     119- 182     2083
Rovibration_vJ|3[25]        -Rovibration_vJ|6[24]            4.3616E-09  1.0860E-01   1.670E+04     119- 211     2084
Rovibration_vJ|3[25]        -Rovibration_vJ|6[26]            8.1804E-09  2.0010E-01   1.620E+04     119- 213     2085
Rovibration_vJ|3[25]        -Rovibration_vJ|7[24]            2.3235E-11  1.0230E-03   1.256E+04     119- 242     2086
Rovibration_vJ|3[25]        -Rovibration_vJ|7[26]            9.5361E-11  4.0620E-03   1.228E+04     119- 244     2087
Rovibration_vJ|3[25]        -Rovibration_vJ|8[24]            2.1945E-13  1.4970E-05   1.009E+04     119- 273     2088
Rovibration_vJ|3[25]        -Rovibration_vJ|8[26]            2.8811E-13  1.8840E-05   9.907E+03     119- 275     2089
Rovibration_vJ|3[25]        -Rovibration_vJ|9[24]            1.0365E-13  1.0080E-05   8.449E+03     119- 304     2090
Rovibration_vJ|3[25]        -Rovibration_vJ|9[26]            1.1980E-14  1.1100E-06   8.323E+03     119- 306     2091
Rovibration_vJ|3[25]        -Rovibration_vJ|10[24]           8.4785E-15  1.1100E-06   7.282E+03     119- 335     2092
Rovibration_vJ|3[25]        -Rovibration_vJ|10[26]           1.8335E-15  2.2770E-07   7.189E+03     119- 337     2093
Rovibration_vJ|3[26]        -Rovibration_vJ|3[27]            1.4417E-08  9.3600E-05   9.950E+05     120- 121     2094
Rovibration_vJ|3[26]        -Rovibration_vJ|4[25]            2.0764E-05  5.5060E+01   5.113E+04     120- 150     2095
Rovibration_vJ|3[26]        -Rovibration_vJ|4[27]            2.3753E-05  7.0660E+01   4.648E+04     120- 152     2096
Rovibration_vJ|3[26]        -Rovibration_vJ|5[25]            3.7971E-07  4.1740E+00   2.511E+04     120- 181     2097
Rovibration_vJ|3[26]        -Rovibration_vJ|5[27]            5.3344E-07  5.9790E+00   2.395E+04     120- 183     2098
Rovibration_vJ|3[26]        -Rovibration_vJ|6[25]            4.3211E-09  1.0720E-01   1.672E+04     120- 212     2099
Rovibration_vJ|3[26]        -Rovibration_vJ|6[27]            8.2767E-09  2.0280E-01   1.620E+04     120- 214     2100
Rovibration_vJ|3[26]        -Rovibration_vJ|7[25]            2.2577E-11  9.9070E-04   1.257E+04     120- 243     2101
Rovibration_vJ|3[26]        -Rovibration_vJ|7[27]            9.7689E-11  4.1670E-03   1.228E+04     120- 245     2102
Rovibration_vJ|3[26]        -Rovibration_vJ|8[25]            2.3456E-13  1.5950E-05   1.010E+04     120- 274     2103
Rovibration_vJ|3[26]        -Rovibration_vJ|8[27]            3.1495E-13  2.0620E-05   9.908E+03     120- 276     2104
Rovibration_vJ|3[26]        -Rovibration_vJ|9[25]            1.0614E-13  1.0290E-05   8.456E+03     120- 305     2105
Rovibration_vJ|3[26]        -Rovibration_vJ|9[27]            1.0911E-14  1.0120E-06   8.325E+03     120- 307     2106
Rovibration_vJ|3[26]        -Rovibration_vJ|10[25]           8.5573E-15  1.1170E-06   7.287E+03     120- 336     2107
Rovibration_vJ|3[26]        -Rovibration_vJ|10[27]           1.6925E-15  2.1040E-07   7.191E+03     120- 338     2108
Rovibration_vJ|3[27]        -Rovibration_vJ|3[28]            1.4148E-08  9.8840E-05   9.598E+05     121- 122     2109
Rovibration_vJ|3[27]        -Rovibration_vJ|4[26]            2.0737E-05  5.4650E+01   5.125E+04     121- 151     2110
Rovibration_vJ|3[27]        -Rovibration_vJ|4[28]            2.3776E-05  7.1000E+01   4.643E+04     121- 153     2111
Rovibration_vJ|3[27]        -Rovibration_vJ|5[26]            3.7811E-07  4.1390E+00   2.515E+04     121- 182     2112
Rovibration_vJ|3[27]        -Rovibration_vJ|5[28]            5.3639E-07  6.0250E+00   2.394E+04     121- 184     2113
Rovibration_vJ|3[27]        -Rovibration_vJ|6[26]            4.2799E-09  1.0580E-01   1.673E+04     121- 213     2114
Rovibration_vJ|3[27]        -Rovibration_vJ|6[28]            8.3738E-09  2.0550E-01   1.619E+04     121- 215     2115
Rovibration_vJ|3[27]        -Rovibration_vJ|7[26]            2.1939E-11  9.5960E-04   1.258E+04     121- 244     2116
Rovibration_vJ|3[27]        -Rovibration_vJ|7[28]            1.0007E-10  4.2740E-03   1.228E+04     121- 246     2117
Rovibration_vJ|3[27]        -Rovibration_vJ|8[26]            2.5018E-13  1.6960E-05   1.010E+04     121- 275     2118
Rovibration_vJ|3[27]        -Rovibration_vJ|8[28]            3.4329E-13  2.2500E-05   9.910E+03     121- 277     2119
Rovibration_vJ|3[27]        -Rovibration_vJ|9[26]            1.0873E-13  1.0510E-05   8.462E+03     121- 306     2120
Rovibration_vJ|3[27]        -Rovibration_vJ|9[28]            9.8931E-15  9.1850E-07   8.326E+03     121- 308     2121
Rovibration_vJ|3[27]        -Rovibration_vJ|10[26]           8.6282E-15  1.1230E-06   7.293E+03     121- 337     2122
Rovibration_vJ|3[27]        -Rovibration_vJ|10[28]           1.5560E-15  1.9360E-07   7.192E+03     121- 339     2123
Rovibration_vJ|3[28]        -Rovibration_vJ|3[29]            1.3818E-08  1.0360E-04   9.271E+05     122- 123     2124
Rovibration_vJ|3[28]        -Rovibration_vJ|4[27]            2.0710E-05  5.4250E+01   5.137E+04     122- 152     2125
Rovibration_vJ|3[28]        -Rovibration_vJ|4[29]            2.3798E-05  7.1330E+01   4.637E+04     122- 154     2126
Rovibration_vJ|3[28]        -Rovibration_vJ|5[27]            3.7646E-07  4.1040E+00   2.518E+04     122- 183     2127
Rovibration_vJ|3[28]        -Rovibration_vJ|5[29]            5.3949E-07  6.0720E+00   2.393E+04     122- 185     2128
Rovibration_vJ|3[28]        -Rovibration_vJ|6[27]            4.2381E-09  1.0440E-01   1.675E+04     122- 214     2129
Rovibration_vJ|3[28]        -Rovibration_vJ|6[29]            8.4757E-09  2.0830E-01   1.619E+04     122- 216     2130
Rovibration_vJ|3[28]        -Rovibration_vJ|7[27]            2.1317E-11  9.2940E-04   1.259E+04     122- 245     2131
Rovibration_vJ|3[28]        -Rovibration_vJ|7[29]            1.0251E-10  4.3830E-03   1.228E+04     122- 247     2132
Rovibration_vJ|3[28]        -Rovibration_vJ|8[27]            2.6618E-13  1.7990E-05   1.011E+04     122- 276     2133
Rovibration_vJ|3[28]        -Rovibration_vJ|8[29]            3.7314E-13  2.4480E-05   9.911E+03     122- 278     2134
Rovibration_vJ|3[28]        -Rovibration_vJ|9[27]            1.1133E-13  1.0730E-05   8.469E+03     122- 307     2135
Rovibration_vJ|3[28]        -Rovibration_vJ|9[29]            8.9185E-15  8.2870E-07   8.328E+03     122- 309     2136
Rovibration_vJ|3[28]        -Rovibration_vJ|10[27]           8.7065E-15  1.1300E-06   7.298E+03     122- 338     2137
Rovibration_vJ|3[28]        -Rovibration_vJ|10[29]           1.4232E-15  1.7720E-07   7.194E+03     122- 340     2138
Rovibration_vJ|3[29]        -Rovibration_vJ|3[30]            1.3418E-08  1.0770E-04   8.965E+05     123- 124     2139
Rovibration_vJ|3[29]        -Rovibration_vJ|4[28]            2.0678E-05  5.3840E+01   5.149E+04     123- 153     2140
Rovibration_vJ|3[29]        -Rovibration_vJ|4[30]            2.3819E-05  7.1650E+01   4.631E+04     123- 155     2141
Rovibration_vJ|3[29]        -Rovibration_vJ|5[28]            3.7487E-07  4.0700E+00   2.522E+04     123- 184     2142
Rovibration_vJ|3[29]        -Rovibration_vJ|5[30]            5.4263E-07  6.1190E+00   2.392E+04     123- 186     2143
Rovibration_vJ|3[29]        -Rovibration_vJ|6[28]            4.1998E-09  1.0310E-01   1.677E+04     123- 215     2144
Rovibration_vJ|3[29]        -Rovibration_vJ|6[30]            8.5783E-09  2.1110E-01   1.619E+04     123- 217     2145
Rovibration_vJ|3[29]        -Rovibration_vJ|7[28]            2.0710E-11  9.0010E-04   1.260E+04     123- 246     2146
Rovibration_vJ|3[29]        -Rovibration_vJ|7[30]            1.0502E-10  4.4950E-03   1.228E+04     123- 248     2147
Rovibration_vJ|3[29]        -Rovibration_vJ|8[28]            2.8256E-13  1.9040E-05   1.012E+04     123- 277     2148
Rovibration_vJ|3[29]        -Rovibration_vJ|8[30]            4.0466E-13  2.6570E-05   9.912E+03     123- 279     2149
Rovibration_vJ|3[29]        -Rovibration_vJ|9[28]            1.1404E-13  1.0960E-05   8.476E+03     123- 308     2150
Rovibration_vJ|3[29]        -Rovibration_vJ|9[30]            7.9926E-15  7.4320E-07   8.330E+03     123- 310     2151
Rovibration_vJ|3[29]        -Rovibration_vJ|10[28]           8.7771E-15  1.1360E-06   7.304E+03     123- 339     2152
Rovibration_vJ|3[29]        -Rovibration_vJ|10[30]           1.2955E-15  1.6140E-07   7.196E+03     123- 341     2153
Rovibration_vJ|3[30]        -Rovibration_vJ|4[29]            2.0648E-05  5.3440E+01   5.162E+04     124- 154     2154
Rovibration_vJ|3[30]        -Rovibration_vJ|5[29]            3.7333E-07  4.0370E+00   2.525E+04     124- 185     2155
Rovibration_vJ|3[30]        -Rovibration_vJ|6[29]            4.1610E-09  1.0180E-01   1.679E+04     124- 216     2156
Rovibration_vJ|3[30]        -Rovibration_vJ|7[29]            2.0117E-11  8.7160E-04   1.262E+04     124- 247     2157
Rovibration_vJ|3[30]        -Rovibration_vJ|8[29]            2.9916E-13  2.0100E-05   1.013E+04     124- 278     2158
Rovibration_vJ|3[30]        -Rovibration_vJ|9[29]            1.1665E-13  1.1180E-05   8.483E+03     124- 309     2159
Rovibration_vJ|3[30]        -Rovibration_vJ|10[29]           8.8475E-15  1.1420E-06   7.309E+03     124- 340     2160
Rovibration_vJ|4[0]         -Rovibration_vJ|4[1]             9.3967E-11  2.8680E-10   2.699E+07     125- 126     2161
Rovibration_vJ|4[0]         -Rovibration_vJ|5[1]             5.4836E-05  5.0810E+01   4.899E+04     125- 157     2162
Rovibration_vJ|4[0]         -Rovibration_vJ|6[1]             1.3570E-06  4.9560E+00   2.467E+04     125- 188     2163
Rovibration_vJ|4[0]         -Rovibration_vJ|7[1]             2.2018E-08  1.7850E-01   1.656E+04     125- 219     2164
Rovibration_vJ|4[0]         -Rovibration_vJ|8[1]             2.2410E-10  3.1870E-03   1.250E+04     125- 250     2165
Rovibration_vJ|4[0]         -Rovibration_vJ|9[1]             2.2998E-14  5.0430E-07   1.007E+04     125- 281     2166
Rovibration_vJ|4[0]         -Rovibration_vJ|10[1]            3.0484E-13  9.4990E-06   8.447E+03     125- 312     2167
Rovibration_vJ|4[1]         -Rovibration_vJ|4[2]             1.2405E-10  2.7260E-09   1.350E+07     126- 127     2168
Rovibration_vJ|4[1]         -Rovibration_vJ|5[0]             1.8214E-05  1.5080E+02   4.916E+04     126- 156     2169
Rovibration_vJ|4[1]         -Rovibration_vJ|5[2]             3.6623E-05  6.1300E+01   4.890E+04     126- 158     2170
Rovibration_vJ|4[1]         -Rovibration_vJ|6[0]             4.4731E-07  1.4650E+01   2.472E+04     126- 187     2171
Rovibration_vJ|4[1]         -Rovibration_vJ|6[2]             9.0986E-07  5.9920E+00   2.465E+04     126- 189     2172
Rovibration_vJ|4[1]         -Rovibration_vJ|7[0]             7.1773E-09  5.2240E-01   1.658E+04     126- 218     2173
Rovibration_vJ|4[1]         -Rovibration_vJ|7[2]             1.4847E-08  2.1690E-01   1.655E+04     126- 220     2174
Rovibration_vJ|4[1]         -Rovibration_vJ|8[0]             7.1024E-11  9.0740E-03   1.252E+04     126- 249     2175
Rovibration_vJ|4[1]         -Rovibration_vJ|8[2]             1.5320E-10  3.9250E-03   1.250E+04     126- 251     2176
Rovibration_vJ|4[1]         -Rovibration_vJ|9[0]             1.5700E-15  3.0940E-07   1.008E+04     126- 280     2177
Rovibration_vJ|4[1]         -Rovibration_vJ|9[2]             2.5034E-14  9.8880E-07   1.007E+04     126- 282     2178
Rovibration_vJ|4[1]         -Rovibration_vJ|10[0]            1.0867E-13  3.0440E-05   8.452E+03     126- 311     2179
Rovibration_vJ|4[1]         -Rovibration_vJ|10[2]            1.9619E-13  1.1010E-05   8.445E+03     126- 313     2180
Rovibration_vJ|4[2]         -Rovibration_vJ|4[3]             1.6476E-10  9.6970E-09   8.997E+06     127- 128     2181
Rovibration_vJ|4[2]         -Rovibration_vJ|5[1]             2.1817E-05  9.9980E+01   4.925E+04     127- 157     2182
Rovibration_vJ|4[2]         -Rovibration_vJ|5[3]             3.3021E-05  6.6030E+01   4.881E+04     127- 159     2183
Rovibration_vJ|4[2]         -Rovibration_vJ|6[1]             5.3377E-07  9.6940E+00   2.474E+04     127- 188     2184
Rovibration_vJ|4[2]         -Rovibration_vJ|6[3]             8.2358E-07  6.4680E+00   2.463E+04     127- 190     2185
Rovibration_vJ|4[2]         -Rovibration_vJ|7[1]             8.5180E-09  3.4400E-01   1.659E+04     127- 219     2186
Rovibration_vJ|4[2]         -Rovibration_vJ|7[3]             1.3514E-08  2.3530E-01   1.654E+04     127- 221     2187
Rovibration_vJ|4[2]         -Rovibration_vJ|8[1]             8.3106E-11  5.8930E-03   1.252E+04     127- 250     2188
Rovibration_vJ|4[2]         -Rovibration_vJ|8[3]             1.4139E-10  4.3160E-03   1.249E+04     127- 252     2189
Rovibration_vJ|4[2]         -Rovibration_vJ|9[1]             3.0732E-16  3.3620E-08   1.008E+04     127- 281     2190
Rovibration_vJ|4[2]         -Rovibration_vJ|9[3]             3.3517E-14  1.5770E-06   1.006E+04     127- 283     2191
Rovibration_vJ|4[2]         -Rovibration_vJ|10[1]            1.3472E-13  2.0950E-05   8.455E+03     127- 312     2192
Rovibration_vJ|4[2]         -Rovibration_vJ|10[3]            1.7040E-13  1.1390E-05   8.443E+03     127- 314     2193
Rovibration_vJ|4[3]         -Rovibration_vJ|4[4]             2.0444E-10  2.3290E-08   6.748E+06     128- 129     2194
Rovibration_vJ|4[3]         -Rovibration_vJ|5[2]             2.3332E-05  8.9480E+01   4.935E+04     128- 158     2195
Rovibration_vJ|4[3]         -Rovibration_vJ|5[4]             3.1502E-05  6.8830E+01   4.873E+04     128- 160     2196
Rovibration_vJ|4[3]         -Rovibration_vJ|6[2]             5.6875E-07  8.6600E+00   2.476E+04     128- 189     2197
Rovibration_vJ|4[3]         -Rovibration_vJ|6[4]             7.8881E-07  6.7570E+00   2.461E+04     128- 191     2198
Rovibration_vJ|4[3]         -Rovibration_vJ|7[2]             9.0232E-09  3.0570E-01   1.660E+04     128- 220     2199
Rovibration_vJ|4[3]         -Rovibration_vJ|7[4]             1.3019E-08  2.4710E-01   1.653E+04     128- 222     2200
Rovibration_vJ|4[3]         -Rovibration_vJ|8[2]             8.6800E-11  5.1650E-03   1.253E+04     128- 251     2201
Rovibration_vJ|4[3]         -Rovibration_vJ|8[4]             1.3807E-10  4.5930E-03   1.249E+04     128- 253     2202
Rovibration_vJ|4[3]         -Rovibration_vJ|9[2]             7.0096E-17  6.4360E-09   1.008E+04     128- 282     2203
Rovibration_vJ|4[3]         -Rovibration_vJ|9[4]             4.4573E-14  2.2850E-06   1.006E+04     128- 284     2204
Rovibration_vJ|4[3]         -Rovibration_vJ|10[2]            1.4900E-13  1.9450E-05   8.458E+03     128- 313     2205
Rovibration_vJ|4[3]         -Rovibration_vJ|10[4]            1.5641E-13  1.1390E-05   8.441E+03     128- 315     2206
Rovibration_vJ|4[4]         -Rovibration_vJ|4[5]             2.4099E-10  4.5120E-08   5.399E+06     129- 130     2207
Rovibration_vJ|4[4]         -Rovibration_vJ|5[3]             2.4153E-05  8.4750E+01   4.944E+04     129- 159     2208
Rovibration_vJ|4[4]         -Rovibration_vJ|5[5]             3.0680E-05  7.0760E+01   4.864E+04     129- 161     2209
Rovibration_vJ|4[4]         -Rovibration_vJ|6[3]             5.8654E-07  8.1860E+00   2.479E+04     129- 190     2210
Rovibration_vJ|4[4]         -Rovibration_vJ|6[5]             7.7133E-07  6.9620E+00   2.459E+04     129- 192     2211
Rovibration_vJ|4[4]         -Rovibration_vJ|7[3]             9.2558E-09  2.8760E-01   1.661E+04     129- 221     2212
Rovibration_vJ|4[4]         -Rovibration_vJ|7[5]             1.2804E-08  2.5590E-01   1.652E+04     129- 223     2213
Rovibration_vJ|4[4]         -Rovibration_vJ|8[3]             8.7762E-11  4.7910E-03   1.253E+04     129- 252     2214
Rovibration_vJ|4[4]         -Rovibration_vJ|8[5]             1.3764E-10  4.8200E-03   1.248E+04     129- 254     2215
Rovibration_vJ|4[4]         -Rovibration_vJ|9[3]             1.2439E-15  1.0480E-07   1.009E+04     129- 283     2216
Rovibration_vJ|4[4]         -Rovibration_vJ|9[5]             5.7860E-14  3.1220E-06   1.006E+04     129- 285     2217
Rovibration_vJ|4[4]         -Rovibration_vJ|10[3]            1.5944E-13  1.9100E-05   8.461E+03     129- 314     2218
Rovibration_vJ|4[4]         -Rovibration_vJ|10[5]            1.4653E-13  1.1230E-05   8.439E+03     129- 316     2219
Rovibration_vJ|4[5]         -Rovibration_vJ|4[6]             2.7340E-10  7.6220E-08   4.499E+06     130- 131     2220
Rovibration_vJ|4[5]         -Rovibration_vJ|5[4]             2.4656E-05  8.1930E+01   4.953E+04     130- 160     2221
Rovibration_vJ|4[5]         -Rovibration_vJ|5[6]             3.0175E-05  7.2220E+01   4.856E+04     130- 162     2222
Rovibration_vJ|4[5]         -Rovibration_vJ|6[4]             5.9656E-07  7.8990E+00   2.481E+04     130- 191     2223
Rovibration_vJ|4[5]         -Rovibration_vJ|6[6]             7.6164E-07  7.1210E+00   2.457E+04     130- 193     2224
Rovibration_vJ|4[5]         -Rovibration_vJ|7[4]             9.3635E-09  2.7620E-01   1.662E+04     130- 222     2225
Rovibration_vJ|4[5]         -Rovibration_vJ|7[6]             1.2716E-08  2.6310E-01   1.652E+04     130- 224     2226
Rovibration_vJ|4[5]         -Rovibration_vJ|8[4]             8.7501E-11  4.5360E-03   1.254E+04     130- 253     2227
Rovibration_vJ|4[5]         -Rovibration_vJ|8[6]             1.3857E-10  5.0220E-03   1.248E+04     130- 255     2228
Rovibration_vJ|4[5]         -Rovibration_vJ|9[4]             3.9003E-15  3.1210E-07   1.009E+04     130- 284     2229
Rovibration_vJ|4[5]         -Rovibration_vJ|9[6]             7.3273E-14  4.0910E-06   1.005E+04     130- 286     2230
Rovibration_vJ|4[5]         -Rovibration_vJ|10[4]            1.6812E-13  1.9130E-05   8.464E+03     130- 315     2231
Rovibration_vJ|4[5]         -Rovibration_vJ|10[6]            1.3835E-13  1.0970E-05   8.437E+03     130- 317     2232
Rovibration_vJ|4[6]         -Rovibration_vJ|4[7]             3.0083E-10  1.1690E-07   3.857E+06     131- 132     2233
Rovibration_vJ|4[6]         -Rovibration_vJ|5[5]             2.4988E-05  7.9980E+01   4.963E+04     131- 161     2234
Rovibration_vJ|4[6]         -Rovibration_vJ|5[7]             2.9842E-05  7.3400E+01   4.848E+04     131- 163     2235
Rovibration_vJ|4[6]         -Rovibration_vJ|6[5]             6.0247E-07  7.6980E+00   2.484E+04     131- 192     2236
Rovibration_vJ|4[6]         -Rovibration_vJ|6[7]             7.5631E-07  7.2540E+00   2.455E+04     131- 194     2237
Rovibration_vJ|4[6]         -Rovibration_vJ|7[5]             9.4024E-09  2.6780E-01   1.664E+04     131- 223     2238
Rovibration_vJ|4[6]         -Rovibration_vJ|7[7]             1.2700E-08  2.6940E-01   1.651E+04     131- 225     2239
Rovibration_vJ|4[6]         -Rovibration_vJ|8[5]             8.6598E-11  4.3360E-03   1.255E+04     131- 254     2240
Rovibration_vJ|4[6]         -Rovibration_vJ|8[7]             1.4023E-10  5.2090E-03   1.247E+04     131- 256     2241
Rovibration_vJ|4[6]         -Rovibration_vJ|9[5]             8.0373E-15  6.2130E-07   1.010E+04     131- 285     2242
Rovibration_vJ|4[6]         -Rovibration_vJ|9[7]             9.0869E-14  5.1990E-06   1.005E+04     131- 287     2243
Rovibration_vJ|4[6]         -Rovibration_vJ|10[5]            1.7582E-13  1.9330E-05   8.468E+03     131- 316     2244
Rovibration_vJ|4[6]         -Rovibration_vJ|10[7]            1.3133E-13  1.0670E-05   8.435E+03     131- 318     2245
Rovibration_vJ|4[7]         -Rovibration_vJ|4[8]             3.2266E-10  1.6670E-07   3.375E+06     132- 133     2246
Rovibration_vJ|4[7]         -Rovibration_vJ|5[6]             2.5222E-05  7.8510E+01   4.972E+04     132- 162     2247
Rovibration_vJ|4[7]         -Rovibration_vJ|5[8]             2.9609E-05  7.4390E+01   4.840E+04     132- 164     2248
Rovibration_vJ|4[7]         -Rovibration_vJ|6[6]             6.0581E-07  7.5420E+00   2.486E+04     132- 193     2249
Rovibration_vJ|4[7]         -Rovibration_vJ|6[8]             7.5347E-07  7.3690E+00   2.453E+04     132- 195     2250
Rovibration_vJ|4[7]         -Rovibration_vJ|7[6]             9.4029E-09  2.6110E-01   1.665E+04     132- 224     2251
Rovibration_vJ|4[7]         -Rovibration_vJ|7[8]             1.2726E-08  2.7510E-01   1.650E+04     132- 226     2252
Rovibration_vJ|4[7]         -Rovibration_vJ|8[6]             8.5338E-11  4.1670E-03   1.255E+04     132- 255     2253
Rovibration_vJ|4[7]         -Rovibration_vJ|8[8]             1.4238E-10  5.3880E-03   1.247E+04     132- 257     2254
Rovibration_vJ|4[7]         -Rovibration_vJ|9[6]             1.3634E-14  1.0280E-06   1.010E+04     132- 286     2255
Rovibration_vJ|4[7]         -Rovibration_vJ|9[8]             1.1066E-13  6.4490E-06   1.005E+04     132- 288     2256
Rovibration_vJ|4[7]         -Rovibration_vJ|10[6]            1.8303E-13  1.9630E-05   8.471E+03     132- 317     2257
Rovibration_vJ|4[7]         -Rovibration_vJ|10[8]            1.2484E-13  1.0330E-05   8.434E+03     132- 319     2258
Rovibration_vJ|4[8]         -Rovibration_vJ|4[9]             3.3852E-10  2.2440E-07   3.001E+06     133- 134     2259
Rovibration_vJ|4[8]         -Rovibration_vJ|5[7]             2.5385E-05  7.7310E+01   4.982E+04     133- 163     2260
Rovibration_vJ|4[8]         -Rovibration_vJ|5[9]             2.9440E-05  7.5250E+01   4.832E+04     133- 165     2261
Rovibration_vJ|4[8]         -Rovibration_vJ|6[7]             6.0757E-07  7.4140E+00   2.489E+04     133- 194     2262
Rovibration_vJ|4[8]         -Rovibration_vJ|6[9]             7.5230E-07  7.4720E+00   2.451E+04     133- 196     2263
Rovibration_vJ|4[8]         -Rovibration_vJ|7[7]             9.3780E-09  2.5540E-01   1.666E+04     133- 225     2264
Rovibration_vJ|4[8]         -Rovibration_vJ|7[9]             1.2780E-08  2.8040E-01   1.649E+04     133- 227     2265
Rovibration_vJ|4[8]         -Rovibration_vJ|8[7]             8.3874E-11  4.0180E-03   1.256E+04     133- 256     2266
Rovibration_vJ|4[8]         -Rovibration_vJ|8[9]             1.4488E-10  5.5630E-03   1.247E+04     133- 258     2267
Rovibration_vJ|4[8]         -Rovibration_vJ|9[7]             2.0653E-14  1.5280E-06   1.011E+04     133- 287     2268
Rovibration_vJ|4[8]         -Rovibration_vJ|9[9]             1.3270E-13  7.8450E-06   1.005E+04     133- 289     2269
Rovibration_vJ|4[8]         -Rovibration_vJ|10[7]            1.8993E-13  1.9990E-05   8.475E+03     133- 318     2270
Rovibration_vJ|4[8]         -Rovibration_vJ|10[9]            1.1883E-13  9.9730E-06   8.433E+03     133- 320     2271
Rovibration_vJ|4[9]         -Rovibration_vJ|4[10]            3.4762E-10  2.8760E-07   2.701E+06     134- 135     2272
Rovibration_vJ|4[9]         -Rovibration_vJ|5[8]             2.5506E-05  7.6300E+01   4.992E+04     134- 164     2273
Rovibration_vJ|4[9]         -Rovibration_vJ|5[10]            2.9320E-05  7.6030E+01   4.824E+04     134- 166     2274
Rovibration_vJ|4[9]         -Rovibration_vJ|6[8]             6.0833E-07  7.3050E+00   2.492E+04     134- 195     2275
Rovibration_vJ|4[9]         -Rovibration_vJ|6[10]            7.5232E-07  7.5670E+00   2.449E+04     134- 197     2276
Rovibration_vJ|4[9]         -Rovibration_vJ|7[8]             9.3413E-09  2.5050E-01   1.667E+04     134- 226     2277
Rovibration_vJ|4[9]         -Rovibration_vJ|7[10]            1.2852E-08  2.8540E-01   1.649E+04     134- 228     2278
Rovibration_vJ|4[9]         -Rovibration_vJ|8[8]             8.2293E-11  3.8830E-03   1.257E+04     134- 257     2279
Rovibration_vJ|4[9]         -Rovibration_vJ|8[10]            1.4764E-10  5.7360E-03   1.246E+04     134- 259     2280
Rovibration_vJ|4[9]         -Rovibration_vJ|9[8]             2.9059E-14  2.1180E-06   1.011E+04     134- 288     2281
Rovibration_vJ|4[9]         -Rovibration_vJ|9[10]            1.5704E-13  9.3920E-06   1.005E+04     134- 290     2282
Rovibration_vJ|4[9]         -Rovibration_vJ|10[8]            1.9663E-13  2.0390E-05   8.479E+03     134- 319     2283
Rovibration_vJ|4[9]         -Rovibration_vJ|10[10]           1.1313E-13  9.6040E-06   8.431E+03     134- 321     2284
Rovibration_vJ|4[10]        -Rovibration_vJ|4[11]            3.5011E-10  3.5360E-07   2.456E+06     135- 136     2285
Rovibration_vJ|4[10]        -Rovibration_vJ|5[9]             2.5590E-05  7.5400E+01   5.002E+04     135- 165     2286
Rovibration_vJ|4[10]        -Rovibration_vJ|5[11]            2.9229E-05  7.6730E+01   4.817E+04     135- 167     2287
Rovibration_vJ|4[10]        -Rovibration_vJ|6[9]             6.0820E-07  7.2070E+00   2.494E+04     135- 196     2288
Rovibration_vJ|4[10]        -Rovibration_vJ|6[11]            7.5308E-07  7.6550E+00   2.448E+04     135- 198     2289
Rovibration_vJ|4[10]        -Rovibration_vJ|7[9]             9.2868E-09  2.4590E-01   1.669E+04     135- 227     2290
Rovibration_vJ|4[10]        -Rovibration_vJ|7[11]            1.2939E-08  2.9020E-01   1.648E+04     135- 229     2291
Rovibration_vJ|4[10]        -Rovibration_vJ|8[9]             8.0615E-11  3.7570E-03   1.258E+04     135- 258     2292
Rovibration_vJ|4[10]        -Rovibration_vJ|8[11]            1.5059E-10  5.9070E-03   1.246E+04     135- 260     2293
Rovibration_vJ|4[10]        -Rovibration_vJ|9[9]             3.8818E-14  2.7950E-06   1.012E+04     135- 289     2294
Rovibration_vJ|4[10]        -Rovibration_vJ|9[11]            1.8385E-13  1.1100E-05   1.004E+04     135- 291     2295
Rovibration_vJ|4[10]        -Rovibration_vJ|10[9]            2.0312E-13  2.0810E-05   8.483E+03     135- 320     2296
Rovibration_vJ|4[10]        -Rovibration_vJ|10[11]           1.0769E-13  9.2280E-06   8.430E+03     135- 322     2297
Rovibration_vJ|4[11]        -Rovibration_vJ|4[12]            3.4574E-10  4.1860E-07   2.251E+06     136- 137     2298
Rovibration_vJ|4[11]        -Rovibration_vJ|5[10]            2.5654E-05  7.4600E+01   5.012E+04     136- 166     2299
Rovibration_vJ|4[11]        -Rovibration_vJ|5[12]            2.9161E-05  7.7380E+01   4.809E+04     136- 168     2300
Rovibration_vJ|4[11]        -Rovibration_vJ|6[10]            6.0761E-07  7.1190E+00   2.497E+04     136- 197     2301
Rovibration_vJ|4[11]        -Rovibration_vJ|6[12]            7.5453E-07  7.7390E+00   2.446E+04     136- 199     2302
Rovibration_vJ|4[11]        -Rovibration_vJ|7[10]            9.2302E-09  2.4180E-01   1.670E+04     136- 228     2303
Rovibration_vJ|4[11]        -Rovibration_vJ|7[12]            1.3043E-08  2.9500E-01   1.647E+04     136- 230     2304
Rovibration_vJ|4[11]        -Rovibration_vJ|8[10]            7.8899E-11  3.6390E-03   1.259E+04     136- 259     2305
Rovibration_vJ|4[11]        -Rovibration_vJ|8[12]            1.5375E-10  6.0800E-03   1.246E+04     136- 261     2306
Rovibration_vJ|4[11]        -Rovibration_vJ|9[10]            4.9895E-14  3.5560E-06   1.012E+04     136- 290     2307
Rovibration_vJ|4[11]        -Rovibration_vJ|9[12]            2.1297E-13  1.2960E-05   1.004E+04     136- 292     2308
Rovibration_vJ|4[11]        -Rovibration_vJ|10[10]           2.0962E-13  2.1260E-05   8.487E+03     136- 321     2309
Rovibration_vJ|4[11]        -Rovibration_vJ|10[12]           1.0245E-13  8.8480E-06   8.430E+03     136- 323     2310
Rovibration_vJ|4[12]        -Rovibration_vJ|4[13]            3.3463E-10  4.7840E-07   2.078E+06     137- 138     2311
Rovibration_vJ|4[12]        -Rovibration_vJ|5[11]            2.5698E-05  7.3860E+01   5.023E+04     137- 167     2312
Rovibration_vJ|4[12]        -Rovibration_vJ|5[13]            2.9116E-05  7.8000E+01   4.802E+04     137- 169     2313
Rovibration_vJ|4[12]        -Rovibration_vJ|6[11]            6.0662E-07  7.0380E+00   2.500E+04     137- 198     2314
Rovibration_vJ|4[12]        -Rovibration_vJ|6[13]            7.5652E-07  7.8200E+00   2.444E+04     137- 200     2315
Rovibration_vJ|4[12]        -Rovibration_vJ|7[11]            9.1653E-09  2.3790E-01   1.671E+04     137- 229     2316
Rovibration_vJ|4[12]        -Rovibration_vJ|7[13]            1.3152E-08  2.9960E-01   1.647E+04     137- 231     2317
Rovibration_vJ|4[12]        -Rovibration_vJ|8[11]            7.7177E-11  3.5280E-03   1.259E+04     137- 260     2318
Rovibration_vJ|4[12]        -Rovibration_vJ|8[13]            1.5704E-10  6.2530E-03   1.245E+04     137- 262     2319
Rovibration_vJ|4[12]        -Rovibration_vJ|9[11]            6.2250E-14  4.3980E-06   1.013E+04     137- 291     2320
Rovibration_vJ|4[12]        -Rovibration_vJ|9[13]            2.4452E-13  1.4980E-05   1.004E+04     137- 293     2321
Rovibration_vJ|4[12]        -Rovibration_vJ|10[11]           2.1600E-13  2.1720E-05   8.491E+03     137- 322     2322
Rovibration_vJ|4[12]        -Rovibration_vJ|10[13]           9.7399E-14  8.4670E-06   8.429E+03     137- 324     2323
Rovibration_vJ|4[13]        -Rovibration_vJ|4[14]            3.1700E-10  5.2830E-07   1.930E+06     138- 139     2324
Rovibration_vJ|4[13]        -Rovibration_vJ|5[12]            2.5732E-05  7.3180E+01   5.033E+04     138- 168     2325
Rovibration_vJ|4[13]        -Rovibration_vJ|5[14]            2.9078E-05  7.8570E+01   4.794E+04     138- 170     2326
Rovibration_vJ|4[13]        -Rovibration_vJ|6[12]            6.0522E-07  6.9610E+00   2.503E+04     138- 199     2327
Rovibration_vJ|4[13]        -Rovibration_vJ|6[14]            7.5887E-07  7.8980E+00   2.443E+04     138- 201     2328
Rovibration_vJ|4[13]        -Rovibration_vJ|7[12]            9.0960E-09  2.3420E-01   1.673E+04     138- 230     2329
Rovibration_vJ|4[13]        -Rovibration_vJ|7[14]            1.3271E-08  3.0420E-01   1.646E+04     138- 232     2330
Rovibration_vJ|4[13]        -Rovibration_vJ|8[12]            7.5420E-11  3.4210E-03   1.260E+04     138- 261     2331
Rovibration_vJ|4[13]        -Rovibration_vJ|8[14]            1.6048E-10  6.4280E-03   1.245E+04     138- 263     2332
Rovibration_vJ|4[13]        -Rovibration_vJ|9[12]            7.5831E-14  5.3170E-06   1.014E+04     138- 292     2333
Rovibration_vJ|4[13]        -Rovibration_vJ|9[14]            2.7882E-13  1.7180E-05   1.004E+04     138- 294     2334
Rovibration_vJ|4[13]        -Rovibration_vJ|10[12]           2.2233E-13  2.2190E-05   8.496E+03     138- 323     2335
Rovibration_vJ|4[13]        -Rovibration_vJ|10[14]           9.2494E-14  8.0860E-06   8.428E+03     138- 325     2336
Rovibration_vJ|4[14]        -Rovibration_vJ|4[15]            2.9341E-10  5.6380E-07   1.802E+06     139- 140     2337
Rovibration_vJ|4[14]        -Rovibration_vJ|5[13]            2.5748E-05  7.2520E+01   5.043E+04     139- 169     2338
Rovibration_vJ|4[14]        -Rovibration_vJ|5[15]            2.9058E-05  7.9130E+01   4.787E+04     139- 171     2339
Rovibration_vJ|4[14]        -Rovibration_vJ|6[13]            6.0365E-07  6.8890E+00   2.506E+04     139- 200     2340
Rovibration_vJ|4[14]        -Rovibration_vJ|6[15]            7.6154E-07  7.9740E+00   2.441E+04     139- 202     2341
Rovibration_vJ|4[14]        -Rovibration_vJ|7[13]            9.0247E-09  2.3070E-01   1.674E+04     139- 231     2342
Rovibration_vJ|4[14]        -Rovibration_vJ|7[15]            1.3393E-08  3.0870E-01   1.645E+04     139- 233     2343
Rovibration_vJ|4[14]        -Rovibration_vJ|8[13]            7.3700E-11  3.3200E-03   1.261E+04     139- 262     2344
Rovibration_vJ|4[14]        -Rovibration_vJ|8[15]            1.6405E-10  6.6050E-03   1.245E+04     139- 264     2345
Rovibration_vJ|4[14]        -Rovibration_vJ|9[13]            9.0614E-14  6.3110E-06   1.014E+04     139- 293     2346
Rovibration_vJ|4[14]        -Rovibration_vJ|9[15]            3.1570E-13  1.9550E-05   1.004E+04     139- 295     2347
Rovibration_vJ|4[14]        -Rovibration_vJ|10[13]           2.2875E-13  2.2680E-05   8.501E+03     139- 324     2348
Rovibration_vJ|4[14]        -Rovibration_vJ|10[15]           8.7732E-14  7.7070E-06   8.428E+03     139- 326     2349
Rovibration_vJ|4[15]        -Rovibration_vJ|4[16]            2.6447E-10  5.8040E-07   1.690E+06     140- 141     2350
Rovibration_vJ|4[15]        -Rovibration_vJ|5[14]            2.5758E-05  7.1900E+01   5.054E+04     140- 170     2351
Rovibration_vJ|4[15]        -Rovibration_vJ|5[16]            2.9040E-05  7.9650E+01   4.780E+04     140- 172     2352
Rovibration_vJ|4[15]        -Rovibration_vJ|6[14]            6.0187E-07  6.8200E+00   2.508E+04     140- 201     2353
Rovibration_vJ|4[15]        -Rovibration_vJ|6[16]            7.6445E-07  8.0480E+00   2.440E+04     140- 203     2354
Rovibration_vJ|4[15]        -Rovibration_vJ|7[14]            8.9497E-09  2.2730E-01   1.676E+04     140- 232     2355
Rovibration_vJ|4[15]        -Rovibration_vJ|7[16]            1.3523E-08  3.1320E-01   1.645E+04     140- 234     2356
Rovibration_vJ|4[15]        -Rovibration_vJ|8[14]            7.1969E-11  3.2220E-03   1.262E+04     140- 263     2357
Rovibration_vJ|4[15]        -Rovibration_vJ|8[16]            1.6773E-10  6.7840E-03   1.245E+04     140- 265     2358
Rovibration_vJ|4[15]        -Rovibration_vJ|9[14]            1.0656E-13  7.3770E-06   1.015E+04     140- 294     2359
Rovibration_vJ|4[15]        -Rovibration_vJ|9[16]            3.5533E-13  2.2100E-05   1.004E+04     140- 296     2360
Rovibration_vJ|4[15]        -Rovibration_vJ|10[14]           2.3507E-13  2.3170E-05   8.505E+03     140- 325     2361
Rovibration_vJ|4[15]        -Rovibration_vJ|10[16]           8.3088E-14  7.3300E-06   8.428E+03     140- 327     2362
Rovibration_vJ|4[16]        -Rovibration_vJ|4[17]            2.3110E-10  5.7440E-07   1.591E+06     141- 142     2363
Rovibration_vJ|4[16]        -Rovibration_vJ|5[15]            2.5763E-05  7.1310E+01   5.065E+04     141- 171     2364
Rovibration_vJ|4[16]        -Rovibration_vJ|5[17]            2.9033E-05  8.0160E+01   4.773E+04     141- 173     2365
Rovibration_vJ|4[16]        -Rovibration_vJ|6[15]            5.9996E-07  6.7540E+00   2.511E+04     141- 202     2366
Rovibration_vJ|4[16]        -Rovibration_vJ|6[17]            7.6752E-07  8.1200E+00   2.438E+04     141- 204     2367
Rovibration_vJ|4[16]        -Rovibration_vJ|7[15]            8.8762E-09  2.2410E-01   1.677E+04     141- 233     2368
Rovibration_vJ|4[16]        -Rovibration_vJ|7[17]            1.3659E-08  3.1770E-01   1.644E+04     141- 235     2369
Rovibration_vJ|4[16]        -Rovibration_vJ|8[15]            7.0241E-11  3.1270E-03   1.263E+04     141- 264     2370
Rovibration_vJ|4[16]        -Rovibration_vJ|8[17]            1.7152E-10  6.9650E-03   1.244E+04     141- 266     2371
Rovibration_vJ|4[16]        -Rovibration_vJ|9[15]            1.2364E-13  8.5130E-06   1.016E+04     141- 295     2372
Rovibration_vJ|4[16]        -Rovibration_vJ|9[17]            3.9771E-13  2.4830E-05   1.004E+04     141- 297     2373
Rovibration_vJ|4[16]        -Rovibration_vJ|10[15]           2.4143E-13  2.3670E-05   8.510E+03     141- 326     2374
Rovibration_vJ|4[16]        -Rovibration_vJ|10[17]           7.8569E-14  6.9570E-06   8.428E+03     141- 328     2375
Rovibration_vJ|4[17]        -Rovibration_vJ|4[18]            1.9446E-10  5.4340E-07   1.503E+06     142- 143     2376
Rovibration_vJ|4[17]        -Rovibration_vJ|5[16]            2.5758E-05  7.0730E+01   5.076E+04     142- 172     2377
Rovibration_vJ|4[17]        -Rovibration_vJ|5[18]            2.9034E-05  8.0660E+01   4.766E+04     142- 174     2378
Rovibration_vJ|4[17]        -Rovibration_vJ|6[16]            5.9800E-07  6.6910E+00   2.515E+04     142- 203     2379
Rovibration_vJ|4[17]        -Rovibration_vJ|6[18]            7.7089E-07  8.1920E+00   2.437E+04     142- 205     2380
Rovibration_vJ|4[17]        -Rovibration_vJ|7[16]            8.7975E-09  2.2090E-01   1.679E+04     142- 234     2381
Rovibration_vJ|4[17]        -Rovibration_vJ|7[18]            1.3803E-08  3.2230E-01   1.644E+04     142- 236     2382
Rovibration_vJ|4[17]        -Rovibration_vJ|8[16]            6.8551E-11  3.0360E-03   1.264E+04     142- 265     2383
Rovibration_vJ|4[17]        -Rovibration_vJ|8[18]            1.7545E-10  7.1500E-03   1.244E+04     142- 267     2384
Rovibration_vJ|4[17]        -Rovibration_vJ|9[16]            1.4180E-13  9.7150E-06   1.016E+04     142- 296     2385
Rovibration_vJ|4[17]        -Rovibration_vJ|9[18]            4.4298E-13  2.7750E-05   1.004E+04     142- 298     2386
Rovibration_vJ|4[17]        -Rovibration_vJ|10[16]           2.4773E-13  2.4170E-05   8.515E+03     142- 327     2387
Rovibration_vJ|4[17]        -Rovibration_vJ|10[18]           7.4171E-14  6.5890E-06   8.428E+03     142- 329     2388
Rovibration_vJ|4[18]        -Rovibration_vJ|4[19]            1.5594E-10  4.8670E-07   1.424E+06     143- 144     2389
Rovibration_vJ|4[18]        -Rovibration_vJ|5[17]            2.5750E-05  7.0170E+01   5.087E+04     143- 173     2390
Rovibration_vJ|4[18]        -Rovibration_vJ|5[19]            2.9034E-05  8.1130E+01   4.759E+04     143- 175     2391
Rovibration_vJ|4[18]        -Rovibration_vJ|6[17]            5.9586E-07  6.6290E+00   2.518E+04     143- 204     2392
Rovibration_vJ|4[18]        -Rovibration_vJ|6[19]            7.7441E-07  8.2630E+00   2.435E+04     143- 206     2393
Rovibration_vJ|4[18]        -Rovibration_vJ|7[17]            8.7225E-09  2.1790E-01   1.680E+04     143- 235     2394
Rovibration_vJ|4[18]        -Rovibration_vJ|7[19]            1.3947E-08  3.2680E-01   1.643E+04     143- 237     2395
Rovibration_vJ|4[18]        -Rovibration_vJ|8[17]            6.6907E-11  2.9490E-03   1.265E+04     143- 266     2396
Rovibration_vJ|4[18]        -Rovibration_vJ|8[19]            1.7949E-10  7.3380E-03   1.244E+04     143- 268     2397
Rovibration_vJ|4[18]        -Rovibration_vJ|9[17]            1.6101E-13  1.0980E-05   1.017E+04     143- 297     2398
Rovibration_vJ|4[18]        -Rovibration_vJ|9[19]            4.9115E-13  3.0860E-05   1.004E+04     143- 299     2399
Rovibration_vJ|4[18]        -Rovibration_vJ|10[17]           2.5410E-13  2.4680E-05   8.521E+03     143- 328     2400
Rovibration_vJ|4[18]        -Rovibration_vJ|10[19]           6.9884E-14  6.2260E-06   8.428E+03     143- 330     2401
Rovibration_vJ|4[19]        -Rovibration_vJ|4[20]            1.1721E-10  4.0620E-07   1.353E+06     144- 145     2402
Rovibration_vJ|4[19]        -Rovibration_vJ|5[18]            2.5736E-05  6.9620E+01   5.098E+04     144- 174     2403
Rovibration_vJ|4[19]        -Rovibration_vJ|5[20]            2.9043E-05  8.1600E+01   4.752E+04     144- 176     2404
Rovibration_vJ|4[19]        -Rovibration_vJ|6[18]            5.9367E-07  6.5690E+00   2.521E+04     144- 205     2405
Rovibration_vJ|4[19]        -Rovibration_vJ|6[20]            7.7806E-07  8.3330E+00   2.434E+04     144- 207     2406
Rovibration_vJ|4[19]        -Rovibration_vJ|7[18]            8.6438E-09  2.1490E-01   1.682E+04     144- 236     2407
Rovibration_vJ|4[19]        -Rovibration_vJ|7[20]            1.4095E-08  3.3130E-01   1.643E+04     144- 238     2408
Rovibration_vJ|4[19]        -Rovibration_vJ|8[18]            6.5249E-11  2.8630E-03   1.266E+04     144- 267     2409
Rovibration_vJ|4[19]        -Rovibration_vJ|8[20]            1.8361E-10  7.5280E-03   1.244E+04     144- 269     2410
Rovibration_vJ|4[19]        -Rovibration_vJ|9[18]            1.8129E-13  1.2310E-05   1.018E+04     144- 298     2411
Rovibration_vJ|4[19]        -Rovibration_vJ|9[20]            5.4238E-13  3.4170E-05   1.004E+04     144- 300     2412
Rovibration_vJ|4[19]        -Rovibration_vJ|10[18]           2.6055E-13  2.5200E-05   8.526E+03     144- 329     2413
Rovibration_vJ|4[19]        -Rovibration_vJ|10[20]           6.5709E-14  5.8690E-06   8.428E+03     144- 331     2414
Rovibration_vJ|4[20]        -Rovibration_vJ|4[21]            8.0281E-11  3.0730E-07   1.289E+06     145- 146     2415
Rovibration_vJ|4[20]        -Rovibration_vJ|5[19]            2.5721E-05  6.9090E+01   5.109E+04     145- 175     2416
Rovibration_vJ|4[20]        -Rovibration_vJ|5[21]            2.9053E-05  8.2050E+01   4.746E+04     145- 177     2417
Rovibration_vJ|4[20]        -Rovibration_vJ|6[19]            5.9138E-07  6.5100E+00   2.524E+04     145- 206     2418
Rovibration_vJ|4[20]        -Rovibration_vJ|6[21]            7.8188E-07  8.4030E+00   2.433E+04     145- 208     2419
Rovibration_vJ|4[20]        -Rovibration_vJ|7[19]            8.5700E-09  2.1210E-01   1.683E+04     145- 237     2420
Rovibration_vJ|4[20]        -Rovibration_vJ|7[21]            1.4249E-08  3.3590E-01   1.643E+04     145- 239     2421
Rovibration_vJ|4[20]        -Rovibration_vJ|8[19]            6.3649E-11  2.7810E-03   1.267E+04     145- 268     2422
Rovibration_vJ|4[20]        -Rovibration_vJ|8[21]            1.8788E-10  7.7230E-03   1.244E+04     145- 270     2423
Rovibration_vJ|4[20]        -Rovibration_vJ|9[19]            2.0259E-13  1.3700E-05   1.018E+04     145- 299     2424
Rovibration_vJ|4[20]        -Rovibration_vJ|9[21]            5.9667E-13  3.7680E-05   1.004E+04     145- 301     2425
Rovibration_vJ|4[20]        -Rovibration_vJ|10[19]           2.6687E-13  2.5710E-05   8.532E+03     145- 330     2426
Rovibration_vJ|4[20]        -Rovibration_vJ|10[21]           6.1640E-14  5.5180E-06   8.429E+03     145- 332     2427
Rovibration_vJ|4[21]        -Rovibration_vJ|4[22]            4.7389E-11  1.9940E-07   1.231E+06     146- 147     2428
Rovibration_vJ|4[21]        -Rovibration_vJ|5[20]            2.5699E-05  6.8560E+01   5.121E+04     146- 176     2429
Rovibration_vJ|4[21]        -Rovibration_vJ|5[22]            2.9069E-05  8.2500E+01   4.739E+04     146- 178     2430
Rovibration_vJ|4[21]        -Rovibration_vJ|6[20]            5.8911E-07  6.4530E+00   2.527E+04     146- 207     2431
Rovibration_vJ|4[21]        -Rovibration_vJ|6[22]            7.8578E-07  8.4720E+00   2.431E+04     146- 209     2432
Rovibration_vJ|4[21]        -Rovibration_vJ|7[20]            8.4935E-09  2.0930E-01   1.685E+04     146- 238     2433
Rovibration_vJ|4[21]        -Rovibration_vJ|7[22]            1.4407E-08  3.4050E-01   1.642E+04     146- 240     2434
Rovibration_vJ|4[21]        -Rovibration_vJ|8[20]            6.2067E-11  2.7010E-03   1.268E+04     146- 269     2435
Rovibration_vJ|4[21]        -Rovibration_vJ|8[22]            1.9223E-10  7.9200E-03   1.244E+04     146- 271     2436
Rovibration_vJ|4[21]        -Rovibration_vJ|9[20]            2.2474E-13  1.5140E-05   1.019E+04     146- 300     2437
Rovibration_vJ|4[21]        -Rovibration_vJ|9[22]            6.5434E-13  4.1410E-05   1.004E+04     146- 302     2438
Rovibration_vJ|4[21]        -Rovibration_vJ|10[20]           2.7339E-13  2.6240E-05   8.537E+03     146- 331     2439
Rovibration_vJ|4[21]        -Rovibration_vJ|10[22]           5.7681E-14  5.1740E-06   8.430E+03     146- 333     2440
Rovibration_vJ|4[22]        -Rovibration_vJ|4[23]            2.1106E-11  9.7200E-08   1.178E+06     147- 148     2441
Rovibration_vJ|4[22]        -Rovibration_vJ|5[21]            2.5675E-05  6.8040E+01   5.132E+04     147- 177     2442
Rovibration_vJ|4[22]        -Rovibration_vJ|5[23]            2.9084E-05  8.2930E+01   4.733E+04     147- 179     2443
Rovibration_vJ|4[22]        -Rovibration_vJ|6[21]            5.8679E-07  6.3970E+00   2.530E+04     147- 208     2444
Rovibration_vJ|4[22]        -Rovibration_vJ|6[23]            7.8983E-07  8.5410E+00   2.430E+04     147- 210     2445
Rovibration_vJ|4[22]        -Rovibration_vJ|7[21]            8.4147E-09  2.0650E-01   1.687E+04     147- 239     2446
Rovibration_vJ|4[22]        -Rovibration_vJ|7[23]            1.4567E-08  3.4510E-01   1.642E+04     147- 241     2447
Rovibration_vJ|4[22]        -Rovibration_vJ|8[21]            6.0507E-11  2.6230E-03   1.269E+04     147- 270     2448
Rovibration_vJ|4[22]        -Rovibration_vJ|8[23]            1.9672E-10  8.1220E-03   1.244E+04     147- 272     2449
Rovibration_vJ|4[22]        -Rovibration_vJ|9[21]            2.4777E-13  1.6630E-05   1.020E+04     147- 301     2450
Rovibration_vJ|4[22]        -Rovibration_vJ|9[23]            7.1507E-13  4.5340E-05   1.004E+04     147- 303     2451
Rovibration_vJ|4[22]        -Rovibration_vJ|10[21]           2.7980E-13  2.6760E-05   8.543E+03     147- 332     2452
Rovibration_vJ|4[22]        -Rovibration_vJ|10[23]           5.3840E-14  4.8380E-06   8.430E+03     147- 334     2453
Rovibration_vJ|4[23]        -Rovibration_vJ|4[24]            4.3602E-12  2.1890E-08   1.129E+06     148- 149     2454
Rovibration_vJ|4[23]        -Rovibration_vJ|5[22]            2.5650E-05  6.7530E+01   5.144E+04     148- 178     2455
Rovibration_vJ|4[23]        -Rovibration_vJ|5[24]            2.9104E-05  8.3360E+01   4.726E+04     148- 180     2456
Rovibration_vJ|4[23]        -Rovibration_vJ|6[22]            5.8443E-07  6.3420E+00   2.534E+04     148- 209     2457
Rovibration_vJ|4[23]        -Rovibration_vJ|6[24]            7.9391E-07  8.6090E+00   2.429E+04     148- 211     2458
Rovibration_vJ|4[23]        -Rovibration_vJ|7[22]            8.3379E-09  2.0380E-01   1.688E+04     148- 240     2459
Rovibration_vJ|4[23]        -Rovibration_vJ|7[24]            1.4729E-08  3.4970E-01   1.642E+04     148- 242     2460
Rovibration_vJ|4[23]        -Rovibration_vJ|8[22]            5.8994E-11  2.5480E-03   1.270E+04     148- 271     2461
Rovibration_vJ|4[23]        -Rovibration_vJ|8[24]            2.0131E-10  8.3270E-03   1.244E+04     148- 273     2462
Rovibration_vJ|4[23]        -Rovibration_vJ|9[22]            2.7181E-13  1.8180E-05   1.021E+04     148- 302     2463
Rovibration_vJ|4[23]        -Rovibration_vJ|9[24]            7.7935E-13  4.9500E-05   1.004E+04     148- 304     2464
Rovibration_vJ|4[23]        -Rovibration_vJ|10[22]           2.8631E-13  2.7290E-05   8.549E+03     148- 333     2465
Rovibration_vJ|4[23]        -Rovibration_vJ|10[24]           5.0099E-14  4.5090E-06   8.431E+03     148- 335     2466
Rovibration_vJ|4[24]        -Rovibration_vJ|4[25]            4.0729E-13  2.2210E-09   1.084E+06     149- 150     2467
Rovibration_vJ|4[24]        -Rovibration_vJ|5[23]            2.5624E-05  6.7030E+01   5.156E+04     149- 179     2468
Rovibration_vJ|4[24]        -Rovibration_vJ|5[25]            2.9125E-05  8.3780E+01   4.720E+04     149- 181     2469
Rovibration_vJ|4[24]        -Rovibration_vJ|6[23]            5.8206E-07  6.2880E+00   2.537E+04     149- 210     2470
Rovibration_vJ|4[24]        -Rovibration_vJ|6[25]            7.9811E-07  8.6770E+00   2.428E+04     149- 212     2471
Rovibration_vJ|4[24]        -Rovibration_vJ|7[23]            8.2635E-09  2.0120E-01   1.690E+04     149- 241     2472
Rovibration_vJ|4[24]        -Rovibration_vJ|7[25]            1.4897E-08  3.5440E-01   1.641E+04     149- 243     2473
Rovibration_vJ|4[24]        -Rovibration_vJ|8[23]            5.7509E-11  2.4750E-03   1.271E+04     149- 272     2474
Rovibration_vJ|4[24]        -Rovibration_vJ|8[25]            2.0601E-10  8.5360E-03   1.244E+04     149- 274     2475
Rovibration_vJ|4[24]        -Rovibration_vJ|9[23]            2.9674E-13  1.9780E-05   1.021E+04     149- 303     2476
Rovibration_vJ|4[24]        -Rovibration_vJ|9[25]            8.4702E-13  5.3880E-05   1.004E+04     149- 305     2477
Rovibration_vJ|4[24]        -Rovibration_vJ|10[23]           2.9293E-13  2.7830E-05   8.556E+03     149- 334     2478
Rovibration_vJ|4[24]        -Rovibration_vJ|10[25]           4.6478E-14  4.1890E-06   8.432E+03     149- 336     2479
Rovibration_vJ|4[25]        -Rovibration_vJ|4[26]            1.2871E-11  7.5980E-08   1.043E+06     150- 151     2480
Rovibration_vJ|4[25]        -Rovibration_vJ|5[24]            2.5594E-05  6.6530E+01   5.168E+04     150- 180     2481
Rovibration_vJ|4[25]        -Rovibration_vJ|5[26]            2.9147E-05  8.4190E+01   4.714E+04     150- 182     2482
Rovibration_vJ|4[25]        -Rovibration_vJ|6[24]            5.7969E-07  6.2350E+00   2.541E+04     150- 211     2483
Rovibration_vJ|4[25]        -Rovibration_vJ|6[26]            8.0241E-07  8.7450E+00   2.427E+04     150- 213     2484
Rovibration_vJ|4[25]        -Rovibration_vJ|7[24]            8.1874E-09  1.9860E-01   1.692E+04     150- 242     2485
Rovibration_vJ|4[25]        -Rovibration_vJ|7[26]            1.5066E-08  3.5910E-01   1.641E+04     150- 244     2486
Rovibration_vJ|4[25]        -Rovibration_vJ|8[24]            5.6052E-11  2.4040E-03   1.272E+04     150- 273     2487
Rovibration_vJ|4[25]        -Rovibration_vJ|8[26]            2.1080E-10  8.7480E-03   1.244E+04     150- 275     2488
Rovibration_vJ|4[25]        -Rovibration_vJ|9[24]            3.2239E-13  2.1420E-05   1.022E+04     150- 304     2489
Rovibration_vJ|4[25]        -Rovibration_vJ|9[26]            9.1840E-13  5.8500E-05   1.004E+04     150- 306     2490
Rovibration_vJ|4[25]        -Rovibration_vJ|10[24]           2.9945E-13  2.8360E-05   8.562E+03     150- 335     2491
Rovibration_vJ|4[25]        -Rovibration_vJ|10[26]           4.2975E-14  3.8780E-06   8.434E+03     150- 337     2492
Rovibration_vJ|4[26]        -Rovibration_vJ|4[27]            4.5757E-11  2.9150E-07   1.004E+06     151- 152     2493
Rovibration_vJ|4[26]        -Rovibration_vJ|5[25]            2.5564E-05  6.6040E+01   5.180E+04     151- 181     2494
Rovibration_vJ|4[26]        -Rovibration_vJ|5[27]            2.9169E-05  8.4590E+01   4.708E+04     151- 183     2495
Rovibration_vJ|4[26]        -Rovibration_vJ|6[25]            5.7723E-07  6.1820E+00   2.544E+04     151- 212     2496
Rovibration_vJ|4[26]        -Rovibration_vJ|6[27]            8.0680E-07  8.8130E+00   2.426E+04     151- 214     2497
Rovibration_vJ|4[26]        -Rovibration_vJ|7[25]            8.1140E-09  1.9610E-01   1.694E+04     151- 243     2498
Rovibration_vJ|4[26]        -Rovibration_vJ|7[27]            1.5242E-08  3.6390E-01   1.641E+04     151- 245     2499
Rovibration_vJ|4[26]        -Rovibration_vJ|8[25]            5.4627E-11  2.3350E-03   1.273E+04     151- 274     2500
Rovibration_vJ|4[26]        -Rovibration_vJ|8[27]            2.1573E-10  8.9650E-03   1.244E+04     151- 276     2501
Rovibration_vJ|4[26]        -Rovibration_vJ|9[25]            3.4894E-13  2.3110E-05   1.023E+04     151- 305     2502
Rovibration_vJ|4[26]        -Rovibration_vJ|9[27]            9.9334E-13  6.3350E-05   1.004E+04     151- 307     2503
Rovibration_vJ|4[26]        -Rovibration_vJ|10[25]           3.0609E-13  2.8900E-05   8.568E+03     151- 336     2504
Rovibration_vJ|4[26]        -Rovibration_vJ|10[27]           3.9574E-14  3.5750E-06   8.435E+03     151- 338     2505
Rovibration_vJ|4[27]        -Rovibration_vJ|4[28]            1.0344E-10  7.0910E-07   9.690E+05     152- 153     2506
Rovibration_vJ|4[27]        -Rovibration_vJ|5[26]            2.5531E-05  6.5550E+01   5.192E+04     152- 182     2507
Rovibration_vJ|4[27]        -Rovibration_vJ|5[28]            2.9195E-05  8.4990E+01   4.702E+04     152- 184     2508
Rovibration_vJ|4[27]        -Rovibration_vJ|6[26]            5.7489E-07  6.1310E+00   2.548E+04     152- 213     2509
Rovibration_vJ|4[27]        -Rovibration_vJ|6[28]            8.1129E-07  8.8810E+00   2.425E+04     152- 215     2510
Rovibration_vJ|4[27]        -Rovibration_vJ|7[26]            8.0435E-09  1.9370E-01   1.695E+04     152- 244     2511
Rovibration_vJ|4[27]        -Rovibration_vJ|7[28]            1.5419E-08  3.6870E-01   1.641E+04     152- 246     2512
Rovibration_vJ|4[27]        -Rovibration_vJ|8[26]            5.3234E-11  2.2680E-03   1.275E+04     152- 275     2513
Rovibration_vJ|4[27]        -Rovibration_vJ|8[28]            2.2077E-10  9.1860E-03   1.244E+04     152- 277     2514
Rovibration_vJ|4[27]        -Rovibration_vJ|9[26]            3.7622E-13  2.4840E-05   1.024E+04     152- 306     2515
Rovibration_vJ|4[27]        -Rovibration_vJ|9[28]            1.0720E-12  6.8440E-05   1.004E+04     152- 308     2516
Rovibration_vJ|4[27]        -Rovibration_vJ|10[26]           3.1274E-13  2.9440E-05   8.575E+03     152- 337     2517
Rovibration_vJ|4[27]        -Rovibration_vJ|10[28]           3.6296E-14  3.2820E-06   8.437E+03     152- 339     2518
Rovibration_vJ|4[28]        -Rovibration_vJ|4[29]            1.9070E-10  1.4030E-06   9.359E+05     153- 154     2519
Rovibration_vJ|4[28]        -Rovibration_vJ|5[27]            2.5495E-05  6.5060E+01   5.205E+04     153- 183     2520
Rovibration_vJ|4[28]        -Rovibration_vJ|5[29]            2.9217E-05  8.5370E+01   4.696E+04     153- 185     2521
Rovibration_vJ|4[28]        -Rovibration_vJ|6[27]            5.7248E-07  6.0800E+00   2.551E+04     153- 214     2522
Rovibration_vJ|4[28]        -Rovibration_vJ|6[29]            8.1586E-07  8.9490E+00   2.424E+04     153- 216     2523
Rovibration_vJ|4[28]        -Rovibration_vJ|7[27]            7.9677E-09  1.9120E-01   1.697E+04     153- 245     2524
Rovibration_vJ|4[28]        -Rovibration_vJ|7[29]            1.5602E-08  3.7360E-01   1.640E+04     153- 247     2525
Rovibration_vJ|4[28]        -Rovibration_vJ|8[27]            5.1851E-11  2.2020E-03   1.276E+04     153- 276     2526
Rovibration_vJ|4[28]        -Rovibration_vJ|8[29]            2.2592E-10  9.4110E-03   1.244E+04     153- 278     2527
Rovibration_vJ|4[28]        -Rovibration_vJ|9[27]            4.0426E-13  2.6610E-05   1.025E+04     153- 307     2528
Rovibration_vJ|4[28]        -Rovibration_vJ|9[29]            1.1547E-12  7.3790E-05   1.004E+04     153- 309     2529
Rovibration_vJ|4[28]        -Rovibration_vJ|10[27]           3.1941E-13  2.9980E-05   8.582E+03     153- 338     2530
Rovibration_vJ|4[28]        -Rovibration_vJ|10[29]           3.3139E-14  2.9990E-06   8.439E+03     153- 340     2531
Rovibration_vJ|4[29]        -Rovibration_vJ|4[30]            3.1284E-10  2.4640E-06   9.051E+05     154- 155     2532
Rovibration_vJ|4[29]        -Rovibration_vJ|5[28]            2.5461E-05  6.4580E+01   5.217E+04     154- 184     2533
Rovibration_vJ|4[29]        -Rovibration_vJ|5[30]            2.9245E-05  8.5760E+01   4.690E+04     154- 186     2534
Rovibration_vJ|4[29]        -Rovibration_vJ|6[28]            5.7010E-07  6.0300E+00   2.555E+04     154- 215     2535
Rovibration_vJ|4[29]        -Rovibration_vJ|6[30]            8.2050E-07  9.0170E+00   2.423E+04     154- 217     2536
Rovibration_vJ|4[29]        -Rovibration_vJ|7[28]            7.8992E-09  1.8890E-01   1.699E+04     154- 246     2537
Rovibration_vJ|4[29]        -Rovibration_vJ|7[30]            1.5781E-08  3.7840E-01   1.640E+04     154- 248     2538
Rovibration_vJ|4[29]        -Rovibration_vJ|8[28]            5.0527E-11  2.1390E-03   1.277E+04     154- 277     2539
Rovibration_vJ|4[29]        -Rovibration_vJ|8[30]            2.3121E-10  9.6410E-03   1.244E+04     154- 279     2540
Rovibration_vJ|4[29]        -Rovibration_vJ|9[28]            4.3305E-13  2.8420E-05   1.026E+04     154- 308     2541
Rovibration_vJ|4[29]        -Rovibration_vJ|9[30]            1.2413E-12  7.9390E-05   1.004E+04     154- 310     2542
Rovibration_vJ|4[29]        -Rovibration_vJ|10[28]           3.2621E-13  3.0530E-05   8.589E+03     154- 339     2543
Rovibration_vJ|4[29]        -Rovibration_vJ|10[30]           3.0101E-14  2.7260E-06   8.440E+03     154- 341     2544
Rovibration_vJ|4[30]        -Rovibration_vJ|5[29]            2.5424E-05  6.4100E+01   5.230E+04     155- 185     2545
Rovibration_vJ|4[30]        -Rovibration_vJ|6[29]            5.6776E-07  5.9810E+00   2.559E+04     155- 216     2546
Rovibration_vJ|4[30]        -Rovibration_vJ|7[29]            7.8256E-09  1.8650E-01   1.701E+04     155- 247     2547
Rovibration_vJ|4[30]        -Rovibration_vJ|8[29]            4.9216E-11  2.0770E-03   1.278E+04     155- 278     2548
Rovibration_vJ|4[30]        -Rovibration_vJ|9[29]            4.6259E-13  3.0270E-05   1.027E+04     155- 309     2549
Rovibration_vJ|4[30]        -Rovibration_vJ|10[29]           3.3291E-13  3.1070E-05   8.596E+03     155- 340     2550
Rovibration_vJ|5[0]         -Rovibration_vJ|5[1]             5.8870E-10  1.7630E-09   2.725E+07     156- 157     2551
Rovibration_vJ|5[0]         -Rovibration_vJ|6[1]             6.4701E-05  5.8420E+01   4.962E+04     156- 188     2552
Rovibration_vJ|5[0]         -Rovibration_vJ|7[1]             1.9062E-06  6.7830E+00   2.500E+04     156- 219     2553
Rovibration_vJ|5[0]         -Rovibration_vJ|8[1]             3.6771E-08  2.9040E-01   1.678E+04     156- 250     2554
Rovibration_vJ|5[0]         -Rovibration_vJ|9[1]             4.5313E-10  6.2770E-03   1.267E+04     156- 281     2555
Rovibration_vJ|5[0]         -Rovibration_vJ|10[1]            2.7046E-13  5.7760E-06   1.020E+04     156- 312     2556
Rovibration_vJ|5[1]         -Rovibration_vJ|5[2]             7.8799E-10  1.6990E-08   1.362E+07     157- 158     2557
Rovibration_vJ|5[1]         -Rovibration_vJ|6[0]             2.1494E-05  1.7340E+02   4.980E+04     157- 187     2558
Rovibration_vJ|5[1]         -Rovibration_vJ|6[2]             4.3211E-05  7.0480E+01   4.953E+04     157- 189     2559
Rovibration_vJ|5[1]         -Rovibration_vJ|7[0]             6.2833E-07  2.0050E+01   2.504E+04     157- 218     2560
Rovibration_vJ|5[1]         -Rovibration_vJ|7[2]             1.2779E-06  8.2000E+00   2.497E+04     157- 220     2561
Rovibration_vJ|5[1]         -Rovibration_vJ|8[0]             1.1991E-08  8.5020E-01   1.680E+04     157- 249     2562
Rovibration_vJ|5[1]         -Rovibration_vJ|8[2]             2.4782E-08  3.5270E-01   1.677E+04     157- 251     2563
Rovibration_vJ|5[1]         -Rovibration_vJ|9[0]             1.4400E-10  1.7920E-02   1.268E+04     157- 280     2564
Rovibration_vJ|5[1]         -Rovibration_vJ|9[2]             3.0939E-10  7.7210E-03   1.266E+04     157- 282     2565
Rovibration_vJ|5[1]         -Rovibration_vJ|10[0]            5.3770E-14  1.0320E-05   1.021E+04     157- 311     2566
Rovibration_vJ|5[1]         -Rovibration_vJ|10[2]            2.2445E-13  8.6340E-06   1.020E+04     157- 313     2567
Rovibration_vJ|5[2]         -Rovibration_vJ|5[3]             1.0705E-09  6.1820E-08   9.083E+06     158- 159     2568
Rovibration_vJ|5[2]         -Rovibration_vJ|6[1]             2.5754E-05  1.1500E+02   4.990E+04     158- 188     2569
Rovibration_vJ|5[2]         -Rovibration_vJ|6[3]             3.8956E-05  7.5910E+01   4.945E+04     158- 190     2570
Rovibration_vJ|5[2]         -Rovibration_vJ|7[1]             7.4995E-07  1.3270E+01   2.507E+04     158- 219     2571
Rovibration_vJ|5[2]         -Rovibration_vJ|7[3]             1.1566E-06  8.8500E+00   2.495E+04     158- 221     2572
Rovibration_vJ|5[2]         -Rovibration_vJ|8[1]             1.4232E-08  5.5990E-01   1.681E+04     158- 250     2573
Rovibration_vJ|5[2]         -Rovibration_vJ|8[3]             2.2556E-08  3.8260E-01   1.676E+04     158- 252     2574
Rovibration_vJ|5[2]         -Rovibration_vJ|9[1]             1.6867E-10  1.1650E-02   1.269E+04     158- 281     2575
Rovibration_vJ|5[2]         -Rovibration_vJ|9[3]             2.8513E-10  8.4780E-03   1.266E+04     158- 283     2576
Rovibration_vJ|5[2]         -Rovibration_vJ|10[1]            4.7136E-14  5.0220E-06   1.021E+04     158- 312     2577
Rovibration_vJ|5[2]         -Rovibration_vJ|10[3]            2.4659E-13  1.1300E-05   1.020E+04     158- 314     2578
Rovibration_vJ|5[3]         -Rovibration_vJ|5[4]             1.3714E-09  1.5330E-07   6.813E+06     159- 160     2579
Rovibration_vJ|5[3]         -Rovibration_vJ|6[2]             2.7536E-05  1.0290E+02   4.999E+04     159- 189     2580
Rovibration_vJ|5[3]         -Rovibration_vJ|6[4]             3.7164E-05  7.9130E+01   4.936E+04     159- 191     2581
Rovibration_vJ|5[3]         -Rovibration_vJ|7[2]             7.9879E-07  1.1850E+01   2.509E+04     159- 220     2582
Rovibration_vJ|5[3]         -Rovibration_vJ|7[4]             1.1078E-06  9.2460E+00   2.493E+04     159- 222     2583
Rovibration_vJ|5[3]         -Rovibration_vJ|8[2]             1.5086E-08  4.9790E-01   1.682E+04     159- 251     2584
Rovibration_vJ|5[3]         -Rovibration_vJ|8[4]             2.1720E-08  4.0160E-01   1.675E+04     159- 253     2585
Rovibration_vJ|5[3]         -Rovibration_vJ|9[2]             1.7650E-10  1.0230E-02   1.269E+04     159- 282     2586
Rovibration_vJ|5[3]         -Rovibration_vJ|9[4]             2.7810E-10  9.0110E-03   1.265E+04     159- 284     2587
Rovibration_vJ|5[3]         -Rovibration_vJ|10[2]            3.4947E-14  3.1250E-06   1.022E+04     159- 313     2588
Rovibration_vJ|5[3]         -Rovibration_vJ|10[4]            2.8201E-13  1.4080E-05   1.019E+04     159- 315     2589
Rovibration_vJ|5[4]         -Rovibration_vJ|5[5]             1.6864E-09  3.0980E-07   5.450E+06     160- 161     2590
Rovibration_vJ|5[4]         -Rovibration_vJ|6[3]             2.8503E-05  9.7450E+01   5.008E+04     160- 190     2591
Rovibration_vJ|5[4]         -Rovibration_vJ|6[5]             3.6195E-05  8.1350E+01   4.928E+04     160- 192     2592
Rovibration_vJ|5[4]         -Rovibration_vJ|7[3]             8.2442E-07  1.1210E+01   2.511E+04     160- 221     2593
Rovibration_vJ|5[4]         -Rovibration_vJ|7[5]             1.0832E-06  9.5260E+00   2.491E+04     160- 223     2594
Rovibration_vJ|5[4]         -Rovibration_vJ|8[3]             1.5474E-08  4.6840E-01   1.683E+04     160- 252     2595
Rovibration_vJ|5[4]         -Rovibration_vJ|8[5]             2.1355E-08  4.1580E-01   1.674E+04     160- 254     2596
Rovibration_vJ|5[4]         -Rovibration_vJ|9[3]             1.7868E-10  9.5010E-03   1.270E+04     160- 283     2597
Rovibration_vJ|5[4]         -Rovibration_vJ|9[5]             2.7686E-10  9.4440E-03   1.265E+04     160- 285     2598
Rovibration_vJ|5[4]         -Rovibration_vJ|10[3]            2.3193E-14  1.9030E-06   1.022E+04     160- 314     2599
Rovibration_vJ|5[4]         -Rovibration_vJ|10[5]            3.2482E-13  1.7070E-05   1.019E+04     160- 316     2600
Rovibration_vJ|5[5]         -Rovibration_vJ|5[6]             2.0150E-09  5.5120E-07   4.542E+06     161- 162     2601
Rovibration_vJ|5[5]         -Rovibration_vJ|6[4]             2.9101E-05  9.4220E+01   5.018E+04     161- 191     2602
Rovibration_vJ|5[5]         -Rovibration_vJ|6[6]             3.5595E-05  8.3020E+01   4.919E+04     161- 193     2603
Rovibration_vJ|5[5]         -Rovibration_vJ|7[4]             8.3796E-07  1.0810E+01   2.514E+04     161- 222     2604
Rovibration_vJ|5[5]         -Rovibration_vJ|7[6]             1.0695E-06  9.7430E+00   2.489E+04     161- 224     2605
Rovibration_vJ|5[5]         -Rovibration_vJ|8[4]             1.5657E-08  4.4990E-01   1.684E+04     161- 253     2606
Rovibration_vJ|5[5]         -Rovibration_vJ|8[6]             2.1203E-08  4.2740E-01   1.673E+04     161- 255     2607
Rovibration_vJ|5[5]         -Rovibration_vJ|9[4]             1.7840E-10  9.0080E-03   1.271E+04     161- 284     2608
Rovibration_vJ|5[5]         -Rovibration_vJ|9[6]             2.7834E-10  9.8260E-03   1.264E+04     161- 286     2609
Rovibration_vJ|5[5]         -Rovibration_vJ|10[4]            1.3435E-14  1.0470E-06   1.023E+04     161- 315     2610
Rovibration_vJ|5[5]         -Rovibration_vJ|10[6]            3.7332E-13  2.0300E-05   1.019E+04     161- 317     2611
Rovibration_vJ|5[6]         -Rovibration_vJ|5[7]             2.3591E-09  8.9950E-07   3.894E+06     162- 163     2612
Rovibration_vJ|5[6]         -Rovibration_vJ|6[5]             2.9494E-05  9.1980E+01   5.028E+04     162- 192     2613
Rovibration_vJ|5[6]         -Rovibration_vJ|6[7]             3.5199E-05  8.4370E+01   4.911E+04     162- 194     2614
Rovibration_vJ|5[6]         -Rovibration_vJ|7[5]             8.4667E-07  1.0540E+01   2.516E+04     162- 223     2615
Rovibration_vJ|5[6]         -Rovibration_vJ|7[7]             1.0618E-06  9.9230E+00   2.487E+04     162- 225     2616
Rovibration_vJ|5[6]         -Rovibration_vJ|8[5]             1.5728E-08  4.3640E-01   1.686E+04     162- 254     2617
Rovibration_vJ|5[6]         -Rovibration_vJ|8[7]             2.1170E-08  4.3750E-01   1.673E+04     162- 256     2618
Rovibration_vJ|5[6]         -Rovibration_vJ|9[5]             1.7685E-10  8.6250E-03   1.271E+04     162- 285     2619
Rovibration_vJ|5[6]         -Rovibration_vJ|9[7]             2.8135E-10  1.0180E-02   1.264E+04     162- 287     2620
Rovibration_vJ|5[6]         -Rovibration_vJ|10[5]            6.2071E-15  4.6730E-07   1.023E+04     162- 316     2621
Rovibration_vJ|5[6]         -Rovibration_vJ|10[7]            4.2729E-13  2.3810E-05   1.019E+04     162- 318     2622
Rovibration_vJ|5[7]         -Rovibration_vJ|5[8]             2.7204E-09  1.3790E-06   3.407E+06     163- 164     2623
Rovibration_vJ|5[7]         -Rovibration_vJ|6[6]             2.9770E-05  9.0290E+01   5.037E+04     163- 193     2624
Rovibration_vJ|5[7]         -Rovibration_vJ|6[8]             3.4920E-05  8.5500E+01   4.903E+04     163- 195     2625
Rovibration_vJ|5[7]         -Rovibration_vJ|7[6]             8.5167E-07  1.0330E+01   2.519E+04     163- 224     2626
Rovibration_vJ|5[7]         -Rovibration_vJ|7[8]             1.0578E-06  1.0080E+01   2.485E+04     163- 226     2627
Rovibration_vJ|5[7]         -Rovibration_vJ|8[6]             1.5734E-08  4.2560E-01   1.687E+04     163- 255     2628
Rovibration_vJ|5[7]         -Rovibration_vJ|8[8]             2.1206E-08  4.4660E-01   1.672E+04     163- 257     2629
Rovibration_vJ|5[7]         -Rovibration_vJ|9[6]             1.7455E-10  8.3020E-03   1.272E+04     163- 286     2630
Rovibration_vJ|5[7]         -Rovibration_vJ|9[8]             2.8539E-10  1.0520E-02   1.264E+04     163- 288     2631
Rovibration_vJ|5[7]         -Rovibration_vJ|10[6]            1.7145E-15  1.2590E-07   1.024E+04     163- 317     2632
Rovibration_vJ|5[7]         -Rovibration_vJ|10[8]            4.8628E-13  2.7600E-05   1.018E+04     163- 319     2633
Rovibration_vJ|5[8]         -Rovibration_vJ|5[9]             3.1041E-09  2.0190E-06   3.029E+06     164- 165     2634
Rovibration_vJ|5[8]         -Rovibration_vJ|6[7]             2.9963E-05  8.8910E+01   5.047E+04     164- 194     2635
Rovibration_vJ|5[8]         -Rovibration_vJ|6[9]             3.4721E-05  8.6490E+01   4.895E+04     164- 196     2636
Rovibration_vJ|5[8]         -Rovibration_vJ|7[7]             8.5376E-07  1.0150E+01   2.522E+04     164- 225     2637
Rovibration_vJ|5[8]         -Rovibration_vJ|7[9]             1.0561E-06  1.0220E+01   2.483E+04     164- 227     2638
Rovibration_vJ|5[8]         -Rovibration_vJ|8[7]             1.5699E-08  4.1650E-01   1.688E+04     164- 256     2639
Rovibration_vJ|5[8]         -Rovibration_vJ|8[9]             2.1291E-08  4.5510E-01   1.671E+04     164- 258     2640
Rovibration_vJ|5[8]         -Rovibration_vJ|9[7]             1.7182E-10  8.0170E-03   1.273E+04     164- 287     2641
Rovibration_vJ|5[8]         -Rovibration_vJ|9[9]             2.9009E-10  1.0850E-02   1.263E+04     164- 289     2642
Rovibration_vJ|5[8]         -Rovibration_vJ|10[7]            1.6044E-17  1.1560E-09   1.024E+04     164- 318     2643
Rovibration_vJ|5[8]         -Rovibration_vJ|10[9]            5.5038E-13  3.1690E-05   1.018E+04     164- 320     2644
Rovibration_vJ|5[9]         -Rovibration_vJ|5[10]            3.5095E-09  2.8490E-06   2.727E+06     165- 166     2645
Rovibration_vJ|5[9]         -Rovibration_vJ|6[8]             3.0107E-05  8.7750E+01   5.057E+04     165- 195     2646
Rovibration_vJ|5[9]         -Rovibration_vJ|6[10]            3.4578E-05  8.7380E+01   4.887E+04     165- 197     2647
Rovibration_vJ|5[9]         -Rovibration_vJ|7[8]             8.5477E-07  1.0000E+01   2.524E+04     165- 226     2648
Rovibration_vJ|5[9]         -Rovibration_vJ|7[10]            1.0561E-06  1.0350E+01   2.482E+04     165- 228     2649
Rovibration_vJ|5[9]         -Rovibration_vJ|8[8]             1.5638E-08  4.0850E-01   1.689E+04     165- 257     2650
Rovibration_vJ|5[9]         -Rovibration_vJ|8[10]            2.1407E-08  4.6310E-01   1.670E+04     165- 259     2651
Rovibration_vJ|5[9]         -Rovibration_vJ|9[8]             1.6883E-10  7.7590E-03   1.274E+04     165- 288     2652
Rovibration_vJ|5[9]         -Rovibration_vJ|9[10]            2.9517E-10  1.1170E-02   1.263E+04     165- 290     2653
Rovibration_vJ|5[9]         -Rovibration_vJ|10[8]            1.1082E-15  7.8660E-08   1.025E+04     165- 319     2654
Rovibration_vJ|5[9]         -Rovibration_vJ|10[10]           6.1961E-13  3.6090E-05   1.018E+04     165- 321     2655
Rovibration_vJ|5[10]        -Rovibration_vJ|5[11]            3.9416E-09  3.9060E-06   2.479E+06     166- 167     2656
Rovibration_vJ|5[10]        -Rovibration_vJ|6[9]             3.0208E-05  8.6720E+01   5.068E+04     166- 196     2657
Rovibration_vJ|5[10]        -Rovibration_vJ|6[11]            3.4467E-05  8.8180E+01   4.879E+04     166- 198     2658
Rovibration_vJ|5[10]        -Rovibration_vJ|7[9]             8.5488E-07  9.8690E+00   2.527E+04     166- 227     2659
Rovibration_vJ|5[10]        -Rovibration_vJ|7[11]            1.0571E-06  1.0470E+01   2.480E+04     166- 229     2660
Rovibration_vJ|5[10]        -Rovibration_vJ|8[9]             1.5555E-08  4.0120E-01   1.691E+04     166- 258     2661
Rovibration_vJ|5[10]        -Rovibration_vJ|8[11]            2.1547E-08  4.7080E-01   1.670E+04     166- 260     2662
Rovibration_vJ|5[10]        -Rovibration_vJ|9[9]             1.6567E-10  7.5200E-03   1.274E+04     166- 289     2663
Rovibration_vJ|5[10]        -Rovibration_vJ|9[11]            3.0071E-10  1.1490E-02   1.263E+04     166- 291     2664
Rovibration_vJ|5[10]        -Rovibration_vJ|10[9]            4.9557E-15  3.4750E-07   1.025E+04     166- 320     2665
Rovibration_vJ|5[10]        -Rovibration_vJ|10[11]           6.9404E-13  4.0810E-05   1.018E+04     166- 322     2666
Rovibration_vJ|5[11]        -Rovibration_vJ|5[12]            4.4025E-09  5.2300E-06   2.273E+06     167- 168     2667
Rovibration_vJ|5[11]        -Rovibration_vJ|6[10]            3.0284E-05  8.5800E+01   5.078E+04     167- 197     2668
Rovibration_vJ|5[11]        -Rovibration_vJ|6[12]            3.4389E-05  8.8930E+01   4.871E+04     167- 199     2669
Rovibration_vJ|5[11]        -Rovibration_vJ|7[10]            8.5401E-07  9.7480E+00   2.530E+04     167- 228     2670
Rovibration_vJ|5[11]        -Rovibration_vJ|7[12]            1.0587E-06  1.0580E+01   2.478E+04     167- 230     2671
Rovibration_vJ|5[11]        -Rovibration_vJ|8[10]            1.5463E-08  3.9460E-01   1.692E+04     167- 259     2672
Rovibration_vJ|5[11]        -Rovibration_vJ|8[12]            2.1712E-08  4.7840E-01   1.669E+04     167- 261     2673
Rovibration_vJ|5[11]        -Rovibration_vJ|9[10]            1.6241E-10  7.2960E-03   1.275E+04     167- 290     2674
Rovibration_vJ|5[11]        -Rovibration_vJ|9[12]            3.0660E-10  1.1810E-02   1.262E+04     167- 292     2675
Rovibration_vJ|5[11]        -Rovibration_vJ|10[10]           1.1504E-14  7.9850E-07   1.026E+04     167- 321     2676
Rovibration_vJ|5[11]        -Rovibration_vJ|10[12]           7.7395E-13  4.5870E-05   1.018E+04     167- 323     2677
Rovibration_vJ|5[12]        -Rovibration_vJ|5[13]            4.8955E-09  6.8670E-06   2.098E+06     168- 169     2678
Rovibration_vJ|5[12]        -Rovibration_vJ|6[11]            3.0341E-05  8.4960E+01   5.088E+04     168- 198     2679
Rovibration_vJ|5[12]        -Rovibration_vJ|6[13]            3.4331E-05  8.9630E+01   4.864E+04     168- 200     2680
Rovibration_vJ|5[12]        -Rovibration_vJ|7[11]            8.5262E-07  9.6370E+00   2.533E+04     168- 229     2681
Rovibration_vJ|5[12]        -Rovibration_vJ|7[13]            1.0614E-06  1.0690E+01   2.476E+04     168- 231     2682
Rovibration_vJ|5[12]        -Rovibration_vJ|8[11]            1.5357E-08  3.8830E-01   1.693E+04     168- 260     2683
Rovibration_vJ|5[12]        -Rovibration_vJ|8[13]            2.1890E-08  4.8580E-01   1.668E+04     168- 262     2684
Rovibration_vJ|5[12]        -Rovibration_vJ|9[11]            1.5908E-10  7.0830E-03   1.276E+04     168- 291     2685
Rovibration_vJ|5[12]        -Rovibration_vJ|9[13]            3.1300E-10  1.2140E-02   1.262E+04     168- 293     2686
Rovibration_vJ|5[12]        -Rovibration_vJ|10[11]           2.0696E-14  1.4240E-06   1.027E+04     168- 322     2687
Rovibration_vJ|5[12]        -Rovibration_vJ|10[13]           8.5912E-13  5.1260E-05   1.017E+04     168- 324     2688
Rovibration_vJ|5[13]        -Rovibration_vJ|5[14]            5.4250E-09  8.8710E-06   1.949E+06     169- 170     2689
Rovibration_vJ|5[13]        -Rovibration_vJ|6[12]            3.0378E-05  8.4170E+01   5.099E+04     169- 199     2690
Rovibration_vJ|5[13]        -Rovibration_vJ|6[14]            3.4288E-05  9.0290E+01   4.856E+04     169- 201     2691
Rovibration_vJ|5[13]        -Rovibration_vJ|7[12]            8.5079E-07  9.5330E+00   2.536E+04     169- 230     2692
Rovibration_vJ|5[13]        -Rovibration_vJ|7[14]            1.0650E-06  1.0800E+01   2.475E+04     169- 232     2693
Rovibration_vJ|5[13]        -Rovibration_vJ|8[12]            1.5247E-08  3.8240E-01   1.695E+04     169- 261     2694
Rovibration_vJ|5[13]        -Rovibration_vJ|8[14]            2.2081E-08  4.9310E-01   1.668E+04     169- 263     2695
Rovibration_vJ|5[13]        -Rovibration_vJ|9[12]            1.5575E-10  6.8810E-03   1.277E+04     169- 292     2696
Rovibration_vJ|5[13]        -Rovibration_vJ|9[14]            3.1935E-10  1.2460E-02   1.262E+04     169- 294     2697
Rovibration_vJ|5[13]        -Rovibration_vJ|10[12]           3.2453E-14  2.2160E-06   1.027E+04     169- 323     2698
Rovibration_vJ|5[13]        -Rovibration_vJ|10[14]           9.5018E-13  5.7020E-05   1.017E+04     169- 325     2699
Rovibration_vJ|5[14]        -Rovibration_vJ|5[15]            5.9935E-09  1.1300E-05   1.819E+06     170- 171     2700
Rovibration_vJ|5[14]        -Rovibration_vJ|6[13]            3.0401E-05  8.3420E+01   5.110E+04     170- 200     2701
Rovibration_vJ|5[14]        -Rovibration_vJ|6[15]            3.4259E-05  9.0920E+01   4.849E+04     170- 202     2702
Rovibration_vJ|5[14]        -Rovibration_vJ|7[13]            8.4857E-07  9.4340E+00   2.539E+04     170- 231     2703
Rovibration_vJ|5[14]        -Rovibration_vJ|7[15]            1.0684E-06  1.0900E+01   2.473E+04     170- 233     2704
Rovibration_vJ|5[14]        -Rovibration_vJ|8[13]            1.5132E-08  3.7680E-01   1.696E+04     170- 262     2705
Rovibration_vJ|5[14]        -Rovibration_vJ|8[15]            2.2281E-08  5.0030E-01   1.667E+04     170- 264     2706
Rovibration_vJ|5[14]        -Rovibration_vJ|9[13]            1.5243E-10  6.6880E-03   1.278E+04     170- 293     2707
Rovibration_vJ|5[14]        -Rovibration_vJ|9[15]            3.2612E-10  1.2790E-02   1.261E+04     170- 295     2708
Rovibration_vJ|5[14]        -Rovibration_vJ|10[13]           4.6708E-14  3.1680E-06   1.028E+04     170- 324     2709
Rovibration_vJ|5[14]        -Rovibration_vJ|10[15]           1.0468E-12  6.3130E-05   1.017E+04     170- 326     2710
Rovibration_vJ|5[15]        -Rovibration_vJ|5[16]            6.6087E-09  1.4230E-05   1.706E+06     171- 172     2711
Rovibration_vJ|5[15]        -Rovibration_vJ|6[14]            3.0415E-05  8.2710E+01   5.121E+04     171- 201     2712
Rovibration_vJ|5[15]        -Rovibration_vJ|6[16]            3.4238E-05  9.1520E+01   4.842E+04     171- 203     2713
Rovibration_vJ|5[15]        -Rovibration_vJ|7[14]            8.4612E-07  9.3400E+00   2.542E+04     171- 232     2714
Rovibration_vJ|5[15]        -Rovibration_vJ|7[16]            1.0724E-06  1.1000E+01   2.472E+04     171- 234     2715
Rovibration_vJ|5[15]        -Rovibration_vJ|8[14]            1.5013E-08  3.7140E-01   1.698E+04     171- 263     2716
Rovibration_vJ|5[15]        -Rovibration_vJ|8[16]            2.2493E-08  5.0750E-01   1.666E+04     171- 265     2717
Rovibration_vJ|5[15]        -Rovibration_vJ|9[14]            1.4909E-10  6.5010E-03   1.279E+04     171- 294     2718
Rovibration_vJ|5[15]        -Rovibration_vJ|9[16]            3.3303E-10  1.3120E-02   1.261E+04     171- 296     2719
Rovibration_vJ|5[15]        -Rovibration_vJ|10[14]           6.3395E-14  4.2740E-06   1.028E+04     171- 325     2720
Rovibration_vJ|5[15]        -Rovibration_vJ|10[16]           1.1494E-12  6.9620E-05   1.017E+04     171- 327     2721
Rovibration_vJ|5[16]        -Rovibration_vJ|5[17]            7.2662E-09  1.7720E-05   1.606E+06     172- 173     2722
Rovibration_vJ|5[16]        -Rovibration_vJ|6[15]            3.0417E-05  8.2020E+01   5.132E+04     172- 202     2723
Rovibration_vJ|5[16]        -Rovibration_vJ|6[17]            3.4228E-05  9.2100E+01   4.835E+04     172- 204     2724
Rovibration_vJ|5[16]        -Rovibration_vJ|7[15]            8.4348E-07  9.2500E+00   2.545E+04     172- 233     2725
Rovibration_vJ|5[16]        -Rovibration_vJ|7[17]            1.0768E-06  1.1100E+01   2.470E+04     172- 235     2726
Rovibration_vJ|5[16]        -Rovibration_vJ|8[15]            1.4891E-08  3.6620E-01   1.699E+04     172- 264     2727
Rovibration_vJ|5[16]        -Rovibration_vJ|8[17]            2.2714E-08  5.1470E-01   1.666E+04     172- 266     2728
Rovibration_vJ|5[16]        -Rovibration_vJ|9[15]            1.4581E-10  6.3220E-03   1.280E+04     172- 295     2729
Rovibration_vJ|5[16]        -Rovibration_vJ|9[17]            3.4029E-10  1.3460E-02   1.261E+04     172- 297     2730
Rovibration_vJ|5[16]        -Rovibration_vJ|10[15]           8.2429E-14  5.5270E-06   1.029E+04     172- 326     2731
Rovibration_vJ|5[16]        -Rovibration_vJ|10[17]           1.2580E-12  7.6490E-05   1.017E+04     172- 328     2732
Rovibration_vJ|5[17]        -Rovibration_vJ|5[18]            7.9768E-09  2.1870E-05   1.517E+06     173- 174     2733
Rovibration_vJ|5[17]        -Rovibration_vJ|6[16]            3.0415E-05  8.1360E+01   5.143E+04     173- 203     2734
Rovibration_vJ|5[17]        -Rovibration_vJ|6[18]            3.4223E-05  9.2660E+01   4.827E+04     173- 205     2735
Rovibration_vJ|5[17]        -Rovibration_vJ|7[16]            8.4067E-07  9.1630E+00   2.548E+04     173- 234     2736
Rovibration_vJ|5[17]        -Rovibration_vJ|7[18]            1.0817E-06  1.1200E+01   2.469E+04     173- 236     2737
Rovibration_vJ|5[17]        -Rovibration_vJ|8[16]            1.4764E-08  3.6110E-01   1.701E+04     173- 265     2738
Rovibration_vJ|5[17]        -Rovibration_vJ|8[18]            2.2939E-08  5.2180E-01   1.665E+04     173- 267     2739
Rovibration_vJ|5[17]        -Rovibration_vJ|9[16]            1.4256E-10  6.1490E-03   1.281E+04     173- 296     2740
Rovibration_vJ|5[17]        -Rovibration_vJ|9[18]            3.4765E-10  1.3800E-02   1.261E+04     173- 298     2741
Rovibration_vJ|5[17]        -Rovibration_vJ|10[16]           1.0375E-13  6.9220E-06   1.030E+04     173- 327     2742
Rovibration_vJ|5[17]        -Rovibration_vJ|10[18]           1.3729E-12  8.3760E-05   1.017E+04     173- 329     2743
Rovibration_vJ|5[18]        -Rovibration_vJ|5[19]            8.7485E-09  2.6790E-05   1.438E+06     174- 175     2744
Rovibration_vJ|5[18]        -Rovibration_vJ|6[17]            3.0407E-05  8.0720E+01   5.154E+04     174- 204     2745
Rovibration_vJ|5[18]        -Rovibration_vJ|6[19]            3.4224E-05  9.3200E+01   4.821E+04     174- 206     2746
Rovibration_vJ|5[18]        -Rovibration_vJ|7[17]            8.3775E-07  9.0790E+00   2.551E+04     174- 235     2747
Rovibration_vJ|5[18]        -Rovibration_vJ|7[19]            1.0860E-06  1.1290E+01   2.467E+04     174- 237     2748
Rovibration_vJ|5[18]        -Rovibration_vJ|8[17]            1.4643E-08  3.5630E-01   1.702E+04     174- 266     2749
Rovibration_vJ|5[18]        -Rovibration_vJ|8[19]            2.3175E-08  5.2900E-01   1.665E+04     174- 268     2750
Rovibration_vJ|5[18]        -Rovibration_vJ|9[17]            1.3935E-10  5.9820E-03   1.282E+04     174- 297     2751
Rovibration_vJ|5[18]        -Rovibration_vJ|9[19]            3.5534E-10  1.4150E-02   1.261E+04     174- 299     2752
Rovibration_vJ|5[18]        -Rovibration_vJ|10[17]           1.2727E-13  8.4520E-06   1.030E+04     174- 328     2753
Rovibration_vJ|5[18]        -Rovibration_vJ|10[19]           1.4942E-12  9.1430E-05   1.017E+04     174- 330     2754
Rovibration_vJ|5[19]        -Rovibration_vJ|5[20]            9.5758E-09  3.2560E-05   1.366E+06     175- 176     2755
Rovibration_vJ|5[19]        -Rovibration_vJ|6[18]            3.0392E-05  8.0090E+01   5.165E+04     175- 205     2756
Rovibration_vJ|5[19]        -Rovibration_vJ|6[20]            3.4231E-05  9.3730E+01   4.814E+04     175- 207     2757
Rovibration_vJ|5[19]        -Rovibration_vJ|7[18]            8.3471E-07  8.9970E+00   2.554E+04     175- 236     2758
Rovibration_vJ|5[19]        -Rovibration_vJ|7[20]            1.0915E-06  1.1390E+01   2.466E+04     175- 238     2759
Rovibration_vJ|5[19]        -Rovibration_vJ|8[18]            1.4515E-08  3.5150E-01   1.704E+04     175- 267     2760
Rovibration_vJ|5[19]        -Rovibration_vJ|8[20]            2.3416E-08  5.3620E-01   1.665E+04     175- 269     2761
Rovibration_vJ|5[19]        -Rovibration_vJ|9[18]            1.3617E-10  5.8190E-03   1.283E+04     175- 298     2762
Rovibration_vJ|5[19]        -Rovibration_vJ|9[20]            3.6309E-10  1.4500E-02   1.260E+04     175- 300     2763
Rovibration_vJ|5[19]        -Rovibration_vJ|10[18]           1.5290E-13  1.0110E-05   1.031E+04     175- 329     2764
Rovibration_vJ|5[19]        -Rovibration_vJ|10[20]           1.6220E-12  9.9520E-05   1.017E+04     175- 331     2765
Rovibration_vJ|5[20]        -Rovibration_vJ|5[21]            1.0472E-08  3.9330E-05   1.301E+06     176- 177     2766
Rovibration_vJ|5[20]        -Rovibration_vJ|6[19]            3.0371E-05  7.9470E+01   5.177E+04     176- 206     2767
Rovibration_vJ|5[20]        -Rovibration_vJ|6[21]            3.4243E-05  9.4250E+01   4.807E+04     176- 208     2768
Rovibration_vJ|5[20]        -Rovibration_vJ|7[19]            8.3158E-07  8.9170E+00   2.557E+04     176- 237     2769
Rovibration_vJ|5[20]        -Rovibration_vJ|7[21]            1.0963E-06  1.1480E+01   2.464E+04     176- 239     2770
Rovibration_vJ|5[20]        -Rovibration_vJ|8[19]            1.4391E-08  3.4690E-01   1.706E+04     176- 268     2771
Rovibration_vJ|5[20]        -Rovibration_vJ|8[21]            2.3667E-08  5.4350E-01   1.664E+04     176- 270     2772
Rovibration_vJ|5[20]        -Rovibration_vJ|9[19]            1.3306E-10  5.6620E-03   1.284E+04     176- 299     2773
Rovibration_vJ|5[20]        -Rovibration_vJ|9[21]            3.7115E-10  1.4860E-02   1.260E+04     176- 301     2774
Rovibration_vJ|5[20]        -Rovibration_vJ|10[19]           1.8071E-13  1.1900E-05   1.032E+04     176- 330     2775
Rovibration_vJ|5[20]        -Rovibration_vJ|10[21]           1.7561E-12  1.0800E-04   1.017E+04     176- 332     2776
Rovibration_vJ|5[21]        -Rovibration_vJ|5[22]            1.1440E-08  4.7230E-05   1.243E+06     177- 178     2777
Rovibration_vJ|5[21]        -Rovibration_vJ|6[20]            3.0350E-05  7.8870E+01   5.188E+04     177- 207     2778
Rovibration_vJ|5[21]        -Rovibration_vJ|6[22]            3.4255E-05  9.4750E+01   4.800E+04     177- 209     2779
Rovibration_vJ|5[21]        -Rovibration_vJ|7[20]            8.2831E-07  8.8380E+00   2.561E+04     177- 238     2780
Rovibration_vJ|5[21]        -Rovibration_vJ|7[22]            1.1023E-06  1.1580E+01   2.463E+04     177- 240     2781
Rovibration_vJ|5[21]        -Rovibration_vJ|8[20]            1.4266E-08  3.4240E-01   1.707E+04     177- 269     2782
Rovibration_vJ|5[21]        -Rovibration_vJ|8[22]            2.3923E-08  5.5080E-01   1.664E+04     177- 271     2783
Rovibration_vJ|5[21]        -Rovibration_vJ|9[20]            1.3001E-10  5.5100E-03   1.285E+04     177- 300     2784
Rovibration_vJ|5[21]        -Rovibration_vJ|9[22]            3.7952E-10  1.5230E-02   1.260E+04     177- 302     2785
Rovibration_vJ|5[21]        -Rovibration_vJ|10[20]           2.1037E-13  1.3800E-05   1.033E+04     177- 331     2786
Rovibration_vJ|5[21]        -Rovibration_vJ|10[22]           1.8984E-12  1.1700E-04   1.017E+04     177- 333     2787
Rovibration_vJ|5[22]        -Rovibration_vJ|5[23]            1.2487E-08  5.6420E-05   1.189E+06     178- 179     2788
Rovibration_vJ|5[22]        -Rovibration_vJ|6[21]            3.0322E-05  7.8270E+01   5.200E+04     178- 208     2789
Rovibration_vJ|5[22]        -Rovibration_vJ|6[23]            3.4275E-05  9.5250E+01   4.794E+04     178- 210     2790
Rovibration_vJ|5[22]        -Rovibration_vJ|7[21]            8.2512E-07  8.7620E+00   2.564E+04     178- 239     2791
Rovibration_vJ|5[22]        -Rovibration_vJ|7[23]            1.1076E-06  1.1670E+01   2.462E+04     178- 241     2792
Rovibration_vJ|5[22]        -Rovibration_vJ|8[21]            1.4141E-08  3.3800E-01   1.709E+04     178- 270     2793
Rovibration_vJ|5[22]        -Rovibration_vJ|8[23]            2.4182E-08  5.5810E-01   1.663E+04     178- 272     2794
Rovibration_vJ|5[22]        -Rovibration_vJ|9[21]            1.2701E-10  5.3620E-03   1.286E+04     178- 301     2795
Rovibration_vJ|5[22]        -Rovibration_vJ|9[23]            3.8793E-10  1.5600E-02   1.260E+04     178- 303     2796
Rovibration_vJ|5[22]        -Rovibration_vJ|10[21]           2.4205E-13  1.5820E-05   1.033E+04     178- 332     2797
Rovibration_vJ|5[22]        -Rovibration_vJ|10[23]           2.0470E-12  1.2640E-04   1.017E+04     178- 334     2798
Rovibration_vJ|5[23]        -Rovibration_vJ|5[24]            1.3618E-08  6.7080E-05   1.140E+06     179- 180     2799
Rovibration_vJ|5[23]        -Rovibration_vJ|6[22]            3.0295E-05  7.7690E+01   5.212E+04     179- 209     2800
Rovibration_vJ|5[23]        -Rovibration_vJ|6[24]            3.4294E-05  9.5730E+01   4.787E+04     179- 211     2801
Rovibration_vJ|5[23]        -Rovibration_vJ|7[22]            8.2186E-07  8.6870E+00   2.567E+04     179- 240     2802
Rovibration_vJ|5[23]        -Rovibration_vJ|7[24]            1.1131E-06  1.1760E+01   2.461E+04     179- 242     2803
Rovibration_vJ|5[23]        -Rovibration_vJ|8[22]            1.4021E-08  3.3380E-01   1.711E+04     179- 271     2804
Rovibration_vJ|5[23]        -Rovibration_vJ|8[24]            2.4449E-08  5.6550E-01   1.663E+04     179- 273     2805
Rovibration_vJ|5[23]        -Rovibration_vJ|9[22]            1.2406E-10  5.2180E-03   1.287E+04     179- 302     2806
Rovibration_vJ|5[23]        -Rovibration_vJ|9[24]            3.9663E-10  1.5980E-02   1.260E+04     179- 304     2807
Rovibration_vJ|5[23]        -Rovibration_vJ|10[22]           2.7561E-13  1.7950E-05   1.034E+04     179- 333     2808
Rovibration_vJ|5[23]        -Rovibration_vJ|10[24]           2.2036E-12  1.3630E-04   1.017E+04     179- 335     2809
Rovibration_vJ|5[24]        -Rovibration_vJ|5[25]            1.4839E-08  7.9390E-05   1.094E+06     180- 181     2810
Rovibration_vJ|5[24]        -Rovibration_vJ|6[23]            3.0264E-05  7.7110E+01   5.224E+04     180- 210     2811
Rovibration_vJ|5[24]        -Rovibration_vJ|6[25]            3.4314E-05  9.6200E+01   4.781E+04     180- 212     2812
Rovibration_vJ|5[24]        -Rovibration_vJ|7[23]            8.1853E-07  8.6130E+00   2.571E+04     180- 241     2813
Rovibration_vJ|5[24]        -Rovibration_vJ|7[25]            1.1187E-06  1.1850E+01   2.460E+04     180- 243     2814
Rovibration_vJ|5[24]        -Rovibration_vJ|8[23]            1.3899E-08  3.2960E-01   1.712E+04     180- 272     2815
Rovibration_vJ|5[24]        -Rovibration_vJ|8[25]            2.4720E-08  5.7290E-01   1.663E+04     180- 274     2816
Rovibration_vJ|5[24]        -Rovibration_vJ|9[23]            1.2116E-10  5.0780E-03   1.288E+04     180- 303     2817
Rovibration_vJ|5[24]        -Rovibration_vJ|9[25]            4.0538E-10  1.6360E-02   1.260E+04     180- 305     2818
Rovibration_vJ|5[24]        -Rovibration_vJ|10[23]           3.1090E-13  2.0180E-05   1.035E+04     180- 334     2819
Rovibration_vJ|5[24]        -Rovibration_vJ|10[25]           2.3665E-12  1.4660E-04   1.017E+04     180- 336     2820
Rovibration_vJ|5[25]        -Rovibration_vJ|5[26]            1.6156E-08  9.3570E-05   1.053E+06     181- 182     2821
Rovibration_vJ|5[25]        -Rovibration_vJ|6[24]            3.0227E-05  7.6530E+01   5.236E+04     181- 211     2822
Rovibration_vJ|5[25]        -Rovibration_vJ|6[26]            3.4340E-05  9.6670E+01   4.775E+04     181- 213     2823
Rovibration_vJ|5[25]        -Rovibration_vJ|7[24]            8.1517E-07  8.5400E+00   2.574E+04     181- 242     2824
Rovibration_vJ|5[25]        -Rovibration_vJ|7[26]            1.1254E-06  1.1950E+01   2.459E+04     181- 244     2825
Rovibration_vJ|5[25]        -Rovibration_vJ|8[24]            1.3774E-08  3.2540E-01   1.714E+04     181- 273     2826
Rovibration_vJ|5[25]        -Rovibration_vJ|8[26]            2.4998E-08  5.8040E-01   1.663E+04     181- 275     2827
Rovibration_vJ|5[25]        -Rovibration_vJ|9[24]            1.1832E-10  4.9420E-03   1.289E+04     181- 304     2828
Rovibration_vJ|5[25]        -Rovibration_vJ|9[26]            4.1440E-10  1.6750E-02   1.260E+04     181- 306     2829
Rovibration_vJ|5[25]        -Rovibration_vJ|10[24]           3.4794E-13  2.2510E-05   1.036E+04     181- 335     2830
Rovibration_vJ|5[25]        -Rovibration_vJ|10[26]           2.5374E-12  1.5740E-04   1.017E+04     181- 337     2831
Rovibration_vJ|5[26]        -Rovibration_vJ|5[27]            1.7583E-08  1.0990E-04   1.014E+06     182- 183     2832
Rovibration_vJ|5[26]        -Rovibration_vJ|6[25]            3.0190E-05  7.5960E+01   5.249E+04     182- 212     2833
Rovibration_vJ|5[26]        -Rovibration_vJ|6[27]            3.4363E-05  9.7120E+01   4.769E+04     182- 214     2834
Rovibration_vJ|5[26]        -Rovibration_vJ|7[25]            8.1179E-07  8.4680E+00   2.578E+04     182- 243     2835
Rovibration_vJ|5[26]        -Rovibration_vJ|7[27]            1.1313E-06  1.2040E+01   2.458E+04     182- 245     2836
Rovibration_vJ|5[26]        -Rovibration_vJ|8[25]            1.3655E-08  3.2140E-01   1.716E+04     182- 274     2837
Rovibration_vJ|5[26]        -Rovibration_vJ|8[27]            2.5278E-08  5.8790E-01   1.662E+04     182- 276     2838
Rovibration_vJ|5[26]        -Rovibration_vJ|9[25]            1.1555E-10  4.8100E-03   1.290E+04     182- 305     2839
Rovibration_vJ|5[26]        -Rovibration_vJ|9[27]            4.2371E-10  1.7150E-02   1.260E+04     182- 307     2840
Rovibration_vJ|5[26]        -Rovibration_vJ|10[25]           3.8674E-13  2.4940E-05   1.037E+04     182- 336     2841
Rovibration_vJ|5[26]        -Rovibration_vJ|10[27]           2.7163E-12  1.6870E-04   1.017E+04     182- 338     2842
Rovibration_vJ|5[27]        -Rovibration_vJ|5[28]            1.9106E-08  1.2850E-04   9.782E+05     183- 184     2843
Rovibration_vJ|5[27]        -Rovibration_vJ|6[26]            3.0153E-05  7.5400E+01   5.261E+04     183- 213     2844
Rovibration_vJ|5[27]        -Rovibration_vJ|6[28]            3.4390E-05  9.7570E+01   4.763E+04     183- 215     2845
Rovibration_vJ|5[27]        -Rovibration_vJ|7[26]            8.0849E-07  8.3980E+00   2.581E+04     183- 244     2846
Rovibration_vJ|5[27]        -Rovibration_vJ|7[28]            1.1373E-06  1.2130E+01   2.457E+04     183- 246     2847
Rovibration_vJ|5[27]        -Rovibration_vJ|8[26]            1.3538E-08  3.1750E-01   1.718E+04     183- 275     2848
Rovibration_vJ|5[27]        -Rovibration_vJ|8[28]            2.5569E-08  5.9560E-01   1.662E+04     183- 277     2849
Rovibration_vJ|5[27]        -Rovibration_vJ|9[26]            1.1283E-10  4.6810E-03   1.292E+04     183- 306     2850
Rovibration_vJ|5[27]        -Rovibration_vJ|9[28]            4.3330E-10  1.7560E-02   1.260E+04     183- 308     2851
Rovibration_vJ|5[27]        -Rovibration_vJ|10[26]           4.2699E-13  2.7450E-05   1.038E+04     183- 337     2852
Rovibration_vJ|5[27]        -Rovibration_vJ|10[28]           2.9049E-12  1.8060E-04   1.017E+04     183- 339     2853
Rovibration_vJ|5[28]        -Rovibration_vJ|5[29]            2.0767E-08  1.4990E-04   9.449E+05     184- 185     2854
Rovibration_vJ|5[28]        -Rovibration_vJ|6[27]            3.0113E-05  7.4840E+01   5.274E+04     184- 214     2855
Rovibration_vJ|5[28]        -Rovibration_vJ|6[29]            3.4417E-05  9.8010E+01   4.757E+04     184- 216     2856
Rovibration_vJ|5[28]        -Rovibration_vJ|7[27]            8.0510E-07  8.3280E+00   2.585E+04     184- 245     2857
Rovibration_vJ|5[28]        -Rovibration_vJ|7[29]            1.1434E-06  1.2220E+01   2.456E+04     184- 247     2858
Rovibration_vJ|5[28]        -Rovibration_vJ|8[27]            1.3419E-08  3.1360E-01   1.720E+04     184- 276     2859
Rovibration_vJ|5[28]        -Rovibration_vJ|8[29]            2.5859E-08  6.0320E-01   1.662E+04     184- 278     2860
Rovibration_vJ|5[28]        -Rovibration_vJ|9[27]            1.1017E-10  4.5560E-03   1.293E+04     184- 307     2861
Rovibration_vJ|5[28]        -Rovibration_vJ|9[29]            4.4317E-10  1.7980E-02   1.260E+04     184- 309     2862
Rovibration_vJ|5[28]        -Rovibration_vJ|10[27]           4.6886E-13  3.0050E-05   1.039E+04     184- 338     2863
Rovibration_vJ|5[28]        -Rovibration_vJ|10[29]           3.0998E-12  1.9290E-04   1.018E+04     184- 340     2864
Rovibration_vJ|5[29]        -Rovibration_vJ|5[30]            2.2544E-08  1.7420E-04   9.137E+05     185- 186     2865
Rovibration_vJ|5[29]        -Rovibration_vJ|6[28]            3.0074E-05  7.4290E+01   5.287E+04     185- 215     2866
Rovibration_vJ|5[29]        -Rovibration_vJ|6[30]            3.4445E-05  9.8440E+01   4.751E+04     185- 217     2867
Rovibration_vJ|5[29]        -Rovibration_vJ|7[28]            8.0182E-07  8.2600E+00   2.589E+04     185- 246     2868
Rovibration_vJ|5[29]        -Rovibration_vJ|7[30]            1.1497E-06  1.2310E+01   2.455E+04     185- 248     2869
Rovibration_vJ|5[29]        -Rovibration_vJ|8[28]            1.3302E-08  3.0980E-01   1.722E+04     185- 277     2870
Rovibration_vJ|5[29]        -Rovibration_vJ|8[30]            2.6159E-08  6.1100E-01   1.662E+04     185- 279     2871
Rovibration_vJ|5[29]        -Rovibration_vJ|9[28]            1.0756E-10  4.4340E-03   1.294E+04     185- 308     2872
Rovibration_vJ|5[29]        -Rovibration_vJ|9[30]            4.5307E-10  1.8400E-02   1.260E+04     185- 310     2873
Rovibration_vJ|5[29]        -Rovibration_vJ|10[28]           5.1221E-13  3.2730E-05   1.039E+04     185- 339     2874
Rovibration_vJ|5[29]        -Rovibration_vJ|10[30]           3.3044E-12  2.0580E-04   1.018E+04     185- 341     2875
Rovibration_vJ|5[30]        -Rovibration_vJ|6[29]            3.0029E-05  7.3730E+01   5.300E+04     186- 216     2876
Rovibration_vJ|5[30]        -Rovibration_vJ|7[29]            7.9846E-07  8.1920E+00   2.593E+04     186- 247     2877
Rovibration_vJ|5[30]        -Rovibration_vJ|8[29]            1.3185E-08  3.0600E-01   1.724E+04     186- 278     2878
Rovibration_vJ|5[30]        -Rovibration_vJ|9[29]            1.0503E-10  4.3160E-03   1.295E+04     186- 309     2879
Rovibration_vJ|5[30]        -Rovibration_vJ|10[29]           5.5705E-13  3.5490E-05   1.040E+04     186- 340     2880
Rovibration_vJ|6[0]         -Rovibration_vJ|6[1]             3.3558E-09  9.8590E-09   2.751E+07     187- 188     2881
Rovibration_vJ|6[0]         -Rovibration_vJ|7[1]             7.4873E-05  6.5860E+01   5.028E+04     187- 219     2882
Rovibration_vJ|6[0]         -Rovibration_vJ|8[1]             2.5645E-06  8.8890E+00   2.533E+04     187- 250     2883
Rovibration_vJ|6[0]         -Rovibration_vJ|9[1]             5.7491E-08  4.4220E-01   1.700E+04     187- 281     2884
Rovibration_vJ|6[0]         -Rovibration_vJ|10[1]            8.4066E-10  1.1340E-02   1.284E+04     187- 312     2885
Rovibration_vJ|6[1]         -Rovibration_vJ|6[2]             4.4818E-09  9.4800E-08   1.376E+07     188- 189     2886
Rovibration_vJ|6[1]         -Rovibration_vJ|7[0]             2.4876E-05  1.9550E+02   5.046E+04     188- 218     2887
Rovibration_vJ|6[1]         -Rovibration_vJ|7[2]             5.0000E-05  7.9450E+01   5.019E+04     188- 220     2888
Rovibration_vJ|6[1]         -Rovibration_vJ|8[0]             8.4551E-07  2.6280E+01   2.537E+04     188- 249     2889
Rovibration_vJ|6[1]         -Rovibration_vJ|8[2]             1.7184E-06  1.0740E+01   2.530E+04     188- 251     2890
Rovibration_vJ|6[1]         -Rovibration_vJ|9[0]             1.8753E-08  1.2950E+00   1.702E+04     188- 280     2891
Rovibration_vJ|6[1]         -Rovibration_vJ|9[2]             3.8741E-08  5.3700E-01   1.699E+04     188- 282     2892
Rovibration_vJ|6[1]         -Rovibration_vJ|10[0]            2.6769E-10  3.2440E-02   1.285E+04     188- 311     2893
Rovibration_vJ|6[1]         -Rovibration_vJ|10[2]            5.7320E-10  1.3930E-02   1.283E+04     188- 313     2894
Rovibration_vJ|6[2]         -Rovibration_vJ|6[3]             6.0667E-09  3.4370E-07   9.171E+06     189- 190     2895
Rovibration_vJ|6[2]         -Rovibration_vJ|7[1]             2.9793E-05  1.2960E+02   5.055E+04     189- 219     2896
Rovibration_vJ|6[2]         -Rovibration_vJ|7[3]             4.5075E-05  8.5570E+01   5.010E+04     189- 221     2897
Rovibration_vJ|6[2]         -Rovibration_vJ|8[1]             1.0090E-06  1.7390E+01   2.540E+04     189- 250     2898
Rovibration_vJ|6[2]         -Rovibration_vJ|8[3]             1.5563E-06  1.1600E+01   2.528E+04     189- 252     2899
Rovibration_vJ|6[2]         -Rovibration_vJ|9[1]             2.2270E-08  8.5330E-01   1.703E+04     189- 281     2900
Rovibration_vJ|6[2]         -Rovibration_vJ|9[3]             3.5248E-08  5.8230E-01   1.698E+04     189- 283     2901
Rovibration_vJ|6[2]         -Rovibration_vJ|10[1]            3.1401E-10  2.1120E-02   1.286E+04     189- 312     2902
Rovibration_vJ|6[2]         -Rovibration_vJ|10[3]            5.2772E-10  1.5280E-02   1.283E+04     189- 314     2903
Rovibration_vJ|6[3]         -Rovibration_vJ|6[4]             7.7330E-09  8.4800E-07   6.878E+06     190- 191     2904
Rovibration_vJ|6[3]         -Rovibration_vJ|7[2]             3.1865E-05  1.1600E+02   5.065E+04     190- 220     2905
Rovibration_vJ|6[3]         -Rovibration_vJ|7[4]             4.3001E-05  8.9200E+01   5.001E+04     190- 222     2906
Rovibration_vJ|6[3]         -Rovibration_vJ|8[2]             1.0754E-06  1.5540E+01   2.542E+04     190- 251     2907
Rovibration_vJ|6[3]         -Rovibration_vJ|8[4]             1.4896E-06  1.2110E+01   2.526E+04     190- 253     2908
Rovibration_vJ|6[3]         -Rovibration_vJ|9[2]             2.3610E-08  7.5890E-01   1.704E+04     190- 282     2909
Rovibration_vJ|6[3]         -Rovibration_vJ|9[4]             3.3935E-08  6.1110E-01   1.697E+04     190- 284     2910
Rovibration_vJ|6[3]         -Rovibration_vJ|10[2]            3.2902E-10  1.8570E-02   1.286E+04     190- 313     2911
Rovibration_vJ|6[3]         -Rovibration_vJ|10[4]            5.1405E-10  1.6220E-02   1.282E+04     190- 315     2912
Rovibration_vJ|6[4]         -Rovibration_vJ|6[5]             9.4439E-09  1.7020E-06   5.503E+06     191- 192     2913
Rovibration_vJ|6[4]         -Rovibration_vJ|7[3]             3.2998E-05  1.0990E+02   5.074E+04     191- 221     2914
Rovibration_vJ|6[4]         -Rovibration_vJ|7[5]             4.1874E-05  9.1690E+01   4.992E+04     191- 223     2915
Rovibration_vJ|6[4]         -Rovibration_vJ|8[3]             1.1092E-06  1.4690E+01   2.545E+04     191- 252     2916
Rovibration_vJ|6[4]         -Rovibration_vJ|8[5]             1.4569E-06  1.2480E+01   2.524E+04     191- 254     2917
Rovibration_vJ|6[4]         -Rovibration_vJ|9[3]             2.4227E-08  7.1420E-01   1.706E+04     191- 283     2918
Rovibration_vJ|6[4]         -Rovibration_vJ|9[5]             3.3353E-08  6.3250E-01   1.696E+04     191- 285     2919
Rovibration_vJ|6[4]         -Rovibration_vJ|10[3]            3.3353E-10  1.7270E-02   1.287E+04     191- 314     2920
Rovibration_vJ|6[4]         -Rovibration_vJ|10[5]            5.1118E-10  1.6980E-02   1.282E+04     191- 316     2921
Rovibration_vJ|6[5]         -Rovibration_vJ|6[6]             1.1190E-08  3.0030E-06   4.586E+06     192- 193     2922
Rovibration_vJ|6[5]         -Rovibration_vJ|7[4]             3.3672E-05  1.0620E+02   5.084E+04     192- 222     2923
Rovibration_vJ|6[5]         -Rovibration_vJ|7[6]             4.1179E-05  9.3570E+01   4.984E+04     192- 224     2924
Rovibration_vJ|6[5]         -Rovibration_vJ|8[4]             1.1285E-06  1.4180E+01   2.547E+04     192- 253     2925
Rovibration_vJ|6[5]         -Rovibration_vJ|8[6]             1.4380E-06  1.2760E+01   2.522E+04     192- 255     2926
Rovibration_vJ|6[5]         -Rovibration_vJ|9[4]             2.4520E-08  6.8620E-01   1.707E+04     192- 284     2927
Rovibration_vJ|6[5]         -Rovibration_vJ|9[6]             3.3109E-08  6.5000E-01   1.696E+04     192- 286     2928
Rovibration_vJ|6[5]         -Rovibration_vJ|10[4]            3.3334E-10  1.6390E-02   1.288E+04     192- 315     2929
Rovibration_vJ|6[5]         -Rovibration_vJ|10[6]            5.1341E-10  1.7650E-02   1.281E+04     192- 317     2930
Rovibration_vJ|6[6]         -Rovibration_vJ|6[7]             1.2980E-08  4.8550E-06   3.931E+06     193- 194     2931
Rovibration_vJ|6[6]         -Rovibration_vJ|7[5]             3.4136E-05  1.0370E+02   5.094E+04     193- 223     2932
Rovibration_vJ|6[6]         -Rovibration_vJ|7[7]             4.0720E-05  9.5090E+01   4.975E+04     193- 225     2933
Rovibration_vJ|6[6]         -Rovibration_vJ|8[5]             1.1398E-06  1.3820E+01   2.550E+04     193- 254     2934
Rovibration_vJ|6[6]         -Rovibration_vJ|8[7]             1.4281E-06  1.3000E+01   2.520E+04     193- 256     2935
Rovibration_vJ|6[6]         -Rovibration_vJ|9[5]             2.4640E-08  6.6580E-01   1.708E+04     193- 285     2936
Rovibration_vJ|6[6]         -Rovibration_vJ|9[7]             3.3044E-08  6.6510E-01   1.695E+04     193- 287     2937
Rovibration_vJ|6[6]         -Rovibration_vJ|10[5]            3.3080E-10  1.5710E-02   1.288E+04     193- 316     2938
Rovibration_vJ|6[6]         -Rovibration_vJ|10[7]            5.1823E-10  1.8260E-02   1.281E+04     193- 318     2939
Rovibration_vJ|6[7]         -Rovibration_vJ|6[8]             1.4812E-08  7.3660E-06   3.440E+06     194- 195     2940
Rovibration_vJ|6[7]         -Rovibration_vJ|7[6]             3.4457E-05  1.0180E+02   5.104E+04     194- 224     2941
Rovibration_vJ|6[7]         -Rovibration_vJ|7[8]             4.0395E-05  9.6360E+01   4.967E+04     194- 226     2942
Rovibration_vJ|6[7]         -Rovibration_vJ|8[6]             1.1461E-06  1.3540E+01   2.552E+04     194- 255     2943
Rovibration_vJ|6[7]         -Rovibration_vJ|8[8]             1.4221E-06  1.3200E+01   2.518E+04     194- 257     2944
Rovibration_vJ|6[7]         -Rovibration_vJ|9[6]             2.4655E-08  6.4950E-01   1.709E+04     194- 286     2945
Rovibration_vJ|6[7]         -Rovibration_vJ|9[8]             3.3094E-08  6.7880E-01   1.694E+04     194- 288     2946
Rovibration_vJ|6[7]         -Rovibration_vJ|10[6]            3.2691E-10  1.5140E-02   1.289E+04     194- 317     2947
Rovibration_vJ|6[7]         -Rovibration_vJ|10[8]            5.2513E-10  1.8850E-02   1.280E+04     194- 319     2948
Rovibration_vJ|6[8]         -Rovibration_vJ|6[9]             1.6691E-08  1.0650E-05   3.058E+06     195- 196     2949
Rovibration_vJ|6[8]         -Rovibration_vJ|7[7]             3.4701E-05  1.0030E+02   5.114E+04     195- 225     2950
Rovibration_vJ|6[8]         -Rovibration_vJ|7[9]             4.0163E-05  9.7470E+01   4.959E+04     195- 227     2951
Rovibration_vJ|6[8]         -Rovibration_vJ|8[7]             1.1495E-06  1.3310E+01   2.555E+04     195- 256     2952
Rovibration_vJ|6[8]         -Rovibration_vJ|8[9]             1.4194E-06  1.3380E+01   2.516E+04     195- 258     2953
Rovibration_vJ|6[8]         -Rovibration_vJ|9[7]             2.4608E-08  6.3580E-01   1.711E+04     195- 287     2954
Rovibration_vJ|6[8]         -Rovibration_vJ|9[9]             3.3216E-08  6.9150E-01   1.693E+04     195- 289     2955
Rovibration_vJ|6[8]         -Rovibration_vJ|10[7]            3.2221E-10  1.4640E-02   1.290E+04     195- 318     2956
Rovibration_vJ|6[8]         -Rovibration_vJ|10[9]            5.3320E-10  1.9420E-02   1.280E+04     195- 320     2957
Rovibration_vJ|6[9]         -Rovibration_vJ|6[10]            1.8622E-08  1.4830E-05   2.753E+06     196- 197     2958
Rovibration_vJ|6[9]         -Rovibration_vJ|7[8]             3.4857E-05  9.8960E+01   5.124E+04     196- 226     2959
Rovibration_vJ|6[9]         -Rovibration_vJ|7[10]            3.9995E-05  9.8470E+01   4.951E+04     196- 228     2960
Rovibration_vJ|6[9]         -Rovibration_vJ|8[8]             1.1514E-06  1.3120E+01   2.558E+04     196- 257     2961
Rovibration_vJ|6[9]         -Rovibration_vJ|8[10]            1.4194E-06  1.3550E+01   2.514E+04     196- 259     2962
Rovibration_vJ|6[9]         -Rovibration_vJ|9[8]             2.4516E-08  6.2370E-01   1.712E+04     196- 288     2963
Rovibration_vJ|6[9]         -Rovibration_vJ|9[10]            3.3389E-08  7.0350E-01   1.692E+04     196- 290     2964
Rovibration_vJ|6[9]         -Rovibration_vJ|10[8]            3.1708E-10  1.4190E-02   1.291E+04     196- 319     2965
Rovibration_vJ|6[9]         -Rovibration_vJ|10[10]           5.4218E-10  1.9980E-02   1.280E+04     196- 321     2966
Rovibration_vJ|6[10]        -Rovibration_vJ|6[11]            2.0614E-08  2.0040E-05   2.503E+06     197- 198     2967
Rovibration_vJ|6[10]        -Rovibration_vJ|7[9]             3.4976E-05  9.7800E+01   5.135E+04     197- 227     2968
Rovibration_vJ|6[10]        -Rovibration_vJ|7[11]            3.9866E-05  9.9370E+01   4.943E+04     197- 229     2969
Rovibration_vJ|6[10]        -Rovibration_vJ|8[9]             1.1509E-06  1.2940E+01   2.561E+04     197- 258     2970
Rovibration_vJ|6[10]        -Rovibration_vJ|8[11]            1.4211E-06  1.3710E+01   2.512E+04     197- 260     2971
Rovibration_vJ|6[10]        -Rovibration_vJ|9[9]             2.4396E-08  6.1280E-01   1.713E+04     197- 289     2972
Rovibration_vJ|6[10]        -Rovibration_vJ|9[11]            3.3604E-08  7.1510E-01   1.692E+04     197- 291     2973
Rovibration_vJ|6[10]        -Rovibration_vJ|10[9]            3.1154E-10  1.3770E-02   1.291E+04     197- 320     2974
Rovibration_vJ|6[10]        -Rovibration_vJ|10[11]           5.5176E-10  2.0530E-02   1.279E+04     197- 322     2975
Rovibration_vJ|6[11]        -Rovibration_vJ|6[12]            2.2670E-08  2.6420E-05   2.295E+06     198- 199     2976
Rovibration_vJ|6[11]        -Rovibration_vJ|7[10]            3.5068E-05  9.6770E+01   5.145E+04     198- 228     2977
Rovibration_vJ|6[11]        -Rovibration_vJ|7[12]            3.9769E-05  1.0020E+02   4.935E+04     198- 230     2978
Rovibration_vJ|6[11]        -Rovibration_vJ|8[10]            1.1505E-06  1.2790E+01   2.563E+04     198- 259     2979
Rovibration_vJ|6[11]        -Rovibration_vJ|8[12]            1.4238E-06  1.3860E+01   2.511E+04     198- 261     2980
Rovibration_vJ|6[11]        -Rovibration_vJ|9[10]            2.4252E-08  6.0270E-01   1.715E+04     198- 290     2981
Rovibration_vJ|6[11]        -Rovibration_vJ|9[12]            3.3850E-08  7.2640E-01   1.691E+04     198- 292     2982
Rovibration_vJ|6[11]        -Rovibration_vJ|10[10]           3.0588E-10  1.3380E-02   1.292E+04     198- 321     2983
Rovibration_vJ|6[11]        -Rovibration_vJ|10[12]           5.6198E-10  2.1080E-02   1.279E+04     198- 323     2984
Rovibration_vJ|6[12]        -Rovibration_vJ|6[13]            2.4803E-08  3.4130E-05   2.119E+06     199- 200     2985
Rovibration_vJ|6[12]        -Rovibration_vJ|7[11]            3.5133E-05  9.5820E+01   5.156E+04     199- 229     2986
Rovibration_vJ|6[12]        -Rovibration_vJ|7[13]            3.9706E-05  1.0100E+02   4.927E+04     199- 231     2987
Rovibration_vJ|6[12]        -Rovibration_vJ|8[11]            1.1482E-06  1.2640E+01   2.566E+04     199- 260     2988
Rovibration_vJ|6[12]        -Rovibration_vJ|8[13]            1.4270E-06  1.4000E+01   2.509E+04     199- 262     2989
Rovibration_vJ|6[12]        -Rovibration_vJ|9[11]            2.4095E-08  5.9330E-01   1.716E+04     199- 291     2990
Rovibration_vJ|6[12]        -Rovibration_vJ|9[13]            3.4116E-08  7.3740E-01   1.690E+04     199- 293     2991
Rovibration_vJ|6[12]        -Rovibration_vJ|10[11]           3.0009E-10  1.3010E-02   1.293E+04     199- 322     2992
Rovibration_vJ|6[12]        -Rovibration_vJ|10[13]           5.7295E-10  2.1640E-02   1.279E+04     199- 324     2993
Rovibration_vJ|6[13]        -Rovibration_vJ|6[14]            2.7012E-08  4.3330E-05   1.968E+06     200- 201     2994
Rovibration_vJ|6[13]        -Rovibration_vJ|7[12]            3.5177E-05  9.4930E+01   5.167E+04     200- 230     2995
Rovibration_vJ|6[13]        -Rovibration_vJ|7[14]            3.9639E-05  1.0170E+02   4.920E+04     200- 232     2996
Rovibration_vJ|6[13]        -Rovibration_vJ|8[12]            1.1464E-06  1.2510E+01   2.569E+04     200- 261     2997
Rovibration_vJ|6[13]        -Rovibration_vJ|8[14]            1.4304E-06  1.4130E+01   2.507E+04     200- 263     2998
Rovibration_vJ|6[13]        -Rovibration_vJ|9[12]            2.3927E-08  5.8440E-01   1.717E+04     200- 292     2999
Rovibration_vJ|6[13]        -Rovibration_vJ|9[14]            3.4405E-08  7.4830E-01   1.690E+04     200- 294     3000
Rovibration_vJ|6[13]        -Rovibration_vJ|10[12]           2.9430E-10  1.2660E-02   1.294E+04     200- 323     3001
Rovibration_vJ|6[13]        -Rovibration_vJ|10[14]           5.8430E-10  2.2200E-02   1.278E+04     200- 325     3002
Rovibration_vJ|6[14]        -Rovibration_vJ|6[15]            2.9299E-08  5.4190E-05   1.837E+06     201- 202     3003
Rovibration_vJ|6[14]        -Rovibration_vJ|7[13]            3.5206E-05  9.4090E+01   5.178E+04     201- 231     3004
Rovibration_vJ|6[14]        -Rovibration_vJ|7[15]            3.9602E-05  1.0240E+02   4.912E+04     201- 233     3005
Rovibration_vJ|6[14]        -Rovibration_vJ|8[13]            1.1434E-06  1.2380E+01   2.572E+04     201- 262     3006
Rovibration_vJ|6[14]        -Rovibration_vJ|8[15]            1.4359E-06  1.4270E+01   2.506E+04     201- 264     3007
Rovibration_vJ|6[14]        -Rovibration_vJ|9[13]            2.3754E-08  5.7600E-01   1.719E+04     201- 293     3008
Rovibration_vJ|6[14]        -Rovibration_vJ|9[15]            3.4712E-08  7.5910E-01   1.689E+04     201- 295     3009
Rovibration_vJ|6[14]        -Rovibration_vJ|10[13]           2.8838E-10  1.2320E-02   1.295E+04     201- 324     3010
Rovibration_vJ|6[14]        -Rovibration_vJ|10[15]           5.9596E-10  2.2760E-02   1.278E+04     201- 326     3011
Rovibration_vJ|6[15]        -Rovibration_vJ|6[16]            3.1686E-08  6.6930E-05   1.722E+06     202- 203     3012
Rovibration_vJ|6[15]        -Rovibration_vJ|7[14]            3.5223E-05  9.3290E+01   5.189E+04     202- 232     3013
Rovibration_vJ|6[15]        -Rovibration_vJ|7[16]            3.9587E-05  1.0310E+02   4.905E+04     202- 234     3014
Rovibration_vJ|6[15]        -Rovibration_vJ|8[14]            1.1404E-06  1.2260E+01   2.575E+04     202- 263     3015
Rovibration_vJ|6[15]        -Rovibration_vJ|8[16]            1.4411E-06  1.4400E+01   2.504E+04     202- 265     3016
Rovibration_vJ|6[15]        -Rovibration_vJ|9[14]            2.3573E-08  5.6790E-01   1.720E+04     202- 294     3017
Rovibration_vJ|6[15]        -Rovibration_vJ|9[16]            3.5032E-08  7.6980E-01   1.689E+04     202- 296     3018
Rovibration_vJ|6[15]        -Rovibration_vJ|10[14]           2.8241E-10  1.1990E-02   1.296E+04     202- 325     3019
Rovibration_vJ|6[15]        -Rovibration_vJ|10[16]           6.0813E-10  2.3330E-02   1.278E+04     202- 327     3020
Rovibration_vJ|6[16]        -Rovibration_vJ|6[17]            3.4168E-08  8.1740E-05   1.621E+06     203- 204     3021
Rovibration_vJ|6[16]        -Rovibration_vJ|7[15]            3.5230E-05  9.2520E+01   5.200E+04     203- 233     3022
Rovibration_vJ|6[16]        -Rovibration_vJ|7[17]            3.9592E-05  1.0380E+02   4.898E+04     203- 235     3023
Rovibration_vJ|6[16]        -Rovibration_vJ|8[15]            1.1367E-06  1.2140E+01   2.578E+04     203- 264     3024
Rovibration_vJ|6[16]        -Rovibration_vJ|8[17]            1.4471E-06  1.4530E+01   2.503E+04     203- 266     3025
Rovibration_vJ|6[16]        -Rovibration_vJ|9[15]            2.3388E-08  5.6010E-01   1.722E+04     203- 295     3026
Rovibration_vJ|6[16]        -Rovibration_vJ|9[17]            3.5366E-08  7.8050E-01   1.688E+04     203- 297     3027
Rovibration_vJ|6[16]        -Rovibration_vJ|10[15]           2.7667E-10  1.1680E-02   1.297E+04     203- 326     3028
Rovibration_vJ|6[16]        -Rovibration_vJ|10[17]           6.2076E-10  2.3910E-02   1.278E+04     203- 328     3029
Rovibration_vJ|6[17]        -Rovibration_vJ|6[18]            3.6753E-08  9.8850E-05   1.532E+06     204- 205     3030
Rovibration_vJ|6[17]        -Rovibration_vJ|7[16]            3.5226E-05  9.1770E+01   5.211E+04     204- 234     3031
Rovibration_vJ|6[17]        -Rovibration_vJ|7[18]            3.9575E-05  1.0440E+02   4.891E+04     204- 236     3032
Rovibration_vJ|6[17]        -Rovibration_vJ|8[16]            1.1324E-06  1.2020E+01   2.582E+04     204- 265     3033
Rovibration_vJ|6[17]        -Rovibration_vJ|8[18]            1.4525E-06  1.4650E+01   2.501E+04     204- 267     3034
Rovibration_vJ|6[17]        -Rovibration_vJ|9[16]            2.3198E-08  5.5250E-01   1.723E+04     204- 296     3035
Rovibration_vJ|6[17]        -Rovibration_vJ|9[18]            3.5713E-08  7.9120E-01   1.688E+04     204- 298     3036
Rovibration_vJ|6[17]        -Rovibration_vJ|10[16]           2.7096E-10  1.1380E-02   1.298E+04     204- 327     3037
Rovibration_vJ|6[17]        -Rovibration_vJ|10[18]           6.3357E-10  2.4490E-02   1.278E+04     204- 329     3038
Rovibration_vJ|6[18]        -Rovibration_vJ|6[19]            3.9448E-08  1.1850E-04   1.451E+06     205- 206     3039
Rovibration_vJ|6[18]        -Rovibration_vJ|7[17]            3.5218E-05  9.1050E+01   5.223E+04     205- 235     3040
Rovibration_vJ|6[18]        -Rovibration_vJ|7[19]            3.9572E-05  1.0500E+02   4.884E+04     205- 237     3041
Rovibration_vJ|6[18]        -Rovibration_vJ|8[17]            1.1294E-06  1.1920E+01   2.585E+04     205- 266     3042
Rovibration_vJ|6[18]        -Rovibration_vJ|8[19]            1.4595E-06  1.4780E+01   2.500E+04     205- 268     3043
Rovibration_vJ|6[18]        -Rovibration_vJ|9[17]            2.3009E-08  5.4520E-01   1.725E+04     205- 297     3044
Rovibration_vJ|6[18]        -Rovibration_vJ|9[19]            3.6071E-08  8.0190E-01   1.687E+04     205- 299     3045
Rovibration_vJ|6[18]        -Rovibration_vJ|10[17]           2.6510E-10  1.1080E-02   1.299E+04     205- 328     3046
Rovibration_vJ|6[18]        -Rovibration_vJ|10[19]           6.4704E-10  2.5090E-02   1.277E+04     205- 330     3047
Rovibration_vJ|6[19]        -Rovibration_vJ|6[20]            4.2272E-08  1.4100E-04   1.379E+06     206- 207     3048
Rovibration_vJ|6[19]        -Rovibration_vJ|7[18]            3.5202E-05  9.0340E+01   5.234E+04     206- 236     3049
Rovibration_vJ|6[19]        -Rovibration_vJ|7[20]            3.9581E-05  1.0560E+02   4.877E+04     206- 238     3050
Rovibration_vJ|6[19]        -Rovibration_vJ|8[18]            1.1251E-06  1.1810E+01   2.588E+04     206- 267     3051
Rovibration_vJ|6[19]        -Rovibration_vJ|8[20]            1.4658E-06  1.4900E+01   2.498E+04     206- 269     3052
Rovibration_vJ|6[19]        -Rovibration_vJ|9[18]            2.2820E-08  5.3810E-01   1.727E+04     206- 298     3053
Rovibration_vJ|6[19]        -Rovibration_vJ|9[20]            3.6438E-08  8.1260E-01   1.687E+04     206- 300     3054
Rovibration_vJ|6[19]        -Rovibration_vJ|10[18]           2.5957E-10  1.0800E-02   1.300E+04     206- 329     3055
Rovibration_vJ|6[19]        -Rovibration_vJ|10[20]           6.6063E-10  2.5690E-02   1.277E+04     206- 331     3056
Rovibration_vJ|6[20]        -Rovibration_vJ|6[21]            4.5248E-08  1.6670E-04   1.314E+06     207- 208     3057
Rovibration_vJ|6[20]        -Rovibration_vJ|7[19]            3.5182E-05  8.9650E+01   5.246E+04     207- 237     3058
Rovibration_vJ|6[20]        -Rovibration_vJ|7[21]            3.9563E-05  1.0610E+02   4.870E+04     207- 239     3059
Rovibration_vJ|6[20]        -Rovibration_vJ|8[19]            1.1204E-06  1.1700E+01   2.591E+04     207- 268     3060
Rovibration_vJ|6[20]        -Rovibration_vJ|8[21]            1.4725E-06  1.5020E+01   2.497E+04     207- 270     3061
Rovibration_vJ|6[20]        -Rovibration_vJ|9[19]            2.2630E-08  5.3120E-01   1.728E+04     207- 299     3062
Rovibration_vJ|6[20]        -Rovibration_vJ|9[21]            3.6817E-08  8.2340E-01   1.686E+04     207- 301     3063
Rovibration_vJ|6[20]        -Rovibration_vJ|10[19]           2.5392E-10  1.0520E-02   1.301E+04     207- 330     3064
Rovibration_vJ|6[20]        -Rovibration_vJ|10[21]           6.7459E-10  2.6300E-02   1.277E+04     207- 332     3065
Rovibration_vJ|6[21]        -Rovibration_vJ|6[22]            4.8324E-08  1.9570E-04   1.255E+06     208- 209     3066
Rovibration_vJ|6[21]        -Rovibration_vJ|7[20]            3.5157E-05  8.8970E+01   5.258E+04     208- 238     3067
Rovibration_vJ|6[21]        -Rovibration_vJ|7[22]            3.9592E-05  1.0670E+02   4.863E+04     208- 240     3068
Rovibration_vJ|6[21]        -Rovibration_vJ|8[20]            1.1164E-06  1.1600E+01   2.595E+04     208- 269     3069
Rovibration_vJ|6[21]        -Rovibration_vJ|8[22]            1.4796E-06  1.5140E+01   2.496E+04     208- 271     3070
Rovibration_vJ|6[21]        -Rovibration_vJ|9[20]            2.2442E-08  5.2450E-01   1.730E+04     208- 300     3071
Rovibration_vJ|6[21]        -Rovibration_vJ|9[22]            3.7203E-08  8.3420E-01   1.686E+04     208- 302     3072
Rovibration_vJ|6[21]        -Rovibration_vJ|10[20]           2.4865E-10  1.0260E-02   1.302E+04     208- 331     3073
Rovibration_vJ|6[21]        -Rovibration_vJ|10[22]           6.8891E-10  2.6920E-02   1.277E+04     208- 333     3074
Rovibration_vJ|6[22]        -Rovibration_vJ|6[23]            5.1575E-08  2.2860E-04   1.200E+06     209- 210     3075
Rovibration_vJ|6[22]        -Rovibration_vJ|7[21]            3.5128E-05  8.8300E+01   5.270E+04     209- 239     3076
Rovibration_vJ|6[22]        -Rovibration_vJ|7[23]            3.9628E-05  1.0730E+02   4.857E+04     209- 241     3077
Rovibration_vJ|6[22]        -Rovibration_vJ|8[21]            1.1121E-06  1.1500E+01   2.598E+04     209- 270     3078
Rovibration_vJ|6[22]        -Rovibration_vJ|8[23]            1.4869E-06  1.5260E+01   2.495E+04     209- 272     3079
Rovibration_vJ|6[22]        -Rovibration_vJ|9[21]            2.2252E-08  5.1790E-01   1.732E+04     209- 301     3080
Rovibration_vJ|6[22]        -Rovibration_vJ|9[23]            3.7599E-08  8.4510E-01   1.686E+04     209- 303     3081
Rovibration_vJ|6[22]        -Rovibration_vJ|10[21]           2.4324E-10  9.9980E-03   1.303E+04     209- 332     3082
Rovibration_vJ|6[22]        -Rovibration_vJ|10[23]           7.0383E-10  2.7560E-02   1.277E+04     209- 334     3083
Rovibration_vJ|6[23]        -Rovibration_vJ|6[24]            5.4968E-08  2.6560E-04   1.151E+06     210- 211     3084
Rovibration_vJ|6[23]        -Rovibration_vJ|7[22]            3.5096E-05  8.7640E+01   5.282E+04     210- 240     3085
Rovibration_vJ|6[23]        -Rovibration_vJ|7[24]            3.9635E-05  1.0780E+02   4.850E+04     210- 242     3086
Rovibration_vJ|6[23]        -Rovibration_vJ|8[22]            1.1076E-06  1.1400E+01   2.602E+04     210- 271     3087
Rovibration_vJ|6[23]        -Rovibration_vJ|8[24]            1.4944E-06  1.5380E+01   2.493E+04     210- 273     3088
Rovibration_vJ|6[23]        -Rovibration_vJ|9[22]            2.2062E-08  5.1140E-01   1.734E+04     210- 302     3089
Rovibration_vJ|6[23]        -Rovibration_vJ|9[24]            3.8006E-08  8.5610E-01   1.685E+04     210- 304     3090
Rovibration_vJ|6[23]        -Rovibration_vJ|10[22]           2.3799E-10  9.7460E-03   1.304E+04     210- 333     3091
Rovibration_vJ|6[23]        -Rovibration_vJ|10[24]           7.1883E-10  2.8200E-02   1.277E+04     210- 335     3092
Rovibration_vJ|6[24]        -Rovibration_vJ|6[25]            5.8535E-08  3.0720E-04   1.105E+06     211- 212     3093
Rovibration_vJ|6[24]        -Rovibration_vJ|7[23]            3.5058E-05  8.6980E+01   5.294E+04     211- 241     3094
Rovibration_vJ|6[24]        -Rovibration_vJ|7[25]            3.9647E-05  1.0830E+02   4.844E+04     211- 243     3095
Rovibration_vJ|6[24]        -Rovibration_vJ|8[23]            1.1038E-06  1.1310E+01   2.605E+04     211- 272     3096
Rovibration_vJ|6[24]        -Rovibration_vJ|8[25]            1.5022E-06  1.5500E+01   2.492E+04     211- 274     3097
Rovibration_vJ|6[24]        -Rovibration_vJ|9[23]            2.1875E-08  5.0510E-01   1.735E+04     211- 303     3098
Rovibration_vJ|6[24]        -Rovibration_vJ|9[25]            3.8418E-08  8.6710E-01   1.685E+04     211- 305     3099
Rovibration_vJ|6[24]        -Rovibration_vJ|10[23]           2.3282E-10  9.5000E-03   1.305E+04     211- 334     3100
Rovibration_vJ|6[24]        -Rovibration_vJ|10[25]           7.3441E-10  2.8860E-02   1.277E+04     211- 336     3101
Rovibration_vJ|6[25]        -Rovibration_vJ|6[26]            6.2275E-08  3.5380E-04   1.063E+06     212- 213     3102
Rovibration_vJ|6[25]        -Rovibration_vJ|7[24]            3.5022E-05  8.6340E+01   5.307E+04     212- 242     3103
Rovibration_vJ|6[25]        -Rovibration_vJ|7[26]            3.9666E-05  1.0880E+02   4.837E+04     212- 244     3104
Rovibration_vJ|6[25]        -Rovibration_vJ|8[24]            1.0989E-06  1.1210E+01   2.609E+04     212- 273     3105
Rovibration_vJ|6[25]        -Rovibration_vJ|8[26]            1.5102E-06  1.5620E+01   2.491E+04     212- 275     3106
Rovibration_vJ|6[25]        -Rovibration_vJ|9[24]            2.1693E-08  4.9900E-01   1.737E+04     212- 304     3107
Rovibration_vJ|6[25]        -Rovibration_vJ|9[26]            3.8843E-08  8.7830E-01   1.685E+04     212- 306     3108
Rovibration_vJ|6[25]        -Rovibration_vJ|10[24]           2.2778E-10  9.2620E-03   1.307E+04     212- 335     3109
Rovibration_vJ|6[25]        -Rovibration_vJ|10[26]           7.5031E-10  2.9530E-02   1.277E+04     212- 337     3110
Rovibration_vJ|6[26]        -Rovibration_vJ|6[27]            6.6204E-08  4.0590E-04   1.024E+06     213- 214     3111
Rovibration_vJ|6[26]        -Rovibration_vJ|7[25]            3.4981E-05  8.5700E+01   5.319E+04     213- 243     3112
Rovibration_vJ|6[26]        -Rovibration_vJ|7[27]            3.9690E-05  1.0930E+02   4.831E+04     213- 245     3113
Rovibration_vJ|6[26]        -Rovibration_vJ|8[25]            1.0948E-06  1.1120E+01   2.612E+04     213- 274     3114
Rovibration_vJ|6[26]        -Rovibration_vJ|8[27]            1.5183E-06  1.5740E+01   2.490E+04     213- 276     3115
Rovibration_vJ|6[26]        -Rovibration_vJ|9[25]            2.1507E-08  4.9290E-01   1.739E+04     213- 305     3116
Rovibration_vJ|6[26]        -Rovibration_vJ|9[27]            3.9272E-08  8.8950E-01   1.685E+04     213- 307     3117
Rovibration_vJ|6[26]        -Rovibration_vJ|10[25]           2.2280E-10  9.0290E-03   1.308E+04     213- 336     3118
Rovibration_vJ|6[26]        -Rovibration_vJ|10[27]           7.6653E-10  3.0210E-02   1.277E+04     213- 338     3119
Rovibration_vJ|6[27]        -Rovibration_vJ|6[28]            7.0346E-08  4.6410E-04   9.877E+05     214- 215     3120
Rovibration_vJ|6[27]        -Rovibration_vJ|7[26]            3.4936E-05  8.5060E+01   5.332E+04     214- 244     3121
Rovibration_vJ|6[27]        -Rovibration_vJ|7[28]            3.9719E-05  1.0980E+02   4.825E+04     214- 246     3122
Rovibration_vJ|6[27]        -Rovibration_vJ|8[26]            1.0905E-06  1.1030E+01   2.616E+04     214- 275     3123
Rovibration_vJ|6[27]        -Rovibration_vJ|8[28]            1.5257E-06  1.5850E+01   2.489E+04     214- 277     3124
Rovibration_vJ|6[27]        -Rovibration_vJ|9[26]            2.1327E-08  4.8700E-01   1.741E+04     214- 306     3125
Rovibration_vJ|6[27]        -Rovibration_vJ|9[28]            3.9710E-08  9.0080E-01   1.684E+04     214- 308     3126
Rovibration_vJ|6[27]        -Rovibration_vJ|10[26]           2.1795E-10  8.8030E-03   1.309E+04     214- 337     3127
Rovibration_vJ|6[27]        -Rovibration_vJ|10[28]           7.8307E-10  3.0900E-02   1.277E+04     214- 339     3128
Rovibration_vJ|6[28]        -Rovibration_vJ|6[29]            7.4672E-08  5.2870E-04   9.540E+05     215- 216     3129
Rovibration_vJ|6[28]        -Rovibration_vJ|7[27]            3.4892E-05  8.4430E+01   5.345E+04     215- 245     3130
Rovibration_vJ|6[28]        -Rovibration_vJ|7[29]            3.9753E-05  1.1030E+02   4.819E+04     215- 247     3131
Rovibration_vJ|6[28]        -Rovibration_vJ|8[27]            1.0862E-06  1.0940E+01   2.620E+04     215- 276     3132
Rovibration_vJ|6[28]        -Rovibration_vJ|8[29]            1.5342E-06  1.5970E+01   2.488E+04     215- 278     3133
Rovibration_vJ|6[28]        -Rovibration_vJ|9[27]            2.1148E-08  4.8120E-01   1.743E+04     215- 307     3134
Rovibration_vJ|6[28]        -Rovibration_vJ|9[29]            4.0156E-08  9.1220E-01   1.684E+04     215- 309     3135
Rovibration_vJ|6[28]        -Rovibration_vJ|10[27]           2.1319E-10  8.5830E-03   1.310E+04     215- 338     3136
Rovibration_vJ|6[28]        -Rovibration_vJ|10[29]           7.9992E-10  3.1600E-02   1.277E+04     215- 340     3137
Rovibration_vJ|6[29]        -Rovibration_vJ|6[30]            7.9238E-08  6.0060E-04   9.226E+05     216- 217     3138
Rovibration_vJ|6[29]        -Rovibration_vJ|7[28]            3.4848E-05  8.3810E+01   5.358E+04     216- 246     3139
Rovibration_vJ|6[29]        -Rovibration_vJ|7[30]            3.9790E-05  1.1080E+02   4.813E+04     216- 248     3140
Rovibration_vJ|6[29]        -Rovibration_vJ|8[28]            1.0817E-06  1.0850E+01   2.624E+04     216- 277     3141
Rovibration_vJ|6[29]        -Rovibration_vJ|8[30]            1.5428E-06  1.6090E+01   2.487E+04     216- 279     3142
Rovibration_vJ|6[29]        -Rovibration_vJ|9[28]            2.0971E-08  4.7550E-01   1.745E+04     216- 308     3143
Rovibration_vJ|6[29]        -Rovibration_vJ|9[30]            4.0609E-08  9.2370E-01   1.684E+04     216- 310     3144
Rovibration_vJ|6[29]        -Rovibration_vJ|10[28]           2.0854E-10  8.3690E-03   1.312E+04     216- 339     3145
Rovibration_vJ|6[29]        -Rovibration_vJ|10[30]           8.1734E-10  3.2320E-02   1.277E+04     216- 341     3146
Rovibration_vJ|6[30]        -Rovibration_vJ|7[29]            3.4800E-05  8.3190E+01   5.371E+04     217- 247     3147
Rovibration_vJ|6[30]        -Rovibration_vJ|8[29]            1.0771E-06  1.0760E+01   2.627E+04     217- 278     3148
Rovibration_vJ|6[30]        -Rovibration_vJ|9[29]            2.0791E-08  4.6980E-01   1.747E+04     217- 309     3149
Rovibration_vJ|6[30]        -Rovibration_vJ|10[29]           2.0398E-10  8.1600E-03   1.313E+04     217- 340     3150
Rovibration_vJ|7[0]         -Rovibration_vJ|7[1]             8.8006E-09  2.5360E-08   2.778E+07     218- 219     3151
Rovibration_vJ|7[0]         -Rovibration_vJ|8[1]             8.4067E-05  7.2020E+01   5.094E+04     218- 250     3152
Rovibration_vJ|7[0]         -Rovibration_vJ|9[1]             3.3241E-06  1.1220E+01   2.567E+04     218- 281     3153
Rovibration_vJ|7[0]         -Rovibration_vJ|10[1]            8.5511E-08  6.4040E-01   1.723E+04     218- 312     3154
Rovibration_vJ|7[1]         -Rovibration_vJ|7[2]             1.1746E-08  2.4370E-07   1.389E+07     219- 220     3155
Rovibration_vJ|7[1]         -Rovibration_vJ|8[0]             2.7933E-05  2.1380E+02   5.113E+04     219- 249     3156
Rovibration_vJ|7[1]         -Rovibration_vJ|8[2]             5.6139E-05  8.6880E+01   5.085E+04     219- 251     3157
Rovibration_vJ|7[1]         -Rovibration_vJ|9[0]             1.0962E-06  3.3180E+01   2.571E+04     219- 280     3158
Rovibration_vJ|7[1]         -Rovibration_vJ|9[2]             2.2279E-06  1.3560E+01   2.564E+04     219- 282     3159
Rovibration_vJ|7[1]         -Rovibration_vJ|10[0]            2.7916E-08  1.8770E+00   1.725E+04     219- 311     3160
Rovibration_vJ|7[1]         -Rovibration_vJ|10[2]            5.7609E-08  7.7750E-01   1.722E+04     219- 313     3161
Rovibration_vJ|7[2]         -Rovibration_vJ|7[3]             1.5887E-08  8.8280E-07   9.260E+06     220- 221     3162
Rovibration_vJ|7[2]         -Rovibration_vJ|8[1]             3.3471E-05  1.4180E+02   5.123E+04     220- 250     3163
Rovibration_vJ|7[2]         -Rovibration_vJ|8[3]             5.0608E-05  9.3570E+01   5.076E+04     220- 252     3164
Rovibration_vJ|7[2]         -Rovibration_vJ|9[1]             1.3085E-06  2.1960E+01   2.574E+04     220- 281     3165
Rovibration_vJ|7[2]         -Rovibration_vJ|9[3]             2.0170E-06  1.4640E+01   2.562E+04     220- 283     3166
Rovibration_vJ|7[2]         -Rovibration_vJ|10[1]            3.3158E-08  1.2370E+00   1.726E+04     220- 312     3167
Rovibration_vJ|7[2]         -Rovibration_vJ|10[3]            5.2397E-08  8.4280E-01   1.721E+04     220- 314     3168
Rovibration_vJ|7[3]         -Rovibration_vJ|7[4]             2.0221E-08  2.1750E-06   6.945E+06     221- 222     3169
Rovibration_vJ|7[3]         -Rovibration_vJ|8[2]             3.5794E-05  1.2690E+02   5.132E+04     221- 251     3170
Rovibration_vJ|7[3]         -Rovibration_vJ|8[4]             4.8274E-05  9.7530E+01   5.067E+04     221- 253     3171
Rovibration_vJ|7[3]         -Rovibration_vJ|9[2]             1.3944E-06  1.9620E+01   2.576E+04     221- 282     3172
Rovibration_vJ|7[3]         -Rovibration_vJ|9[4]             1.9313E-06  1.5290E+01   2.560E+04     221- 284     3173
Rovibration_vJ|7[3]         -Rovibration_vJ|10[2]            3.5148E-08  1.1000E+00   1.727E+04     221- 313     3174
Rovibration_vJ|7[3]         -Rovibration_vJ|10[4]            5.0434E-08  8.8430E-01   1.720E+04     221- 315     3175
Rovibration_vJ|7[4]         -Rovibration_vJ|7[5]             2.4648E-08  4.3570E-06   5.556E+06     222- 223     3176
Rovibration_vJ|7[4]         -Rovibration_vJ|8[3]             3.7059E-05  1.2020E+02   5.142E+04     222- 252     3177
Rovibration_vJ|7[4]         -Rovibration_vJ|8[5]             4.7030E-05  1.0030E+02   5.059E+04     222- 254     3178
Rovibration_vJ|7[4]         -Rovibration_vJ|9[3]             1.4383E-06  1.8550E+01   2.579E+04     222- 283     3179
Rovibration_vJ|7[4]         -Rovibration_vJ|9[5]             1.8880E-06  1.5750E+01   2.558E+04     222- 285     3180
Rovibration_vJ|7[4]         -Rovibration_vJ|10[3]            3.6095E-08  1.0360E+00   1.729E+04     222- 314     3181
Rovibration_vJ|7[4]         -Rovibration_vJ|10[5]            4.9561E-08  9.1510E-01   1.719E+04     222- 316     3182
Rovibration_vJ|7[5]         -Rovibration_vJ|7[6]             2.9148E-08  7.6720E-06   4.631E+06     223- 224     3183
Rovibration_vJ|7[5]         -Rovibration_vJ|8[4]             3.7832E-05  1.1620E+02   5.152E+04     223- 253     3184
Rovibration_vJ|7[5]         -Rovibration_vJ|8[6]             4.6223E-05  1.0230E+02   5.050E+04     223- 255     3185
Rovibration_vJ|7[5]         -Rovibration_vJ|9[4]             1.4638E-06  1.7910E+01   2.581E+04     223- 284     3186
Rovibration_vJ|7[5]         -Rovibration_vJ|9[6]             1.8632E-06  1.6100E+01   2.556E+04     223- 286     3187
Rovibration_vJ|7[5]         -Rovibration_vJ|10[4]            3.6525E-08  9.9520E-01   1.730E+04     223- 315     3188
Rovibration_vJ|7[5]         -Rovibration_vJ|10[6]            4.9181E-08  9.4010E-01   1.718E+04     223- 317     3189
Rovibration_vJ|7[6]         -Rovibration_vJ|7[7]             3.3717E-08  1.2370E-05   3.969E+06     224- 225     3190
Rovibration_vJ|7[6]         -Rovibration_vJ|8[5]             3.8365E-05  1.1350E+02   5.162E+04     224- 254     3191
Rovibration_vJ|7[6]         -Rovibration_vJ|8[7]             4.5724E-05  1.0400E+02   5.041E+04     224- 256     3192
Rovibration_vJ|7[6]         -Rovibration_vJ|9[5]             1.4780E-06  1.7450E+01   2.584E+04     224- 285     3193
Rovibration_vJ|7[6]         -Rovibration_vJ|9[7]             1.8500E-06  1.6400E+01   2.554E+04     224- 287     3194
Rovibration_vJ|7[6]         -Rovibration_vJ|10[5]            3.6710E-08  9.6580E-01   1.731E+04     224- 316     3195
Rovibration_vJ|7[6]         -Rovibration_vJ|10[7]            4.9077E-08  9.6180E-01   1.717E+04     224- 318     3196
Rovibration_vJ|7[7]         -Rovibration_vJ|7[8]             3.8359E-08  1.8710E-05   3.474E+06     225- 226     3197
Rovibration_vJ|7[7]         -Rovibration_vJ|8[6]             3.8720E-05  1.1140E+02   5.172E+04     225- 255     3198
Rovibration_vJ|7[7]         -Rovibration_vJ|8[8]             4.5364E-05  1.0540E+02   5.033E+04     225- 257     3199
Rovibration_vJ|7[7]         -Rovibration_vJ|9[6]             1.4865E-06  1.7100E+01   2.587E+04     225- 286     3200
Rovibration_vJ|7[7]         -Rovibration_vJ|9[8]             1.8431E-06  1.6660E+01   2.552E+04     225- 288     3201
Rovibration_vJ|7[7]         -Rovibration_vJ|10[6]            3.6747E-08  9.4250E-01   1.732E+04     225- 317     3202
Rovibration_vJ|7[7]         -Rovibration_vJ|10[8]            4.9136E-08  9.8130E-01   1.717E+04     225- 319     3203
Rovibration_vJ|7[8]         -Rovibration_vJ|7[9]             4.3078E-08  2.6960E-05   3.088E+06     226- 227     3204
Rovibration_vJ|7[8]         -Rovibration_vJ|8[7]             3.8974E-05  1.0970E+02   5.182E+04     226- 256     3205
Rovibration_vJ|7[8]         -Rovibration_vJ|8[9]             4.5097E-05  1.0660E+02   5.025E+04     226- 258     3206
Rovibration_vJ|7[8]         -Rovibration_vJ|9[7]             1.4918E-06  1.6820E+01   2.589E+04     226- 287     3207
Rovibration_vJ|7[8]         -Rovibration_vJ|9[9]             1.8388E-06  1.6880E+01   2.550E+04     226- 289     3208
Rovibration_vJ|7[8]         -Rovibration_vJ|10[7]            3.6681E-08  9.2270E-01   1.734E+04     226- 318     3209
Rovibration_vJ|7[8]         -Rovibration_vJ|10[9]            4.9304E-08  9.9940E-01   1.716E+04     226- 320     3210
Rovibration_vJ|7[9]         -Rovibration_vJ|7[10]            4.7881E-08  3.7400E-05   2.780E+06     227- 228     3211
Rovibration_vJ|7[9]         -Rovibration_vJ|8[8]             3.9174E-05  1.0830E+02   5.193E+04     227- 257     3212
Rovibration_vJ|7[9]         -Rovibration_vJ|8[10]            4.4869E-05  1.0760E+02   5.017E+04     227- 259     3213
Rovibration_vJ|7[9]         -Rovibration_vJ|9[8]             1.4935E-06  1.6570E+01   2.592E+04     227- 288     3214
Rovibration_vJ|7[9]         -Rovibration_vJ|9[10]            1.8383E-06  1.7090E+01   2.548E+04     227- 290     3215
Rovibration_vJ|7[9]         -Rovibration_vJ|10[8]            3.6555E-08  9.0540E-01   1.735E+04     227- 319     3216
Rovibration_vJ|7[9]         -Rovibration_vJ|10[10]           4.9573E-08  1.0170E+00   1.715E+04     227- 321     3217
Rovibration_vJ|7[10]        -Rovibration_vJ|7[11]            5.2784E-08  5.0330E-05   2.527E+06     228- 229     3218
Rovibration_vJ|7[10]        -Rovibration_vJ|8[9]             3.9297E-05  1.0700E+02   5.203E+04     228- 258     3219
Rovibration_vJ|7[10]        -Rovibration_vJ|8[11]            4.4731E-05  1.0860E+02   5.008E+04     228- 260     3220
Rovibration_vJ|7[10]        -Rovibration_vJ|9[9]             1.4943E-06  1.6360E+01   2.595E+04     228- 289     3221
Rovibration_vJ|7[10]        -Rovibration_vJ|9[11]            1.8403E-06  1.7290E+01   2.546E+04     228- 291     3222
Rovibration_vJ|7[10]        -Rovibration_vJ|10[9]            3.6385E-08  8.8980E-01   1.736E+04     228- 320     3223
Rovibration_vJ|7[10]        -Rovibration_vJ|10[11]           4.9855E-08  1.0330E+00   1.714E+04     228- 322     3224
Rovibration_vJ|7[11]        -Rovibration_vJ|7[12]            5.7793E-08  6.6060E-05   2.317E+06     229- 230     3225
Rovibration_vJ|7[11]        -Rovibration_vJ|8[10]            3.9410E-05  1.0590E+02   5.214E+04     229- 259     3226
Rovibration_vJ|7[11]        -Rovibration_vJ|8[12]            4.4619E-05  1.0950E+02   5.001E+04     229- 261     3227
Rovibration_vJ|7[11]        -Rovibration_vJ|9[10]            1.4929E-06  1.6160E+01   2.598E+04     229- 290     3228
Rovibration_vJ|7[11]        -Rovibration_vJ|9[12]            1.8428E-06  1.7470E+01   2.544E+04     229- 292     3229
Rovibration_vJ|7[11]        -Rovibration_vJ|10[10]           3.6182E-08  8.7540E-01   1.738E+04     229- 321     3230
Rovibration_vJ|7[11]        -Rovibration_vJ|10[12]           5.0204E-08  1.0490E+00   1.714E+04     229- 323     3231
Rovibration_vJ|7[12]        -Rovibration_vJ|7[13]            6.2911E-08  8.4910E-05   2.139E+06     230- 231     3232
Rovibration_vJ|7[12]        -Rovibration_vJ|8[11]            3.9462E-05  1.0480E+02   5.225E+04     230- 260     3233
Rovibration_vJ|7[12]        -Rovibration_vJ|8[13]            4.4558E-05  1.1040E+02   4.993E+04     230- 262     3234
Rovibration_vJ|7[12]        -Rovibration_vJ|9[11]            1.4909E-06  1.5980E+01   2.601E+04     230- 291     3235
Rovibration_vJ|7[12]        -Rovibration_vJ|9[13]            1.8474E-06  1.7650E+01   2.543E+04     230- 293     3236
Rovibration_vJ|7[12]        -Rovibration_vJ|10[11]           3.5959E-08  8.6200E-01   1.739E+04     230- 322     3237
Rovibration_vJ|7[12]        -Rovibration_vJ|10[13]           5.0605E-08  1.0650E+00   1.713E+04     230- 324     3238
Rovibration_vJ|7[13]        -Rovibration_vJ|7[14]            6.8134E-08  1.0720E-04   1.987E+06     231- 232     3239
Rovibration_vJ|7[13]        -Rovibration_vJ|8[12]            3.9540E-05  1.0390E+02   5.236E+04     231- 261     3240
Rovibration_vJ|7[13]        -Rovibration_vJ|8[14]            4.4497E-05  1.1120E+02   4.985E+04     231- 263     3241
Rovibration_vJ|7[13]        -Rovibration_vJ|9[12]            1.4879E-06  1.5810E+01   2.604E+04     231- 292     3242
Rovibration_vJ|7[13]        -Rovibration_vJ|9[14]            1.8525E-06  1.7820E+01   2.541E+04     231- 294     3243
Rovibration_vJ|7[13]        -Rovibration_vJ|10[12]           3.5717E-08  8.4930E-01   1.741E+04     231- 323     3244
Rovibration_vJ|7[13]        -Rovibration_vJ|10[14]           5.0999E-08  1.0800E+00   1.712E+04     231- 325     3245
Rovibration_vJ|7[14]        -Rovibration_vJ|7[15]            7.3536E-08  1.3340E-04   1.855E+06     232- 233     3246
Rovibration_vJ|7[14]        -Rovibration_vJ|8[13]            3.9543E-05  1.0290E+02   5.247E+04     232- 262     3247
Rovibration_vJ|7[14]        -Rovibration_vJ|8[15]            4.4428E-05  1.1190E+02   4.977E+04     232- 264     3248
Rovibration_vJ|7[14]        -Rovibration_vJ|9[13]            1.4835E-06  1.5640E+01   2.607E+04     232- 293     3249
Rovibration_vJ|7[14]        -Rovibration_vJ|9[15]            1.8589E-06  1.7990E+01   2.539E+04     232- 295     3250
Rovibration_vJ|7[14]        -Rovibration_vJ|10[13]           3.5464E-08  8.3720E-01   1.742E+04     232- 324     3251
Rovibration_vJ|7[14]        -Rovibration_vJ|10[15]           5.1473E-08  1.0960E+00   1.712E+04     232- 326     3252
Rovibration_vJ|7[15]        -Rovibration_vJ|7[16]            7.9063E-08  1.6380E-04   1.739E+06     233- 234     3253
Rovibration_vJ|7[15]        -Rovibration_vJ|8[14]            3.9592E-05  1.0210E+02   5.258E+04     233- 263     3254
Rovibration_vJ|7[15]        -Rovibration_vJ|8[16]            4.4426E-05  1.1270E+02   4.970E+04     233- 265     3255
Rovibration_vJ|7[15]        -Rovibration_vJ|9[14]            1.4798E-06  1.5490E+01   2.610E+04     233- 294     3256
Rovibration_vJ|7[15]        -Rovibration_vJ|9[16]            1.8653E-06  1.8150E+01   2.538E+04     233- 296     3257
Rovibration_vJ|7[15]        -Rovibration_vJ|10[14]           3.5206E-08  8.2570E-01   1.744E+04     233- 325     3258
Rovibration_vJ|7[15]        -Rovibration_vJ|10[16]           5.1927E-08  1.1110E+00   1.711E+04     233- 327     3259
Rovibration_vJ|7[16]        -Rovibration_vJ|7[17]            8.4726E-08  1.9880E-04   1.637E+06     234- 235     3260
Rovibration_vJ|7[16]        -Rovibration_vJ|8[15]            3.9578E-05  1.0120E+02   5.270E+04     234- 264     3261
Rovibration_vJ|7[16]        -Rovibration_vJ|8[17]            4.4406E-05  1.1340E+02   4.963E+04     234- 266     3262
Rovibration_vJ|7[16]        -Rovibration_vJ|9[15]            1.4752E-06  1.5340E+01   2.613E+04     234- 295     3263
Rovibration_vJ|7[16]        -Rovibration_vJ|9[17]            1.8725E-06  1.8310E+01   2.536E+04     234- 297     3264
Rovibration_vJ|7[16]        -Rovibration_vJ|10[15]           3.4936E-08  8.1450E-01   1.745E+04     234- 326     3265
Rovibration_vJ|7[16]        -Rovibration_vJ|10[17]           5.2402E-08  1.1260E+00   1.711E+04     234- 328     3266
Rovibration_vJ|7[17]        -Rovibration_vJ|7[18]            9.0564E-08  2.3890E-04   1.547E+06     235- 236     3267
Rovibration_vJ|7[17]        -Rovibration_vJ|8[16]            3.9582E-05  1.0040E+02   5.281E+04     235- 265     3268
Rovibration_vJ|7[17]        -Rovibration_vJ|8[18]            4.4404E-05  1.1410E+02   4.955E+04     235- 267     3269
Rovibration_vJ|7[17]        -Rovibration_vJ|9[16]            1.4707E-06  1.5200E+01   2.616E+04     235- 296     3270
Rovibration_vJ|7[17]        -Rovibration_vJ|9[18]            1.8805E-06  1.8470E+01   2.535E+04     235- 298     3271
Rovibration_vJ|7[17]        -Rovibration_vJ|10[16]           3.4668E-08  8.0380E-01   1.747E+04     235- 327     3272
Rovibration_vJ|7[17]        -Rovibration_vJ|10[18]           5.2896E-08  1.1410E+00   1.710E+04     235- 329     3273
Rovibration_vJ|7[18]        -Rovibration_vJ|7[19]            9.6596E-08  2.8460E-04   1.466E+06     236- 237     3274
Rovibration_vJ|7[18]        -Rovibration_vJ|8[17]            3.9578E-05  9.9620E+01   5.293E+04     236- 266     3275
Rovibration_vJ|7[18]        -Rovibration_vJ|8[19]            4.4379E-05  1.1470E+02   4.948E+04     236- 268     3276
Rovibration_vJ|7[18]        -Rovibration_vJ|9[17]            1.4656E-06  1.5060E+01   2.620E+04     236- 297     3277
Rovibration_vJ|7[18]        -Rovibration_vJ|9[19]            1.8881E-06  1.8620E+01   2.533E+04     236- 299     3278
Rovibration_vJ|7[18]        -Rovibration_vJ|10[17]           3.4391E-08  7.9330E-01   1.748E+04     236- 328     3279
Rovibration_vJ|7[18]        -Rovibration_vJ|10[19]           5.3406E-08  1.1560E+00   1.710E+04     236- 330     3280
Rovibration_vJ|7[19]        -Rovibration_vJ|7[20]            1.0280E-07  3.3630E-04   1.393E+06     237- 238     3281
Rovibration_vJ|7[19]        -Rovibration_vJ|8[18]            3.9559E-05  9.8840E+01   5.305E+04     237- 267     3282
Rovibration_vJ|7[19]        -Rovibration_vJ|8[20]            4.4368E-05  1.1530E+02   4.941E+04     237- 269     3283
Rovibration_vJ|7[19]        -Rovibration_vJ|9[18]            1.4609E-06  1.4930E+01   2.623E+04     237- 298     3284
Rovibration_vJ|7[19]        -Rovibration_vJ|9[20]            1.8962E-06  1.8770E+01   2.532E+04     237- 300     3285
Rovibration_vJ|7[19]        -Rovibration_vJ|10[18]           3.4118E-08  7.8320E-01   1.750E+04     237- 329     3286
Rovibration_vJ|7[19]        -Rovibration_vJ|10[20]           5.3930E-08  1.1710E+00   1.709E+04     237- 331     3287
Rovibration_vJ|7[20]        -Rovibration_vJ|7[21]            1.0921E-07  3.9460E-04   1.327E+06     238- 239     3288
Rovibration_vJ|7[20]        -Rovibration_vJ|8[19]            3.9540E-05  9.8090E+01   5.317E+04     238- 268     3289
Rovibration_vJ|7[20]        -Rovibration_vJ|8[21]            4.4406E-05  1.1600E+02   4.934E+04     238- 270     3290
Rovibration_vJ|7[20]        -Rovibration_vJ|9[19]            1.4558E-06  1.4800E+01   2.626E+04     238- 299     3291
Rovibration_vJ|7[20]        -Rovibration_vJ|9[21]            1.9048E-06  1.8920E+01   2.530E+04     238- 301     3292
Rovibration_vJ|7[20]        -Rovibration_vJ|10[19]           3.3842E-08  7.7330E-01   1.752E+04     238- 330     3293
Rovibration_vJ|7[20]        -Rovibration_vJ|10[21]           5.4511E-08  1.1870E+00   1.709E+04     238- 332     3294
Rovibration_vJ|7[21]        -Rovibration_vJ|7[22]            1.1581E-07  4.6000E-04   1.267E+06     239- 240     3295
Rovibration_vJ|7[21]        -Rovibration_vJ|8[20]            3.9510E-05  9.7340E+01   5.329E+04     239- 269     3296
Rovibration_vJ|7[21]        -Rovibration_vJ|8[22]            4.4417E-05  1.1660E+02   4.927E+04     239- 271     3297
Rovibration_vJ|7[21]        -Rovibration_vJ|9[20]            1.4502E-06  1.4670E+01   2.630E+04     239- 300     3298
Rovibration_vJ|7[21]        -Rovibration_vJ|9[22]            1.9138E-06  1.9070E+01   2.529E+04     239- 302     3299
Rovibration_vJ|7[21]        -Rovibration_vJ|10[20]           3.3568E-08  7.6370E-01   1.754E+04     239- 331     3300
Rovibration_vJ|7[21]        -Rovibration_vJ|10[22]           5.5057E-08  1.2020E+00   1.709E+04     239- 333     3301
Rovibration_vJ|7[22]        -Rovibration_vJ|7[23]            1.2265E-07  5.3320E-04   1.212E+06     240- 241     3302
Rovibration_vJ|7[22]        -Rovibration_vJ|8[21]            3.9479E-05  9.6610E+01   5.341E+04     240- 270     3303
Rovibration_vJ|7[22]        -Rovibration_vJ|8[23]            4.4436E-05  1.1720E+02   4.921E+04     240- 272     3304
Rovibration_vJ|7[22]        -Rovibration_vJ|9[21]            1.4453E-06  1.4550E+01   2.633E+04     240- 301     3305
Rovibration_vJ|7[22]        -Rovibration_vJ|9[23]            1.9231E-06  1.9220E+01   2.528E+04     240- 303     3306
Rovibration_vJ|7[22]        -Rovibration_vJ|10[21]           3.3294E-08  7.5430E-01   1.755E+04     240- 332     3307
Rovibration_vJ|7[22]        -Rovibration_vJ|10[23]           5.5612E-08  1.2170E+00   1.708E+04     240- 334     3308
Rovibration_vJ|7[23]        -Rovibration_vJ|7[24]            1.2973E-07  6.1480E-04   1.162E+06     241- 242     3309
Rovibration_vJ|7[23]        -Rovibration_vJ|8[22]            3.9445E-05  9.5890E+01   5.353E+04     241- 271     3310
Rovibration_vJ|7[23]        -Rovibration_vJ|8[24]            4.4426E-05  1.1770E+02   4.914E+04     241- 273     3311
Rovibration_vJ|7[23]        -Rovibration_vJ|9[22]            1.4391E-06  1.4420E+01   2.637E+04     241- 302     3312
Rovibration_vJ|7[23]        -Rovibration_vJ|9[24]            1.9328E-06  1.9370E+01   2.527E+04     241- 304     3313
Rovibration_vJ|7[23]        -Rovibration_vJ|10[22]           3.3021E-08  7.4510E-01   1.757E+04     241- 333     3314
Rovibration_vJ|7[23]        -Rovibration_vJ|10[24]           5.6221E-08  1.2330E+00   1.708E+04     241- 335     3315
Rovibration_vJ|7[24]        -Rovibration_vJ|7[25]            1.3706E-07  7.0550E-04   1.116E+06     242- 243     3316
Rovibration_vJ|7[24]        -Rovibration_vJ|8[23]            3.9408E-05  9.5180E+01   5.366E+04     242- 272     3317
Rovibration_vJ|7[24]        -Rovibration_vJ|8[25]            4.4461E-05  1.1830E+02   4.908E+04     242- 274     3318
Rovibration_vJ|7[24]        -Rovibration_vJ|9[23]            1.4336E-06  1.4300E+01   2.640E+04     242- 303     3319
Rovibration_vJ|7[24]        -Rovibration_vJ|9[25]            1.9427E-06  1.9520E+01   2.526E+04     242- 305     3320
Rovibration_vJ|7[24]        -Rovibration_vJ|10[23]           3.2750E-08  7.3610E-01   1.759E+04     242- 334     3321
Rovibration_vJ|7[24]        -Rovibration_vJ|10[25]           5.6792E-08  1.2480E+00   1.708E+04     242- 336     3322
Rovibration_vJ|7[25]        -Rovibration_vJ|7[26]            1.4465E-07  8.0600E-04   1.073E+06     243- 244     3323
Rovibration_vJ|7[25]        -Rovibration_vJ|8[24]            3.9365E-05  9.4470E+01   5.379E+04     243- 273     3324
Rovibration_vJ|7[25]        -Rovibration_vJ|8[26]            4.4502E-05  1.1890E+02   4.901E+04     243- 275     3325
Rovibration_vJ|7[25]        -Rovibration_vJ|9[24]            1.4279E-06  1.4180E+01   2.644E+04     243- 304     3326
Rovibration_vJ|7[25]        -Rovibration_vJ|9[26]            1.9529E-06  1.9670E+01   2.524E+04     243- 306     3327
Rovibration_vJ|7[25]        -Rovibration_vJ|10[24]           3.2482E-08  7.2730E-01   1.761E+04     243- 335     3328
Rovibration_vJ|7[25]        -Rovibration_vJ|10[26]           5.7416E-08  1.2640E+00   1.707E+04     243- 337     3329
Rovibration_vJ|7[26]        -Rovibration_vJ|7[27]            1.5252E-07  9.1710E-04   1.034E+06     244- 245     3330
Rovibration_vJ|7[26]        -Rovibration_vJ|8[25]            3.9320E-05  9.3770E+01   5.391E+04     244- 274     3331
Rovibration_vJ|7[26]        -Rovibration_vJ|8[27]            4.4512E-05  1.1940E+02   4.895E+04     244- 276     3332
Rovibration_vJ|7[26]        -Rovibration_vJ|9[25]            1.4230E-06  1.4070E+01   2.648E+04     244- 305     3333
Rovibration_vJ|7[26]        -Rovibration_vJ|9[27]            1.9624E-06  1.9810E+01   2.523E+04     244- 307     3334
Rovibration_vJ|7[26]        -Rovibration_vJ|10[25]           3.2217E-08  7.1870E-01   1.763E+04     244- 336     3335
Rovibration_vJ|7[26]        -Rovibration_vJ|10[27]           5.8045E-08  1.2800E+00   1.707E+04     244- 338     3336
Rovibration_vJ|7[27]        -Rovibration_vJ|7[28]            1.6073E-07  1.0400E-03   9.974E+05     245- 246     3337
Rovibration_vJ|7[27]        -Rovibration_vJ|8[26]            3.9275E-05  9.3080E+01   5.404E+04     245- 275     3338
Rovibration_vJ|7[27]        -Rovibration_vJ|8[28]            4.4527E-05  1.1990E+02   4.889E+04     245- 277     3339
Rovibration_vJ|7[27]        -Rovibration_vJ|9[26]            1.4169E-06  1.3950E+01   2.652E+04     245- 306     3340
Rovibration_vJ|7[27]        -Rovibration_vJ|9[28]            1.9730E-06  1.9960E+01   2.522E+04     245- 308     3341
Rovibration_vJ|7[27]        -Rovibration_vJ|10[26]           3.1952E-08  7.1020E-01   1.765E+04     245- 337     3342
Rovibration_vJ|7[27]        -Rovibration_vJ|10[28]           5.8681E-08  1.2960E+00   1.707E+04     245- 339     3343
Rovibration_vJ|7[28]        -Rovibration_vJ|7[29]            1.6907E-07  1.1740E-03   9.633E+05     246- 247     3344
Rovibration_vJ|7[28]        -Rovibration_vJ|8[27]            3.9226E-05  9.2390E+01   5.418E+04     246- 276     3345
Rovibration_vJ|7[28]        -Rovibration_vJ|8[29]            4.4585E-05  1.2050E+02   4.883E+04     246- 278     3346
Rovibration_vJ|7[28]        -Rovibration_vJ|9[27]            1.4116E-06  1.3840E+01   2.655E+04     246- 307     3347
Rovibration_vJ|7[28]        -Rovibration_vJ|9[29]            1.9839E-06  2.0110E+01   2.521E+04     246- 309     3348
Rovibration_vJ|7[28]        -Rovibration_vJ|10[27]           3.1692E-08  7.0190E-01   1.767E+04     246- 338     3349
Rovibration_vJ|7[28]        -Rovibration_vJ|10[29]           5.9322E-08  1.3120E+00   1.707E+04     246- 340     3350
Rovibration_vJ|7[29]        -Rovibration_vJ|7[30]            1.7798E-07  1.3230E-03   9.316E+05     247- 248     3351
Rovibration_vJ|7[29]        -Rovibration_vJ|8[28]            3.9172E-05  9.1700E+01   5.431E+04     247- 277     3352
Rovibration_vJ|7[29]        -Rovibration_vJ|8[30]            4.4610E-05  1.2100E+02   4.877E+04     247- 279     3353
Rovibration_vJ|7[29]        -Rovibration_vJ|9[28]            1.4052E-06  1.3720E+01   2.659E+04     247- 308     3354
Rovibration_vJ|7[29]        -Rovibration_vJ|9[30]            1.9940E-06  2.0250E+01   2.520E+04     247- 310     3355
Rovibration_vJ|7[29]        -Rovibration_vJ|10[28]           3.1432E-08  6.9370E-01   1.769E+04     247- 339     3356
Rovibration_vJ|7[29]        -Rovibration_vJ|10[30]           5.9969E-08  1.3280E+00   1.707E+04     247- 341     3357
Rovibration_vJ|7[30]        -Rovibration_vJ|8[29]            3.9120E-05  9.1020E+01   5.444E+04     248- 278     3358
Rovibration_vJ|7[30]        -Rovibration_vJ|9[29]            1.3997E-06  1.3610E+01   2.663E+04     248- 309     3359
Rovibration_vJ|7[30]        -Rovibration_vJ|10[29]           3.1178E-08  6.8570E-01   1.771E+04     248- 340     3360
Rovibration_vJ|8[0]         -Rovibration_vJ|8[1]             1.6179E-08  4.5720E-08   2.805E+07     249- 250     3361
Rovibration_vJ|8[0]         -Rovibration_vJ|9[1]             9.2863E-05  7.7460E+01   5.163E+04     249- 281     3362
Rovibration_vJ|8[0]         -Rovibration_vJ|10[1]            4.1875E-06  1.3760E+01   2.601E+04     249- 312     3363
Rovibration_vJ|8[1]         -Rovibration_vJ|8[2]             2.1587E-08  4.3920E-07   1.403E+07     250- 251     3364
Rovibration_vJ|8[1]         -Rovibration_vJ|9[0]             3.0863E-05  2.3000E+02   5.182E+04     250- 280     3365
Rovibration_vJ|8[1]         -Rovibration_vJ|9[2]             6.2010E-05  9.3440E+01   5.154E+04     250- 282     3366
Rovibration_vJ|8[1]         -Rovibration_vJ|10[0]            1.3810E-06  4.0690E+01   2.606E+04     250- 311     3367
Rovibration_vJ|8[1]         -Rovibration_vJ|10[2]            2.8066E-06  1.6630E+01   2.599E+04     250- 313     3368
Rovibration_vJ|8[2]         -Rovibration_vJ|8[3]             2.9178E-08  1.5900E-06   9.351E+06     251- 252     3369
Rovibration_vJ|8[2]         -Rovibration_vJ|9[1]             3.6972E-05  1.5250E+02   5.192E+04     251- 281     3370
Rovibration_vJ|8[2]         -Rovibration_vJ|9[3]             5.5880E-05  1.0060E+02   5.144E+04     251- 283     3371
Rovibration_vJ|8[2]         -Rovibration_vJ|10[1]            1.6489E-06  2.6940E+01   2.608E+04     251- 312     3372
Rovibration_vJ|8[2]         -Rovibration_vJ|10[3]            2.5388E-06  1.7940E+01   2.597E+04     251- 314     3373
Rovibration_vJ|8[3]         -Rovibration_vJ|8[4]             3.7117E-08  3.9150E-06   7.013E+06     252- 253     3374
Rovibration_vJ|8[3]         -Rovibration_vJ|9[2]             3.9546E-05  1.3650E+02   5.201E+04     252- 282     3375
Rovibration_vJ|8[3]         -Rovibration_vJ|9[4]             5.3324E-05  1.0490E+02   5.135E+04     252- 284     3376
Rovibration_vJ|8[3]         -Rovibration_vJ|10[2]            1.7572E-06  2.4070E+01   2.611E+04     252- 313     3377
Rovibration_vJ|8[3]         -Rovibration_vJ|10[4]            2.4314E-06  1.8740E+01   2.594E+04     252- 315     3378
Rovibration_vJ|8[4]         -Rovibration_vJ|8[5]             4.5209E-08  7.8370E-06   5.611E+06     253- 254     3379
Rovibration_vJ|8[4]         -Rovibration_vJ|9[3]             4.0946E-05  1.2930E+02   5.211E+04     253- 283     3380
Rovibration_vJ|8[4]         -Rovibration_vJ|9[5]             5.1911E-05  1.0780E+02   5.126E+04     253- 285     3381
Rovibration_vJ|8[4]         -Rovibration_vJ|10[3]            1.8128E-06  2.2760E+01   2.614E+04     253- 314     3382
Rovibration_vJ|8[4]         -Rovibration_vJ|10[5]            2.3765E-06  1.9300E+01   2.592E+04     253- 316     3383
Rovibration_vJ|8[5]         -Rovibration_vJ|8[6]             5.3425E-08  1.3790E-05   4.676E+06     254- 255     3384
Rovibration_vJ|8[5]         -Rovibration_vJ|9[4]             4.1801E-05  1.2500E+02   5.221E+04     254- 284     3385
Rovibration_vJ|8[5]         -Rovibration_vJ|9[6]             5.1044E-05  1.1000E+02   5.118E+04     254- 286     3386
Rovibration_vJ|8[5]         -Rovibration_vJ|10[4]            1.8445E-06  2.1970E+01   2.616E+04     254- 315     3387
Rovibration_vJ|8[5]         -Rovibration_vJ|10[6]            2.3465E-06  1.9740E+01   2.590E+04     254- 317     3388
Rovibration_vJ|8[6]         -Rovibration_vJ|8[7]             6.1704E-08  2.2200E-05   4.008E+06     255- 256     3389
Rovibration_vJ|8[6]         -Rovibration_vJ|9[5]             4.2393E-05  1.2210E+02   5.232E+04     255- 285     3390
Rovibration_vJ|8[6]         -Rovibration_vJ|9[7]             5.0480E-05  1.1180E+02   5.109E+04     255- 287     3391
Rovibration_vJ|8[6]         -Rovibration_vJ|10[5]            1.8628E-06  2.1410E+01   2.619E+04     255- 316     3392
Rovibration_vJ|8[6]         -Rovibration_vJ|10[7]            2.3290E-06  2.0100E+01   2.588E+04     255- 318     3393
Rovibration_vJ|8[7]         -Rovibration_vJ|8[8]             7.0120E-08  3.3540E-05   3.508E+06     256- 257     3394
Rovibration_vJ|8[7]         -Rovibration_vJ|9[6]             4.2771E-05  1.1980E+02   5.242E+04     256- 286     3395
Rovibration_vJ|8[7]         -Rovibration_vJ|9[8]             5.0079E-05  1.1330E+02   5.100E+04     256- 288     3396
Rovibration_vJ|8[7]         -Rovibration_vJ|10[6]            1.8744E-06  2.0990E+01   2.622E+04     256- 317     3397
Rovibration_vJ|8[7]         -Rovibration_vJ|10[8]            2.3193E-06  2.0410E+01   2.586E+04     256- 319     3398
Rovibration_vJ|8[8]         -Rovibration_vJ|8[9]             7.8617E-08  4.8250E-05   3.118E+06     257- 258     3399
Rovibration_vJ|8[8]         -Rovibration_vJ|9[7]             4.3063E-05  1.1800E+02   5.252E+04     257- 287     3400
Rovibration_vJ|8[8]         -Rovibration_vJ|9[9]             4.9788E-05  1.1460E+02   5.092E+04     257- 289     3401
Rovibration_vJ|8[8]         -Rovibration_vJ|10[7]            1.8805E-06  2.0640E+01   2.624E+04     257- 318     3402
Rovibration_vJ|8[8]         -Rovibration_vJ|10[9]            2.3150E-06  2.0690E+01   2.584E+04     257- 320     3403
Rovibration_vJ|8[9]         -Rovibration_vJ|8[10]            8.7247E-08  6.6830E-05   2.807E+06     258- 259     3404
Rovibration_vJ|8[9]         -Rovibration_vJ|9[8]             4.3286E-05  1.1650E+02   5.263E+04     258- 288     3405
Rovibration_vJ|8[9]         -Rovibration_vJ|9[10]            4.9547E-05  1.1570E+02   5.084E+04     258- 290     3406
Rovibration_vJ|8[9]         -Rovibration_vJ|10[8]            1.8833E-06  2.0340E+01   2.627E+04     258- 319     3407
Rovibration_vJ|8[9]         -Rovibration_vJ|10[10]           2.3136E-06  2.0940E+01   2.582E+04     258- 321     3408
Rovibration_vJ|8[10]        -Rovibration_vJ|8[11]            9.6016E-08  8.9780E-05   2.552E+06     259- 260     3409
Rovibration_vJ|8[10]        -Rovibration_vJ|9[9]             4.3422E-05  1.1510E+02   5.274E+04     259- 289     3410
Rovibration_vJ|8[10]        -Rovibration_vJ|9[11]            4.9405E-05  1.1680E+02   5.076E+04     259- 291     3411
Rovibration_vJ|8[10]        -Rovibration_vJ|10[9]            1.8832E-06  2.0070E+01   2.630E+04     259- 320     3412
Rovibration_vJ|8[10]        -Rovibration_vJ|10[11]           2.3156E-06  2.1180E+01   2.580E+04     259- 322     3413
Rovibration_vJ|8[11]        -Rovibration_vJ|8[12]            1.0491E-07  1.1760E-04   2.340E+06     260- 261     3414
Rovibration_vJ|8[11]        -Rovibration_vJ|9[10]            4.3542E-05  1.1390E+02   5.285E+04     260- 290     3415
Rovibration_vJ|8[11]        -Rovibration_vJ|9[12]            4.9252E-05  1.1770E+02   5.067E+04     260- 292     3416
Rovibration_vJ|8[11]        -Rovibration_vJ|10[10]           1.8819E-06  1.9830E+01   2.633E+04     260- 321     3417
Rovibration_vJ|8[11]        -Rovibration_vJ|10[12]           2.3187E-06  2.1400E+01   2.579E+04     260- 323     3418
Rovibration_vJ|8[12]        -Rovibration_vJ|8[13]            1.1394E-07  1.5080E-04   2.160E+06     261- 262     3419
Rovibration_vJ|8[12]        -Rovibration_vJ|9[11]            4.3632E-05  1.1280E+02   5.296E+04     261- 291     3420
Rovibration_vJ|8[12]        -Rovibration_vJ|9[13]            4.9198E-05  1.1870E+02   5.060E+04     261- 293     3421
Rovibration_vJ|8[12]        -Rovibration_vJ|10[11]           1.8795E-06  1.9610E+01   2.636E+04     261- 322     3422
Rovibration_vJ|8[12]        -Rovibration_vJ|10[13]           2.3244E-06  2.1620E+01   2.577E+04     261- 324     3423
Rovibration_vJ|8[13]        -Rovibration_vJ|8[14]            1.2321E-07  1.9010E-04   2.006E+06     262- 263     3424
Rovibration_vJ|8[13]        -Rovibration_vJ|9[12]            4.3668E-05  1.1170E+02   5.307E+04     262- 292     3425
Rovibration_vJ|8[13]        -Rovibration_vJ|9[14]            4.9106E-05  1.1950E+02   5.052E+04     262- 294     3426
Rovibration_vJ|8[13]        -Rovibration_vJ|10[12]           1.8757E-06  1.9400E+01   2.639E+04     262- 323     3427
Rovibration_vJ|8[13]        -Rovibration_vJ|10[14]           2.3310E-06  2.1830E+01   2.575E+04     262- 325     3428
Rovibration_vJ|8[14]        -Rovibration_vJ|8[15]            1.3255E-07  2.3580E-04   1.873E+06     263- 264     3429
Rovibration_vJ|8[14]        -Rovibration_vJ|9[13]            4.3741E-05  1.1080E+02   5.318E+04     263- 293     3430
Rovibration_vJ|8[14]        -Rovibration_vJ|9[15]            4.9049E-05  1.2030E+02   5.044E+04     263- 295     3431
Rovibration_vJ|8[14]        -Rovibration_vJ|10[13]           1.8710E-06  1.9200E+01   2.642E+04     263- 324     3432
Rovibration_vJ|8[14]        -Rovibration_vJ|10[15]           2.3381E-06  2.2030E+01   2.573E+04     263- 326     3433
Rovibration_vJ|8[15]        -Rovibration_vJ|8[16]            1.4215E-07  2.8880E-04   1.756E+06     264- 265     3434
Rovibration_vJ|8[15]        -Rovibration_vJ|9[14]            4.3741E-05  1.0980E+02   5.330E+04     264- 294     3435
Rovibration_vJ|8[15]        -Rovibration_vJ|9[16]            4.9022E-05  1.2110E+02   5.036E+04     264- 296     3436
Rovibration_vJ|8[15]        -Rovibration_vJ|10[14]           1.8668E-06  1.9020E+01   2.645E+04     264- 325     3437
Rovibration_vJ|8[15]        -Rovibration_vJ|10[16]           2.3466E-06  2.2230E+01   2.572E+04     264- 327     3438
Rovibration_vJ|8[16]        -Rovibration_vJ|8[17]            1.5194E-07  3.4960E-04   1.653E+06     265- 266     3439
Rovibration_vJ|8[16]        -Rovibration_vJ|9[15]            4.3754E-05  1.0890E+02   5.341E+04     265- 295     3440
Rovibration_vJ|8[16]        -Rovibration_vJ|9[17]            4.8979E-05  1.2180E+02   5.029E+04     265- 297     3441
Rovibration_vJ|8[16]        -Rovibration_vJ|10[15]           1.8614E-06  1.8840E+01   2.649E+04     265- 326     3442
Rovibration_vJ|8[16]        -Rovibration_vJ|10[17]           2.3551E-06  2.2420E+01   2.570E+04     265- 328     3443
Rovibration_vJ|8[17]        -Rovibration_vJ|8[18]            1.6198E-07  4.1900E-04   1.562E+06     266- 267     3444
Rovibration_vJ|8[17]        -Rovibration_vJ|9[16]            4.3744E-05  1.0800E+02   5.353E+04     266- 296     3445
Rovibration_vJ|8[17]        -Rovibration_vJ|9[18]            4.8996E-05  1.2260E+02   5.022E+04     266- 298     3446
Rovibration_vJ|8[17]        -Rovibration_vJ|10[16]           1.8550E-06  1.8660E+01   2.652E+04     266- 327     3447
Rovibration_vJ|8[17]        -Rovibration_vJ|10[18]           2.3645E-06  2.2610E+01   2.569E+04     266- 329     3448
Rovibration_vJ|8[18]        -Rovibration_vJ|8[19]            1.7223E-07  4.9760E-04   1.480E+06     267- 268     3449
Rovibration_vJ|8[18]        -Rovibration_vJ|9[17]            4.3755E-05  1.0720E+02   5.365E+04     267- 297     3450
Rovibration_vJ|8[18]        -Rovibration_vJ|9[19]            4.8990E-05  1.2330E+02   5.014E+04     267- 299     3451
Rovibration_vJ|8[18]        -Rovibration_vJ|10[17]           1.8497E-06  1.8500E+01   2.655E+04     267- 328     3452
Rovibration_vJ|8[18]        -Rovibration_vJ|10[19]           2.3737E-06  2.2790E+01   2.567E+04     267- 330     3453
Rovibration_vJ|8[19]        -Rovibration_vJ|8[20]            1.8270E-07  5.8610E-04   1.406E+06     268- 269     3454
Rovibration_vJ|8[19]        -Rovibration_vJ|9[18]            4.3752E-05  1.0640E+02   5.377E+04     268- 298     3455
Rovibration_vJ|8[19]        -Rovibration_vJ|9[20]            4.8959E-05  1.2390E+02   5.007E+04     268- 300     3456
Rovibration_vJ|8[19]        -Rovibration_vJ|10[18]           1.8428E-06  1.8330E+01   2.659E+04     268- 329     3457
Rovibration_vJ|8[19]        -Rovibration_vJ|10[20]           2.3846E-06  2.2980E+01   2.566E+04     268- 331     3458
Rovibration_vJ|8[20]        -Rovibration_vJ|8[21]            1.9347E-07  6.8550E-04   1.340E+06     269- 270     3459
Rovibration_vJ|8[20]        -Rovibration_vJ|9[19]            4.3693E-05  1.0550E+02   5.389E+04     269- 299     3460
Rovibration_vJ|8[20]        -Rovibration_vJ|9[21]            4.8981E-05  1.2460E+02   5.000E+04     269- 301     3461
Rovibration_vJ|8[20]        -Rovibration_vJ|10[19]           1.8363E-06  1.8170E+01   2.662E+04     269- 330     3462
Rovibration_vJ|8[20]        -Rovibration_vJ|10[21]           2.3950E-06  2.3160E+01   2.565E+04     269- 332     3463
Rovibration_vJ|8[21]        -Rovibration_vJ|8[22]            2.0450E-07  7.9650E-04   1.279E+06     270- 271     3464
Rovibration_vJ|8[21]        -Rovibration_vJ|9[20]            4.3706E-05  1.0480E+02   5.401E+04     270- 300     3465
Rovibration_vJ|8[21]        -Rovibration_vJ|9[22]            4.8975E-05  1.2520E+02   4.993E+04     270- 302     3466
Rovibration_vJ|8[21]        -Rovibration_vJ|10[20]           1.8303E-06  1.8020E+01   2.666E+04     270- 331     3467
Rovibration_vJ|8[21]        -Rovibration_vJ|10[22]           2.4059E-06  2.3340E+01   2.563E+04     270- 333     3468
Rovibration_vJ|8[22]        -Rovibration_vJ|8[23]            2.1582E-07  9.2000E-04   1.224E+06     271- 272     3469
Rovibration_vJ|8[22]        -Rovibration_vJ|9[21]            4.3667E-05  1.0400E+02   5.414E+04     271- 301     3470
Rovibration_vJ|8[22]        -Rovibration_vJ|9[23]            4.9019E-05  1.2590E+02   4.986E+04     271- 303     3471
Rovibration_vJ|8[22]        -Rovibration_vJ|10[21]           1.8228E-06  1.7860E+01   2.669E+04     271- 332     3472
Rovibration_vJ|8[22]        -Rovibration_vJ|10[23]           2.4173E-06  2.3520E+01   2.562E+04     271- 334     3473
Rovibration_vJ|8[23]        -Rovibration_vJ|8[24]            2.2746E-07  1.0570E-03   1.173E+06     272- 273     3474
Rovibration_vJ|8[23]        -Rovibration_vJ|9[22]            4.3620E-05  1.0320E+02   5.426E+04     272- 302     3475
Rovibration_vJ|8[23]        -Rovibration_vJ|9[24]            4.9032E-05  1.2650E+02   4.980E+04     272- 304     3476
Rovibration_vJ|8[23]        -Rovibration_vJ|10[22]           1.8160E-06  1.7710E+01   2.673E+04     272- 333     3477
Rovibration_vJ|8[23]        -Rovibration_vJ|10[24]           2.4291E-06  2.3700E+01   2.561E+04     272- 335     3478
Rovibration_vJ|8[24]        -Rovibration_vJ|8[25]            2.3934E-07  1.2080E-03   1.127E+06     273- 274     3479
Rovibration_vJ|8[24]        -Rovibration_vJ|9[23]            4.3565E-05  1.0240E+02   5.439E+04     273- 303     3480
Rovibration_vJ|8[24]        -Rovibration_vJ|9[25]            4.9053E-05  1.2710E+02   4.973E+04     273- 305     3481
Rovibration_vJ|8[24]        -Rovibration_vJ|10[23]           1.8099E-06  1.7570E+01   2.676E+04     273- 334     3482
Rovibration_vJ|8[24]        -Rovibration_vJ|10[25]           2.4413E-06  2.3880E+01   2.560E+04     273- 336     3483
Rovibration_vJ|8[25]        -Rovibration_vJ|8[26]            2.5166E-07  1.3750E-03   1.084E+06     274- 275     3484
Rovibration_vJ|8[25]        -Rovibration_vJ|9[24]            4.3546E-05  1.0170E+02   5.452E+04     274- 304     3485
Rovibration_vJ|8[25]        -Rovibration_vJ|9[26]            4.9081E-05  1.2770E+02   4.967E+04     274- 306     3486
Rovibration_vJ|8[25]        -Rovibration_vJ|10[24]           1.8024E-06  1.7420E+01   2.680E+04     274- 335     3487
Rovibration_vJ|8[25]        -Rovibration_vJ|10[26]           2.4537E-06  2.4060E+01   2.558E+04     274- 337     3488
Rovibration_vJ|8[26]        -Rovibration_vJ|8[27]            2.6441E-07  1.5590E-03   1.044E+06     275- 276     3489
Rovibration_vJ|8[26]        -Rovibration_vJ|9[25]            4.3478E-05  1.0090E+02   5.465E+04     275- 305     3490
Rovibration_vJ|8[26]        -Rovibration_vJ|9[27]            4.9078E-05  1.2820E+02   4.961E+04     275- 307     3491
Rovibration_vJ|8[26]        -Rovibration_vJ|10[25]           1.7958E-06  1.7280E+01   2.684E+04     275- 336     3492
Rovibration_vJ|8[26]        -Rovibration_vJ|10[27]           2.4655E-06  2.4230E+01   2.557E+04     275- 338     3493
Rovibration_vJ|8[27]        -Rovibration_vJ|8[28]            2.7740E-07  1.7600E-03   1.007E+06     276- 277     3494
Rovibration_vJ|8[27]        -Rovibration_vJ|9[26]            4.3447E-05  1.0020E+02   5.479E+04     276- 306     3495
Rovibration_vJ|8[27]        -Rovibration_vJ|9[28]            4.9119E-05  1.2880E+02   4.954E+04     276- 308     3496
Rovibration_vJ|8[27]        -Rovibration_vJ|10[26]           1.7889E-06  1.7140E+01   2.688E+04     276- 337     3497
Rovibration_vJ|8[27]        -Rovibration_vJ|10[28]           2.4786E-06  2.4410E+01   2.556E+04     276- 339     3498
Rovibration_vJ|8[28]        -Rovibration_vJ|8[29]            2.9080E-07  1.9800E-03   9.729E+05     277- 278     3499
Rovibration_vJ|8[28]        -Rovibration_vJ|9[27]            4.3378E-05  9.9420E+01   5.492E+04     277- 307     3500
Rovibration_vJ|8[28]        -Rovibration_vJ|9[29]            4.9166E-05  1.2940E+02   4.948E+04     277- 309     3501
Rovibration_vJ|8[28]        -Rovibration_vJ|10[27]           1.7818E-06  1.7000E+01   2.692E+04     277- 338     3502
Rovibration_vJ|8[28]        -Rovibration_vJ|10[29]           2.4919E-06  2.4590E+01   2.555E+04     277- 340     3503
Rovibration_vJ|8[29]        -Rovibration_vJ|8[30]            3.0471E-07  2.2210E-03   9.408E+05     278- 279     3504
Rovibration_vJ|8[29]        -Rovibration_vJ|9[28]            4.3321E-05  9.8680E+01   5.505E+04     278- 308     3505
Rovibration_vJ|8[29]        -Rovibration_vJ|9[30]            4.9179E-05  1.2990E+02   4.942E+04     278- 310     3506
Rovibration_vJ|8[29]        -Rovibration_vJ|10[28]           1.7745E-06  1.6860E+01   2.696E+04     278- 339     3507
Rovibration_vJ|8[29]        -Rovibration_vJ|10[30]           2.5045E-06  2.4760E+01   2.555E+04     278- 341     3508
Rovibration_vJ|8[30]        -Rovibration_vJ|9[29]            4.3265E-05  9.7950E+01   5.519E+04     279- 309     3509
Rovibration_vJ|8[30]        -Rovibration_vJ|10[29]           1.7681E-06  1.6730E+01   2.700E+04     279- 340     3510
Rovibration_vJ|9[0]         -Rovibration_vJ|9[1]             2.5690E-08  7.1180E-08   2.833E+07     280- 281     3511
Rovibration_vJ|9[0]         -Rovibration_vJ|10[1]            1.0125E-04  8.2210E+01   5.233E+04     280- 312     3512
Rovibration_vJ|9[1]         -Rovibration_vJ|9[2]             3.4273E-08  6.8370E-07   1.416E+07     281- 282     3513
Rovibration_vJ|9[1]         -Rovibration_vJ|10[0]            3.3651E-05  2.4410E+02   5.252E+04     281- 311     3514
Rovibration_vJ|9[1]         -Rovibration_vJ|10[2]            6.7603E-05  9.9160E+01   5.224E+04     281- 313     3515
Rovibration_vJ|9[2]         -Rovibration_vJ|9[3]             4.6304E-08  2.4740E-06   9.443E+06     282- 283     3516
Rovibration_vJ|9[2]         -Rovibration_vJ|10[1]            4.0301E-05  1.6180E+02   5.262E+04     282- 312     3517
Rovibration_vJ|9[2]         -Rovibration_vJ|10[3]            6.0944E-05  1.0680E+02   5.214E+04     282- 314     3518
Rovibration_vJ|9[3]         -Rovibration_vJ|9[4]             5.8887E-08  6.0900E-06   7.083E+06     283- 284     3519
Rovibration_vJ|9[3]         -Rovibration_vJ|10[2]            4.3129E-05  1.4490E+02   5.272E+04     283- 313     3520
Rovibration_vJ|9[3]         -Rovibration_vJ|10[4]            5.8122E-05  1.1130E+02   5.205E+04     283- 315     3521
Rovibration_vJ|9[4]         -Rovibration_vJ|9[5]             7.1721E-08  1.2190E-05   5.667E+06     284- 285     3522
Rovibration_vJ|9[4]         -Rovibration_vJ|10[3]            4.4638E-05  1.3720E+02   5.282E+04     284- 314     3523
Rovibration_vJ|9[4]         -Rovibration_vJ|10[5]            5.6593E-05  1.1440E+02   5.196E+04     284- 316     3524
Rovibration_vJ|9[5]         -Rovibration_vJ|9[6]             8.4638E-08  2.1420E-05   4.722E+06     285- 286     3525
Rovibration_vJ|9[5]         -Rovibration_vJ|10[4]            4.5593E-05  1.3270E+02   5.292E+04     285- 315     3526
Rovibration_vJ|9[5]         -Rovibration_vJ|10[6]            5.5630E-05  1.1670E+02   5.187E+04     285- 317     3527
Rovibration_vJ|9[6]         -Rovibration_vJ|9[7]             9.7745E-08  3.4480E-05   4.048E+06     286- 287     3528
Rovibration_vJ|9[6]         -Rovibration_vJ|10[5]            4.6231E-05  1.2960E+02   5.303E+04     286- 316     3529
Rovibration_vJ|9[6]         -Rovibration_vJ|10[7]            5.5010E-05  1.1860E+02   5.178E+04     286- 318     3530
Rovibration_vJ|9[7]         -Rovibration_vJ|9[8]             1.1096E-07  5.2040E-05   3.543E+06     287- 288     3531
Rovibration_vJ|9[7]         -Rovibration_vJ|10[6]            4.6660E-05  1.2720E+02   5.313E+04     287- 317     3532
Rovibration_vJ|9[7]         -Rovibration_vJ|10[8]            5.4577E-05  1.2020E+02   5.169E+04     287- 319     3533
Rovibration_vJ|9[8]         -Rovibration_vJ|9[9]             1.2432E-07  7.4810E-05   3.149E+06     288- 289     3534
Rovibration_vJ|9[8]         -Rovibration_vJ|10[7]            4.6983E-05  1.2530E+02   5.324E+04     288- 318     3535
Rovibration_vJ|9[8]         -Rovibration_vJ|10[9]            5.4224E-05  1.2150E+02   5.161E+04     288- 320     3536
Rovibration_vJ|9[9]         -Rovibration_vJ|9[10]            1.3781E-07  1.0350E-04   2.835E+06     289- 290     3537
Rovibration_vJ|9[9]         -Rovibration_vJ|10[8]            4.7187E-05  1.2360E+02   5.335E+04     289- 319     3538
Rovibration_vJ|9[9]         -Rovibration_vJ|10[10]           5.4020E-05  1.2280E+02   5.152E+04     289- 321     3539
Rovibration_vJ|9[10]        -Rovibration_vJ|9[11]            1.5151E-07  1.3890E-04   2.577E+06     290- 291     3540
Rovibration_vJ|9[10]        -Rovibration_vJ|10[9]            4.7369E-05  1.2220E+02   5.346E+04     290- 320     3541
Rovibration_vJ|9[10]        -Rovibration_vJ|10[11]           5.3835E-05  1.2390E+02   5.144E+04     290- 322     3542
Rovibration_vJ|9[11]        -Rovibration_vJ|9[12]            1.6533E-07  1.8170E-04   2.363E+06     291- 292     3543
Rovibration_vJ|9[11]        -Rovibration_vJ|10[10]           4.7491E-05  1.2090E+02   5.357E+04     291- 321     3544
Rovibration_vJ|9[11]        -Rovibration_vJ|10[12]           5.3688E-05  1.2490E+02   5.136E+04     291- 323     3545
Rovibration_vJ|9[12]        -Rovibration_vJ|9[13]            1.7940E-07  2.3280E-04   2.182E+06     292- 293     3546
Rovibration_vJ|9[12]        -Rovibration_vJ|10[11]           4.7576E-05  1.1970E+02   5.368E+04     292- 322     3547
Rovibration_vJ|9[12]        -Rovibration_vJ|10[13]           5.3560E-05  1.2580E+02   5.128E+04     292- 324     3548
Rovibration_vJ|9[13]        -Rovibration_vJ|9[14]            1.9369E-07  2.9300E-04   2.026E+06     293- 294     3549
Rovibration_vJ|9[13]        -Rovibration_vJ|10[12]           4.7644E-05  1.1860E+02   5.380E+04     293- 323     3550
Rovibration_vJ|9[13]        -Rovibration_vJ|10[14]           5.3481E-05  1.2670E+02   5.120E+04     293- 325     3551
Rovibration_vJ|9[14]        -Rovibration_vJ|9[15]            2.0813E-07  3.6300E-04   1.891E+06     294- 295     3552
Rovibration_vJ|9[14]        -Rovibration_vJ|10[13]           4.7706E-05  1.1760E+02   5.391E+04     294- 324     3553
Rovibration_vJ|9[14]        -Rovibration_vJ|10[15]           5.3441E-05  1.2760E+02   5.112E+04     294- 326     3554
Rovibration_vJ|9[15]        -Rovibration_vJ|9[16]            2.2285E-07  4.4390E-04   1.774E+06     295- 296     3555
Rovibration_vJ|9[15]        -Rovibration_vJ|10[14]           4.7733E-05  1.1660E+02   5.403E+04     295- 325     3556
Rovibration_vJ|9[15]        -Rovibration_vJ|10[16]           5.3391E-05  1.2840E+02   5.104E+04     295- 327     3557
Rovibration_vJ|9[16]        -Rovibration_vJ|9[17]            2.3782E-07  5.3650E-04   1.670E+06     296- 297     3558
Rovibration_vJ|9[16]        -Rovibration_vJ|10[15]           4.7729E-05  1.1560E+02   5.415E+04     296- 326     3559
Rovibration_vJ|9[16]        -Rovibration_vJ|10[17]           5.3367E-05  1.2920E+02   5.097E+04     296- 328     3560
Rovibration_vJ|9[17]        -Rovibration_vJ|9[18]            2.5306E-07  6.4180E-04   1.577E+06     297- 298     3561
Rovibration_vJ|9[17]        -Rovibration_vJ|10[16]           4.7742E-05  1.1470E+02   5.426E+04     297- 327     3562
Rovibration_vJ|9[17]        -Rovibration_vJ|10[18]           5.3366E-05  1.3000E+02   5.089E+04     297- 329     3563
Rovibration_vJ|9[18]        -Rovibration_vJ|9[19]            2.6859E-07  7.6080E-04   1.495E+06     298- 299     3564
Rovibration_vJ|9[18]        -Rovibration_vJ|10[17]           4.7735E-05  1.1380E+02   5.439E+04     298- 328     3565
Rovibration_vJ|9[18]        -Rovibration_vJ|10[19]           5.3342E-05  1.3070E+02   5.082E+04     298- 330     3566
Rovibration_vJ|9[19]        -Rovibration_vJ|9[20]            2.8443E-07  8.9460E-04   1.420E+06     299- 300     3567
Rovibration_vJ|9[19]        -Rovibration_vJ|10[18]           4.7711E-05  1.1290E+02   5.451E+04     299- 329     3568
Rovibration_vJ|9[19]        -Rovibration_vJ|10[20]           5.3334E-05  1.3140E+02   5.075E+04     299- 331     3569
Rovibration_vJ|9[20]        -Rovibration_vJ|9[21]            3.0053E-07  1.0440E-03   1.353E+06     300- 301     3570
Rovibration_vJ|9[20]        -Rovibration_vJ|10[19]           4.7714E-05  1.1210E+02   5.463E+04     300- 330     3571
Rovibration_vJ|9[20]        -Rovibration_vJ|10[21]           5.3341E-05  1.3210E+02   5.068E+04     300- 332     3572
Rovibration_vJ|9[21]        -Rovibration_vJ|9[22]            3.1714E-07  1.2110E-03   1.292E+06     301- 302     3573
Rovibration_vJ|9[21]        -Rovibration_vJ|10[20]           4.7662E-05  1.1120E+02   5.476E+04     301- 331     3574
Rovibration_vJ|9[21]        -Rovibration_vJ|10[22]           5.3360E-05  1.3280E+02   5.061E+04     301- 333     3575
Rovibration_vJ|9[22]        -Rovibration_vJ|9[23]            3.3403E-07  1.3960E-03   1.236E+06     302- 303     3576
Rovibration_vJ|9[22]        -Rovibration_vJ|10[21]           4.7642E-05  1.1040E+02   5.489E+04     302- 332     3577
Rovibration_vJ|9[22]        -Rovibration_vJ|10[23]           5.3350E-05  1.3340E+02   5.054E+04     302- 334     3578
Rovibration_vJ|9[23]        -Rovibration_vJ|9[24]            3.5120E-07  1.6000E-03   1.185E+06     303- 304     3579
Rovibration_vJ|9[23]        -Rovibration_vJ|10[22]           4.7613E-05  1.0960E+02   5.501E+04     303- 333     3580
Rovibration_vJ|9[23]        -Rovibration_vJ|10[24]           5.3390E-05  1.3410E+02   5.047E+04     303- 335     3581
Rovibration_vJ|9[24]        -Rovibration_vJ|9[25]            3.6882E-07  1.8250E-03   1.138E+06     304- 305     3582
Rovibration_vJ|9[24]        -Rovibration_vJ|10[23]           4.7576E-05  1.0880E+02   5.514E+04     304- 334     3583
Rovibration_vJ|9[24]        -Rovibration_vJ|10[25]           5.3399E-05  1.3470E+02   5.040E+04     304- 336     3584
Rovibration_vJ|9[25]        -Rovibration_vJ|9[26]            3.8682E-07  2.0720E-03   1.095E+06     305- 306     3585
Rovibration_vJ|9[25]        -Rovibration_vJ|10[24]           4.7487E-05  1.0790E+02   5.528E+04     305- 335     3586
Rovibration_vJ|9[25]        -Rovibration_vJ|10[26]           5.3415E-05  1.3530E+02   5.034E+04     305- 337     3587
Rovibration_vJ|9[26]        -Rovibration_vJ|9[27]            4.0534E-07  2.3430E-03   1.055E+06     306- 307     3588
Rovibration_vJ|9[26]        -Rovibration_vJ|10[25]           4.7436E-05  1.0710E+02   5.541E+04     306- 336     3589
Rovibration_vJ|9[26]        -Rovibration_vJ|10[27]           5.3439E-05  1.3590E+02   5.027E+04     306- 338     3590
Rovibration_vJ|9[27]        -Rovibration_vJ|9[28]            4.2428E-07  2.6390E-03   1.017E+06     307- 308     3591
Rovibration_vJ|9[27]        -Rovibration_vJ|10[26]           4.7424E-05  1.0640E+02   5.554E+04     307- 337     3592
Rovibration_vJ|9[27]        -Rovibration_vJ|10[28]           5.3470E-05  1.3650E+02   5.021E+04     307- 339     3593
Rovibration_vJ|9[28]        -Rovibration_vJ|9[29]            4.4374E-07  2.9620E-03   9.825E+05     308- 309     3594
Rovibration_vJ|9[28]        -Rovibration_vJ|10[27]           4.7362E-05  1.0560E+02   5.568E+04     308- 338     3595
Rovibration_vJ|9[28]        -Rovibration_vJ|10[29]           5.3507E-05  1.3710E+02   5.015E+04     308- 340     3596
Rovibration_vJ|9[29]        -Rovibration_vJ|9[30]            4.6377E-07  3.3140E-03   9.502E+05     309- 310     3597
Rovibration_vJ|9[29]        -Rovibration_vJ|10[28]           4.7295E-05  1.0480E+02   5.582E+04     309- 339     3598
Rovibration_vJ|9[29]        -Rovibration_vJ|10[30]           5.3511E-05  1.3760E+02   5.009E+04     309- 341     3599
Rovibration_vJ|9[30]        -Rovibration_vJ|10[29]           4.7224E-05  1.0400E+02   5.596E+04     310- 340     3600
Rovibration_vJ|10[0]        -Rovibration_vJ|10[1]            3.7259E-08  1.0120E-07   2.861E+07     311- 312     3601
Rovibration_vJ|10[1]        -Rovibration_vJ|10[2]            4.9716E-08  9.7220E-07   1.431E+07     312- 313     3602
Rovibration_vJ|10[2]        -Rovibration_vJ|10[3]            6.7168E-08  3.5180E-06   9.538E+06     313- 314     3603
Rovibration_vJ|10[3]        -Rovibration_vJ|10[4]            8.5392E-08  8.6570E-06   7.154E+06     314- 315     3604
Rovibration_vJ|10[4]        -Rovibration_vJ|10[5]            1.0395E-07  1.7320E-05   5.723E+06     315- 316     3605
Rovibration_vJ|10[5]        -Rovibration_vJ|10[6]            1.2266E-07  3.0430E-05   4.770E+06     316- 317     3606
Rovibration_vJ|10[6]        -Rovibration_vJ|10[7]            1.4156E-07  4.8950E-05   4.089E+06     317- 318     3607
Rovibration_vJ|10[7]        -Rovibration_vJ|10[8]            1.6064E-07  7.3850E-05   3.578E+06     318- 319     3608
Rovibration_vJ|10[8]        -Rovibration_vJ|10[9]            1.7987E-07  1.0610E-04   3.181E+06     319- 320     3609
Rovibration_vJ|10[9]        -Rovibration_vJ|10[10]           1.9927E-07  1.4670E-04   2.863E+06     320- 321     3610
Rovibration_vJ|10[10]       -Rovibration_vJ|10[11]           2.1887E-07  1.9670E-04   2.603E+06     321- 322     3611
Rovibration_vJ|10[11]       -Rovibration_vJ|10[12]           2.3874E-07  2.5720E-04   2.387E+06     322- 323     3612
Rovibration_vJ|10[12]       -Rovibration_vJ|10[13]           2.5879E-07  3.2920E-04   2.203E+06     323- 324     3613
Rovibration_vJ|10[13]       -Rovibration_vJ|10[14]           2.7912E-07  4.1390E-04   2.046E+06     324- 325     3614
Rovibration_vJ|10[14]       -Rovibration_vJ|10[15]           2.9970E-07  5.1240E-04   1.910E+06     325- 326     3615
Rovibration_vJ|10[15]       -Rovibration_vJ|10[16]           3.2056E-07  6.2590E-04   1.791E+06     326- 327     3616
Rovibration_vJ|10[16]       -Rovibration_vJ|10[17]           3.4174E-07  7.5570E-04   1.686E+06     327- 328     3617
Rovibration_vJ|10[17]       -Rovibration_vJ|10[18]           3.6323E-07  9.0300E-04   1.593E+06     328- 329     3618
Rovibration_vJ|10[18]       -Rovibration_vJ|10[19]           3.8500E-07  1.0690E-03   1.510E+06     329- 330     3619
Rovibration_vJ|10[19]       -Rovibration_vJ|10[20]           4.0740E-07  1.2560E-03   1.435E+06     330- 331     3620
Rovibration_vJ|10[20]       -Rovibration_vJ|10[21]           4.2994E-07  1.4640E-03   1.367E+06     331- 332     3621
Rovibration_vJ|10[21]       -Rovibration_vJ|10[22]           4.5284E-07  1.6950E-03   1.305E+06     332- 333     3622
Rovibration_vJ|10[22]       -Rovibration_vJ|10[23]           4.7626E-07  1.9510E-03   1.249E+06     333- 334     3623
Rovibration_vJ|10[23]       -Rovibration_vJ|10[24]           5.0004E-07  2.2330E-03   1.197E+06     334- 335     3624
Rovibration_vJ|10[24]       -Rovibration_vJ|10[25]           5.2451E-07  2.5440E-03   1.149E+06     335- 336     3625
Rovibration_vJ|10[25]       -Rovibration_vJ|10[26]           5.4930E-07  2.8840E-03   1.106E+06     336- 337     3626
Rovibration_vJ|10[26]       -Rovibration_vJ|10[27]           5.7467E-07  3.2560E-03   1.065E+06     337- 338     3627
Rovibration_vJ|10[27]       -Rovibration_vJ|10[28]           6.0050E-07  3.6610E-03   1.027E+06     338- 339     3628
Rovibration_vJ|10[28]       -Rovibration_vJ|10[29]           6.2696E-07  4.1020E-03   9.924E+05     339- 340     3629
Rovibration_vJ|10[29]       -Rovibration_vJ|10[30]           6.5406E-07  4.5810E-03   9.598E+05     340- 341     3630
