 *************************************************************************************

Ro-vibrational Energy Levels and Transitions for Carbon Monoxide, up to v= 10 and J= 40

 Data taken from Li et al., 2015.  Accessed 2021. URL: https://ui.adsabs.harvard.edu/abs/2015ApJS..216...15L/abstract

                      Level Name     g       E(cm^-1)    10^15 Hz       eV       Lam(A)      ID        ARAD        GAM2        GAM4
 *************************************************************************************

15-Apr-2021                                        !Date Created
451                                                !Number of energy levels
113030.071                                         !Ionization energy
1.0                                                !Screened nuclear charge
4840                                               !Number of transitions

Rovibration_vJ|0[0]                1.0         0.0000     3.38857   14.014    8.847E+02       1   0.000E+00   0.000E+00   0.000E+00
Rovibration_vJ|0[1]                3.0         3.8450     3.38845   14.014    8.847E+02       2   7.207E-08   0.000E+00   0.000E+00
Rovibration_vJ|0[2]                5.0        11.5350     3.38822   14.013    8.848E+02       3   6.914E-07   0.000E+00   0.000E+00
Rovibration_vJ|0[3]                7.0        23.0695     3.38788   14.011    8.849E+02       4   2.497E-06   0.000E+00   0.000E+00
Rovibration_vJ|0[4]                9.0        38.4481     3.38742   14.009    8.850E+02       5   6.129E-06   0.000E+00   0.000E+00
Rovibration_vJ|0[5]               11.0        57.6704     3.38684   14.007    8.852E+02       6   1.222E-05   0.000E+00   0.000E+00
Rovibration_vJ|0[6]               13.0        80.7354     3.38615   14.004    8.853E+02       7   2.138E-05   0.000E+00   0.000E+00
Rovibration_vJ|0[7]               15.0       107.6424     3.38534   14.001    8.856E+02       8   3.423E-05   0.000E+00   0.000E+00
Rovibration_vJ|0[8]               17.0       138.3903     3.38442   13.997    8.858E+02       9   5.135E-05   0.000E+00   0.000E+00
Rovibration_vJ|0[9]               19.0       172.9780     3.38338   13.993    8.861E+02      10   7.330E-05   0.000E+00   0.000E+00
Rovibration_vJ|0[10]              21.0       211.4041     3.38223   13.988    8.864E+02      11   1.006E-04   0.000E+00   0.000E+00
Rovibration_vJ|0[11]              23.0       253.6672     3.38097   13.983    8.867E+02      12   1.339E-04   0.000E+00   0.000E+00
Rovibration_vJ|0[12]              25.0       299.7655     3.37958   13.977    8.871E+02      13   1.735E-04   0.000E+00   0.000E+00
Rovibration_vJ|0[13]              27.0       349.6975     3.37809   13.971    8.875E+02      14   2.200E-04   0.000E+00   0.000E+00
Rovibration_vJ|0[14]              29.0       403.4611     3.37647   13.964    8.879E+02      15   2.738E-04   0.000E+00   0.000E+00
Rovibration_vJ|0[15]              31.0       461.0544     3.37475   13.957    8.883E+02      16   3.353E-04   0.000E+00   0.000E+00
Rovibration_vJ|0[16]              33.0       522.4751     3.37291   13.949    8.888E+02      17   4.048E-04   0.000E+00   0.000E+00
Rovibration_vJ|0[17]              35.0       587.7208     3.37095   13.941    8.893E+02      18   4.827E-04   0.000E+00   0.000E+00
Rovibration_vJ|0[18]              37.0       656.7891     3.36888   13.933    8.899E+02      19   5.692E-04   0.000E+00   0.000E+00
Rovibration_vJ|0[19]              39.0       729.6774     3.36669   13.924    8.905E+02      20   6.646E-04   0.000E+00   0.000E+00
Rovibration_vJ|0[20]              41.0       806.3827     3.36440   13.914    8.911E+02      21   7.690E-04   0.000E+00   0.000E+00
Rovibration_vJ|0[21]              43.0       886.9023     3.36198   13.904    8.917E+02      22   8.826E-04   0.000E+00   0.000E+00
Rovibration_vJ|0[22]              45.0       971.2331     3.35945   13.894    8.924E+02      23   1.005E-03   0.000E+00   0.000E+00
Rovibration_vJ|0[23]              47.0      1059.3717     3.35681   13.883    8.931E+02      24   1.138E-03   0.000E+00   0.000E+00
Rovibration_vJ|0[24]              49.0      1151.3149     3.35405   13.871    8.938E+02      25   1.279E-03   0.000E+00   0.000E+00
Rovibration_vJ|0[25]              51.0      1247.0591     3.35118   13.859    8.946E+02      26   1.430E-03   0.000E+00   0.000E+00
Rovibration_vJ|0[26]              53.0      1346.6007     3.34820   13.847    8.954E+02      27   1.590E-03   0.000E+00   0.000E+00
Rovibration_vJ|0[27]              55.0      1449.9358     3.34510   13.834    8.962E+02      28   1.758E-03   0.000E+00   0.000E+00
Rovibration_vJ|0[28]              57.0      1557.0605     3.34189   13.821    8.971E+02      29   1.936E-03   0.000E+00   0.000E+00
Rovibration_vJ|0[29]              59.0      1667.9707     3.33857   13.807    8.980E+02      30   2.122E-03   0.000E+00   0.000E+00
Rovibration_vJ|0[30]              61.0      1782.6622     3.33513   13.793    8.989E+02      31   2.316E-03   0.000E+00   0.000E+00
Rovibration_vJ|0[31]              63.0      1901.1306     3.33158   13.778    8.999E+02      32   2.518E-03   0.000E+00   0.000E+00
Rovibration_vJ|0[32]              65.0      2023.3713     3.32791   13.763    9.008E+02      33   2.727E-03   0.000E+00   0.000E+00
Rovibration_vJ|1[0]                1.0      2143.2711     3.32432   13.748    9.018E+02      34   3.546E+01   0.000E+00   0.000E+00
Rovibration_vJ|1[1]                3.0      2147.0811     3.32420   13.748    9.018E+02      35   3.546E+01   0.000E+00   0.000E+00
Rovibration_vJ|0[33]              67.0      2149.3796     3.32413   13.748    9.019E+02      36   2.943E-03   0.000E+00   0.000E+00
Rovibration_vJ|1[2]                5.0      2154.7010     3.32397   13.747    9.019E+02      37   3.546E+01   0.000E+00   0.000E+00
Rovibration_vJ|1[3]                7.0      2166.1305     3.32363   13.745    9.020E+02      38   3.546E+01   0.000E+00   0.000E+00
Rovibration_vJ|1[4]                9.0      2181.3692     3.32317   13.744    9.021E+02      39   3.546E+01   0.000E+00   0.000E+00
Rovibration_vJ|1[5]               11.0      2200.4164     3.32260   13.741    9.023E+02      40   3.545E+01   0.000E+00   0.000E+00
Rovibration_vJ|1[6]               13.0      2223.2714     3.32192   13.738    9.025E+02      41   3.545E+01   0.000E+00   0.000E+00
Rovibration_vJ|1[7]               15.0      2249.9333     3.32112   13.735    9.027E+02      42   3.545E+01   0.000E+00   0.000E+00
Rovibration_vJ|0[34]              69.0      2279.1508     3.32024   13.731    9.029E+02      43   3.165E-03   0.000E+00   0.000E+00
Rovibration_vJ|1[8]               17.0      2280.4012     3.32021   13.731    9.029E+02      44   3.545E+01   0.000E+00   0.000E+00
Rovibration_vJ|1[9]               19.0      2314.6738     3.31918   13.727    9.032E+02      45   3.543E+01   0.000E+00   0.000E+00
Rovibration_vJ|1[10]              21.0      2352.7499     3.31804   13.722    9.035E+02      46   3.543E+01   0.000E+00   0.000E+00
Rovibration_vJ|1[11]              23.0      2394.6278     3.31678   13.717    9.039E+02      47   3.543E+01   0.000E+00   0.000E+00
Rovibration_vJ|0[35]              71.0      2412.6799     3.31624   13.715    9.040E+02      48   3.393E-03   0.000E+00   0.000E+00
Rovibration_vJ|1[12]              25.0      2440.3061     3.31541   13.711    9.042E+02      49   3.543E+01   0.000E+00   0.000E+00
Rovibration_vJ|1[13]              27.0      2489.7830     3.31393   13.705    9.046E+02      50   3.541E+01   0.000E+00   0.000E+00
Rovibration_vJ|1[14]              29.0      2543.0566     3.31233   13.699    9.051E+02      51   3.541E+01   0.000E+00   0.000E+00
Rovibration_vJ|0[36]              73.0      2549.9617     3.31212   13.698    9.051E+02      52   3.626E-03   0.000E+00   0.000E+00
Rovibration_vJ|1[15]              31.0      2600.1247     3.31062   13.692    9.055E+02      53   3.540E+01   0.000E+00   0.000E+00
Rovibration_vJ|1[16]              33.0      2660.9853     3.30880   13.684    9.060E+02      54   3.540E+01   0.000E+00   0.000E+00
Rovibration_vJ|0[37]              75.0      2690.9910     3.30790   13.680    9.063E+02      55   3.863E-03   0.000E+00   0.000E+00
Rovibration_vJ|1[17]              35.0      2725.6359     3.30686   13.676    9.066E+02      56   3.539E+01   0.000E+00   0.000E+00
Rovibration_vJ|1[18]              37.0      2794.0741     3.30481   13.668    9.071E+02      57   3.538E+01   0.000E+00   0.000E+00
Rovibration_vJ|0[38]              77.0      2835.7624     3.30356   13.662    9.075E+02      58   4.103E-03   0.000E+00   0.000E+00
Rovibration_vJ|1[19]              39.0      2866.2973     3.30264   13.659    9.077E+02      59   3.537E+01   0.000E+00   0.000E+00
Rovibration_vJ|1[20]              41.0      2942.3025     3.30036   13.649    9.084E+02      60   3.536E+01   0.000E+00   0.000E+00
Rovibration_vJ|0[39]              79.0      2984.2703     3.29910   13.644    9.087E+02      61   4.346E-03   0.000E+00   0.000E+00
Rovibration_vJ|1[21]              43.0      3022.0870     3.29797   13.639    9.090E+02      62   3.534E+01   0.000E+00   0.000E+00
Rovibration_vJ|1[22]              45.0      3105.6476     3.29546   13.629    9.097E+02      63   3.533E+01   0.000E+00   0.000E+00
Rovibration_vJ|0[40]              81.0      3136.5091     3.29454   13.625    9.100E+02      64   4.591E-03   0.000E+00   0.000E+00
Rovibration_vJ|1[23]              47.0      3192.9811     3.29285   13.618    9.104E+02      65   3.532E+01   0.000E+00   0.000E+00
Rovibration_vJ|1[24]              49.0      3284.0842     3.29012   13.607    9.112E+02      66   3.532E+01   0.000E+00   0.000E+00
Rovibration_vJ|1[25]              51.0      3378.9532     3.28727   13.595    9.120E+02      67   3.530E+01   0.000E+00   0.000E+00
Rovibration_vJ|1[26]              53.0      3477.5847     3.28431   13.583    9.128E+02      68   3.529E+01   0.000E+00   0.000E+00
Rovibration_vJ|1[27]              55.0      3579.9746     3.28124   13.570    9.137E+02      69   3.527E+01   0.000E+00   0.000E+00
Rovibration_vJ|1[28]              57.0      3686.1192     3.27806   13.557    9.145E+02      70   3.526E+01   0.000E+00   0.000E+00
Rovibration_vJ|1[29]              59.0      3796.0143     3.27477   13.543    9.155E+02      71   3.525E+01   0.000E+00   0.000E+00
Rovibration_vJ|1[30]              61.0      3909.6556     3.27136   13.529    9.164E+02      72   3.523E+01   0.000E+00   0.000E+00
Rovibration_vJ|1[31]              63.0      4027.0388     3.26784   13.515    9.174E+02      73   3.521E+01   0.000E+00   0.000E+00
Rovibration_vJ|1[32]              65.0      4148.1594     3.26421   13.500    9.184E+02      74   3.519E+01   0.000E+00   0.000E+00
Rovibration_vJ|2[0]                1.0      4260.0622     3.26086   13.486    9.194E+02      75   6.922E+01   0.000E+00   0.000E+00
Rovibration_vJ|2[1]                3.0      4263.8372     3.26074   13.485    9.194E+02      76   6.922E+01   0.000E+00   0.000E+00
Rovibration_vJ|2[2]                5.0      4271.3871     3.26052   13.484    9.195E+02      77   6.922E+01   0.000E+00   0.000E+00
Rovibration_vJ|1[33]              67.0      4273.0125     3.26047   13.484    9.195E+02      78   3.518E+01   0.000E+00   0.000E+00
Rovibration_vJ|2[3]                7.0      4282.7116     3.26018   13.483    9.196E+02      79   6.921E+01   0.000E+00   0.000E+00
Rovibration_vJ|2[4]                9.0      4297.8102     3.25972   13.481    9.197E+02      80   6.921E+01   0.000E+00   0.000E+00
Rovibration_vJ|2[5]               11.0      4316.6824     3.25916   13.479    9.198E+02      81   6.920E+01   0.000E+00   0.000E+00
Rovibration_vJ|2[6]               13.0      4339.3274     3.25848   13.476    9.200E+02      82   6.920E+01   0.000E+00   0.000E+00
Rovibration_vJ|2[7]               15.0      4365.7443     3.25769   13.473    9.203E+02      83   6.919E+01   0.000E+00   0.000E+00
Rovibration_vJ|2[8]               17.0      4395.9321     3.25678   13.469    9.205E+02      84   6.919E+01   0.000E+00   0.000E+00
Rovibration_vJ|1[34]              69.0      4401.5936     3.25661   13.468    9.206E+02      85   3.516E+01   0.000E+00   0.000E+00
Rovibration_vJ|2[9]               19.0      4429.8897     3.25576   13.465    9.208E+02      86   6.918E+01   0.000E+00   0.000E+00
Rovibration_vJ|2[10]              21.0      4467.6157     3.25463   13.460    9.211E+02      87   6.917E+01   0.000E+00   0.000E+00
Rovibration_vJ|2[11]              23.0      4509.1086     3.25339   13.455    9.215E+02      88   6.915E+01   0.000E+00   0.000E+00
Rovibration_vJ|1[35]              71.0      4533.8974     3.25265   13.452    9.217E+02      89   3.514E+01   0.000E+00   0.000E+00
Rovibration_vJ|2[12]              25.0      4554.3669     3.25203   13.449    9.219E+02      90   6.914E+01   0.000E+00   0.000E+00
Rovibration_vJ|2[13]              27.0      4603.3887     3.25056   13.443    9.223E+02      91   6.913E+01   0.000E+00   0.000E+00
Rovibration_vJ|2[14]              29.0      4656.1722     3.24898   13.437    9.227E+02      92   6.912E+01   0.000E+00   0.000E+00
Rovibration_vJ|1[36]              73.0      4669.9191     3.24857   13.435    9.228E+02      93   3.513E+01   0.000E+00   0.000E+00
Rovibration_vJ|2[15]              31.0      4712.7153     3.24729   13.430    9.232E+02      94   6.911E+01   0.000E+00   0.000E+00
Rovibration_vJ|2[16]              33.0      4773.0158     3.24548   13.422    9.237E+02      95   6.909E+01   0.000E+00   0.000E+00
Rovibration_vJ|1[37]              75.0      4809.6532     3.24438   13.418    9.240E+02      96   3.511E+01   0.000E+00   0.000E+00
Rovibration_vJ|2[17]              35.0      4837.0714     3.24356   13.414    9.243E+02      97   6.908E+01   0.000E+00   0.000E+00
Rovibration_vJ|2[18]              37.0      4904.8795     3.24152   13.406    9.249E+02      98   6.906E+01   0.000E+00   0.000E+00
Rovibration_vJ|1[38]              77.0      4953.0944     3.24008   13.400    9.253E+02      99   3.508E+01   0.000E+00   0.000E+00
Rovibration_vJ|2[19]              39.0      4976.4376     3.23938   13.397    9.255E+02     100   6.904E+01   0.000E+00   0.000E+00
Rovibration_vJ|2[20]              41.0      5051.7427     3.23712   13.388    9.261E+02     101   6.902E+01   0.000E+00   0.000E+00
Rovibration_vJ|1[39]              79.0      5100.2372     3.23567   13.382    9.265E+02     102   3.506E+01   0.000E+00   0.000E+00
Rovibration_vJ|2[21]              43.0      5130.7921     3.23475   13.378    9.268E+02     103   6.899E+01   0.000E+00   0.000E+00
Rovibration_vJ|2[22]              45.0      5213.5827     3.23227   13.368    9.275E+02     104   6.897E+01   0.000E+00   0.000E+00
Rovibration_vJ|1[40]              81.0      5251.0758     3.23115   13.363    9.278E+02     105   2.120E+01   0.000E+00   0.000E+00
Rovibration_vJ|2[23]              47.0      5300.1111     3.22968   13.357    9.282E+02     106   6.895E+01   0.000E+00   0.000E+00
Rovibration_vJ|2[24]              49.0      5390.3740     3.22697   13.346    9.290E+02     107   6.893E+01   0.000E+00   0.000E+00
Rovibration_vJ|2[25]              51.0      5484.3680     3.22415   13.334    9.298E+02     108   6.890E+01   0.000E+00   0.000E+00
Rovibration_vJ|2[26]              53.0      5582.0893     3.22122   13.322    9.307E+02     109   6.887E+01   0.000E+00   0.000E+00
Rovibration_vJ|2[27]              55.0      5683.5342     3.21818   13.309    9.316E+02     110   6.884E+01   0.000E+00   0.000E+00
Rovibration_vJ|2[28]              57.0      5788.6987     3.21503   13.296    9.325E+02     111   6.881E+01   0.000E+00   0.000E+00
Rovibration_vJ|2[29]              59.0      5897.5787     3.21176   13.283    9.334E+02     112   6.879E+01   0.000E+00   0.000E+00
Rovibration_vJ|2[30]              61.0      6010.1699     3.20839   13.269    9.344E+02     113   6.876E+01   0.000E+00   0.000E+00
Rovibration_vJ|2[31]              63.0      6126.4679     3.20490   13.254    9.354E+02     114   6.873E+01   0.000E+00   0.000E+00
Rovibration_vJ|2[32]              65.0      6246.4683     3.20130   13.240    9.365E+02     115   6.870E+01   0.000E+00   0.000E+00
Rovibration_vJ|3[0]                1.0      6350.4391     3.19819   13.227    9.374E+02     116   1.013E+02   0.000E+00   0.000E+00
Rovibration_vJ|3[1]                3.0      6354.1791     3.19808   13.226    9.374E+02     117   1.013E+02   0.000E+00   0.000E+00
Rovibration_vJ|3[2]                5.0      6361.6590     3.19785   13.225    9.375E+02     118   1.013E+02   0.000E+00   0.000E+00
Rovibration_vJ|2[33]              67.0      6370.1664     3.19760   13.224    9.376E+02     119   6.866E+01   0.000E+00   0.000E+00
Rovibration_vJ|3[3]                7.0      6372.8785     3.19752   13.224    9.376E+02     120   1.013E+02   0.000E+00   0.000E+00
Rovibration_vJ|3[4]                9.0      6387.8371     3.19707   13.222    9.377E+02     121   1.013E+02   0.000E+00   0.000E+00
Rovibration_vJ|3[5]               11.0      6406.5342     3.19651   13.220    9.379E+02     122   1.013E+02   0.000E+00   0.000E+00
Rovibration_vJ|3[6]               13.0      6428.9692     3.19583   13.217    9.381E+02     123   1.013E+02   0.000E+00   0.000E+00
Rovibration_vJ|3[7]               15.0      6455.1411     3.19505   13.214    9.383E+02     124   1.013E+02   0.000E+00   0.000E+00
Rovibration_vJ|3[8]               17.0      6485.0490     3.19415   13.210    9.386E+02     125   1.013E+02   0.000E+00   0.000E+00
Rovibration_vJ|2[34]              69.0      6497.5573     3.19378   13.208    9.387E+02     126   6.863E+01   0.000E+00   0.000E+00
Rovibration_vJ|3[9]               19.0      6518.6915     3.19314   13.206    9.389E+02     127   1.013E+02   0.000E+00   0.000E+00
Rovibration_vJ|3[10]              21.0      6556.0675     3.19202   13.201    9.392E+02     128   1.013E+02   0.000E+00   0.000E+00
Rovibration_vJ|3[11]              23.0      6597.1754     3.19079   13.196    9.396E+02     129   1.012E+02   0.000E+00   0.000E+00
Rovibration_vJ|2[35]              71.0      6628.6360     3.18985   13.192    9.398E+02     130   6.859E+01   0.000E+00   0.000E+00
Rovibration_vJ|3[12]              25.0      6642.0137     3.18945   13.190    9.400E+02     131   1.012E+02   0.000E+00   0.000E+00
Rovibration_vJ|3[13]              27.0      6690.5805     3.18799   13.184    9.404E+02     132   1.012E+02   0.000E+00   0.000E+00
Rovibration_vJ|3[14]              29.0      6742.8739     3.18642   13.178    9.408E+02     133   1.012E+02   0.000E+00   0.000E+00
Rovibration_vJ|2[36]              73.0      6763.3975     3.18581   13.175    9.410E+02     134   6.856E+01   0.000E+00   0.000E+00
Rovibration_vJ|3[15]              31.0      6798.8920     3.18474   13.171    9.413E+02     135   1.012E+02   0.000E+00   0.000E+00
Rovibration_vJ|3[16]              33.0      6858.6325     3.18295   13.164    9.419E+02     136   1.011E+02   0.000E+00   0.000E+00
Rovibration_vJ|2[37]              75.0      6901.8365     3.18166   13.158    9.423E+02     137   6.851E+01   0.000E+00   0.000E+00
Rovibration_vJ|3[17]              35.0      6922.0930     3.18105   13.156    9.424E+02     138   1.011E+02   0.000E+00   0.000E+00
Rovibration_vJ|3[18]              37.0      6989.2711     3.17904   13.147    9.430E+02     139   1.011E+02   0.000E+00   0.000E+00
Rovibration_vJ|2[38]              77.0      7043.9475     3.17740   13.141    9.435E+02     140   6.847E+01   0.000E+00   0.000E+00
Rovibration_vJ|3[19]              39.0      7060.1642     3.17691   13.139    9.437E+02     141   1.011E+02   0.000E+00   0.000E+00
Rovibration_vJ|3[20]              41.0      7134.7693     3.17467   13.129    9.443E+02     142   1.010E+02   0.000E+00   0.000E+00
Rovibration_vJ|2[39]              79.0      7189.7251     3.17303   13.123    9.448E+02     143   6.843E+01   0.000E+00   0.000E+00
Rovibration_vJ|3[21]              43.0      7213.0837     3.17233   13.120    9.450E+02     144   1.010E+02   0.000E+00   0.000E+00
Rovibration_vJ|3[22]              45.0      7295.1041     3.16987   13.110    9.458E+02     145   1.010E+02   0.000E+00   0.000E+00
Rovibration_vJ|2[40]              81.0      7339.1636     3.16855   13.104    9.462E+02     146   4.136E+01   0.000E+00   0.000E+00
Rovibration_vJ|3[23]              47.0      7380.8275     3.16730   13.099    9.465E+02     147   1.009E+02   0.000E+00   0.000E+00
Rovibration_vJ|3[24]              49.0      7470.2504     3.16462   13.088    9.473E+02     148   1.009E+02   0.000E+00   0.000E+00
Rovibration_vJ|3[25]              51.0      7563.3694     3.16183   13.076    9.482E+02     149   1.009E+02   0.000E+00   0.000E+00
Rovibration_vJ|3[26]              53.0      7660.1806     3.15892   13.064    9.490E+02     150   1.008E+02   0.000E+00   0.000E+00
Rovibration_vJ|3[27]              55.0      7760.6805     3.15591   13.052    9.499E+02     151   1.008E+02   0.000E+00   0.000E+00
Rovibration_vJ|3[28]              57.0      7864.8649     3.15279   13.039    9.509E+02     152   1.007E+02   0.000E+00   0.000E+00
Rovibration_vJ|3[29]              59.0      7972.7298     3.14955   13.026    9.519E+02     153   1.007E+02   0.000E+00   0.000E+00
Rovibration_vJ|3[30]              61.0      8084.2709     3.14621   13.012    9.529E+02     154   1.006E+02   0.000E+00   0.000E+00
Rovibration_vJ|3[31]              63.0      8199.4839     3.14275   12.997    9.539E+02     155   1.006E+02   0.000E+00   0.000E+00
Rovibration_vJ|3[32]              65.0      8318.3642     3.13919   12.983    9.550E+02     156   1.005E+02   0.000E+00   0.000E+00
Rovibration_vJ|4[0]                1.0      8414.4693     3.13631   12.971    9.559E+02     157   1.319E+02   0.000E+00   0.000E+00
Rovibration_vJ|4[1]                3.0      8418.1743     3.13620   12.970    9.559E+02     158   1.319E+02   0.000E+00   0.000E+00
Rovibration_vJ|4[2]                5.0      8425.5842     3.13598   12.969    9.560E+02     159   1.319E+02   0.000E+00   0.000E+00
Rovibration_vJ|4[3]                7.0      8436.6987     3.13564   12.968    9.561E+02     160   1.318E+02   0.000E+00   0.000E+00
Rovibration_vJ|3[33]              67.0      8440.9072     3.13552   12.967    9.561E+02     161   1.005E+02   0.000E+00   0.000E+00
Rovibration_vJ|4[4]                9.0      8451.5173     3.13520   12.966    9.562E+02     162   1.318E+02   0.000E+00   0.000E+00
Rovibration_vJ|4[5]               11.0      8470.0395     3.13464   12.964    9.564E+02     163   1.318E+02   0.000E+00   0.000E+00
Rovibration_vJ|4[6]               13.0      8492.2645     3.13398   12.961    9.566E+02     164   1.318E+02   0.000E+00   0.000E+00
Rovibration_vJ|4[7]               15.0      8518.1914     3.13320   12.958    9.568E+02     165   1.318E+02   0.000E+00   0.000E+00
Rovibration_vJ|4[8]               17.0      8547.8193     3.13231   12.954    9.571E+02     166   1.318E+02   0.000E+00   0.000E+00
Rovibration_vJ|3[34]              69.0      8567.1080     3.13173   12.952    9.573E+02     167   1.004E+02   0.000E+00   0.000E+00
Rovibration_vJ|4[9]               19.0      8581.1468     3.13131   12.950    9.574E+02     168   1.318E+02   0.000E+00   0.000E+00
Rovibration_vJ|4[10]              21.0      8618.1728     3.13020   12.945    9.577E+02     169   1.317E+02   0.000E+00   0.000E+00
Rovibration_vJ|4[11]              23.0      8658.8958     3.12898   12.940    9.581E+02     170   1.317E+02   0.000E+00   0.000E+00
Rovibration_vJ|3[35]              71.0      8696.9616     3.12784   12.936    9.585E+02     171   1.004E+02   0.000E+00   0.000E+00
Rovibration_vJ|4[12]              25.0      8703.3140     3.12765   12.935    9.585E+02     172   1.317E+02   0.000E+00   0.000E+00
Rovibration_vJ|4[13]              27.0      8751.4258     3.12621   12.929    9.590E+02     173   1.317E+02   0.000E+00   0.000E+00
Rovibration_vJ|4[14]              29.0      8803.2293     3.12465   12.923    9.594E+02     174   1.317E+02   0.000E+00   0.000E+00
Rovibration_vJ|3[36]              73.0      8830.4630     3.12384   12.919    9.597E+02     175   1.003E+02   0.000E+00   0.000E+00
Rovibration_vJ|4[15]              31.0      8858.7224     3.12299   12.916    9.600E+02     176   1.316E+02   0.000E+00   0.000E+00
Rovibration_vJ|4[16]              33.0      8917.9029     3.12122   12.908    9.605E+02     177   1.316E+02   0.000E+00   0.000E+00
Rovibration_vJ|3[37]              75.0      8967.6068     3.11973   12.902    9.610E+02     178   1.003E+02   0.000E+00   0.000E+00
Rovibration_vJ|4[17]              35.0      8980.7685     3.11933   12.901    9.611E+02     179   1.316E+02   0.000E+00   0.000E+00
Rovibration_vJ|4[18]              37.0      9047.3166     3.11734   12.892    9.617E+02     180   1.315E+02   0.000E+00   0.000E+00
Rovibration_vJ|3[38]              77.0      9108.3878     3.11551   12.885    9.623E+02     181   1.002E+02   0.000E+00   0.000E+00
Rovibration_vJ|4[19]              39.0      9117.5446     3.11523   12.884    9.623E+02     182   1.315E+02   0.000E+00   0.000E+00
Rovibration_vJ|4[20]              41.0      9191.4498     3.11302   12.874    9.630E+02     183   1.314E+02   0.000E+00   0.000E+00
Rovibration_vJ|3[39]              79.0      9252.8002     3.11118   12.867    9.636E+02     184   1.001E+02   0.000E+00   0.000E+00
Rovibration_vJ|4[21]              43.0      9269.0292     3.11069   12.865    9.637E+02     185   1.314E+02   0.000E+00   0.000E+00
Rovibration_vJ|4[22]              45.0      9350.2797     3.10825   12.855    9.645E+02     186   1.314E+02   0.000E+00   0.000E+00
Rovibration_vJ|3[40]              81.0      9400.8385     3.10674   12.848    9.650E+02     187   6.053E+01   0.000E+00   0.000E+00
Rovibration_vJ|4[23]              47.0      9435.1981     3.10571   12.844    9.653E+02     188   1.313E+02   0.000E+00   0.000E+00
Rovibration_vJ|4[24]              49.0      9523.7810     3.10305   12.833    9.661E+02     189   1.313E+02   0.000E+00   0.000E+00
Rovibration_vJ|4[25]              51.0      9616.0249     3.10029   12.822    9.670E+02     190   1.312E+02   0.000E+00   0.000E+00
Rovibration_vJ|4[26]              53.0      9711.9262     3.09741   12.810    9.679E+02     191   1.312E+02   0.000E+00   0.000E+00
Rovibration_vJ|4[27]              55.0      9811.4810     3.09443   12.798    9.688E+02     192   1.311E+02   0.000E+00   0.000E+00
Rovibration_vJ|4[28]              57.0      9914.6854     3.09133   12.785    9.698E+02     193   1.310E+02   0.000E+00   0.000E+00
Rovibration_vJ|4[29]              59.0     10021.5353     3.08813   12.771    9.708E+02     194   1.310E+02   0.000E+00   0.000E+00
Rovibration_vJ|4[30]              61.0     10132.0265     3.08482   12.758    9.718E+02     195   1.309E+02   0.000E+00   0.000E+00
Rovibration_vJ|4[31]              63.0     10246.1544     3.08140   12.744    9.729E+02     196   1.309E+02   0.000E+00   0.000E+00
Rovibration_vJ|4[32]              65.0     10363.9147     3.07787   12.729    9.740E+02     197   1.308E+02   0.000E+00   0.000E+00
Rovibration_vJ|5[0]                1.0     10452.2222     3.07522   12.718    9.749E+02     198   1.609E+02   0.000E+00   0.000E+00
Rovibration_vJ|5[1]                3.0     10455.8922     3.07511   12.718    9.749E+02     199   1.608E+02   0.000E+00   0.000E+00
Rovibration_vJ|5[2]                5.0     10463.2321     3.07489   12.717    9.750E+02     200   1.608E+02   0.000E+00   0.000E+00
Rovibration_vJ|5[3]                7.0     10474.2416     3.07456   12.715    9.751E+02     201   1.608E+02   0.000E+00   0.000E+00
Rovibration_vJ|4[33]              67.0     10485.3027     3.07423   12.714    9.752E+02     202   1.307E+02   0.000E+00   0.000E+00
Rovibration_vJ|5[4]                9.0     10488.9202     3.07412   12.714    9.752E+02     203   1.608E+02   0.000E+00   0.000E+00
Rovibration_vJ|5[5]               11.0     10507.2674     3.07357   12.711    9.754E+02     204   1.608E+02   0.000E+00   0.000E+00
Rovibration_vJ|5[6]               13.0     10529.2825     3.07291   12.709    9.756E+02     205   1.608E+02   0.000E+00   0.000E+00
Rovibration_vJ|5[7]               15.0     10554.9644     3.07214   12.705    9.758E+02     206   1.608E+02   0.000E+00   0.000E+00
Rovibration_vJ|5[8]               17.0     10584.3123     3.07126   12.702    9.761E+02     207   1.608E+02   0.000E+00   0.000E+00
Rovibration_vJ|4[34]              69.0     10610.3134     3.07048   12.698    9.764E+02     208   1.307E+02   0.000E+00   0.000E+00
Rovibration_vJ|5[9]               19.0     10617.3249     3.07027   12.698    9.764E+02     209   1.607E+02   0.000E+00   0.000E+00
Rovibration_vJ|5[10]              21.0     10654.0010     3.06917   12.693    9.768E+02     210   1.607E+02   0.000E+00   0.000E+00
Rovibration_vJ|5[11]              23.0     10694.3389     3.06796   12.688    9.772E+02     211   1.607E+02   0.000E+00   0.000E+00
Rovibration_vJ|5[12]              25.0     10738.3373     3.06664   12.683    9.776E+02     212   1.606E+02   0.000E+00   0.000E+00
Rovibration_vJ|4[35]              71.0     10738.9420     3.06662   12.683    9.776E+02     213   1.306E+02   0.000E+00   0.000E+00
Rovibration_vJ|5[13]              27.0     10785.9941     3.06521   12.677    9.780E+02     214   1.606E+02   0.000E+00   0.000E+00
Rovibration_vJ|5[14]              29.0     10837.3077     3.06367   12.670    9.785E+02     215   1.606E+02   0.000E+00   0.000E+00
Rovibration_vJ|4[36]              73.0     10871.1833     3.06266   12.666    9.789E+02     216   1.305E+02   0.000E+00   0.000E+00
Rovibration_vJ|5[15]              31.0     10892.2759     3.06203   12.664    9.791E+02     217   1.605E+02   0.000E+00   0.000E+00
Rovibration_vJ|5[16]              33.0     10950.8964     3.06027   12.656    9.796E+02     218   1.605E+02   0.000E+00   0.000E+00
Rovibration_vJ|4[37]              75.0     11007.0321     3.05859   12.649    9.802E+02     219   1.304E+02   0.000E+00   0.000E+00
Rovibration_vJ|5[17]              35.0     11013.1671     3.05840   12.649    9.802E+02     220   1.605E+02   0.000E+00   0.000E+00
Rovibration_vJ|5[18]              37.0     11079.0852     3.05643   12.640    9.809E+02     221   1.604E+02   0.000E+00   0.000E+00
Rovibration_vJ|4[38]              77.0     11146.4829     3.05441   12.632    9.815E+02     222   1.303E+02   0.000E+00   0.000E+00
Rovibration_vJ|5[19]              39.0     11148.6484     3.05434   12.632    9.815E+02     223   1.604E+02   0.000E+00   0.000E+00
Rovibration_vJ|5[20]              41.0     11221.8536     3.05215   12.623    9.822E+02     224   1.603E+02   0.000E+00   0.000E+00
Rovibration_vJ|4[39]              79.0     11289.5302     3.05012   12.614    9.829E+02     225   1.302E+02   0.000E+00   0.000E+00
Rovibration_vJ|5[21]              43.0     11298.6981     3.04984   12.613    9.830E+02     226   1.603E+02   0.000E+00   0.000E+00
Rovibration_vJ|5[22]              45.0     11379.1786     3.04743   12.603    9.838E+02     227   1.602E+02   0.000E+00   0.000E+00
Rovibration_vJ|4[40]              81.0     11436.1684     3.04572   12.596    9.843E+02     228   7.873E+01   0.000E+00   0.000E+00
Rovibration_vJ|5[23]              47.0     11463.2921     3.04491   12.593    9.846E+02     229   1.601E+02   0.000E+00   0.000E+00
Rovibration_vJ|5[24]              49.0     11551.0351     3.04228   12.582    9.854E+02     230   1.601E+02   0.000E+00   0.000E+00
Rovibration_vJ|5[25]              51.0     11642.4041     3.03954   12.571    9.863E+02     231   1.600E+02   0.000E+00   0.000E+00
Rovibration_vJ|5[26]              53.0     11737.3955     3.03669   12.559    9.872E+02     232   1.600E+02   0.000E+00   0.000E+00
Rovibration_vJ|5[27]              55.0     11836.0053     3.03373   12.547    9.882E+02     233   1.599E+02   0.000E+00   0.000E+00
Rovibration_vJ|5[28]              57.0     11938.2298     3.03067   12.534    9.892E+02     234   1.598E+02   0.000E+00   0.000E+00
Rovibration_vJ|5[29]              59.0     12044.0648     3.02750   12.521    9.902E+02     235   1.597E+02   0.000E+00   0.000E+00
Rovibration_vJ|5[30]              61.0     12153.5059     3.02422   12.507    9.913E+02     236   1.597E+02   0.000E+00   0.000E+00
Rovibration_vJ|5[31]              63.0     12266.5490     3.02083   12.493    9.924E+02     237   1.596E+02   0.000E+00   0.000E+00
Rovibration_vJ|5[32]              65.0     12383.1893     3.01733   12.479    9.936E+02     238   1.595E+02   0.000E+00   0.000E+00
Rovibration_vJ|6[0]                1.0     12463.7686     3.01491   12.469    9.944E+02     239   1.883E+02   0.000E+00   0.000E+00
Rovibration_vJ|6[1]                3.0     12467.4037     3.01481   12.468    9.944E+02     240   1.884E+02   0.000E+00   0.000E+00
Rovibration_vJ|6[2]                5.0     12474.6736     3.01459   12.467    9.945E+02     241   1.883E+02   0.000E+00   0.000E+00
Rovibration_vJ|6[3]                7.0     12485.5781     3.01426   12.466    9.946E+02     242   1.883E+02   0.000E+00   0.000E+00
Rovibration_vJ|6[4]                9.0     12500.1168     3.01382   12.464    9.947E+02     243   1.883E+02   0.000E+00   0.000E+00
Rovibration_vJ|5[33]              67.0     12503.4223     3.01373   12.464    9.948E+02     244   1.594E+02   0.000E+00   0.000E+00
Rovibration_vJ|6[5]               11.0     12518.2890     3.01328   12.462    9.949E+02     245   1.883E+02   0.000E+00   0.000E+00
Rovibration_vJ|6[6]               13.0     12540.0941     3.01263   12.459    9.951E+02     246   1.883E+02   0.000E+00   0.000E+00
Rovibration_vJ|6[7]               15.0     12565.5311     3.01186   12.456    9.954E+02     247   1.882E+02   0.000E+00   0.000E+00
Rovibration_vJ|6[8]               17.0     12594.5991     3.01099   12.452    9.957E+02     248   1.882E+02   0.000E+00   0.000E+00
Rovibration_vJ|5[34]              69.0     12627.2430     3.01001   12.448    9.960E+02     249   1.593E+02   0.000E+00   0.000E+00
Rovibration_vJ|6[9]               19.0     12627.2968     3.01001   12.448    9.960E+02     250   1.882E+02   0.000E+00   0.000E+00
Rovibration_vJ|6[10]              21.0     12663.6229     3.00892   12.444    9.963E+02     251   1.882E+02   0.000E+00   0.000E+00
Rovibration_vJ|6[11]              23.0     12703.5760     3.00772   12.439    9.967E+02     252   1.881E+02   0.000E+00   0.000E+00
Rovibration_vJ|6[12]              25.0     12747.1544     3.00642   12.434    9.972E+02     253   1.881E+02   0.000E+00   0.000E+00
Rovibration_vJ|5[35]              71.0     12754.6466     3.00619   12.433    9.972E+02     254   1.592E+02   0.000E+00   0.000E+00
Rovibration_vJ|6[13]              27.0     12794.3564     3.00500   12.428    9.976E+02     255   1.881E+02   0.000E+00   0.000E+00
Rovibration_vJ|6[14]              29.0     12845.1800     3.00348   12.421    9.982E+02     256   1.880E+02   0.000E+00   0.000E+00
Rovibration_vJ|5[36]              73.0     12885.6279     3.00227   12.416    9.986E+02     257   1.591E+02   0.000E+00   0.000E+00
Rovibration_vJ|6[15]              31.0     12899.6233     3.00185   12.415    9.987E+02     258   1.880E+02   0.000E+00   0.000E+00
Rovibration_vJ|6[16]              33.0     12957.6840     3.00011   12.407    9.993E+02     259   1.879E+02   0.000E+00   0.000E+00
Rovibration_vJ|6[17]              35.0     13019.3598     2.99826   12.400    9.999E+02     260   1.879E+02   0.000E+00   0.000E+00
Rovibration_vJ|5[37]              75.0     13020.1816     2.99823   12.400    9.999E+02     261   1.590E+02   0.000E+00   0.000E+00
Rovibration_vJ|6[18]              37.0     13084.6481     2.99630   12.392    1.001E+03     262   1.878E+02   0.000E+00   0.000E+00
Rovibration_vJ|6[19]              39.0     13153.5463     2.99424   12.383    1.001E+03     263   1.877E+02   0.000E+00   0.000E+00
Rovibration_vJ|5[38]              77.0     13158.3024     2.99409   12.383    1.001E+03     264   1.589E+02   0.000E+00   0.000E+00
Rovibration_vJ|6[20]              41.0     13226.0517     2.99206   12.374    1.002E+03     265   1.877E+02   0.000E+00   0.000E+00
Rovibration_vJ|5[39]              79.0     13299.9847     2.98984   12.365    1.003E+03     266   1.588E+02   0.000E+00   0.000E+00
Rovibration_vJ|6[21]              43.0     13302.1613     2.98978   12.365    1.003E+03     267   1.876E+02   0.000E+00   0.000E+00
Rovibration_vJ|6[22]              45.0     13381.8721     2.98739   12.355    1.004E+03     268   1.876E+02   0.000E+00   0.000E+00
Rovibration_vJ|5[40]              81.0     13445.2228     2.98549   12.347    1.004E+03     269   9.600E+01   0.000E+00   0.000E+00
Rovibration_vJ|6[23]              47.0     13465.1807     2.98489   12.345    1.004E+03     270   1.875E+02   0.000E+00   0.000E+00
Rovibration_vJ|6[24]              49.0     13552.0838     2.98229   12.334    1.005E+03     271   1.874E+02   0.000E+00   0.000E+00
Rovibration_vJ|6[25]              51.0     13642.5780     2.97957   12.323    1.006E+03     272   1.873E+02   0.000E+00   0.000E+00
Rovibration_vJ|6[26]              53.0     13736.6595     2.97675   12.311    1.007E+03     273   1.873E+02   0.000E+00   0.000E+00
Rovibration_vJ|6[27]              55.0     13834.3245     2.97383   12.299    1.008E+03     274   1.872E+02   0.000E+00   0.000E+00
Rovibration_vJ|6[28]              57.0     13935.5691     2.97079   12.286    1.009E+03     275   1.871E+02   0.000E+00   0.000E+00
Rovibration_vJ|6[29]              59.0     14040.3892     2.96765   12.273    1.010E+03     276   1.870E+02   0.000E+00   0.000E+00
Rovibration_vJ|6[30]              61.0     14148.7805     2.96440   12.260    1.011E+03     277   1.869E+02   0.000E+00   0.000E+00
Rovibration_vJ|6[31]              63.0     14260.7387     2.96104   12.246    1.012E+03     278   1.868E+02   0.000E+00   0.000E+00
Rovibration_vJ|6[32]              65.0     14376.2591     2.95758   12.232    1.014E+03     279   1.867E+02   0.000E+00   0.000E+00
Rovibration_vJ|7[0]                1.0     14449.1813     2.95539   12.223    1.014E+03     280   2.161E+02   0.000E+00   0.000E+00
Rovibration_vJ|7[1]                3.0     14452.7814     2.95528   12.222    1.014E+03     281   2.160E+02   0.000E+00   0.000E+00
Rovibration_vJ|7[2]                5.0     14459.9813     2.95507   12.221    1.015E+03     282   2.160E+02   0.000E+00   0.000E+00
Rovibration_vJ|7[3]                7.0     14470.7809     2.95475   12.220    1.015E+03     283   2.161E+02   0.000E+00   0.000E+00
Rovibration_vJ|7[4]                9.0     14485.1796     2.95431   12.218    1.015E+03     284   2.160E+02   0.000E+00   0.000E+00
Rovibration_vJ|6[33]              67.0     14495.3372     2.95401   12.217    1.015E+03     285   1.866E+02   0.000E+00   0.000E+00
Rovibration_vJ|7[5]               11.0     14503.1769     2.95377   12.216    1.015E+03     286   2.160E+02   0.000E+00   0.000E+00
Rovibration_vJ|7[6]               13.0     14524.7721     2.95313   12.213    1.015E+03     287   2.160E+02   0.000E+00   0.000E+00
Rovibration_vJ|7[7]               15.0     14549.9642     2.95237   12.210    1.015E+03     288   2.160E+02   0.000E+00   0.000E+00
Rovibration_vJ|7[8]               17.0     14578.7522     2.95151   12.206    1.016E+03     289   2.159E+02   0.000E+00   0.000E+00
Rovibration_vJ|7[9]               19.0     14611.1350     2.95054   12.202    1.016E+03     290   2.159E+02   0.000E+00   0.000E+00
Rovibration_vJ|6[34]              69.0     14617.9681     2.95033   12.202    1.016E+03     291   1.865E+02   0.000E+00   0.000E+00
Rovibration_vJ|7[10]              21.0     14647.1113     2.94946   12.198    1.016E+03     292   2.159E+02   0.000E+00   0.000E+00
Rovibration_vJ|7[11]              23.0     14686.6795     2.94827   12.193    1.017E+03     293   2.158E+02   0.000E+00   0.000E+00
Rovibration_vJ|7[12]              25.0     14729.8381     2.94698   12.188    1.017E+03     294   2.158E+02   0.000E+00   0.000E+00
Rovibration_vJ|6[35]              71.0     14744.1467     2.94655   12.186    1.017E+03     295   1.864E+02   0.000E+00   0.000E+00
Rovibration_vJ|7[13]              27.0     14776.5852     2.94558   12.182    1.018E+03     296   2.157E+02   0.000E+00   0.000E+00
Rovibration_vJ|7[14]              29.0     14826.9191     2.94407   12.176    1.018E+03     297   2.157E+02   0.000E+00   0.000E+00
Rovibration_vJ|6[36]              73.0     14873.8681     2.94266   12.170    1.019E+03     298   1.863E+02   0.000E+00   0.000E+00
Rovibration_vJ|7[15]              31.0     14880.8375     2.94245   12.169    1.019E+03     299   2.156E+02   0.000E+00   0.000E+00
Rovibration_vJ|7[16]              33.0     14938.3384     2.94073   12.162    1.019E+03     300   2.156E+02   0.000E+00   0.000E+00
Rovibration_vJ|7[17]              35.0     14999.4194     2.93890   12.154    1.020E+03     301   2.156E+02   0.000E+00   0.000E+00
Rovibration_vJ|6[37]              75.0     15007.1269     2.93867   12.153    1.020E+03     302   1.861E+02   0.000E+00   0.000E+00
Rovibration_vJ|7[18]              37.0     15064.0779     2.93696   12.146    1.021E+03     303   2.155E+02   0.000E+00   0.000E+00
Rovibration_vJ|7[19]              39.0     15132.3114     2.93491   12.138    1.021E+03     304   2.154E+02   0.000E+00   0.000E+00
Rovibration_vJ|6[38]              77.0     15143.9177     2.93457   12.136    1.022E+03     305   1.860E+02   0.000E+00   0.000E+00
Rovibration_vJ|7[20]              41.0     15204.1170     2.93276   12.129    1.022E+03     306   2.153E+02   0.000E+00   0.000E+00
Rovibration_vJ|7[21]              43.0     15279.4918     2.93050   12.120    1.023E+03     307   2.152E+02   0.000E+00   0.000E+00
Rovibration_vJ|6[39]              79.0     15284.2350     2.93036   12.119    1.023E+03     308   1.858E+02   0.000E+00   0.000E+00
Rovibration_vJ|7[22]              45.0     15358.4327     2.92813   12.110    1.024E+03     309   2.152E+02   0.000E+00   0.000E+00
Rovibration_vJ|6[40]              81.0     15428.0731     2.92605   12.101    1.025E+03     310   1.123E+02   0.000E+00   0.000E+00
Rovibration_vJ|7[23]              47.0     15440.9366     2.92566   12.100    1.025E+03     311   2.151E+02   0.000E+00   0.000E+00
Rovibration_vJ|7[24]              49.0     15527.0000     2.92308   12.089    1.026E+03     312   2.150E+02   0.000E+00   0.000E+00
Rovibration_vJ|7[25]              51.0     15616.6194     2.92039   12.078    1.027E+03     313   2.149E+02   0.000E+00   0.000E+00
Rovibration_vJ|7[26]              53.0     15709.7911     2.91760   12.066    1.028E+03     314   2.148E+02   0.000E+00   0.000E+00
Rovibration_vJ|7[27]              55.0     15806.5114     2.91470   12.054    1.029E+03     315   2.147E+02   0.000E+00   0.000E+00
Rovibration_vJ|7[28]              57.0     15906.7762     2.91170   12.042    1.030E+03     316   2.146E+02   0.000E+00   0.000E+00
Rovibration_vJ|7[29]              59.0     16010.5815     2.90858   12.029    1.031E+03     317   2.145E+02   0.000E+00   0.000E+00
Rovibration_vJ|7[30]              61.0     16117.9231     2.90536   12.016    1.032E+03     318   2.144E+02   0.000E+00   0.000E+00
Rovibration_vJ|7[31]              63.0     16228.7965     2.90204   12.002    1.033E+03     319   2.143E+02   0.000E+00   0.000E+00
Rovibration_vJ|7[32]              65.0     16343.1971     2.89861   11.988    1.034E+03     320   2.141E+02   0.000E+00   0.000E+00
Rovibration_vJ|8[0]                1.0     16408.5346     2.89665   11.980    1.035E+03     321   2.409E+02   0.000E+00   0.000E+00
Rovibration_vJ|8[1]                3.0     16412.0997     2.89655   11.979    1.035E+03     322   2.410E+02   0.000E+00   0.000E+00
Rovibration_vJ|8[2]                5.0     16419.2297     2.89633   11.978    1.035E+03     323   2.409E+02   0.000E+00   0.000E+00
Rovibration_vJ|8[3]                7.0     16429.9243     2.89601   11.977    1.035E+03     324   2.409E+02   0.000E+00   0.000E+00
Rovibration_vJ|8[4]                9.0     16444.1831     2.89558   11.975    1.035E+03     325   2.409E+02   0.000E+00   0.000E+00
Rovibration_vJ|7[33]              67.0     16461.1204     2.89508   11.973    1.036E+03     326   2.140E+02   0.000E+00   0.000E+00
Rovibration_vJ|8[5]               11.0     16462.0055     2.89505   11.973    1.036E+03     327   2.410E+02   0.000E+00   0.000E+00
Rovibration_vJ|8[6]               13.0     16483.3907     2.89441   11.970    1.036E+03     328   2.409E+02   0.000E+00   0.000E+00
Rovibration_vJ|8[7]               15.0     16508.3380     2.89366   11.967    1.036E+03     329   2.409E+02   0.000E+00   0.000E+00
Rovibration_vJ|8[8]               17.0     16536.8462     2.89281   11.964    1.036E+03     330   2.409E+02   0.000E+00   0.000E+00
Rovibration_vJ|8[9]               19.0     16568.9141     2.89184   11.960    1.037E+03     331   2.408E+02   0.000E+00   0.000E+00
Rovibration_vJ|7[34]              69.0     16582.5615     2.89144   11.958    1.037E+03     332   2.139E+02   0.000E+00   0.000E+00
Rovibration_vJ|8[10]              21.0     16604.5405     2.89078   11.955    1.037E+03     333   2.407E+02   0.000E+00   0.000E+00
Rovibration_vJ|8[11]              23.0     16643.7239     2.88960   11.950    1.037E+03     334   2.406E+02   0.000E+00   0.000E+00
Rovibration_vJ|8[12]              25.0     16686.4627     2.88832   11.945    1.038E+03     335   2.406E+02   0.000E+00   0.000E+00
Rovibration_vJ|7[35]              71.0     16707.5153     2.88769   11.943    1.038E+03     336   2.138E+02   0.000E+00   0.000E+00
Rovibration_vJ|8[13]              27.0     16732.7551     2.88693   11.939    1.038E+03     337   2.406E+02   0.000E+00   0.000E+00
Rovibration_vJ|8[14]              29.0     16782.5992     2.88544   11.933    1.039E+03     338   2.406E+02   0.000E+00   0.000E+00
Rovibration_vJ|7[36]              73.0     16835.9768     2.88384   11.927    1.040E+03     339   2.136E+02   0.000E+00   0.000E+00
Rovibration_vJ|8[15]              31.0     16835.9929     2.88384   11.927    1.040E+03     340   2.404E+02   0.000E+00   0.000E+00
Rovibration_vJ|8[16]              33.0     16892.9340     2.88213   11.920    1.040E+03     341   2.404E+02   0.000E+00   0.000E+00
Rovibration_vJ|8[17]              35.0     16953.4202     2.88032   11.912    1.041E+03     342   2.404E+02   0.000E+00   0.000E+00
Rovibration_vJ|7[37]              75.0     16967.9408     2.87988   11.910    1.041E+03     343   2.135E+02   0.000E+00   0.000E+00
Rovibration_vJ|8[18]              37.0     17017.4491     2.87840   11.904    1.042E+03     344   2.403E+02   0.000E+00   0.000E+00
Rovibration_vJ|8[19]              39.0     17085.0178     2.87637   11.896    1.042E+03     345   2.402E+02   0.000E+00   0.000E+00
Rovibration_vJ|7[38]              77.0     17103.4017     2.87582   11.893    1.042E+03     346   2.134E+02   0.000E+00   0.000E+00
Rovibration_vJ|8[20]              41.0     17156.1237     2.87424   11.887    1.043E+03     347   2.400E+02   0.000E+00   0.000E+00
Rovibration_vJ|8[21]              43.0     17230.7639     2.87200   11.878    1.044E+03     348   2.400E+02   0.000E+00   0.000E+00
Rovibration_vJ|7[39]              79.0     17242.3542     2.87166   11.876    1.044E+03     349   2.132E+02   0.000E+00   0.000E+00
Rovibration_vJ|8[22]              45.0     17308.9351     2.86966   11.868    1.045E+03     350   2.399E+02   0.000E+00   0.000E+00
Rovibration_vJ|7[40]              81.0     17384.7923     2.86739   11.859    1.046E+03     351   1.289E+02   0.000E+00   0.000E+00
Rovibration_vJ|8[23]              47.0     17390.6343     2.86721   11.858    1.046E+03     352   2.398E+02   0.000E+00   0.000E+00
Rovibration_vJ|8[24]              49.0     17475.8580     2.86465   11.847    1.047E+03     353   2.397E+02   0.000E+00   0.000E+00
Rovibration_vJ|8[25]              51.0     17564.6028     2.86199   11.836    1.047E+03     354   2.396E+02   0.000E+00   0.000E+00
Rovibration_vJ|8[26]              53.0     17656.8648     2.85923   11.825    1.049E+03     355   2.395E+02   0.000E+00   0.000E+00
Rovibration_vJ|8[27]              55.0     17752.6405     2.85636   11.813    1.050E+03     356   2.394E+02   0.000E+00   0.000E+00
Rovibration_vJ|8[28]              57.0     17851.9256     2.85338   11.801    1.051E+03     357   2.392E+02   0.000E+00   0.000E+00
Rovibration_vJ|8[29]              59.0     17954.7163     2.85030   11.788    1.052E+03     358   2.392E+02   0.000E+00   0.000E+00
Rovibration_vJ|8[30]              61.0     18061.0082     2.84711   11.775    1.053E+03     359   2.390E+02   0.000E+00   0.000E+00
Rovibration_vJ|8[31]              63.0     18170.7969     2.84382   11.761    1.054E+03     360   2.389E+02   0.000E+00   0.000E+00
Rovibration_vJ|8[32]              65.0     18284.0779     2.84043   11.747    1.055E+03     361   2.388E+02   0.000E+00   0.000E+00
Rovibration_vJ|9[0]                1.0     18341.9044     2.83869   11.740    1.056E+03     362   2.645E+02   0.000E+00   0.000E+00
Rovibration_vJ|9[1]                3.0     18345.4345     2.83859   11.739    1.056E+03     363   2.645E+02   0.000E+00   0.000E+00
Rovibration_vJ|9[2]                5.0     18352.4945     2.83837   11.739    1.056E+03     364   2.644E+02   0.000E+00   0.000E+00
Rovibration_vJ|9[3]                7.0     18363.0842     2.83806   11.737    1.056E+03     365   2.644E+02   0.000E+00   0.000E+00
Rovibration_vJ|9[4]                9.0     18377.2031     2.83763   11.736    1.056E+03     366   2.644E+02   0.000E+00   0.000E+00
Rovibration_vJ|9[5]               11.0     18394.8506     2.83710   11.733    1.057E+03     367   2.644E+02   0.000E+00   0.000E+00
Rovibration_vJ|8[33]              67.0     18400.8465     2.83692   11.733    1.057E+03     368   2.386E+02   0.000E+00   0.000E+00
Rovibration_vJ|9[6]               13.0     18416.0260     2.83647   11.731    1.057E+03     369   2.643E+02   0.000E+00   0.000E+00
Rovibration_vJ|9[7]               15.0     18440.7284     2.83573   11.728    1.057E+03     370   2.643E+02   0.000E+00   0.000E+00
Rovibration_vJ|9[8]               17.0     18468.9568     2.83488   11.724    1.058E+03     371   2.644E+02   0.000E+00   0.000E+00
Rovibration_vJ|9[9]               19.0     18500.7100     2.83393   11.720    1.058E+03     372   2.643E+02   0.000E+00   0.000E+00
Rovibration_vJ|8[34]              69.0     18521.0978     2.83332   11.718    1.058E+03     373   2.385E+02   0.000E+00   0.000E+00
Rovibration_vJ|9[10]              21.0     18535.9866     2.83287   11.716    1.058E+03     374   2.642E+02   0.000E+00   0.000E+00
Rovibration_vJ|9[11]              23.0     18574.7853     2.83171   11.711    1.059E+03     375   2.642E+02   0.000E+00   0.000E+00
Rovibration_vJ|9[12]              25.0     18617.1043     2.83044   11.706    1.059E+03     376   2.640E+02   0.000E+00   0.000E+00
Rovibration_vJ|8[35]              71.0     18644.8270     2.82961   11.702    1.059E+03     377   2.383E+02   0.000E+00   0.000E+00
Rovibration_vJ|9[13]              27.0     18662.9420     2.82907   11.700    1.060E+03     378   2.641E+02   0.000E+00   0.000E+00
Rovibration_vJ|9[14]              29.0     18712.2963     2.82759   11.694    1.060E+03     379   2.639E+02   0.000E+00   0.000E+00
Rovibration_vJ|9[15]              31.0     18765.1654     2.82600   11.687    1.061E+03     380   2.639E+02   0.000E+00   0.000E+00
Rovibration_vJ|8[36]              73.0     18772.0288     2.82580   11.687    1.061E+03     381   2.382E+02   0.000E+00   0.000E+00
Rovibration_vJ|9[16]              33.0     18821.5468     2.82431   11.680    1.061E+03     382   2.638E+02   0.000E+00   0.000E+00
Rovibration_vJ|9[17]              35.0     18881.4384     2.82252   11.673    1.062E+03     383   2.637E+02   0.000E+00   0.000E+00
Rovibration_vJ|8[37]              75.0     18902.6980     2.82188   11.670    1.062E+03     384   2.380E+02   0.000E+00   0.000E+00
Rovibration_vJ|9[18]              37.0     18944.8376     2.82062   11.665    1.063E+03     385   2.637E+02   0.000E+00   0.000E+00
Rovibration_vJ|9[19]              39.0     19011.7418     2.81861   11.657    1.064E+03     386   2.636E+02   0.000E+00   0.000E+00
Rovibration_vJ|8[38]              77.0     19036.8292     2.81786   11.654    1.064E+03     387   2.378E+02   0.000E+00   0.000E+00
Rovibration_vJ|9[20]              41.0     19082.1481     2.81650   11.648    1.064E+03     388   2.635E+02   0.000E+00   0.000E+00
Rovibration_vJ|9[21]              43.0     19156.0536     2.81428   11.639    1.065E+03     389   2.634E+02   0.000E+00   0.000E+00
Rovibration_vJ|8[39]              79.0     19174.4168     2.81373   11.637    1.065E+03     390   2.376E+02   0.000E+00   0.000E+00
Rovibration_vJ|9[22]              45.0     19233.4553     2.81196   11.629    1.066E+03     391   2.633E+02   0.000E+00   0.000E+00
Rovibration_vJ|9[23]              47.0     19314.3499     2.80954   11.619    1.067E+03     392   2.632E+02   0.000E+00   0.000E+00
Rovibration_vJ|8[40]              81.0     19315.4552     2.80950   11.619    1.067E+03     393   1.437E+02   0.000E+00   0.000E+00
Rovibration_vJ|9[24]              49.0     19398.7341     2.80701   11.609    1.068E+03     394   2.631E+02   0.000E+00   0.000E+00
Rovibration_vJ|9[25]              51.0     19486.6043     2.80437   11.598    1.069E+03     395   2.630E+02   0.000E+00   0.000E+00
Rovibration_vJ|9[26]              53.0     19577.9568     2.80164   11.587    1.070E+03     396   2.629E+02   0.000E+00   0.000E+00
Rovibration_vJ|9[27]              55.0     19672.7879     2.79879   11.575    1.071E+03     397   2.627E+02   0.000E+00   0.000E+00
Rovibration_vJ|9[28]              57.0     19771.0935     2.79585   11.563    1.072E+03     398   2.626E+02   0.000E+00   0.000E+00
Rovibration_vJ|9[29]              59.0     19872.8696     2.79279   11.550    1.073E+03     399   2.625E+02   0.000E+00   0.000E+00
Rovibration_vJ|9[30]              61.0     19978.1120     2.78964   11.537    1.075E+03     400   2.623E+02   0.000E+00   0.000E+00
Rovibration_vJ|9[31]              63.0     20086.8162     2.78638   11.524    1.076E+03     401   2.621E+02   0.000E+00   0.000E+00
Rovibration_vJ|9[32]              65.0     20198.9776     2.78302   11.510    1.077E+03     402   2.620E+02   0.000E+00   0.000E+00
Rovibration_vJ|10[0]               1.0     20249.3682     2.78151   11.503    1.078E+03     403   2.867E+02   0.000E+00   0.000E+00
Rovibration_vJ|10[1]               3.0     20252.8634     2.78140   11.503    1.078E+03     404   2.866E+02   0.000E+00   0.000E+00
Rovibration_vJ|10[2]               5.0     20259.8534     2.78119   11.502    1.078E+03     405   2.867E+02   0.000E+00   0.000E+00
Rovibration_vJ|10[3]               7.0     20270.3382     2.78088   11.501    1.078E+03     406   2.866E+02   0.000E+00   0.000E+00
Rovibration_vJ|10[4]               9.0     20284.3172     2.78046   11.499    1.078E+03     407   2.866E+02   0.000E+00   0.000E+00
Rovibration_vJ|10[5]              11.0     20301.7899     2.77994   11.497    1.078E+03     408   2.866E+02   0.000E+00   0.000E+00
Rovibration_vJ|9[33]              67.0     20314.5916     2.77955   11.495    1.079E+03     409   2.619E+02   0.000E+00   0.000E+00
Rovibration_vJ|10[6]              13.0     20322.7555     2.77931   11.494    1.079E+03     410   2.865E+02   0.000E+00   0.000E+00
Rovibration_vJ|10[7]              15.0     20347.2131     2.77857   11.491    1.079E+03     411   2.866E+02   0.000E+00   0.000E+00
Rovibration_vJ|10[8]              17.0     20375.1617     2.77774   11.488    1.079E+03     412   2.865E+02   0.000E+00   0.000E+00
Rovibration_vJ|10[9]              19.0     20406.6001     2.77679   11.484    1.080E+03     413   2.864E+02   0.000E+00   0.000E+00
Rovibration_vJ|9[34]              69.0     20433.6534     2.77598   11.481    1.080E+03     414   2.617E+02   0.000E+00   0.000E+00
Rovibration_vJ|10[10]             21.0     20441.5270     2.77575   11.480    1.080E+03     415   2.864E+02   0.000E+00   0.000E+00
Rovibration_vJ|10[11]             23.0     20479.9410     2.77459   11.475    1.080E+03     416   2.863E+02   0.000E+00   0.000E+00
Rovibration_vJ|10[12]             25.0     20521.8403     2.77334   11.470    1.081E+03     417   2.862E+02   0.000E+00   0.000E+00
Rovibration_vJ|9[35]              71.0     20556.1580     2.77231   11.465    1.081E+03     418   2.615E+02   0.000E+00   0.000E+00
Rovibration_vJ|10[13]             27.0     20567.2234     2.77198   11.464    1.082E+03     419   2.862E+02   0.000E+00   0.000E+00
Rovibration_vJ|10[14]             29.0     20616.0881     2.77051   11.458    1.082E+03     420   2.861E+02   0.000E+00   0.000E+00
Rovibration_vJ|10[15]             31.0     20668.4326     2.76894   11.451    1.083E+03     421   2.860E+02   0.000E+00   0.000E+00
Rovibration_vJ|9[36]              73.0     20682.1002     2.76853   11.450    1.083E+03     422   2.614E+02   0.000E+00   0.000E+00
Rovibration_vJ|10[16]             33.0     20724.2545     2.76727   11.445    1.083E+03     423   2.859E+02   0.000E+00   0.000E+00
Rovibration_vJ|10[17]             35.0     20783.5515     2.76549   11.437    1.084E+03     424   2.859E+02   0.000E+00   0.000E+00
Rovibration_vJ|9[37]              75.0     20811.4748     2.76466   11.434    1.084E+03     425   2.611E+02   0.000E+00   0.000E+00
Rovibration_vJ|10[18]             37.0     20846.3211     2.76361   11.429    1.085E+03     426   2.858E+02   0.000E+00   0.000E+00
Rovibration_vJ|10[19]             39.0     20912.5608     2.76162   11.421    1.086E+03     427   2.857E+02   0.000E+00   0.000E+00
Rovibration_vJ|9[38]              77.0     20944.2763     2.76067   11.417    1.086E+03     428   2.610E+02   0.000E+00   0.000E+00
Rovibration_vJ|10[20]             41.0     20982.2676     2.75953   11.413    1.086E+03     429   2.856E+02   0.000E+00   0.000E+00
Rovibration_vJ|10[21]             43.0     21055.4387     2.75734   11.403    1.087E+03     430   2.855E+02   0.000E+00   0.000E+00
Rovibration_vJ|9[39]              79.0     21080.4993     2.75659   11.400    1.088E+03     431   2.608E+02   0.000E+00   0.000E+00
Rovibration_vJ|10[22]             45.0     21132.0709     2.75504   11.394    1.088E+03     432   2.854E+02   0.000E+00   0.000E+00
Rovibration_vJ|10[23]             47.0     21212.1611     2.75264   11.384    1.089E+03     433   2.853E+02   0.000E+00   0.000E+00
Rovibration_vJ|9[40]              81.0     21220.1380     2.75240   11.383    1.089E+03     434   1.576E+02   0.000E+00   0.000E+00
Rovibration_vJ|10[24]             49.0     21295.7058     2.75014   11.374    1.090E+03     435   2.851E+02   0.000E+00   0.000E+00
Rovibration_vJ|10[25]             51.0     21382.7015     2.74753   11.363    1.091E+03     436   2.850E+02   0.000E+00   0.000E+00
Rovibration_vJ|10[26]             53.0     21473.1446     2.74482   11.352    1.092E+03     437   2.849E+02   0.000E+00   0.000E+00
Rovibration_vJ|10[27]             55.0     21567.0313     2.74200   11.340    1.093E+03     438   2.848E+02   0.000E+00   0.000E+00
Rovibration_vJ|10[28]             57.0     21664.3575     2.73909   11.328    1.094E+03     439   2.846E+02   0.000E+00   0.000E+00
Rovibration_vJ|10[29]             59.0     21765.1193     2.73607   11.315    1.096E+03     440   2.845E+02   0.000E+00   0.000E+00
Rovibration_vJ|10[30]             61.0     21869.3122     2.73294   11.303    1.097E+03     441   2.842E+02   0.000E+00   0.000E+00
Rovibration_vJ|10[31]             63.0     21976.9319     2.72972   11.289    1.098E+03     442   2.842E+02   0.000E+00   0.000E+00
Rovibration_vJ|10[32]             65.0     22087.9740     2.72639   11.275    1.100E+03     443   2.839E+02   0.000E+00   0.000E+00
Rovibration_vJ|10[33]             67.0     22202.4336     2.72296   11.261    1.101E+03     444   2.837E+02   0.000E+00   0.000E+00
Rovibration_vJ|10[34]             69.0     22320.3060     2.71942   11.247    1.102E+03     445   2.836E+02   0.000E+00   0.000E+00
Rovibration_vJ|10[35]             71.0     22441.5861     2.71579   11.232    1.104E+03     446   2.834E+02   0.000E+00   0.000E+00
Rovibration_vJ|10[36]             73.0     22566.2688     2.71205   11.216    1.105E+03     447   2.832E+02   0.000E+00   0.000E+00
Rovibration_vJ|10[37]             75.0     22694.3490     2.70821   11.200    1.107E+03     448   2.830E+02   0.000E+00   0.000E+00
Rovibration_vJ|10[38]             77.0     22825.8210     2.70427   11.184    1.109E+03     449   2.828E+02   0.000E+00   0.000E+00
Rovibration_vJ|10[39]             79.0     22960.6795     2.70022   11.167    1.110E+03     450   2.825E+02   0.000E+00   0.000E+00
Rovibration_vJ|10[40]             81.0     23098.9186     2.69608   11.150    1.112E+03     451   1.708E+02   0.000E+00   0.000E+00


 ****************************************************************************************

 oscillator strengths

 ****************************************************************************************

  Transition                                                      f           A          Lam(A)      i-j    Trans. #

Rovibration_vJ|0[0]         -Rovibration_vJ|0[1]             2.1925E-08  7.2070E-08   2.601E+07       1-   2        1
Rovibration_vJ|0[0]         -Rovibration_vJ|1[1]             1.1659E-05  1.1950E+01   4.657E+04       1-  35        2
Rovibration_vJ|0[0]         -Rovibration_vJ|2[1]             8.6264E-08  3.4870E-01   2.345E+04       1-  76        3
Rovibration_vJ|0[0]         -Rovibration_vJ|3[1]             5.1375E-10  4.6120E-03   1.574E+04       1- 117        4
Rovibration_vJ|0[0]         -Rovibration_vJ|4[1]             1.7663E-12  2.7830E-05   1.188E+04       1- 158        5
Rovibration_vJ|0[0]         -Rovibration_vJ|5[1]             4.3978E-15  1.0690E-07   9.564E+03       1- 199        6
Rovibration_vJ|0[0]         -Rovibration_vJ|6[1]             2.8131E-15  9.7220E-08   8.021E+03       1- 240        7
Rovibration_vJ|0[0]         -Rovibration_vJ|7[1]             1.2732E-16  5.9130E-09   6.919E+03       1- 281        8
Rovibration_vJ|0[0]         -Rovibration_vJ|8[1]             1.2567E-16  7.5260E-09   6.093E+03       1- 322        9
Rovibration_vJ|0[0]         -Rovibration_vJ|9[1]             2.2985E-16  1.7200E-08   5.451E+03       1- 363       10
Rovibration_vJ|0[0]         -Rovibration_vJ|10[1]            1.1107E-16  1.0130E-08   4.938E+03       1- 404       11
Rovibration_vJ|0[1]         -Rovibration_vJ|0[2]             2.9214E-08  6.9140E-07   1.300E+07       2-   3       12
Rovibration_vJ|0[1]         -Rovibration_vJ|1[0]             3.8715E-06  3.5460E+01   4.674E+04       2-  34       13
Rovibration_vJ|0[1]         -Rovibration_vJ|1[2]             7.7884E-06  1.4420E+01   4.649E+04       2-  37       14
Rovibration_vJ|0[1]         -Rovibration_vJ|2[0]             2.8414E-08  1.0300E+00   2.350E+04       2-  75       15
Rovibration_vJ|0[1]         -Rovibration_vJ|2[2]             5.7871E-08  4.2180E-01   2.343E+04       2-  77       16
Rovibration_vJ|0[1]         -Rovibration_vJ|3[0]             1.6699E-10  1.3460E-02   1.576E+04       2- 116       17
Rovibration_vJ|0[1]         -Rovibration_vJ|3[2]             3.4684E-10  5.6110E-03   1.573E+04       2- 118       18
Rovibration_vJ|0[1]         -Rovibration_vJ|4[0]             5.5068E-13  7.7950E-05   1.189E+04       2- 157       19
Rovibration_vJ|0[1]         -Rovibration_vJ|4[2]             1.2175E-12  3.4560E-05   1.187E+04       2- 159       20
Rovibration_vJ|0[1]         -Rovibration_vJ|5[0]             1.7958E-15  3.9230E-07   9.571E+03       2- 198       21
Rovibration_vJ|0[1]         -Rovibration_vJ|5[2]             2.6220E-15  1.1480E-07   9.561E+03       2- 200       22
Rovibration_vJ|0[1]         -Rovibration_vJ|6[0]             9.8144E-16  3.0490E-07   8.026E+03       2- 239       23
Rovibration_vJ|0[1]         -Rovibration_vJ|6[2]             1.8316E-15  1.1400E-07   8.019E+03       2- 241       24
Rovibration_vJ|0[1]         -Rovibration_vJ|7[0]             4.4161E-17  1.8440E-08   6.923E+03       2- 280       25
Rovibration_vJ|0[1]         -Rovibration_vJ|7[2]             8.3384E-17  6.9740E-09   6.917E+03       2- 282       26
Rovibration_vJ|0[1]         -Rovibration_vJ|8[0]             4.1521E-17  2.2360E-08   6.096E+03       2- 321       27
Rovibration_vJ|0[1]         -Rovibration_vJ|8[2]             8.3973E-17  9.0560E-09   6.092E+03       2- 323       28
Rovibration_vJ|0[1]         -Rovibration_vJ|9[0]             7.6397E-17  5.1410E-08   5.453E+03       2- 362       29
Rovibration_vJ|0[1]         -Rovibration_vJ|9[2]             1.5333E-16  2.0660E-08   5.450E+03       2- 364       30
Rovibration_vJ|0[1]         -Rovibration_vJ|10[0]            3.6905E-17  3.0270E-08   4.939E+03       2- 403       31
Rovibration_vJ|0[1]         -Rovibration_vJ|10[2]            7.4173E-17  1.2180E-08   4.937E+03       2- 405       32
Rovibration_vJ|0[2]         -Rovibration_vJ|0[3]             3.9392E-08  2.4970E-06   8.670E+06       3-   4       33
Rovibration_vJ|0[2]         -Rovibration_vJ|1[1]             4.6371E-06  2.3510E+01   4.683E+04       3-  35       34
Rovibration_vJ|0[2]         -Rovibration_vJ|1[3]             7.0260E-06  1.5540E+01   4.641E+04       3-  38       35
Rovibration_vJ|0[2]         -Rovibration_vJ|2[1]             3.3892E-08  6.8130E-01   2.352E+04       3-  76       36
Rovibration_vJ|0[2]         -Rovibration_vJ|2[3]             5.2394E-08  4.5540E-01   2.341E+04       3-  79       37
Rovibration_vJ|0[2]         -Rovibration_vJ|3[1]             1.9791E-10  8.8510E-03   1.577E+04       3- 117       38
Rovibration_vJ|0[2]         -Rovibration_vJ|3[3]             3.1613E-10  6.0950E-03   1.572E+04       3- 120       39
Rovibration_vJ|0[2]         -Rovibration_vJ|4[1]             6.3882E-13  5.0190E-05   1.190E+04       3- 158       40
Rovibration_vJ|0[2]         -Rovibration_vJ|4[3]             1.1322E-12  3.8290E-05   1.187E+04       3- 160       41
Rovibration_vJ|0[2]         -Rovibration_vJ|5[1]             2.3658E-15  2.8690E-07   9.575E+03       3- 199       42
Rovibration_vJ|0[2]         -Rovibration_vJ|5[3]             2.0937E-15  1.0920E-07   9.558E+03       3- 201       43
Rovibration_vJ|0[2]         -Rovibration_vJ|6[1]             1.2042E-15  2.0770E-07   8.028E+03       3- 240       44
Rovibration_vJ|0[2]         -Rovibration_vJ|6[3]             1.6092E-15  1.1930E-07   8.017E+03       3- 242       45
Rovibration_vJ|0[2]         -Rovibration_vJ|7[1]             5.4174E-17  1.2560E-08   6.925E+03       3- 281       46
Rovibration_vJ|0[2]         -Rovibration_vJ|7[3]             7.3838E-17  7.3550E-09   6.916E+03       3- 283       47
Rovibration_vJ|0[2]         -Rovibration_vJ|8[1]             4.9494E-17  1.4800E-08   6.097E+03       3- 322       48
Rovibration_vJ|0[2]         -Rovibration_vJ|8[3]             7.5651E-17  9.7160E-09   6.091E+03       3- 324       49
Rovibration_vJ|0[2]         -Rovibration_vJ|9[1]             9.1495E-17  3.4190E-08   5.454E+03       3- 363       50
Rovibration_vJ|0[2]         -Rovibration_vJ|9[3]             1.3804E-16  2.2150E-08   5.449E+03       3- 365       51
Rovibration_vJ|0[2]         -Rovibration_vJ|10[1]            4.4261E-17  2.0160E-08   4.940E+03       3- 404       52
Rovibration_vJ|0[2]         -Rovibration_vJ|10[3]            6.6942E-17  1.3090E-08   4.936E+03       3- 406       53
Rovibration_vJ|0[3]         -Rovibration_vJ|0[4]             4.9952E-08  6.1290E-06   6.503E+06       4-   5       54
Rovibration_vJ|0[3]         -Rovibration_vJ|1[2]             4.9585E-06  2.1040E+01   4.691E+04       4-  37       55
Rovibration_vJ|0[3]         -Rovibration_vJ|1[4]             6.7034E-06  1.6200E+01   4.633E+04       4-  39       56
Rovibration_vJ|0[3]         -Rovibration_vJ|2[2]             3.6098E-08  6.0840E-01   2.354E+04       4-  77       57
Rovibration_vJ|0[3]         -Rovibration_vJ|2[4]             5.0210E-08  4.7600E-01   2.339E+04       4-  80       58
Rovibration_vJ|0[3]         -Rovibration_vJ|3[2]             2.0941E-10  7.8570E-03   1.578E+04       4- 118       59
Rovibration_vJ|0[3]         -Rovibration_vJ|3[4]             3.0495E-10  6.4090E-03   1.571E+04       4- 121       60
Rovibration_vJ|0[3]         -Rovibration_vJ|4[2]             6.6145E-13  4.3610E-05   1.190E+04       4- 159       61
Rovibration_vJ|0[3]         -Rovibration_vJ|4[4]             1.1144E-12  4.1070E-05   1.186E+04       4- 162       62
Rovibration_vJ|0[3]         -Rovibration_vJ|5[2]             2.7686E-15  2.8180E-07   9.578E+03       4- 200       63
Rovibration_vJ|0[3]         -Rovibration_vJ|5[4]             1.7554E-15  9.9750E-08   9.555E+03       4- 203       64
Rovibration_vJ|0[3]         -Rovibration_vJ|6[2]             1.3192E-15  1.9100E-07   8.031E+03       4- 241       65
Rovibration_vJ|0[3]         -Rovibration_vJ|6[4]             1.4957E-15  1.2080E-07   8.015E+03       4- 243       66
Rovibration_vJ|0[3]         -Rovibration_vJ|7[2]             5.9394E-17  1.1560E-08   6.927E+03       4- 282       67
Rovibration_vJ|0[3]         -Rovibration_vJ|7[4]             6.9285E-17  7.5180E-09   6.915E+03       4- 284       68
Rovibration_vJ|0[3]         -Rovibration_vJ|8[2]             5.2620E-17  1.3210E-08   6.099E+03       4- 323       69
Rovibration_vJ|0[3]         -Rovibration_vJ|8[4]             7.2054E-17  1.0080E-08   6.090E+03       4- 325       70
Rovibration_vJ|0[3]         -Rovibration_vJ|9[2]             9.7788E-17  3.0680E-08   5.456E+03       4- 364       71
Rovibration_vJ|0[3]         -Rovibration_vJ|9[4]             1.3143E-16  2.2970E-08   5.448E+03       4- 366       72
Rovibration_vJ|0[3]         -Rovibration_vJ|10[2]            4.7433E-17  1.8140E-08   4.941E+03       4- 405       73
Rovibration_vJ|0[3]         -Rovibration_vJ|10[4]            6.3998E-17  1.3630E-08   4.936E+03       4- 407       74
Rovibration_vJ|0[4]         -Rovibration_vJ|0[5]             6.0600E-08  1.2220E-05   5.202E+06       5-   6       75
Rovibration_vJ|0[4]         -Rovibration_vJ|1[3]             5.1308E-06  1.9920E+01   4.700E+04       5-  38       76
Rovibration_vJ|0[4]         -Rovibration_vJ|1[5]             6.5271E-06  1.6650E+01   4.625E+04       5-  40       77
Rovibration_vJ|0[4]         -Rovibration_vJ|2[3]             3.7214E-08  5.7490E-01   2.356E+04       5-  79       78
Rovibration_vJ|0[4]         -Rovibration_vJ|2[5]             4.9114E-08  4.9060E-01   2.337E+04       5-  81       79
Rovibration_vJ|0[4]         -Rovibration_vJ|3[3]             2.1449E-10  7.3810E-03   1.579E+04       5- 120       80
Rovibration_vJ|0[4]         -Rovibration_vJ|3[5]             3.0025E-10  6.6450E-03   1.570E+04       5- 122       81
Rovibration_vJ|0[4]         -Rovibration_vJ|4[3]             6.6278E-13  4.0090E-05   1.191E+04       5- 160       82
Rovibration_vJ|0[4]         -Rovibration_vJ|4[5]             1.1191E-12  4.3420E-05   1.186E+04       5- 163       83
Rovibration_vJ|0[4]         -Rovibration_vJ|5[3]             3.1221E-15  2.9160E-07   9.582E+03       5- 201       84
Rovibration_vJ|0[4]         -Rovibration_vJ|5[5]             1.4868E-15  8.8930E-08   9.552E+03       5- 204       85
Rovibration_vJ|0[4]         -Rovibration_vJ|6[3]             1.3976E-15  1.8570E-07   8.034E+03       5- 242       86
Rovibration_vJ|0[4]         -Rovibration_vJ|6[5]             1.4189E-15  1.2060E-07   8.013E+03       5- 245       87
Rovibration_vJ|0[4]         -Rovibration_vJ|7[3]             6.3091E-17  1.1270E-08   6.929E+03       5- 283       88
Rovibration_vJ|0[4]         -Rovibration_vJ|7[5]             6.6479E-17  7.5910E-09   6.913E+03       5- 286       89
Rovibration_vJ|0[4]         -Rovibration_vJ|8[3]             5.4031E-17  1.2450E-08   6.101E+03       5- 324       90
Rovibration_vJ|0[4]         -Rovibration_vJ|8[5]             6.9902E-17  1.0290E-08   6.089E+03       5- 327       91
Rovibration_vJ|0[4]         -Rovibration_vJ|9[3]             1.0112E-16  2.9120E-08   5.457E+03       5- 365       92
Rovibration_vJ|0[4]         -Rovibration_vJ|9[5]             1.2774E-16  2.3490E-08   5.448E+03       5- 367       93
Rovibration_vJ|0[4]         -Rovibration_vJ|10[3]            4.9196E-17  1.7270E-08   4.943E+03       5- 406       94
Rovibration_vJ|0[4]         -Rovibration_vJ|10[5]            6.2431E-17  1.3990E-08   4.935E+03       5- 408       95
Rovibration_vJ|0[5]         -Rovibration_vJ|0[6]             7.1204E-08  2.1380E-05   4.336E+06       6-   7       96
Rovibration_vJ|0[5]         -Rovibration_vJ|1[4]             5.2382E-06  1.9260E+01   4.709E+04       6-  39       97
Rovibration_vJ|0[5]         -Rovibration_vJ|1[6]             6.4224E-06  1.7000E+01   4.618E+04       6-  41       98
Rovibration_vJ|0[5]         -Rovibration_vJ|2[4]             3.7838E-08  5.5460E-01   2.358E+04       6-  80       99
Rovibration_vJ|0[5]         -Rovibration_vJ|2[6]             4.8516E-08  5.0200E-01   2.336E+04       6-  82      100
Rovibration_vJ|0[5]         -Rovibration_vJ|3[4]             2.1666E-10  7.0780E-03   1.580E+04       6- 121      101
Rovibration_vJ|0[5]         -Rovibration_vJ|3[6]             2.9859E-10  6.8410E-03   1.570E+04       6- 123      102
Rovibration_vJ|0[5]         -Rovibration_vJ|4[4]             6.5494E-13  3.7620E-05   1.191E+04       6- 162      103
Rovibration_vJ|0[5]         -Rovibration_vJ|4[6]             1.1349E-12  4.5570E-05   1.186E+04       6- 164      104
Rovibration_vJ|0[5]         -Rovibration_vJ|5[4]             3.4585E-15  3.0680E-07   9.587E+03       6- 203      105
Rovibration_vJ|0[5]         -Rovibration_vJ|5[6]             1.2571E-15  7.7800E-08   9.550E+03       6- 205      106
Rovibration_vJ|0[5]         -Rovibration_vJ|6[4]             1.4602E-15  1.8430E-07   8.037E+03       6- 243      107
Rovibration_vJ|0[5]         -Rovibration_vJ|6[6]             1.3577E-15  1.1940E-07   8.011E+03       6- 246      108
Rovibration_vJ|0[5]         -Rovibration_vJ|7[4]             6.6177E-17  1.1230E-08   6.931E+03       6- 284      109
Rovibration_vJ|0[5]         -Rovibration_vJ|7[6]             6.4506E-17  7.6200E-09   6.912E+03       6- 287      110
Rovibration_vJ|0[5]         -Rovibration_vJ|8[4]             5.4680E-17  1.1970E-08   6.103E+03       6- 325      111
Rovibration_vJ|0[5]         -Rovibration_vJ|8[6]             6.8427E-17  1.0420E-08   6.088E+03       6- 328      112
Rovibration_vJ|0[5]         -Rovibration_vJ|9[4]             1.0307E-16  2.8200E-08   5.459E+03       6- 366      113
Rovibration_vJ|0[5]         -Rovibration_vJ|9[6]             1.2528E-16  2.3830E-08   5.447E+03       6- 369      114
Rovibration_vJ|0[5]         -Rovibration_vJ|10[4]            5.0370E-17  1.6800E-08   4.944E+03       6- 407      115
Rovibration_vJ|0[5]         -Rovibration_vJ|10[6]            6.1565E-17  1.4270E-08   4.935E+03       6- 410      116
Rovibration_vJ|0[6]         -Rovibration_vJ|0[7]             8.1787E-08  3.4230E-05   3.717E+06       7-   8      117
Rovibration_vJ|0[6]         -Rovibration_vJ|1[5]             5.3079E-06  1.8800E+01   4.718E+04       7-  40      118
Rovibration_vJ|0[6]         -Rovibration_vJ|1[7]             6.3526E-06  1.7280E+01   4.610E+04       7-  42      119
Rovibration_vJ|0[6]         -Rovibration_vJ|2[5]             3.8191E-08  5.4020E-01   2.361E+04       7-  81      120
Rovibration_vJ|0[6]         -Rovibration_vJ|2[7]             4.8189E-08  5.1150E-01   2.334E+04       7-  83      121
Rovibration_vJ|0[6]         -Rovibration_vJ|3[5]             2.1731E-10  6.8550E-03   1.581E+04       7- 122      122
Rovibration_vJ|0[6]         -Rovibration_vJ|3[7]             2.9856E-10  7.0130E-03   1.569E+04       7- 124      123
Rovibration_vJ|0[6]         -Rovibration_vJ|4[5]             6.4220E-13  3.5630E-05   1.192E+04       7- 163      124
Rovibration_vJ|0[6]         -Rovibration_vJ|4[7]             1.1569E-12  4.7610E-05   1.185E+04       7- 165      125
Rovibration_vJ|0[6]         -Rovibration_vJ|5[5]             3.7889E-15  3.2470E-07   9.591E+03       7- 204      126
Rovibration_vJ|0[6]         -Rovibration_vJ|5[7]             1.0542E-15  6.6860E-08   9.547E+03       7- 206      127
Rovibration_vJ|0[6]         -Rovibration_vJ|6[5]             1.5138E-15  1.8460E-07   8.040E+03       7- 245      128
Rovibration_vJ|0[6]         -Rovibration_vJ|6[7]             1.3062E-15  1.1770E-07   8.010E+03       7- 247      129
Rovibration_vJ|0[6]         -Rovibration_vJ|7[5]             6.9036E-17  1.1320E-08   6.934E+03       7- 286      130
Rovibration_vJ|0[6]         -Rovibration_vJ|7[7]             6.3035E-17  7.6290E-09   6.911E+03       7- 288      131
Rovibration_vJ|0[6]         -Rovibration_vJ|8[5]             5.4837E-17  1.1600E-08   6.105E+03       7- 327      132
Rovibration_vJ|0[6]         -Rovibration_vJ|8[7]             6.7241E-17  1.0490E-08   6.087E+03       7- 329      133
Rovibration_vJ|0[6]         -Rovibration_vJ|9[5]             1.0427E-16  2.7570E-08   5.460E+03       7- 367      134
Rovibration_vJ|0[6]         -Rovibration_vJ|9[7]             1.2347E-16  2.4060E-08   5.447E+03       7- 370      135
Rovibration_vJ|0[6]         -Rovibration_vJ|10[5]            5.1190E-17  1.6500E-08   4.945E+03       7- 408      136
Rovibration_vJ|0[6]         -Rovibration_vJ|10[7]            6.1026E-17  1.4490E-08   4.934E+03       7- 411      137
Rovibration_vJ|0[7]         -Rovibration_vJ|0[8]             9.2284E-08  5.1350E-05   3.252E+06       8-   9      138
Rovibration_vJ|0[7]         -Rovibration_vJ|1[6]             5.3558E-06  1.8450E+01   4.727E+04       8-  41      139
Rovibration_vJ|0[7]         -Rovibration_vJ|1[8]             6.3056E-06  1.7520E+01   4.602E+04       8-  44      140
Rovibration_vJ|0[7]         -Rovibration_vJ|2[6]             3.8390E-08  5.2910E-01   2.363E+04       8-  82      141
Rovibration_vJ|0[7]         -Rovibration_vJ|2[8]             4.8027E-08  5.1980E-01   2.332E+04       8-  84      142
Rovibration_vJ|0[7]         -Rovibration_vJ|3[6]             2.1704E-10  6.6750E-03   1.582E+04       8- 123      143
Rovibration_vJ|0[7]         -Rovibration_vJ|3[8]             2.9953E-10  7.1700E-03   1.568E+04       8- 125      144
Rovibration_vJ|0[7]         -Rovibration_vJ|4[6]             6.2690E-13  3.3920E-05   1.193E+04       8- 164      145
Rovibration_vJ|0[7]         -Rovibration_vJ|4[8]             1.1830E-12  4.9600E-05   1.185E+04       8- 166      146
Rovibration_vJ|0[7]         -Rovibration_vJ|5[6]             4.1200E-15  3.4440E-07   9.595E+03       8- 205      147
Rovibration_vJ|0[7]         -Rovibration_vJ|5[8]             8.7276E-16  5.6380E-08   9.545E+03       8- 207      148
Rovibration_vJ|0[7]         -Rovibration_vJ|6[6]             1.5619E-15  1.8580E-07   8.043E+03       8- 246      149
Rovibration_vJ|0[7]         -Rovibration_vJ|6[8]             1.2608E-15  1.1570E-07   8.008E+03       8- 248      150
Rovibration_vJ|0[7]         -Rovibration_vJ|7[6]             7.1762E-17  1.1480E-08   6.936E+03       8- 287      151
Rovibration_vJ|0[7]         -Rovibration_vJ|7[8]             6.1898E-17  7.6290E-09   6.910E+03       8- 289      152
Rovibration_vJ|0[7]         -Rovibration_vJ|8[6]             5.4702E-17  1.1290E-08   6.107E+03       8- 328      153
Rovibration_vJ|0[7]         -Rovibration_vJ|8[8]             6.6221E-17  1.0520E-08   6.087E+03       8- 330      154
Rovibration_vJ|0[7]         -Rovibration_vJ|9[6]             1.0497E-16  2.7080E-08   5.462E+03       8- 369      155
Rovibration_vJ|0[7]         -Rovibration_vJ|9[8]             1.2206E-16  2.4220E-08   5.446E+03       8- 371      156
Rovibration_vJ|0[7]         -Rovibration_vJ|10[6]            5.1857E-17  1.6310E-08   4.947E+03       8- 410      157
Rovibration_vJ|0[7]         -Rovibration_vJ|10[8]            6.0763E-17  1.4690E-08   4.934E+03       8- 412      158
Rovibration_vJ|0[8]         -Rovibration_vJ|0[9]             1.0267E-07  7.3300E-05   2.891E+06       9-  10      159
Rovibration_vJ|0[8]         -Rovibration_vJ|1[7]             5.3908E-06  1.8170E+01   4.736E+04       9-  42      160
Rovibration_vJ|0[8]         -Rovibration_vJ|1[9]             6.2690E-06  1.7720E+01   4.595E+04       9-  45      161
Rovibration_vJ|0[8]         -Rovibration_vJ|2[7]             3.8492E-08  5.2000E-01   2.366E+04       9-  83      162
Rovibration_vJ|0[8]         -Rovibration_vJ|2[9]             4.7974E-08  5.2730E-01   2.330E+04       9-  86      163
Rovibration_vJ|0[8]         -Rovibration_vJ|3[7]             2.1619E-10  6.5210E-03   1.583E+04       9- 124      164
Rovibration_vJ|0[8]         -Rovibration_vJ|3[9]             3.0117E-10  7.3170E-03   1.567E+04       9- 127      165
Rovibration_vJ|0[8]         -Rovibration_vJ|4[7]             6.1016E-13  3.2390E-05   1.193E+04       9- 165      166
Rovibration_vJ|0[8]         -Rovibration_vJ|4[9]             1.2122E-12  5.1570E-05   1.184E+04       9- 168      167
Rovibration_vJ|0[8]         -Rovibration_vJ|5[7]             4.4535E-15  3.6530E-07   9.600E+03       9- 206      168
Rovibration_vJ|0[8]         -Rovibration_vJ|5[9]             7.1016E-16  4.6540E-08   9.543E+03       9- 209      169
Rovibration_vJ|0[8]         -Rovibration_vJ|6[7]             1.6069E-15  1.8760E-07   8.047E+03       9- 247      170
Rovibration_vJ|0[8]         -Rovibration_vJ|6[9]             1.2182E-15  1.1340E-07   8.007E+03       9- 250      171
Rovibration_vJ|0[8]         -Rovibration_vJ|7[7]             7.4518E-17  1.1700E-08   6.939E+03       9- 288      172
Rovibration_vJ|0[8]         -Rovibration_vJ|7[9]             6.1012E-17  7.6270E-09   6.910E+03       9- 290      173
Rovibration_vJ|0[8]         -Rovibration_vJ|8[7]             5.4300E-17  1.1000E-08   6.109E+03       9- 329      174
Rovibration_vJ|0[8]         -Rovibration_vJ|8[9]             6.5232E-17  1.0510E-08   6.086E+03       9- 331      175
Rovibration_vJ|0[8]         -Rovibration_vJ|9[7]             1.0536E-16  2.6680E-08   5.464E+03       9- 370      176
Rovibration_vJ|0[8]         -Rovibration_vJ|9[9]             1.2086E-16  2.4320E-08   5.446E+03       9- 372      177
Rovibration_vJ|0[8]         -Rovibration_vJ|10[7]            5.2408E-17  1.6180E-08   4.948E+03       9- 411      178
Rovibration_vJ|0[8]         -Rovibration_vJ|10[9]            6.0652E-17  1.4870E-08   4.934E+03       9- 413      179
Rovibration_vJ|0[9]         -Rovibration_vJ|0[10]            1.1289E-07  1.0060E-04   2.602E+06      10-  11      180
Rovibration_vJ|0[9]         -Rovibration_vJ|1[8]             5.4154E-06  1.7930E+01   4.745E+04      10-  44      181
Rovibration_vJ|0[9]         -Rovibration_vJ|1[10]            6.2459E-06  1.7910E+01   4.588E+04      10-  46      182
Rovibration_vJ|0[9]         -Rovibration_vJ|2[8]             3.8519E-08  5.1210E-01   2.368E+04      10-  84      183
Rovibration_vJ|0[9]         -Rovibration_vJ|2[10]            4.7993E-08  5.3420E-01   2.328E+04      10-  87      184
Rovibration_vJ|0[9]         -Rovibration_vJ|3[8]             2.1500E-10  6.3860E-03   1.584E+04      10- 125      185
Rovibration_vJ|0[9]         -Rovibration_vJ|3[10]            3.0331E-10  7.4580E-03   1.567E+04      10- 128      186
Rovibration_vJ|0[9]         -Rovibration_vJ|4[8]             5.9268E-13  3.0990E-05   1.194E+04      10- 166      187
Rovibration_vJ|0[9]         -Rovibration_vJ|4[10]            1.2437E-12  5.3530E-05   1.184E+04      10- 169      188
Rovibration_vJ|0[9]         -Rovibration_vJ|5[8]             4.7915E-15  3.8720E-07   9.605E+03      10- 207      189
Rovibration_vJ|0[9]         -Rovibration_vJ|5[10]            5.6490E-16  3.7450E-08   9.541E+03      10- 210      190
Rovibration_vJ|0[9]         -Rovibration_vJ|6[8]             1.6500E-15  1.8980E-07   8.050E+03      10- 248      191
Rovibration_vJ|0[9]         -Rovibration_vJ|6[10]            1.1778E-15  1.1090E-07   8.006E+03      10- 251      192
Rovibration_vJ|0[9]         -Rovibration_vJ|7[8]             7.7241E-17  1.1950E-08   6.942E+03      10- 289      193
Rovibration_vJ|0[9]         -Rovibration_vJ|7[10]            6.0324E-17  7.6270E-09   6.909E+03      10- 292      194
Rovibration_vJ|0[9]         -Rovibration_vJ|8[8]             5.3750E-17  1.0730E-08   6.111E+03      10- 330      195
Rovibration_vJ|0[9]         -Rovibration_vJ|8[10]            6.4317E-17  1.0480E-08   6.086E+03      10- 333      196
Rovibration_vJ|0[9]         -Rovibration_vJ|9[8]             1.0551E-16  2.6330E-08   5.466E+03      10- 371      197
Rovibration_vJ|0[9]         -Rovibration_vJ|9[10]            1.1980E-16  2.4380E-08   5.446E+03      10- 374      198
Rovibration_vJ|0[9]         -Rovibration_vJ|10[8]            5.2915E-17  1.6100E-08   4.950E+03      10- 412      199
Rovibration_vJ|0[9]         -Rovibration_vJ|10[10]           6.0623E-17  1.5030E-08   4.934E+03      10- 415      200
Rovibration_vJ|0[10]        -Rovibration_vJ|0[11]            1.2309E-07  1.3390E-04   2.366E+06      11-  12      201
Rovibration_vJ|0[10]        -Rovibration_vJ|1[9]             5.4303E-06  1.7710E+01   4.755E+04      11-  45      202
Rovibration_vJ|0[10]        -Rovibration_vJ|1[11]            6.2283E-06  1.8080E+01   4.580E+04      11-  47      203
Rovibration_vJ|0[10]        -Rovibration_vJ|2[9]             3.8500E-08  5.0510E-01   2.371E+04      11-  86      204
Rovibration_vJ|0[10]        -Rovibration_vJ|2[11]            4.8067E-08  5.4070E-01   2.327E+04      11-  88      205
Rovibration_vJ|0[10]        -Rovibration_vJ|3[9]             2.1351E-10  6.2620E-03   1.585E+04      11- 127      206
Rovibration_vJ|0[10]        -Rovibration_vJ|3[11]            3.0578E-10  7.5940E-03   1.566E+04      11- 129      207
Rovibration_vJ|0[10]        -Rovibration_vJ|4[9]             5.7488E-13  2.9690E-05   1.195E+04      11- 168      208
Rovibration_vJ|0[10]        -Rovibration_vJ|4[11]            1.2773E-12  5.5510E-05   1.184E+04      11- 170      209
Rovibration_vJ|0[10]        -Rovibration_vJ|5[9]             5.1346E-15  4.0990E-07   9.610E+03      11- 209      210
Rovibration_vJ|0[10]        -Rovibration_vJ|5[11]            4.3630E-16  2.9200E-08   9.539E+03      11- 211      211
Rovibration_vJ|0[10]        -Rovibration_vJ|6[9]             1.6921E-15  1.9230E-07   8.054E+03      11- 250      212
Rovibration_vJ|0[10]        -Rovibration_vJ|6[11]            1.1406E-15  1.0840E-07   8.005E+03      11- 252      213
Rovibration_vJ|0[10]        -Rovibration_vJ|7[9]             8.0069E-17  1.2240E-08   6.945E+03      11- 290      214
Rovibration_vJ|0[10]        -Rovibration_vJ|7[11]            5.9799E-17  7.6310E-09   6.908E+03      11- 293      215
Rovibration_vJ|0[10]        -Rovibration_vJ|8[9]             5.3026E-17  1.0460E-08   6.113E+03      11- 331      216
Rovibration_vJ|0[10]        -Rovibration_vJ|8[11]            6.3363E-17  1.0420E-08   6.086E+03      11- 334      217
Rovibration_vJ|0[10]        -Rovibration_vJ|9[9]             1.0543E-16  2.6000E-08   5.468E+03      11- 372      218
Rovibration_vJ|0[10]        -Rovibration_vJ|9[11]            1.1881E-16  2.4400E-08   5.446E+03      11- 375      219
Rovibration_vJ|0[10]        -Rovibration_vJ|10[9]            5.3346E-17  1.6040E-08   4.952E+03      11- 413      220
Rovibration_vJ|0[10]        -Rovibration_vJ|10[11]           6.0713E-17  1.5190E-08   4.934E+03      11- 416      221
Rovibration_vJ|0[11]        -Rovibration_vJ|0[12]            1.3304E-07  1.7350E-04   2.169E+06      12-  13      222
Rovibration_vJ|0[11]        -Rovibration_vJ|1[10]            5.4428E-06  1.7520E+01   4.764E+04      12-  46      223
Rovibration_vJ|0[11]        -Rovibration_vJ|1[12]            6.2164E-06  1.8240E+01   4.573E+04      12-  49      224
Rovibration_vJ|0[11]        -Rovibration_vJ|2[10]            3.8450E-08  4.9880E-01   2.373E+04      12-  87      225
Rovibration_vJ|0[11]        -Rovibration_vJ|2[12]            4.8175E-08  5.4680E-01   2.325E+04      12-  90      226
Rovibration_vJ|0[11]        -Rovibration_vJ|3[10]            2.1187E-10  6.1480E-03   1.587E+04      12- 128      227
Rovibration_vJ|0[11]        -Rovibration_vJ|3[12]            3.0857E-10  7.7280E-03   1.565E+04      12- 131      228
Rovibration_vJ|0[11]        -Rovibration_vJ|4[10]            5.5681E-13  2.8460E-05   1.196E+04      12- 169      229
Rovibration_vJ|0[11]        -Rovibration_vJ|4[12]            1.3124E-12  5.7500E-05   1.183E+04      12- 172      230
Rovibration_vJ|0[11]        -Rovibration_vJ|5[10]            5.4833E-15  4.3330E-07   9.615E+03      12- 210      231
Rovibration_vJ|0[11]        -Rovibration_vJ|5[12]            3.2420E-16  2.1870E-08   9.538E+03      12- 212      232
Rovibration_vJ|0[11]        -Rovibration_vJ|6[10]            1.7323E-15  1.9490E-07   8.058E+03      12- 251      233
Rovibration_vJ|0[11]        -Rovibration_vJ|6[12]            1.1035E-15  1.0570E-07   8.004E+03      12- 253      234
Rovibration_vJ|0[11]        -Rovibration_vJ|7[10]            8.3053E-17  1.2570E-08   6.948E+03      12- 292      235
Rovibration_vJ|0[11]        -Rovibration_vJ|7[12]            5.9425E-17  7.6420E-09   6.908E+03      12- 294      236
Rovibration_vJ|0[11]        -Rovibration_vJ|8[10]            5.2224E-17  1.0200E-08   6.116E+03      12- 333      237
Rovibration_vJ|0[11]        -Rovibration_vJ|8[12]            6.2337E-17  1.0330E-08   6.085E+03      12- 335      238
Rovibration_vJ|0[11]        -Rovibration_vJ|9[10]            1.0525E-16  2.5700E-08   5.470E+03      12- 374      239
Rovibration_vJ|0[11]        -Rovibration_vJ|9[12]            1.1791E-16  2.4400E-08   5.446E+03      12- 376      240
Rovibration_vJ|0[11]        -Rovibration_vJ|10[10]           5.3739E-17  1.6000E-08   4.953E+03      12- 415      241
Rovibration_vJ|0[11]        -Rovibration_vJ|10[12]           6.0851E-17  1.5340E-08   4.934E+03      12- 417      242
Rovibration_vJ|0[12]        -Rovibration_vJ|0[13]            1.4287E-07  2.2000E-04   2.003E+06      13-  14      243
Rovibration_vJ|0[12]        -Rovibration_vJ|1[11]            5.4530E-06  1.7350E+01   4.774E+04      13-  47      244
Rovibration_vJ|0[12]        -Rovibration_vJ|1[13]            6.2049E-06  1.8380E+01   4.566E+04      13-  50      245
Rovibration_vJ|0[12]        -Rovibration_vJ|2[11]            3.8369E-08  4.9290E-01   2.376E+04      13-  88      246
Rovibration_vJ|0[12]        -Rovibration_vJ|2[13]            4.8317E-08  5.5270E-01   2.324E+04      13-  91      247
Rovibration_vJ|0[12]        -Rovibration_vJ|3[11]            2.1010E-10  6.0410E-03   1.588E+04      13- 129      248
Rovibration_vJ|0[12]        -Rovibration_vJ|3[13]            3.1156E-10  7.8590E-03   1.565E+04      13- 132      249
Rovibration_vJ|0[12]        -Rovibration_vJ|4[11]            5.3887E-13  2.7300E-05   1.196E+04      13- 170      250
Rovibration_vJ|0[12]        -Rovibration_vJ|4[13]            1.3492E-12  5.9520E-05   1.183E+04      13- 173      251
Rovibration_vJ|0[12]        -Rovibration_vJ|5[11]            5.8389E-15  4.5740E-07   9.620E+03      13- 211      252
Rovibration_vJ|0[12]        -Rovibration_vJ|5[13]            2.2838E-16  1.5510E-08   9.536E+03      13- 214      253
Rovibration_vJ|0[12]        -Rovibration_vJ|6[11]            1.7723E-15  1.9770E-07   8.062E+03      13- 252      254
Rovibration_vJ|0[12]        -Rovibration_vJ|6[13]            1.0683E-15  1.0300E-07   8.003E+03      13- 255      255
Rovibration_vJ|0[12]        -Rovibration_vJ|7[11]            8.6094E-17  1.2920E-08   6.951E+03      13- 293      256
Rovibration_vJ|0[12]        -Rovibration_vJ|7[13]            5.9171E-17  7.6590E-09   6.908E+03      13- 296      257
Rovibration_vJ|0[12]        -Rovibration_vJ|8[11]            5.1277E-17  9.9310E-09   6.118E+03      13- 334      258
Rovibration_vJ|0[12]        -Rovibration_vJ|8[13]            6.1337E-17  1.0230E-08   6.085E+03      13- 337      259
Rovibration_vJ|0[12]        -Rovibration_vJ|9[11]            1.0494E-16  2.5410E-08   5.472E+03      13- 375      260
Rovibration_vJ|0[12]        -Rovibration_vJ|9[13]            1.1697E-16  2.4360E-08   5.446E+03      13- 378      261
Rovibration_vJ|0[12]        -Rovibration_vJ|10[11]           5.4156E-17  1.5990E-08   4.955E+03      13- 416      262
Rovibration_vJ|0[12]        -Rovibration_vJ|10[13]           6.1017E-17  1.5480E-08   4.934E+03      13- 419      263
Rovibration_vJ|0[13]        -Rovibration_vJ|0[14]            1.5253E-07  2.7380E-04   1.860E+06      14-  15      264
Rovibration_vJ|0[13]        -Rovibration_vJ|1[12]            5.4596E-06  1.7190E+01   4.783E+04      14-  49      265
Rovibration_vJ|0[13]        -Rovibration_vJ|1[14]            6.1989E-06  1.8520E+01   4.559E+04      14-  51      266
Rovibration_vJ|0[13]        -Rovibration_vJ|2[12]            3.8270E-08  4.8740E-01   2.378E+04      14-  90      267
Rovibration_vJ|0[13]        -Rovibration_vJ|2[14]            4.8492E-08  5.5850E-01   2.322E+04      14-  92      268
Rovibration_vJ|0[13]        -Rovibration_vJ|3[12]            2.0822E-10  5.9390E-03   1.589E+04      14- 131      269
Rovibration_vJ|0[13]        -Rovibration_vJ|3[14]            3.1474E-10  7.9890E-03   1.564E+04      14- 133      270
Rovibration_vJ|0[13]        -Rovibration_vJ|4[12]            5.2118E-13  2.6200E-05   1.197E+04      14- 172      271
Rovibration_vJ|0[13]        -Rovibration_vJ|4[14]            1.3873E-12  6.1570E-05   1.183E+04      14- 174      272
Rovibration_vJ|0[13]        -Rovibration_vJ|5[12]            6.1996E-15  4.8200E-07   9.626E+03      14- 212      273
Rovibration_vJ|0[13]        -Rovibration_vJ|5[14]            1.4889E-16  1.0170E-08   9.535E+03      14- 215      274
Rovibration_vJ|0[13]        -Rovibration_vJ|6[12]            1.8109E-15  2.0050E-07   8.066E+03      14- 253      275
Rovibration_vJ|0[13]        -Rovibration_vJ|6[14]            1.0334E-15  1.0020E-07   8.003E+03      14- 256      276
Rovibration_vJ|0[13]        -Rovibration_vJ|7[12]            8.9214E-17  1.3290E-08   6.954E+03      14- 294      277
Rovibration_vJ|0[13]        -Rovibration_vJ|7[14]            5.9043E-17  7.6850E-09   6.907E+03      14- 297      278
Rovibration_vJ|0[13]        -Rovibration_vJ|8[12]            5.0238E-17  9.6590E-09   6.121E+03      14- 335      279
Rovibration_vJ|0[13]        -Rovibration_vJ|8[14]            6.0286E-17  1.0110E-08   6.085E+03      14- 338      280
Rovibration_vJ|0[13]        -Rovibration_vJ|9[12]            1.0450E-16  2.5120E-08   5.474E+03      14- 376      281
Rovibration_vJ|0[13]        -Rovibration_vJ|9[14]            1.1605E-16  2.4300E-08   5.446E+03      14- 379      282
Rovibration_vJ|0[13]        -Rovibration_vJ|10[12]           5.4514E-17  1.5980E-08   4.957E+03      14- 417      283
Rovibration_vJ|0[13]        -Rovibration_vJ|10[14]           6.1238E-17  1.5620E-08   4.934E+03      14- 420      284
Rovibration_vJ|0[14]        -Rovibration_vJ|0[15]            1.6200E-07  3.3530E-04   1.736E+06      15-  16      285
Rovibration_vJ|0[14]        -Rovibration_vJ|1[13]            5.4610E-06  1.7030E+01   4.793E+04      15-  50      286
Rovibration_vJ|0[14]        -Rovibration_vJ|1[15]            6.1973E-06  1.8660E+01   4.552E+04      15-  53      287
Rovibration_vJ|0[14]        -Rovibration_vJ|2[13]            3.8156E-08  4.8220E-01   2.381E+04      15-  91      288
Rovibration_vJ|0[14]        -Rovibration_vJ|2[15]            4.8683E-08  5.6410E-01   2.321E+04      15-  94      289
Rovibration_vJ|0[14]        -Rovibration_vJ|3[13]            2.0629E-10  5.8420E-03   1.591E+04      15- 132      290
Rovibration_vJ|0[14]        -Rovibration_vJ|3[15]            3.1812E-10  8.1190E-03   1.564E+04      15- 135      291
Rovibration_vJ|0[14]        -Rovibration_vJ|4[13]            5.0353E-13  2.5140E-05   1.198E+04      15- 173      292
Rovibration_vJ|0[14]        -Rovibration_vJ|4[15]            1.4270E-12  6.3660E-05   1.183E+04      15- 176      293
Rovibration_vJ|0[14]        -Rovibration_vJ|5[13]            6.5674E-15  5.0720E-07   9.632E+03      15- 214      294
Rovibration_vJ|0[14]        -Rovibration_vJ|5[15]            8.6076E-17  5.9090E-09   9.534E+03      15- 217      295
Rovibration_vJ|0[14]        -Rovibration_vJ|6[13]            1.8491E-15  2.0340E-07   8.070E+03      15- 255      296
Rovibration_vJ|0[14]        -Rovibration_vJ|6[15]            9.9991E-16  9.7430E-08   8.002E+03      15- 258      297
Rovibration_vJ|0[14]        -Rovibration_vJ|7[13]            9.2564E-17  1.3700E-08   6.957E+03      15- 296      298
Rovibration_vJ|0[14]        -Rovibration_vJ|7[15]            5.9020E-17  7.7190E-09   6.907E+03      15- 299      299
Rovibration_vJ|0[14]        -Rovibration_vJ|8[13]            4.9112E-17  9.3820E-09   6.124E+03      15- 337      300
Rovibration_vJ|0[14]        -Rovibration_vJ|8[15]            5.9147E-17  9.9660E-09   6.085E+03      15- 340      301
Rovibration_vJ|0[14]        -Rovibration_vJ|9[13]            1.0395E-16  2.4830E-08   5.477E+03      15- 378      302
Rovibration_vJ|0[14]        -Rovibration_vJ|9[15]            1.1508E-16  2.4210E-08   5.446E+03      15- 380      303
Rovibration_vJ|0[14]        -Rovibration_vJ|10[13]           5.4895E-17  1.5990E-08   4.959E+03      15- 419      304
Rovibration_vJ|0[14]        -Rovibration_vJ|10[15]           6.1501E-17  1.5760E-08   4.935E+03      15- 421      305
Rovibration_vJ|0[15]        -Rovibration_vJ|0[16]            1.7125E-07  4.0480E-04   1.628E+06      16-  17      306
Rovibration_vJ|0[15]        -Rovibration_vJ|1[14]            5.4646E-06  1.6890E+01   4.803E+04      16-  51      307
Rovibration_vJ|0[15]        -Rovibration_vJ|1[16]            6.1961E-06  1.8790E+01   4.546E+04      16-  54      308
Rovibration_vJ|0[15]        -Rovibration_vJ|2[14]            3.8028E-08  4.7720E-01   2.384E+04      16-  92      309
Rovibration_vJ|0[15]        -Rovibration_vJ|2[16]            4.8883E-08  5.6950E-01   2.319E+04      16-  95      310
Rovibration_vJ|0[15]        -Rovibration_vJ|3[14]            2.0432E-10  5.7490E-03   1.592E+04      16- 133      311
Rovibration_vJ|0[15]        -Rovibration_vJ|3[16]            3.2161E-10  8.2480E-03   1.563E+04      16- 136      312
Rovibration_vJ|0[15]        -Rovibration_vJ|4[14]            4.8609E-13  2.4120E-05   1.199E+04      16- 174      313
Rovibration_vJ|0[15]        -Rovibration_vJ|4[16]            1.4681E-12  6.5790E-05   1.182E+04      16- 177      314
Rovibration_vJ|0[15]        -Rovibration_vJ|5[14]            6.9403E-15  5.3280E-07   9.637E+03      16- 215      315
Rovibration_vJ|0[15]        -Rovibration_vJ|5[16]            4.0117E-17  2.7660E-09   9.533E+03      16- 218      316
Rovibration_vJ|0[15]        -Rovibration_vJ|6[14]            1.8874E-15  2.0640E-07   8.075E+03      16- 256      317
Rovibration_vJ|0[15]        -Rovibration_vJ|6[16]            9.6685E-16  9.4610E-08   8.002E+03      16- 259      318
Rovibration_vJ|0[15]        -Rovibration_vJ|7[14]            9.6022E-17  1.4130E-08   6.961E+03      16- 297      319
Rovibration_vJ|0[15]        -Rovibration_vJ|7[16]            5.9111E-17  7.7630E-09   6.907E+03      16- 300      320
Rovibration_vJ|0[15]        -Rovibration_vJ|8[14]            4.7909E-17  9.1000E-09   6.127E+03      16- 338      321
Rovibration_vJ|0[15]        -Rovibration_vJ|8[16]            5.7978E-17  9.8090E-09   6.086E+03      16- 341      322
Rovibration_vJ|0[15]        -Rovibration_vJ|9[14]            1.0328E-16  2.4530E-08   5.479E+03      16- 379      323
Rovibration_vJ|0[15]        -Rovibration_vJ|9[16]            1.1409E-16  2.4100E-08   5.446E+03      16- 382      324
Rovibration_vJ|0[15]        -Rovibration_vJ|10[14]           5.5239E-17  1.6000E-08   4.962E+03      16- 420      325
Rovibration_vJ|0[15]        -Rovibration_vJ|10[16]           6.1800E-17  1.5900E-08   4.935E+03      16- 423      326
Rovibration_vJ|0[16]        -Rovibration_vJ|0[17]            1.8030E-07  4.8270E-04   1.533E+06      17-  18      327
Rovibration_vJ|0[16]        -Rovibration_vJ|1[15]            5.4616E-06  1.6740E+01   4.813E+04      17-  53      328
Rovibration_vJ|0[16]        -Rovibration_vJ|1[17]            6.1946E-06  1.8910E+01   4.539E+04      17-  56      329
Rovibration_vJ|0[16]        -Rovibration_vJ|2[15]            3.7899E-08  4.7250E-01   2.386E+04      17-  94      330
Rovibration_vJ|0[16]        -Rovibration_vJ|2[17]            4.9105E-08  5.7490E-01   2.318E+04      17-  97      331
Rovibration_vJ|0[16]        -Rovibration_vJ|3[15]            2.0231E-10  5.6590E-03   1.593E+04      17- 135      332
Rovibration_vJ|0[16]        -Rovibration_vJ|3[17]            3.2523E-10  8.3770E-03   1.563E+04      17- 138      333
Rovibration_vJ|0[16]        -Rovibration_vJ|4[15]            4.6915E-13  2.3150E-05   1.200E+04      17- 176      334
Rovibration_vJ|0[16]        -Rovibration_vJ|4[17]            1.5104E-12  6.7960E-05   1.182E+04      17- 179      335
Rovibration_vJ|0[16]        -Rovibration_vJ|5[15]            7.3198E-15  5.5890E-07   9.643E+03      17- 217      336
Rovibration_vJ|0[16]        -Rovibration_vJ|5[17]            1.1347E-17  7.8540E-10   9.532E+03      17- 220      337
Rovibration_vJ|0[16]        -Rovibration_vJ|6[15]            1.9260E-15  2.0950E-07   8.079E+03      17- 258      338
Rovibration_vJ|0[16]        -Rovibration_vJ|6[17]            9.3455E-16  9.1790E-08   8.002E+03      17- 260      339
Rovibration_vJ|0[16]        -Rovibration_vJ|7[15]            9.9599E-17  1.4580E-08   6.965E+03      17- 299      340
Rovibration_vJ|0[16]        -Rovibration_vJ|7[17]            5.9291E-17  7.8150E-09   6.908E+03      17- 301      341
Rovibration_vJ|0[16]        -Rovibration_vJ|8[15]            4.6627E-17  8.8110E-09   6.130E+03      17- 340      342
Rovibration_vJ|0[16]        -Rovibration_vJ|8[17]            5.6752E-17  9.6360E-09   6.086E+03      17- 342      343
Rovibration_vJ|0[16]        -Rovibration_vJ|9[15]            1.0258E-16  2.4240E-08   5.482E+03      17- 380      344
Rovibration_vJ|0[16]        -Rovibration_vJ|9[17]            1.1313E-16  2.3980E-08   5.447E+03      17- 383      345
Rovibration_vJ|0[16]        -Rovibration_vJ|10[15]           5.5589E-17  1.6020E-08   4.964E+03      17- 421      346
Rovibration_vJ|0[16]        -Rovibration_vJ|10[17]           6.2090E-17  1.6030E-08   4.936E+03      17- 424      347
Rovibration_vJ|0[17]        -Rovibration_vJ|0[18]            1.8910E-07  5.6920E-04   1.448E+06      18-  19      348
Rovibration_vJ|0[17]        -Rovibration_vJ|1[16]            5.4622E-06  1.6610E+01   4.823E+04      18-  54      349
Rovibration_vJ|0[17]        -Rovibration_vJ|1[18]            6.1956E-06  1.9030E+01   4.532E+04      18-  57      350
Rovibration_vJ|0[17]        -Rovibration_vJ|2[16]            3.7750E-08  4.6780E-01   2.389E+04      18-  95      351
Rovibration_vJ|0[17]        -Rovibration_vJ|2[18]            4.9346E-08  5.8030E-01   2.316E+04      18-  98      352
Rovibration_vJ|0[17]        -Rovibration_vJ|3[16]            2.0032E-10  5.5730E-03   1.595E+04      18- 136      353
Rovibration_vJ|0[17]        -Rovibration_vJ|3[18]            3.2896E-10  8.5060E-03   1.562E+04      18- 139      354
Rovibration_vJ|0[17]        -Rovibration_vJ|4[16]            4.5242E-13  2.2210E-05   1.200E+04      18- 177      355
Rovibration_vJ|0[17]        -Rovibration_vJ|4[18]            1.5540E-12  7.0170E-05   1.182E+04      18- 180      356
Rovibration_vJ|0[17]        -Rovibration_vJ|5[16]            7.7050E-15  5.8540E-07   9.650E+03      18- 218      357
Rovibration_vJ|0[17]        -Rovibration_vJ|5[18]            1.4528E-19  1.0090E-11   9.532E+03      18- 221      358
Rovibration_vJ|0[17]        -Rovibration_vJ|6[16]            1.9639E-15  2.1260E-07   8.084E+03      18- 259      359
Rovibration_vJ|0[17]        -Rovibration_vJ|6[18]            9.0278E-16  8.8960E-08   8.002E+03      18- 262      360
Rovibration_vJ|0[17]        -Rovibration_vJ|7[16]            1.0344E-16  1.5070E-08   6.968E+03      18- 300      361
Rovibration_vJ|0[17]        -Rovibration_vJ|7[18]            5.9571E-17  7.8770E-09   6.908E+03      18- 303      362
Rovibration_vJ|0[17]        -Rovibration_vJ|8[16]            4.5283E-17  8.5170E-09   6.133E+03      18- 341      363
Rovibration_vJ|0[17]        -Rovibration_vJ|8[18]            5.5477E-17  9.4490E-09   6.087E+03      18- 344      364
Rovibration_vJ|0[17]        -Rovibration_vJ|9[16]            1.0174E-16  2.3930E-08   5.484E+03      18- 382      365
Rovibration_vJ|0[17]        -Rovibration_vJ|9[18]            1.1207E-16  2.3830E-08   5.447E+03      18- 385      366
Rovibration_vJ|0[17]        -Rovibration_vJ|10[16]           5.5951E-17  1.6050E-08   4.966E+03      18- 423      367
Rovibration_vJ|0[17]        -Rovibration_vJ|10[18]           6.2404E-17  1.6160E-08   4.936E+03      18- 426      368
Rovibration_vJ|0[18]        -Rovibration_vJ|0[19]            1.9768E-07  6.6460E-04   1.372E+06      19-  20      369
Rovibration_vJ|0[18]        -Rovibration_vJ|1[17]            5.4604E-06  1.6480E+01   4.834E+04      19-  56      370
Rovibration_vJ|0[18]        -Rovibration_vJ|1[19]            6.1987E-06  1.9150E+01   4.526E+04      19-  59      371
Rovibration_vJ|0[18]        -Rovibration_vJ|2[17]            3.7607E-08  4.6340E-01   2.392E+04      19-  97      372
Rovibration_vJ|0[18]        -Rovibration_vJ|2[19]            4.9585E-08  5.8550E-01   2.315E+04      19- 100      373
Rovibration_vJ|0[18]        -Rovibration_vJ|3[17]            1.9830E-10  5.4890E-03   1.596E+04      19- 138      374
Rovibration_vJ|0[18]        -Rovibration_vJ|3[19]            3.3282E-10  8.6360E-03   1.562E+04      19- 141      375
Rovibration_vJ|0[18]        -Rovibration_vJ|4[17]            4.3616E-13  2.1310E-05   1.201E+04      19- 179      376
Rovibration_vJ|0[18]        -Rovibration_vJ|4[19]            1.5987E-12  7.2420E-05   1.182E+04      19- 182      377
Rovibration_vJ|0[18]        -Rovibration_vJ|5[17]            8.0960E-15  6.1230E-07   9.656E+03      19- 220      378
Rovibration_vJ|0[18]        -Rovibration_vJ|5[19]            6.9150E-18  4.8170E-10   9.531E+03      19- 223      379
Rovibration_vJ|0[18]        -Rovibration_vJ|6[17]            2.0015E-15  2.1570E-07   8.089E+03      19- 260      380
Rovibration_vJ|0[18]        -Rovibration_vJ|6[19]            8.7142E-16  8.6120E-08   8.002E+03      19- 263      381
Rovibration_vJ|0[18]        -Rovibration_vJ|7[17]            1.0734E-16  1.5570E-08   6.972E+03      19- 301      382
Rovibration_vJ|0[18]        -Rovibration_vJ|7[19]            5.9939E-17  7.9480E-09   6.908E+03      19- 304      383
Rovibration_vJ|0[18]        -Rovibration_vJ|8[17]            4.3877E-17  8.2170E-09   6.136E+03      19- 342      384
Rovibration_vJ|0[18]        -Rovibration_vJ|8[19]            5.4143E-17  9.2470E-09   6.087E+03      19- 345      385
Rovibration_vJ|0[18]        -Rovibration_vJ|9[17]            1.0085E-16  2.3620E-08   5.487E+03      19- 383      386
Rovibration_vJ|0[18]        -Rovibration_vJ|9[19]            1.1098E-16  2.3660E-08   5.448E+03      19- 386      387
Rovibration_vJ|0[18]        -Rovibration_vJ|10[17]           5.6294E-17  1.6080E-08   4.969E+03      19- 424      388
Rovibration_vJ|0[18]        -Rovibration_vJ|10[19]           6.2740E-17  1.6290E-08   4.937E+03      19- 427      389
Rovibration_vJ|0[19]        -Rovibration_vJ|0[20]            2.0599E-07  7.6900E-04   1.304E+06      20-  21      390
Rovibration_vJ|0[19]        -Rovibration_vJ|1[18]            5.4567E-06  1.6350E+01   4.844E+04      20-  57      391
Rovibration_vJ|0[19]        -Rovibration_vJ|1[20]            6.2004E-06  1.9260E+01   4.520E+04      20-  60      392
Rovibration_vJ|0[19]        -Rovibration_vJ|2[18]            3.7450E-08  4.5900E-01   2.395E+04      20-  98      393
Rovibration_vJ|0[19]        -Rovibration_vJ|2[20]            4.9838E-08  5.9070E-01   2.314E+04      20- 101      394
Rovibration_vJ|0[19]        -Rovibration_vJ|3[18]            1.9627E-10  5.4070E-03   1.598E+04      20- 139      395
Rovibration_vJ|0[19]        -Rovibration_vJ|3[20]            3.3680E-10  8.7670E-03   1.561E+04      20- 142      396
Rovibration_vJ|0[19]        -Rovibration_vJ|4[18]            4.2022E-13  2.0440E-05   1.202E+04      20- 180      397
Rovibration_vJ|0[19]        -Rovibration_vJ|4[20]            1.6449E-12  7.4730E-05   1.182E+04      20- 183      398
Rovibration_vJ|0[19]        -Rovibration_vJ|5[18]            8.4919E-15  6.3950E-07   9.662E+03      20- 221      399
Rovibration_vJ|0[19]        -Rovibration_vJ|5[20]            3.2098E-17  2.2420E-09   9.531E+03      20- 224      400
Rovibration_vJ|0[19]        -Rovibration_vJ|6[18]            2.0397E-15  2.1890E-07   8.094E+03      20- 262      401
Rovibration_vJ|0[19]        -Rovibration_vJ|6[20]            8.4073E-16  8.3300E-08   8.002E+03      20- 265      402
Rovibration_vJ|0[19]        -Rovibration_vJ|7[18]            1.1151E-16  1.6110E-08   6.976E+03      20- 303      403
Rovibration_vJ|0[19]        -Rovibration_vJ|7[20]            6.0392E-17  8.0280E-09   6.909E+03      20- 306      404
Rovibration_vJ|0[19]        -Rovibration_vJ|8[18]            4.2419E-17  7.9120E-09   6.140E+03      20- 344      405
Rovibration_vJ|0[19]        -Rovibration_vJ|8[20]            5.2756E-17  9.0320E-09   6.088E+03      20- 347      406
Rovibration_vJ|0[19]        -Rovibration_vJ|9[18]            9.9881E-17  2.3300E-08   5.490E+03      20- 385      407
Rovibration_vJ|0[19]        -Rovibration_vJ|9[20]            1.0982E-16  2.3470E-08   5.449E+03      20- 388      408
Rovibration_vJ|0[19]        -Rovibration_vJ|10[18]           5.6621E-17  1.6110E-08   4.971E+03      20- 426      409
Rovibration_vJ|0[19]        -Rovibration_vJ|10[20]           6.3056E-17  1.6410E-08   4.938E+03      20- 429      410
Rovibration_vJ|0[20]        -Rovibration_vJ|0[21]            2.1404E-07  8.8260E-04   1.242E+06      21-  22      411
Rovibration_vJ|0[20]        -Rovibration_vJ|1[19]            5.4512E-06  1.6220E+01   4.855E+04      21-  59      412
Rovibration_vJ|0[20]        -Rovibration_vJ|1[21]            6.2037E-06  1.9370E+01   4.513E+04      21-  62      413
Rovibration_vJ|0[20]        -Rovibration_vJ|2[19]            3.7297E-08  4.5480E-01   2.398E+04      21- 100      414
Rovibration_vJ|0[20]        -Rovibration_vJ|2[21]            5.0103E-08  5.9590E-01   2.312E+04      21- 103      415
Rovibration_vJ|0[20]        -Rovibration_vJ|3[19]            1.9424E-10  5.3270E-03   1.599E+04      21- 141      416
Rovibration_vJ|0[20]        -Rovibration_vJ|3[21]            3.4089E-10  8.8990E-03   1.561E+04      21- 144      417
Rovibration_vJ|0[20]        -Rovibration_vJ|4[19]            4.0464E-13  1.9600E-05   1.203E+04      21- 182      418
Rovibration_vJ|0[20]        -Rovibration_vJ|4[21]            1.6925E-12  7.7090E-05   1.182E+04      21- 185      419
Rovibration_vJ|0[20]        -Rovibration_vJ|5[19]            8.8940E-15  6.6710E-07   9.669E+03      21- 223      420
Rovibration_vJ|0[20]        -Rovibration_vJ|5[21]            7.6153E-17  5.3320E-09   9.531E+03      21- 226      421
Rovibration_vJ|0[20]        -Rovibration_vJ|6[19]            2.0766E-15  2.2200E-07   8.099E+03      21- 263      422
Rovibration_vJ|0[20]        -Rovibration_vJ|6[21]            8.1031E-16  8.0470E-08   8.003E+03      21- 267      423
Rovibration_vJ|0[20]        -Rovibration_vJ|7[19]            1.1583E-16  1.6670E-08   6.980E+03      21- 304      424
Rovibration_vJ|0[20]        -Rovibration_vJ|7[21]            6.0935E-17  8.1180E-09   6.909E+03      21- 307      425
Rovibration_vJ|0[20]        -Rovibration_vJ|8[19]            4.0905E-17  7.6010E-09   6.143E+03      21- 345      426
Rovibration_vJ|0[20]        -Rovibration_vJ|8[21]            5.1321E-17  8.8050E-09   6.089E+03      21- 348      427
Rovibration_vJ|0[20]        -Rovibration_vJ|9[19]            9.8833E-17  2.2970E-08   5.493E+03      21- 386      428
Rovibration_vJ|0[20]        -Rovibration_vJ|9[21]            1.0862E-16  2.3260E-08   5.450E+03      21- 389      429
Rovibration_vJ|0[20]        -Rovibration_vJ|10[19]           5.6900E-17  1.6130E-08   4.974E+03      21- 427      430
Rovibration_vJ|0[20]        -Rovibration_vJ|10[21]           6.3349E-17  1.6520E-08   4.939E+03      21- 430      431
Rovibration_vJ|0[21]        -Rovibration_vJ|0[22]            2.2172E-07  1.0050E-03   1.186E+06      22-  23      432
Rovibration_vJ|0[21]        -Rovibration_vJ|1[20]            5.4476E-06  1.6100E+01   4.865E+04      22-  60      433
Rovibration_vJ|0[21]        -Rovibration_vJ|1[22]            6.2083E-06  1.9480E+01   4.507E+04      22-  63      434
Rovibration_vJ|0[21]        -Rovibration_vJ|2[20]            3.7142E-08  4.5070E-01   2.401E+04      22- 101      435
Rovibration_vJ|0[21]        -Rovibration_vJ|2[22]            5.0378E-08  6.0110E-01   2.311E+04      22- 104      436
Rovibration_vJ|0[21]        -Rovibration_vJ|3[20]            1.9225E-10  5.2500E-03   1.601E+04      22- 142      437
Rovibration_vJ|0[21]        -Rovibration_vJ|3[22]            3.4504E-10  9.0310E-03   1.561E+04      22- 145      438
Rovibration_vJ|0[21]        -Rovibration_vJ|4[20]            3.8946E-13  1.8790E-05   1.204E+04      22- 183      439
Rovibration_vJ|0[21]        -Rovibration_vJ|4[22]            1.7411E-12  7.9490E-05   1.182E+04      22- 186      440
Rovibration_vJ|0[21]        -Rovibration_vJ|5[20]            9.3012E-15  6.9500E-07   9.676E+03      22- 224      441
Rovibration_vJ|0[21]        -Rovibration_vJ|5[22]            1.3958E-16  9.7940E-09   9.531E+03      22- 227      442
Rovibration_vJ|0[21]        -Rovibration_vJ|6[20]            2.1143E-15  2.2520E-07   8.104E+03      22- 265      443
Rovibration_vJ|0[21]        -Rovibration_vJ|6[22]            7.8042E-16  7.7660E-08   8.003E+03      22- 268      444
Rovibration_vJ|0[21]        -Rovibration_vJ|7[20]            1.2029E-16  1.7250E-08   6.985E+03      22- 306      445
Rovibration_vJ|0[21]        -Rovibration_vJ|7[22]            6.1558E-17  8.2170E-09   6.910E+03      22- 309      446
Rovibration_vJ|0[21]        -Rovibration_vJ|8[20]            3.9354E-17  7.2870E-09   6.147E+03      22- 347      447
Rovibration_vJ|0[21]        -Rovibration_vJ|8[22]            4.9834E-17  8.5660E-09   6.089E+03      22- 350      448
Rovibration_vJ|0[21]        -Rovibration_vJ|9[20]            9.7711E-17  2.2630E-08   5.496E+03      22- 388      449
Rovibration_vJ|0[21]        -Rovibration_vJ|9[22]            1.0735E-16  2.3030E-08   5.451E+03      22- 391      450
Rovibration_vJ|0[21]        -Rovibration_vJ|10[20]           5.7204E-17  1.6160E-08   4.976E+03      22- 429      451
Rovibration_vJ|0[21]        -Rovibration_vJ|10[22]           6.3658E-17  1.6630E-08   4.939E+03      22- 432      452
Rovibration_vJ|0[22]        -Rovibration_vJ|0[23]            2.2938E-07  1.1380E-03   1.135E+06      23-  24      453
Rovibration_vJ|0[22]        -Rovibration_vJ|1[21]            5.4394E-06  1.5970E+01   4.876E+04      23-  62      454
Rovibration_vJ|0[22]        -Rovibration_vJ|1[23]            6.2142E-06  1.9590E+01   4.501E+04      23-  65      455
Rovibration_vJ|0[22]        -Rovibration_vJ|2[21]            3.6978E-08  4.4660E-01   2.404E+04      23- 103      456
Rovibration_vJ|0[22]        -Rovibration_vJ|2[23]            5.0653E-08  6.0620E-01   2.310E+04      23- 106      457
Rovibration_vJ|0[22]        -Rovibration_vJ|3[21]            1.9025E-10  5.1740E-03   1.602E+04      23- 144      458
Rovibration_vJ|0[22]        -Rovibration_vJ|3[23]            3.4931E-10  9.1650E-03   1.560E+04      23- 147      459
Rovibration_vJ|0[22]        -Rovibration_vJ|4[21]            3.7472E-13  1.8010E-05   1.205E+04      23- 185      460
Rovibration_vJ|0[22]        -Rovibration_vJ|4[23]            1.7912E-12  8.1950E-05   1.181E+04      23- 188      461
Rovibration_vJ|0[22]        -Rovibration_vJ|5[21]            9.7137E-15  7.2320E-07   9.683E+03      23- 226      462
Rovibration_vJ|0[22]        -Rovibration_vJ|5[23]            2.2289E-16  1.5670E-08   9.531E+03      23- 229      463
Rovibration_vJ|0[22]        -Rovibration_vJ|6[21]            2.1519E-15  2.2840E-07   8.110E+03      23- 267      464
Rovibration_vJ|0[22]        -Rovibration_vJ|6[23]            7.5102E-16  7.4870E-08   8.004E+03      23- 270      465
Rovibration_vJ|0[22]        -Rovibration_vJ|7[21]            1.2497E-16  1.7860E-08   6.989E+03      23- 307      466
Rovibration_vJ|0[22]        -Rovibration_vJ|7[23]            6.2267E-17  8.3260E-09   6.911E+03      23- 311      467
Rovibration_vJ|0[22]        -Rovibration_vJ|8[21]            3.7758E-17  6.9680E-09   6.150E+03      23- 348      468
Rovibration_vJ|0[22]        -Rovibration_vJ|8[23]            4.8305E-17  8.3170E-09   6.090E+03      23- 352      469
Rovibration_vJ|0[22]        -Rovibration_vJ|9[21]            9.6519E-17  2.2280E-08   5.499E+03      23- 389      470
Rovibration_vJ|0[22]        -Rovibration_vJ|9[23]            1.0601E-16  2.2780E-08   5.452E+03      23- 392      471
Rovibration_vJ|0[22]        -Rovibration_vJ|10[21]           5.7498E-17  1.6190E-08   4.979E+03      23- 430      472
Rovibration_vJ|0[22]        -Rovibration_vJ|10[23]           6.3941E-17  1.6730E-08   4.940E+03      23- 433      473
Rovibration_vJ|0[23]        -Rovibration_vJ|0[24]            2.3648E-07  1.2790E-03   1.088E+06      24-  25      474
Rovibration_vJ|0[23]        -Rovibration_vJ|1[22]            5.4334E-06  1.5850E+01   4.887E+04      24-  63      475
Rovibration_vJ|0[23]        -Rovibration_vJ|1[24]            6.2212E-06  1.9700E+01   4.495E+04      24-  66      476
Rovibration_vJ|0[23]        -Rovibration_vJ|2[22]            3.6813E-08  4.4260E-01   2.407E+04      24- 104      477
Rovibration_vJ|0[23]        -Rovibration_vJ|2[24]            5.0937E-08  6.1130E-01   2.309E+04      24- 107      478
Rovibration_vJ|0[23]        -Rovibration_vJ|3[22]            1.8826E-10  5.1000E-03   1.604E+04      24- 145      479
Rovibration_vJ|0[23]        -Rovibration_vJ|3[24]            3.5367E-10  9.3000E-03   1.560E+04      24- 148      480
Rovibration_vJ|0[23]        -Rovibration_vJ|4[22]            3.6042E-13  1.7260E-05   1.206E+04      24- 186      481
Rovibration_vJ|0[23]        -Rovibration_vJ|4[24]            1.8425E-12  8.4460E-05   1.181E+04      24- 189      482
Rovibration_vJ|0[23]        -Rovibration_vJ|5[22]            1.0132E-14  7.5170E-07   9.690E+03      24- 227      483
Rovibration_vJ|0[23]        -Rovibration_vJ|5[24]            3.2658E-16  2.3000E-08   9.531E+03      24- 230      484
Rovibration_vJ|0[23]        -Rovibration_vJ|6[22]            2.1903E-15  2.3170E-07   8.115E+03      24- 268      485
Rovibration_vJ|0[23]        -Rovibration_vJ|6[24]            7.2197E-16  7.2090E-08   8.005E+03      24- 271      486
Rovibration_vJ|0[23]        -Rovibration_vJ|7[22]            1.2988E-16  1.8500E-08   6.993E+03      24- 309      487
Rovibration_vJ|0[23]        -Rovibration_vJ|7[24]            6.3046E-17  8.4430E-09   6.912E+03      24- 312      488
Rovibration_vJ|0[23]        -Rovibration_vJ|8[22]            3.6134E-17  6.6470E-09   6.154E+03      24- 350      489
Rovibration_vJ|0[23]        -Rovibration_vJ|8[24]            4.6733E-17  8.0580E-09   6.091E+03      24- 353      490
Rovibration_vJ|0[23]        -Rovibration_vJ|9[22]            9.5259E-17  2.1920E-08   5.502E+03      24- 391      491
Rovibration_vJ|0[23]        -Rovibration_vJ|9[24]            1.0465E-16  2.2520E-08   5.453E+03      24- 394      492
Rovibration_vJ|0[23]        -Rovibration_vJ|10[22]           5.7749E-17  1.6210E-08   4.982E+03      24- 432      493
Rovibration_vJ|0[23]        -Rovibration_vJ|10[24]           6.4236E-17  1.6830E-08   4.942E+03      24- 435      494
Rovibration_vJ|0[24]        -Rovibration_vJ|0[25]            2.4341E-07  1.4300E-03   1.044E+06      25-  26      495
Rovibration_vJ|0[24]        -Rovibration_vJ|1[23]            5.4265E-06  1.5730E+01   4.898E+04      25-  65      496
Rovibration_vJ|0[24]        -Rovibration_vJ|1[25]            6.2260E-06  1.9800E+01   4.489E+04      25-  67      497
Rovibration_vJ|0[24]        -Rovibration_vJ|2[23]            3.6651E-08  4.3870E-01   2.410E+04      25- 106      498
Rovibration_vJ|0[24]        -Rovibration_vJ|2[25]            5.1236E-08  6.1650E-01   2.308E+04      25- 108      499
Rovibration_vJ|0[24]        -Rovibration_vJ|3[23]            1.8628E-10  5.0270E-03   1.605E+04      25- 147      500
Rovibration_vJ|0[24]        -Rovibration_vJ|3[25]            3.5812E-10  9.4360E-03   1.560E+04      25- 149      501
Rovibration_vJ|0[24]        -Rovibration_vJ|4[23]            3.4639E-13  1.6530E-05   1.207E+04      25- 188      502
Rovibration_vJ|0[24]        -Rovibration_vJ|4[25]            1.8953E-12  8.7030E-05   1.181E+04      25- 190      503
Rovibration_vJ|0[24]        -Rovibration_vJ|5[23]            1.0555E-14  7.8050E-07   9.697E+03      25- 229      504
Rovibration_vJ|0[24]        -Rovibration_vJ|5[25]            4.5126E-16  3.1830E-08   9.532E+03      25- 231      505
Rovibration_vJ|0[24]        -Rovibration_vJ|6[23]            2.2277E-15  2.3490E-07   8.121E+03      25- 270      506
Rovibration_vJ|0[24]        -Rovibration_vJ|6[25]            6.9333E-16  6.9330E-08   8.006E+03      25- 272      507
Rovibration_vJ|0[24]        -Rovibration_vJ|7[23]            1.3500E-16  1.9170E-08   6.998E+03      25- 311      508
Rovibration_vJ|0[24]        -Rovibration_vJ|7[25]            6.3908E-17  8.5700E-09   6.913E+03      25- 313      509
Rovibration_vJ|0[24]        -Rovibration_vJ|8[23]            3.4484E-17  6.3240E-09   6.158E+03      25- 352      510
Rovibration_vJ|0[24]        -Rovibration_vJ|8[25]            4.5121E-17  7.7900E-09   6.093E+03      25- 354      511
Rovibration_vJ|0[24]        -Rovibration_vJ|9[23]            9.3936E-17  2.1550E-08   5.506E+03      25- 392      512
Rovibration_vJ|0[24]        -Rovibration_vJ|9[25]            1.0318E-16  2.2230E-08   5.454E+03      25- 395      513
Rovibration_vJ|0[24]        -Rovibration_vJ|10[23]           5.7958E-17  1.6220E-08   4.985E+03      25- 433      514
Rovibration_vJ|0[24]        -Rovibration_vJ|10[25]           6.4465E-17  1.6910E-08   4.943E+03      25- 436      515
Rovibration_vJ|0[25]        -Rovibration_vJ|0[26]            2.5001E-07  1.5900E-03   1.005E+06      26-  27      516
Rovibration_vJ|0[25]        -Rovibration_vJ|1[24]            5.4222E-06  1.5620E+01   4.909E+04      26-  66      517
Rovibration_vJ|0[25]        -Rovibration_vJ|1[26]            6.2316E-06  1.9900E+01   4.483E+04      26-  68      518
Rovibration_vJ|0[25]        -Rovibration_vJ|2[24]            3.6490E-08  4.3490E-01   2.414E+04      26- 107      519
Rovibration_vJ|0[25]        -Rovibration_vJ|2[26]            5.1534E-08  6.2160E-01   2.307E+04      26- 109      520
Rovibration_vJ|0[25]        -Rovibration_vJ|3[24]            1.8433E-10  4.9560E-03   1.607E+04      26- 148      521
Rovibration_vJ|0[25]        -Rovibration_vJ|3[26]            3.6264E-10  9.5730E-03   1.559E+04      26- 150      522
Rovibration_vJ|0[25]        -Rovibration_vJ|4[24]            3.3285E-13  1.5830E-05   1.208E+04      26- 189      523
Rovibration_vJ|0[25]        -Rovibration_vJ|4[26]            1.9495E-12  8.9660E-05   1.181E+04      26- 191      524
Rovibration_vJ|0[25]        -Rovibration_vJ|5[24]            1.0981E-14  8.0940E-07   9.705E+03      26- 230      525
Rovibration_vJ|0[25]        -Rovibration_vJ|5[26]            5.9744E-16  4.2200E-08   9.533E+03      26- 232      526
Rovibration_vJ|0[25]        -Rovibration_vJ|6[24]            2.2651E-15  2.3810E-07   8.127E+03      26- 271      527
Rovibration_vJ|0[25]        -Rovibration_vJ|6[26]            6.6508E-16  6.6590E-08   8.007E+03      26- 273      528
Rovibration_vJ|0[25]        -Rovibration_vJ|7[24]            1.4028E-16  1.9860E-08   7.003E+03      26- 312      529
Rovibration_vJ|0[25]        -Rovibration_vJ|7[26]            6.4838E-17  8.7050E-09   6.914E+03      26- 314      530
Rovibration_vJ|0[25]        -Rovibration_vJ|8[24]            3.2809E-17  5.9990E-09   6.162E+03      26- 353      531
Rovibration_vJ|0[25]        -Rovibration_vJ|8[26]            4.3474E-17  7.5140E-09   6.094E+03      26- 355      532
Rovibration_vJ|0[25]        -Rovibration_vJ|9[24]            9.2505E-17  2.1160E-08   5.509E+03      26- 394      533
Rovibration_vJ|0[25]        -Rovibration_vJ|9[26]            1.0168E-16  2.1930E-08   5.455E+03      26- 396      534
Rovibration_vJ|0[25]        -Rovibration_vJ|10[24]           5.8161E-17  1.6230E-08   4.988E+03      26- 435      535
Rovibration_vJ|0[25]        -Rovibration_vJ|10[26]           6.4666E-17  1.6980E-08   4.944E+03      26- 437      536
Rovibration_vJ|0[26]        -Rovibration_vJ|0[27]            2.5613E-07  1.7580E-03   9.677E+05      27-  28      537
Rovibration_vJ|0[26]        -Rovibration_vJ|1[25]            5.4136E-06  1.5500E+01   4.920E+04      27-  67      538
Rovibration_vJ|0[26]        -Rovibration_vJ|1[27]            6.2381E-06  2.0000E+01   4.478E+04      27-  69      539
Rovibration_vJ|0[26]        -Rovibration_vJ|2[25]            3.6324E-08  4.3110E-01   2.417E+04      27- 108      540
Rovibration_vJ|0[26]        -Rovibration_vJ|2[27]            5.1837E-08  6.2670E-01   2.306E+04      27- 110      541
Rovibration_vJ|0[26]        -Rovibration_vJ|3[25]            1.8242E-10  4.8870E-03   1.609E+04      27- 149      542
Rovibration_vJ|0[26]        -Rovibration_vJ|3[27]            3.6727E-10  9.7120E-03   1.559E+04      27- 151      543
Rovibration_vJ|0[26]        -Rovibration_vJ|4[25]            3.1982E-13  1.5160E-05   1.209E+04      27- 190      544
Rovibration_vJ|0[26]        -Rovibration_vJ|4[27]            2.0049E-12  9.2340E-05   1.181E+04      27- 192      545
Rovibration_vJ|0[26]        -Rovibration_vJ|5[25]            1.1414E-14  8.3870E-07   9.713E+03      27- 231      546
Rovibration_vJ|0[26]        -Rovibration_vJ|5[27]            7.6581E-16  5.4160E-08   9.533E+03      27- 233      547
Rovibration_vJ|0[26]        -Rovibration_vJ|6[25]            2.3034E-15  2.4140E-07   8.133E+03      27- 272      548
Rovibration_vJ|0[26]        -Rovibration_vJ|6[27]            6.3720E-16  6.3870E-08   8.008E+03      27- 274      549
Rovibration_vJ|0[26]        -Rovibration_vJ|7[25]            1.4573E-16  2.0570E-08   7.008E+03      27- 313      550
Rovibration_vJ|0[26]        -Rovibration_vJ|7[27]            6.5850E-17  8.8500E-09   6.916E+03      27- 315      551
Rovibration_vJ|0[26]        -Rovibration_vJ|8[25]            3.1115E-17  5.6730E-09   6.166E+03      27- 354      552
Rovibration_vJ|0[26]        -Rovibration_vJ|8[27]            4.1796E-17  7.2310E-09   6.095E+03      27- 356      553
Rovibration_vJ|0[26]        -Rovibration_vJ|9[25]            9.1057E-17  2.0770E-08   5.513E+03      27- 395      554
Rovibration_vJ|0[26]        -Rovibration_vJ|9[27]            1.0010E-16  2.1610E-08   5.457E+03      27- 397      555
Rovibration_vJ|0[26]        -Rovibration_vJ|10[25]           5.8324E-17  1.6230E-08   4.991E+03      27- 436      556
Rovibration_vJ|0[26]        -Rovibration_vJ|10[27]           6.4839E-17  1.7040E-08   4.945E+03      27- 438      557
Rovibration_vJ|0[27]        -Rovibration_vJ|0[28]            2.6212E-07  1.9360E-03   9.335E+05      28-  29      558
Rovibration_vJ|0[27]        -Rovibration_vJ|1[26]            5.4078E-06  1.5390E+01   4.932E+04      28-  68      559
Rovibration_vJ|0[27]        -Rovibration_vJ|1[28]            6.2453E-06  2.0100E+01   4.472E+04      28-  70      560
Rovibration_vJ|0[27]        -Rovibration_vJ|2[26]            3.6162E-08  4.2740E-01   2.420E+04      28- 109      561
Rovibration_vJ|0[27]        -Rovibration_vJ|2[28]            5.2146E-08  6.3180E-01   2.305E+04      28- 111      562
Rovibration_vJ|0[27]        -Rovibration_vJ|3[26]            1.8051E-10  4.8190E-03   1.610E+04      28- 150      563
Rovibration_vJ|0[27]        -Rovibration_vJ|3[28]            3.7197E-10  9.8520E-03   1.559E+04      28- 152      564
Rovibration_vJ|0[27]        -Rovibration_vJ|4[26]            3.0688E-13  1.4500E-05   1.210E+04      28- 191      565
Rovibration_vJ|0[27]        -Rovibration_vJ|4[28]            2.0617E-12  9.5080E-05   1.181E+04      28- 193      566
Rovibration_vJ|0[27]        -Rovibration_vJ|5[26]            1.1850E-14  8.6810E-07   9.721E+03      28- 232      567
Rovibration_vJ|0[27]        -Rovibration_vJ|5[28]            9.5691E-16  6.7750E-08   9.534E+03      28- 234      568
Rovibration_vJ|0[27]        -Rovibration_vJ|6[26]            2.3408E-15  2.4460E-07   8.139E+03      28- 273      569
Rovibration_vJ|0[27]        -Rovibration_vJ|6[28]            6.0976E-16  6.1180E-08   8.009E+03      28- 275      570
Rovibration_vJ|0[27]        -Rovibration_vJ|7[26]            1.5147E-16  2.1320E-08   7.013E+03      28- 314      571
Rovibration_vJ|0[27]        -Rovibration_vJ|7[28]            6.6921E-17  9.0020E-09   6.917E+03      28- 316      572
Rovibration_vJ|0[27]        -Rovibration_vJ|8[26]            2.9414E-17  5.3480E-09   6.170E+03      28- 355      573
Rovibration_vJ|0[27]        -Rovibration_vJ|8[28]            4.0092E-17  6.9420E-09   6.097E+03      28- 357      574
Rovibration_vJ|0[27]        -Rovibration_vJ|9[26]            8.9505E-17  2.0360E-08   5.516E+03      28- 396      575
Rovibration_vJ|0[27]        -Rovibration_vJ|9[28]            9.8454E-17  2.1270E-08   5.458E+03      28- 398      576
Rovibration_vJ|0[27]        -Rovibration_vJ|10[26]           5.8446E-17  1.6220E-08   4.994E+03      28- 437      577
Rovibration_vJ|0[27]        -Rovibration_vJ|10[28]           6.4943E-17  1.7080E-08   4.947E+03      28- 439      578
Rovibration_vJ|0[28]        -Rovibration_vJ|0[29]            2.6769E-07  2.1220E-03   9.016E+05      29-  30      579
Rovibration_vJ|0[28]        -Rovibration_vJ|1[27]            5.3980E-06  1.5270E+01   4.943E+04      29-  69      580
Rovibration_vJ|0[28]        -Rovibration_vJ|1[29]            6.2531E-06  2.0200E+01   4.466E+04      29-  71      581
Rovibration_vJ|0[28]        -Rovibration_vJ|2[27]            3.6004E-08  4.2380E-01   2.423E+04      29- 110      582
Rovibration_vJ|0[28]        -Rovibration_vJ|2[29]            5.2459E-08  6.3690E-01   2.304E+04      29- 112      583
Rovibration_vJ|0[28]        -Rovibration_vJ|3[27]            1.7862E-10  4.7520E-03   1.612E+04      29- 151      584
Rovibration_vJ|0[28]        -Rovibration_vJ|3[29]            3.7674E-10  9.9930E-03   1.559E+04      29- 153      585
Rovibration_vJ|0[28]        -Rovibration_vJ|4[27]            2.9448E-13  1.3870E-05   1.211E+04      29- 192      586
Rovibration_vJ|0[28]        -Rovibration_vJ|4[29]            2.1202E-12  9.7890E-05   1.181E+04      29- 194      587
Rovibration_vJ|0[28]        -Rovibration_vJ|5[27]            1.2291E-14  8.9770E-07   9.729E+03      29- 233      588
Rovibration_vJ|0[28]        -Rovibration_vJ|5[29]            1.1714E-15  8.3020E-08   9.536E+03      29- 235      589
Rovibration_vJ|0[28]        -Rovibration_vJ|6[27]            2.3791E-15  2.4790E-07   8.145E+03      29- 274      590
Rovibration_vJ|0[28]        -Rovibration_vJ|6[29]            5.8274E-16  5.8520E-08   8.011E+03      29- 276      591
Rovibration_vJ|0[28]        -Rovibration_vJ|7[27]            1.5738E-16  2.2090E-08   7.018E+03      29- 315      592
Rovibration_vJ|0[28]        -Rovibration_vJ|7[29]            6.8065E-17  9.1630E-09   6.919E+03      29- 317      593
Rovibration_vJ|0[28]        -Rovibration_vJ|8[27]            2.7708E-17  5.0240E-09   6.175E+03      29- 356      594
Rovibration_vJ|0[28]        -Rovibration_vJ|8[29]            3.8362E-17  6.6470E-09   6.098E+03      29- 358      595
Rovibration_vJ|0[28]        -Rovibration_vJ|9[27]            8.7894E-17  1.9940E-08   5.520E+03      29- 397      596
Rovibration_vJ|0[28]        -Rovibration_vJ|9[29]            9.6725E-17  2.0910E-08   5.460E+03      29- 399      597
Rovibration_vJ|0[28]        -Rovibration_vJ|10[27]           5.8529E-17  1.6200E-08   4.998E+03      29- 438      598
Rovibration_vJ|0[28]        -Rovibration_vJ|10[29]           6.5056E-17  1.7120E-08   4.949E+03      29- 440      599
Rovibration_vJ|0[29]        -Rovibration_vJ|0[30]            2.7291E-07  2.3160E-03   8.719E+05      30-  31      600
Rovibration_vJ|0[29]        -Rovibration_vJ|1[28]            5.3911E-06  1.5160E+01   4.955E+04      30-  70      601
Rovibration_vJ|0[29]        -Rovibration_vJ|1[30]            6.2616E-06  2.0300E+01   4.461E+04      30-  72      602
Rovibration_vJ|0[29]        -Rovibration_vJ|2[28]            3.5842E-08  4.2020E-01   2.427E+04      30- 111      603
Rovibration_vJ|0[29]        -Rovibration_vJ|2[30]            5.2778E-08  6.4200E-01   2.303E+04      30- 113      604
Rovibration_vJ|0[29]        -Rovibration_vJ|3[28]            1.7678E-10  4.6870E-03   1.614E+04      30- 152      605
Rovibration_vJ|0[29]        -Rovibration_vJ|3[30]            3.8177E-10  1.0140E-02   1.559E+04      30- 154      606
Rovibration_vJ|0[29]        -Rovibration_vJ|4[28]            2.8240E-13  1.3260E-05   1.213E+04      30- 193      607
Rovibration_vJ|0[29]        -Rovibration_vJ|4[30]            2.1809E-12  1.0080E-04   1.181E+04      30- 195      608
Rovibration_vJ|0[29]        -Rovibration_vJ|5[28]            1.2735E-14  9.2740E-07   9.737E+03      30- 234      609
Rovibration_vJ|0[29]        -Rovibration_vJ|5[30]            1.4098E-15  1.0000E-07   9.537E+03      30- 236      610
Rovibration_vJ|0[29]        -Rovibration_vJ|6[28]            2.4176E-15  2.5120E-07   8.152E+03      30- 275      611
Rovibration_vJ|0[29]        -Rovibration_vJ|6[30]            5.5614E-16  5.5890E-08   8.012E+03      30- 277      612
Rovibration_vJ|0[29]        -Rovibration_vJ|7[28]            1.6352E-16  2.2890E-08   7.023E+03      30- 316      613
Rovibration_vJ|0[29]        -Rovibration_vJ|7[30]            6.9275E-17  9.3320E-09   6.920E+03      30- 318      614
Rovibration_vJ|0[29]        -Rovibration_vJ|8[28]            2.6001E-17  4.7020E-09   6.179E+03      30- 357      615
Rovibration_vJ|0[29]        -Rovibration_vJ|8[30]            3.6620E-17  6.3490E-09   6.100E+03      30- 359      616
Rovibration_vJ|0[29]        -Rovibration_vJ|9[28]            8.6225E-17  1.9510E-08   5.524E+03      30- 398      617
Rovibration_vJ|0[29]        -Rovibration_vJ|9[30]            9.4963E-17  2.0540E-08   5.461E+03      30- 400      618
Rovibration_vJ|0[29]        -Rovibration_vJ|10[28]           5.8572E-17  1.6170E-08   5.001E+03      30- 439      619
Rovibration_vJ|0[29]        -Rovibration_vJ|10[30]           6.5063E-17  1.7130E-08   4.950E+03      30- 441      620
Rovibration_vJ|0[30]        -Rovibration_vJ|0[31]            2.7779E-07  2.5180E-03   8.441E+05      31-  32      621
Rovibration_vJ|0[30]        -Rovibration_vJ|1[29]            5.3837E-06  1.5050E+01   4.967E+04      31-  71      622
Rovibration_vJ|0[30]        -Rovibration_vJ|1[31]            6.2675E-06  2.0390E+01   4.456E+04      31-  73      623
Rovibration_vJ|0[30]        -Rovibration_vJ|2[29]            3.5676E-08  4.1660E-01   2.430E+04      31- 112      624
Rovibration_vJ|0[30]        -Rovibration_vJ|2[31]            5.3101E-08  6.4710E-01   2.302E+04      31- 114      625
Rovibration_vJ|0[30]        -Rovibration_vJ|3[29]            1.7495E-10  4.6230E-03   1.615E+04      31- 153      626
Rovibration_vJ|0[30]        -Rovibration_vJ|3[31]            3.8656E-10  1.0280E-02   1.558E+04      31- 155      627
Rovibration_vJ|0[30]        -Rovibration_vJ|4[29]            2.7087E-13  1.2680E-05   1.214E+04      31- 194      628
Rovibration_vJ|0[30]        -Rovibration_vJ|4[31]            2.2415E-12  1.0370E-04   1.182E+04      31- 196      629
Rovibration_vJ|0[30]        -Rovibration_vJ|5[29]            1.3184E-14  9.5740E-07   9.745E+03      31- 235      630
Rovibration_vJ|0[30]        -Rovibration_vJ|5[31]            1.6736E-15  1.1880E-07   9.538E+03      31- 237      631
Rovibration_vJ|0[30]        -Rovibration_vJ|6[29]            2.4551E-15  2.5440E-07   8.158E+03      31- 276      632
Rovibration_vJ|0[30]        -Rovibration_vJ|6[31]            5.2993E-16  5.3290E-08   8.014E+03      31- 278      633
Rovibration_vJ|0[30]        -Rovibration_vJ|7[29]            1.6991E-16  2.3720E-08   7.028E+03      31- 317      634
Rovibration_vJ|0[30]        -Rovibration_vJ|7[31]            7.0550E-17  9.5090E-09   6.922E+03      31- 319      635
Rovibration_vJ|0[30]        -Rovibration_vJ|8[29]            2.4301E-17  4.3830E-09   6.184E+03      31- 358      636
Rovibration_vJ|0[30]        -Rovibration_vJ|8[31]            3.4862E-17  6.0470E-09   6.102E+03      31- 360      637
Rovibration_vJ|0[30]        -Rovibration_vJ|9[29]            8.4453E-17  1.9060E-08   5.528E+03      31- 399      638
Rovibration_vJ|0[30]        -Rovibration_vJ|9[31]            9.3074E-17  2.0140E-08   5.463E+03      31- 401      639
Rovibration_vJ|0[30]        -Rovibration_vJ|10[29]           5.8539E-17  1.6120E-08   5.004E+03      31- 440      640
Rovibration_vJ|0[30]        -Rovibration_vJ|10[31]           6.5038E-17  1.7130E-08   4.952E+03      31- 442      641
Rovibration_vJ|0[31]        -Rovibration_vJ|0[32]            2.8228E-07  2.7270E-03   8.181E+05      32-  33      642
Rovibration_vJ|0[31]        -Rovibration_vJ|1[30]            5.3722E-06  1.4930E+01   4.979E+04      32-  72      643
Rovibration_vJ|0[31]        -Rovibration_vJ|1[32]            6.2740E-06  2.0480E+01   4.450E+04      32-  74      644
Rovibration_vJ|0[31]        -Rovibration_vJ|2[30]            3.5516E-08  4.1310E-01   2.434E+04      32- 113      645
Rovibration_vJ|0[31]        -Rovibration_vJ|2[32]            5.3436E-08  6.5230E-01   2.301E+04      32- 115      646
Rovibration_vJ|0[31]        -Rovibration_vJ|3[30]            1.7314E-10  4.5600E-03   1.617E+04      32- 154      647
Rovibration_vJ|0[31]        -Rovibration_vJ|3[32]            3.9176E-10  1.0430E-02   1.558E+04      32- 156      648
Rovibration_vJ|0[31]        -Rovibration_vJ|4[30]            2.5948E-13  1.2110E-05   1.215E+04      32- 195      649
Rovibration_vJ|0[31]        -Rovibration_vJ|4[32]            2.3045E-12  1.0670E-04   1.182E+04      32- 197      650
Rovibration_vJ|0[31]        -Rovibration_vJ|5[30]            1.3636E-14  9.8740E-07   9.754E+03      32- 236      651
Rovibration_vJ|0[31]        -Rovibration_vJ|5[32]            1.9625E-15  1.3940E-07   9.540E+03      32- 238      652
Rovibration_vJ|0[31]        -Rovibration_vJ|6[30]            2.4938E-15  2.5770E-07   8.165E+03      32- 277      653
Rovibration_vJ|0[31]        -Rovibration_vJ|6[32]            5.0420E-16  5.0730E-08   8.016E+03      32- 279      654
Rovibration_vJ|0[31]        -Rovibration_vJ|7[30]            1.7646E-16  2.4570E-08   7.034E+03      32- 318      655
Rovibration_vJ|0[31]        -Rovibration_vJ|7[32]            7.1876E-17  9.6920E-09   6.924E+03      32- 320      656
Rovibration_vJ|0[31]        -Rovibration_vJ|8[30]            2.2613E-17  4.0680E-09   6.188E+03      32- 359      657
Rovibration_vJ|0[31]        -Rovibration_vJ|8[32]            3.3097E-17  5.7430E-09   6.104E+03      32- 361      658
Rovibration_vJ|0[31]        -Rovibration_vJ|9[30]            8.2669E-17  1.8610E-08   5.532E+03      32- 400      659
Rovibration_vJ|0[31]        -Rovibration_vJ|9[32]            9.1196E-17  1.9740E-08   5.465E+03      32- 402      660
Rovibration_vJ|0[31]        -Rovibration_vJ|10[30]           5.8468E-17  1.6060E-08   5.008E+03      32- 441      661
Rovibration_vJ|0[31]        -Rovibration_vJ|10[32]           6.4945E-17  1.7110E-08   4.954E+03      32- 443      662
Rovibration_vJ|0[32]        -Rovibration_vJ|0[33]            2.8642E-07  2.9430E-03   7.936E+05      33-  36      663
Rovibration_vJ|0[32]        -Rovibration_vJ|1[31]            5.3639E-06  1.4820E+01   4.991E+04      33-  73      664
Rovibration_vJ|0[32]        -Rovibration_vJ|1[33]            6.2840E-06  2.0580E+01   4.445E+04      33-  78      665
Rovibration_vJ|0[32]        -Rovibration_vJ|2[31]            3.5353E-08  4.0960E-01   2.437E+04      33- 114      666
Rovibration_vJ|0[32]        -Rovibration_vJ|2[33]            5.3766E-08  6.5740E-01   2.301E+04      33- 119      667
Rovibration_vJ|0[32]        -Rovibration_vJ|3[31]            1.7135E-10  4.4980E-03   1.619E+04      33- 155      668
Rovibration_vJ|0[32]        -Rovibration_vJ|3[33]            3.9698E-10  1.0580E-02   1.558E+04      33- 161      669
Rovibration_vJ|0[32]        -Rovibration_vJ|4[31]            2.4843E-13  1.1560E-05   1.216E+04      33- 196      670
Rovibration_vJ|0[32]        -Rovibration_vJ|4[33]            2.3675E-12  1.0970E-04   1.182E+04      33- 202      671
Rovibration_vJ|0[32]        -Rovibration_vJ|5[31]            1.4098E-14  1.0180E-06   9.763E+03      33- 237      672
Rovibration_vJ|0[32]        -Rovibration_vJ|5[33]            2.2765E-15  1.6180E-07   9.542E+03      33- 244      673
Rovibration_vJ|0[32]        -Rovibration_vJ|6[31]            2.5325E-15  2.6100E-07   8.172E+03      33- 278      674
Rovibration_vJ|0[32]        -Rovibration_vJ|6[33]            4.7885E-16  4.8200E-08   8.018E+03      33- 285      675
Rovibration_vJ|0[32]        -Rovibration_vJ|7[31]            1.8326E-16  2.5450E-08   7.040E+03      33- 319      676
Rovibration_vJ|0[32]        -Rovibration_vJ|7[33]            7.3267E-17  9.8830E-09   6.926E+03      33- 326      677
Rovibration_vJ|0[32]        -Rovibration_vJ|8[31]            2.0948E-17  3.7590E-09   6.193E+03      33- 360      678
Rovibration_vJ|0[32]        -Rovibration_vJ|8[33]            3.1330E-17  5.4380E-09   6.106E+03      33- 368      679
Rovibration_vJ|0[32]        -Rovibration_vJ|9[31]            8.0783E-17  1.8140E-08   5.536E+03      33- 401      680
Rovibration_vJ|0[32]        -Rovibration_vJ|9[33]            8.9190E-17  1.9310E-08   5.467E+03      33- 409      681
Rovibration_vJ|0[32]        -Rovibration_vJ|10[31]           5.8357E-17  1.5990E-08   5.012E+03      33- 442      682
Rovibration_vJ|0[32]        -Rovibration_vJ|10[33]           6.4781E-17  1.7070E-08   4.956E+03      33- 444      683
Rovibration_vJ|1[0]         -Rovibration_vJ|1[1]             1.2796E-08  4.1300E-08   2.625E+07      34-  35      684
Rovibration_vJ|1[0]         -Rovibration_vJ|2[1]             2.2984E-05  2.2980E+01   4.716E+04      34-  76      685
Rovibration_vJ|1[0]         -Rovibration_vJ|3[1]             2.6227E-07  1.0340E+00   2.375E+04      34- 117      686
Rovibration_vJ|1[0]         -Rovibration_vJ|4[1]             2.1589E-09  1.8900E-02   1.594E+04      34- 158      687
Rovibration_vJ|1[0]         -Rovibration_vJ|5[1]             1.0310E-11  1.5840E-04   1.203E+04      34- 199      688
Rovibration_vJ|1[0]         -Rovibration_vJ|6[1]             1.4579E-14  3.4550E-07   9.686E+03      34- 240      689
Rovibration_vJ|1[0]         -Rovibration_vJ|7[1]             1.4737E-14  4.9650E-07   8.124E+03      34- 281      690
Rovibration_vJ|1[0]         -Rovibration_vJ|8[1]             4.0514E-16  1.8340E-08   7.008E+03      34- 322      691
Rovibration_vJ|1[0]         -Rovibration_vJ|9[1]             8.0217E-16  4.6820E-08   6.172E+03      34- 363      692
Rovibration_vJ|1[0]         -Rovibration_vJ|10[1]            7.5248E-16  5.4870E-08   5.522E+03      34- 404      693
Rovibration_vJ|1[1]         -Rovibration_vJ|1[2]             1.7046E-08  3.9610E-07   1.312E+07      35-  37      694
Rovibration_vJ|1[1]         -Rovibration_vJ|2[0]             7.6325E-06  6.8190E+01   4.733E+04      35-  75      695
Rovibration_vJ|1[1]         -Rovibration_vJ|2[2]             1.5354E-05  2.7730E+01   4.707E+04      35-  77      696
Rovibration_vJ|1[1]         -Rovibration_vJ|3[0]             8.6352E-08  3.0530E+00   2.379E+04      35- 116      697
Rovibration_vJ|1[1]         -Rovibration_vJ|3[2]             1.7584E-07  1.2500E+00   2.373E+04      35- 118      698
Rovibration_vJ|1[1]         -Rovibration_vJ|4[0]             7.0214E-10  5.5190E-02   1.596E+04      35- 157      699
Rovibration_vJ|1[1]         -Rovibration_vJ|4[2]             1.4566E-09  2.2980E-02   1.593E+04      35- 159      700
Rovibration_vJ|1[1]         -Rovibration_vJ|5[0]             3.2291E-12  4.4570E-04   1.204E+04      35- 198      701
Rovibration_vJ|1[1]         -Rovibration_vJ|5[2]             7.0886E-12  1.9620E-04   1.202E+04      35- 200      702
Rovibration_vJ|1[1]         -Rovibration_vJ|6[0]             6.3761E-15  1.3580E-06   9.693E+03      35- 239      703
Rovibration_vJ|1[1]         -Rovibration_vJ|6[2]             8.3399E-15  3.5600E-07   9.683E+03      35- 241      704
Rovibration_vJ|1[1]         -Rovibration_vJ|7[0]             5.1842E-15  1.5700E-06   8.129E+03      35- 280      705
Rovibration_vJ|1[1]         -Rovibration_vJ|7[2]             9.5590E-15  5.8000E-07   8.122E+03      35- 282      706
Rovibration_vJ|1[1]         -Rovibration_vJ|8[0]             1.4418E-16  5.8680E-08   7.012E+03      35- 321      707
Rovibration_vJ|1[1]         -Rovibration_vJ|8[2]             2.6189E-16  2.1350E-08   7.007E+03      35- 323      708
Rovibration_vJ|1[1]         -Rovibration_vJ|9[0]             2.6428E-16  1.3870E-07   6.175E+03      35- 362      709
Rovibration_vJ|1[1]         -Rovibration_vJ|9[2]             5.3728E-16  5.6470E-08   6.171E+03      35- 364      710
Rovibration_vJ|1[1]         -Rovibration_vJ|10[0]            2.4964E-16  1.6370E-07   5.524E+03      35- 403      711
Rovibration_vJ|1[1]         -Rovibration_vJ|10[2]            5.0351E-16  6.6110E-08   5.521E+03      35- 405      712
Rovibration_vJ|0[33]        -Rovibration_vJ|0[34]            2.9017E-07  3.1650E-03   7.706E+05      36-  43      713
Rovibration_vJ|0[33]        -Rovibration_vJ|1[32]            5.3552E-06  1.4710E+01   5.003E+04      36-  74      714
Rovibration_vJ|0[33]        -Rovibration_vJ|1[34]            6.2915E-06  2.0670E+01   4.440E+04      36-  85      715
Rovibration_vJ|0[33]        -Rovibration_vJ|2[32]            3.5195E-08  4.0620E-01   2.441E+04      36- 115      716
Rovibration_vJ|0[33]        -Rovibration_vJ|2[34]            5.4109E-08  6.6260E-01   2.300E+04      36- 126      717
Rovibration_vJ|0[33]        -Rovibration_vJ|3[32]            1.6957E-10  4.4370E-03   1.621E+04      36- 156      718
Rovibration_vJ|0[33]        -Rovibration_vJ|3[34]            4.0185E-10  1.0720E-02   1.558E+04      36- 167      719
Rovibration_vJ|0[33]        -Rovibration_vJ|4[32]            2.3796E-13  1.1040E-05   1.217E+04      36- 197      720
Rovibration_vJ|0[33]        -Rovibration_vJ|4[34]            2.4349E-12  1.1290E-04   1.182E+04      36- 208      721
Rovibration_vJ|0[33]        -Rovibration_vJ|5[32]            1.4554E-14  1.0480E-06   9.772E+03      36- 238      722
Rovibration_vJ|0[33]        -Rovibration_vJ|5[34]            2.6186E-15  1.8620E-07   9.544E+03      36- 249      723
Rovibration_vJ|0[33]        -Rovibration_vJ|6[32]            2.5704E-15  2.6420E-07   8.179E+03      36- 279      724
Rovibration_vJ|0[33]        -Rovibration_vJ|6[34]            4.5395E-16  4.5710E-08   8.020E+03      36- 291      725
Rovibration_vJ|0[33]        -Rovibration_vJ|7[32]            1.9023E-16  2.6350E-08   7.045E+03      36- 320      726
Rovibration_vJ|0[33]        -Rovibration_vJ|7[34]            7.4708E-17  1.0080E-08   6.928E+03      36- 332      727
Rovibration_vJ|0[33]        -Rovibration_vJ|8[32]            1.9303E-17  3.4550E-09   6.198E+03      36- 361      728
Rovibration_vJ|0[33]        -Rovibration_vJ|8[34]            2.9568E-17  5.1330E-09   6.108E+03      36- 373      729
Rovibration_vJ|0[33]        -Rovibration_vJ|9[32]            7.8886E-17  1.7670E-08   5.540E+03      36- 402      730
Rovibration_vJ|0[33]        -Rovibration_vJ|9[34]            8.7192E-17  1.8880E-08   5.469E+03      36- 414      731
Rovibration_vJ|0[33]        -Rovibration_vJ|10[32]           5.8171E-17  1.5900E-08   5.015E+03      36- 443      732
Rovibration_vJ|0[33]        -Rovibration_vJ|10[34]           6.4548E-17  1.7010E-08   4.958E+03      36- 445      733
Rovibration_vJ|1[2]         -Rovibration_vJ|1[3]             2.2976E-08  1.4300E-06   8.749E+06      37-  38      734
Rovibration_vJ|1[2]         -Rovibration_vJ|2[1]             9.1419E-06  4.5210E+01   4.741E+04      37-  76      735
Rovibration_vJ|1[2]         -Rovibration_vJ|2[3]             1.3844E-05  2.9870E+01   4.699E+04      37-  79      736
Rovibration_vJ|1[2]         -Rovibration_vJ|3[1]             1.0303E-07  2.0200E+00   2.381E+04      37- 117      737
Rovibration_vJ|1[2]         -Rovibration_vJ|3[3]             1.5913E-07  1.3490E+00   2.371E+04      37- 120      738
Rovibration_vJ|1[2]         -Rovibration_vJ|4[1]             8.3231E-10  3.6300E-02   1.597E+04      37- 158      739
Rovibration_vJ|1[2]         -Rovibration_vJ|4[3]             1.3275E-09  2.4960E-02   1.592E+04      37- 160      740
Rovibration_vJ|1[2]         -Rovibration_vJ|5[1]             3.7555E-12  2.8770E-04   1.205E+04      37- 199      741
Rovibration_vJ|1[2]         -Rovibration_vJ|5[3]             6.5773E-12  2.1690E-04   1.202E+04      37- 201      742
Rovibration_vJ|1[2]         -Rovibration_vJ|6[1]             8.6355E-15  1.0210E-06   9.697E+03      37- 240      743
Rovibration_vJ|1[2]         -Rovibration_vJ|6[3]             6.3501E-15  3.2290E-07   9.680E+03      37- 242      744
Rovibration_vJ|1[2]         -Rovibration_vJ|7[1]             6.3876E-15  1.0740E-06   8.131E+03      37- 281      745
Rovibration_vJ|1[2]         -Rovibration_vJ|7[3]             8.3686E-15  6.0480E-07   8.119E+03      37- 283      746
Rovibration_vJ|1[2]         -Rovibration_vJ|8[1]             1.7909E-16  4.0470E-08   7.014E+03      37- 322      747
Rovibration_vJ|1[2]         -Rovibration_vJ|8[3]             2.2896E-16  2.2230E-08   7.005E+03      37- 324      748
Rovibration_vJ|1[2]         -Rovibration_vJ|9[1]             3.1518E-16  9.1850E-08   6.176E+03      37- 363      749
Rovibration_vJ|1[2]         -Rovibration_vJ|9[3]             4.8559E-16  6.0780E-08   6.170E+03      37- 365      750
Rovibration_vJ|1[2]         -Rovibration_vJ|10[1]            2.9934E-16  1.0900E-07   5.525E+03      37- 404      751
Rovibration_vJ|1[2]         -Rovibration_vJ|10[3]            4.5517E-16  7.1170E-08   5.520E+03      37- 406      752
Rovibration_vJ|1[3]         -Rovibration_vJ|1[4]             2.9127E-08  3.5090E-06   6.562E+06      38-  39      753
Rovibration_vJ|1[3]         -Rovibration_vJ|2[2]             9.7756E-06  4.0460E+01   4.750E+04      38-  77      754
Rovibration_vJ|1[3]         -Rovibration_vJ|2[4]             1.3209E-05  3.1140E+01   4.691E+04      38-  80      755
Rovibration_vJ|1[3]         -Rovibration_vJ|3[2]             1.0975E-07  1.8040E+00   2.383E+04      38- 118      756
Rovibration_vJ|1[3]         -Rovibration_vJ|3[4]             1.5249E-07  1.4100E+00   2.369E+04      38- 121      757
Rovibration_vJ|1[3]         -Rovibration_vJ|4[2]             8.8115E-10  3.2240E-02   1.598E+04      38- 159      758
Rovibration_vJ|1[3]         -Rovibration_vJ|4[4]             1.2798E-09  2.6230E-02   1.591E+04      38- 162      759
Rovibration_vJ|1[3]         -Rovibration_vJ|5[2]             3.8981E-12  2.5060E-04   1.205E+04      38- 200      760
Rovibration_vJ|1[3]         -Rovibration_vJ|5[4]             6.4586E-12  2.3210E-04   1.202E+04      38- 203      761
Rovibration_vJ|1[3]         -Rovibration_vJ|6[2]             1.0369E-14  1.0290E-06   9.701E+03      38- 241      762
Rovibration_vJ|1[3]         -Rovibration_vJ|6[4]             5.0286E-15  2.7860E-07   9.677E+03      38- 243      763
Rovibration_vJ|1[3]         -Rovibration_vJ|7[2]             7.0250E-15  9.9150E-07   8.134E+03      38- 282      764
Rovibration_vJ|1[3]         -Rovibration_vJ|7[4]             7.7503E-15  6.1020E-07   8.118E+03      38- 284      765
Rovibration_vJ|1[3]         -Rovibration_vJ|8[2]             1.9888E-16  3.7730E-08   7.016E+03      38- 323      766
Rovibration_vJ|1[3]         -Rovibration_vJ|8[4]             2.1208E-16  2.2430E-08   7.004E+03      38- 325      767
Rovibration_vJ|1[3]         -Rovibration_vJ|9[2]             3.3532E-16  8.2040E-08   6.178E+03      38- 364      768
Rovibration_vJ|1[3]         -Rovibration_vJ|9[4]             4.6421E-16  6.3290E-08   6.169E+03      38- 366      769
Rovibration_vJ|1[3]         -Rovibration_vJ|10[2]            3.2065E-16  9.8030E-08   5.527E+03      38- 405      770
Rovibration_vJ|1[3]         -Rovibration_vJ|10[4]            4.3581E-16  7.4220E-08   5.519E+03      38- 407      771
Rovibration_vJ|1[4]         -Rovibration_vJ|1[5]             3.5304E-08  6.9900E-06   5.250E+06      39-  40      772
Rovibration_vJ|1[4]         -Rovibration_vJ|2[3]             1.0117E-05  3.8310E+01   4.759E+04      39-  79      773
Rovibration_vJ|1[4]         -Rovibration_vJ|2[5]             1.2868E-05  3.2020E+01   4.683E+04      39-  81      774
Rovibration_vJ|1[4]         -Rovibration_vJ|3[3]             1.1316E-07  1.7050E+00   2.386E+04      39- 120      775
Rovibration_vJ|1[4]         -Rovibration_vJ|3[5]             1.4914E-07  1.4530E+00   2.367E+04      39- 122      776
Rovibration_vJ|1[4]         -Rovibration_vJ|4[3]             9.0264E-10  3.0290E-02   1.599E+04      39- 160      777
Rovibration_vJ|1[4]         -Rovibration_vJ|4[5]             1.2598E-09  2.7190E-02   1.590E+04      39- 163      778
Rovibration_vJ|1[4]         -Rovibration_vJ|5[3]             3.9167E-12  2.3100E-04   1.206E+04      39- 201      779
Rovibration_vJ|1[4]         -Rovibration_vJ|5[5]             6.4734E-12  2.4490E-04   1.201E+04      39- 204      780
Rovibration_vJ|1[4]         -Rovibration_vJ|6[3]             1.1959E-14  1.0890E-06   9.705E+03      39- 242      781
Rovibration_vJ|1[4]         -Rovibration_vJ|6[5]             3.9836E-15  2.3230E-07   9.674E+03      39- 245      782
Rovibration_vJ|1[4]         -Rovibration_vJ|7[3]             7.4759E-15  9.6830E-07   8.137E+03      39- 283      783
Rovibration_vJ|1[4]         -Rovibration_vJ|7[5]             7.3245E-15  6.0690E-07   8.116E+03      39- 286      784
Rovibration_vJ|1[4]         -Rovibration_vJ|8[3]             2.1400E-16  3.7260E-08   7.018E+03      39- 324      785
Rovibration_vJ|1[4]         -Rovibration_vJ|8[5]             2.0090E-16  2.2360E-08   7.002E+03      39- 327      786
Rovibration_vJ|1[4]         -Rovibration_vJ|9[3]             3.4507E-16  7.7490E-08   6.180E+03      39- 365      787
Rovibration_vJ|1[4]         -Rovibration_vJ|9[5]             4.5266E-16  6.4940E-08   6.168E+03      39- 367      788
Rovibration_vJ|1[4]         -Rovibration_vJ|10[3]            3.3277E-16  9.3380E-08   5.528E+03      39- 406      789
Rovibration_vJ|1[4]         -Rovibration_vJ|10[5]            4.2635E-16  7.6400E-08   5.519E+03      39- 408      790
Rovibration_vJ|1[5]         -Rovibration_vJ|1[6]             4.1449E-08  1.2220E-05   4.375E+06      40-  41      791
Rovibration_vJ|1[5]         -Rovibration_vJ|2[4]             1.0328E-05  3.7040E+01   4.768E+04      40-  80      792
Rovibration_vJ|1[5]         -Rovibration_vJ|2[6]             1.2660E-05  3.2690E+01   4.675E+04      40-  82      793
Rovibration_vJ|1[5]         -Rovibration_vJ|3[4]             1.1500E-07  1.6440E+00   2.388E+04      40- 121      794
Rovibration_vJ|1[5]         -Rovibration_vJ|3[6]             1.4735E-07  1.4870E+00   2.365E+04      40- 123      795
Rovibration_vJ|1[5]         -Rovibration_vJ|4[4]             9.1220E-10  2.9060E-02   1.600E+04      40- 162      796
Rovibration_vJ|1[5]         -Rovibration_vJ|4[6]             1.2523E-09  2.7980E-02   1.589E+04      40- 164      797
Rovibration_vJ|1[5]         -Rovibration_vJ|5[4]             3.8799E-12  2.1730E-04   1.206E+04      40- 203      798
Rovibration_vJ|1[5]         -Rovibration_vJ|5[6]             6.5512E-12  2.5650E-04   1.201E+04      40- 205      799
Rovibration_vJ|1[5]         -Rovibration_vJ|6[4]             1.3517E-14  1.1690E-06   9.709E+03      40- 243      800
Rovibration_vJ|1[5]         -Rovibration_vJ|6[6]             3.1041E-15  1.8730E-07   9.671E+03      40- 246      801
Rovibration_vJ|1[5]         -Rovibration_vJ|7[4]             7.8450E-15  9.6520E-07   8.140E+03      40- 284      802
Rovibration_vJ|1[5]         -Rovibration_vJ|7[6]             6.9884E-15  5.9910E-07   8.114E+03      40- 287      803
Rovibration_vJ|1[5]         -Rovibration_vJ|8[4]             2.2732E-16  3.7600E-08   7.021E+03      40- 325      804
Rovibration_vJ|1[5]         -Rovibration_vJ|8[6]             1.9246E-16  2.2160E-08   7.001E+03      40- 328      805
Rovibration_vJ|1[5]         -Rovibration_vJ|9[4]             3.4995E-16  7.4660E-08   6.182E+03      40- 366      806
Rovibration_vJ|1[5]         -Rovibration_vJ|9[6]             4.4553E-16  6.6120E-08   6.167E+03      40- 369      807
Rovibration_vJ|1[5]         -Rovibration_vJ|10[4]            3.4087E-16  9.0880E-08   5.530E+03      40- 407      808
Rovibration_vJ|1[5]         -Rovibration_vJ|10[6]            4.2150E-16  7.8130E-08   5.518E+03      40- 410      809
Rovibration_vJ|1[6]         -Rovibration_vJ|1[7]             4.7574E-08  1.9550E-05   3.751E+06      41-  42      810
Rovibration_vJ|1[6]         -Rovibration_vJ|2[5]             1.0464E-05  3.6150E+01   4.777E+04      41-  81      811
Rovibration_vJ|1[6]         -Rovibration_vJ|2[7]             1.2519E-05  3.3220E+01   4.668E+04      41-  83      812
Rovibration_vJ|1[6]         -Rovibration_vJ|3[5]             1.1613E-07  1.6020E+00   2.390E+04      41- 122      813
Rovibration_vJ|1[6]         -Rovibration_vJ|3[7]             1.4634E-07  1.5150E+00   2.363E+04      41- 124      814
Rovibration_vJ|1[6]         -Rovibration_vJ|4[5]             9.1511E-10  2.8150E-02   1.601E+04      41- 163      815
Rovibration_vJ|1[6]         -Rovibration_vJ|4[7]             1.2520E-09  2.8680E-02   1.589E+04      41- 165      816
Rovibration_vJ|1[6]         -Rovibration_vJ|5[5]             3.8154E-12  2.0640E-04   1.207E+04      41- 204      817
Rovibration_vJ|1[6]         -Rovibration_vJ|5[7]             6.6635E-12  2.6740E-04   1.200E+04      41- 206      818
Rovibration_vJ|1[6]         -Rovibration_vJ|6[5]             1.5093E-14  1.2610E-06   9.713E+03      41- 245      819
Rovibration_vJ|1[6]         -Rovibration_vJ|6[7]             2.3547E-15  1.4560E-07   9.669E+03      41- 247      820
Rovibration_vJ|1[6]         -Rovibration_vJ|7[5]             8.1701E-15  9.7120E-07   8.143E+03      41- 286      821
Rovibration_vJ|1[6]         -Rovibration_vJ|7[7]             6.7009E-15  5.8860E-07   8.112E+03      41- 288      822
Rovibration_vJ|1[6]         -Rovibration_vJ|8[5]             2.3995E-16  3.8350E-08   7.023E+03      41- 327      823
Rovibration_vJ|1[6]         -Rovibration_vJ|8[7]             1.8573E-16  2.1910E-08   7.000E+03      41- 329      824
Rovibration_vJ|1[6]         -Rovibration_vJ|9[5]             3.5216E-16  7.2600E-08   6.184E+03      41- 367      825
Rovibration_vJ|1[6]         -Rovibration_vJ|9[7]             4.4067E-16  6.7000E-08   6.166E+03      41- 370      826
Rovibration_vJ|1[6]         -Rovibration_vJ|10[5]            3.4699E-16  8.9400E-08   5.531E+03      41- 408      827
Rovibration_vJ|1[6]         -Rovibration_vJ|10[7]            4.1935E-16  7.9630E-08   5.518E+03      41- 411      828
Rovibration_vJ|1[7]         -Rovibration_vJ|1[8]             5.3629E-08  2.9300E-05   3.282E+06      42-  44      829
Rovibration_vJ|1[7]         -Rovibration_vJ|2[6]             1.0560E-05  3.5480E+01   4.786E+04      42-  82      830
Rovibration_vJ|1[7]         -Rovibration_vJ|2[8]             1.2426E-05  3.3680E+01   4.660E+04      42-  84      831
Rovibration_vJ|1[7]         -Rovibration_vJ|3[6]             1.1673E-07  1.5690E+00   2.393E+04      42- 123      832
Rovibration_vJ|1[7]         -Rovibration_vJ|3[8]             1.4588E-07  1.5400E+00   2.361E+04      42- 125      833
Rovibration_vJ|1[7]         -Rovibration_vJ|4[6]             9.1429E-10  2.7420E-02   1.602E+04      42- 164      834
Rovibration_vJ|1[7]         -Rovibration_vJ|4[8]             1.2556E-09  2.9310E-02   1.588E+04      42- 166      835
Rovibration_vJ|1[7]         -Rovibration_vJ|5[6]             3.7360E-12  1.9710E-04   1.208E+04      42- 205      836
Rovibration_vJ|1[7]         -Rovibration_vJ|5[8]             6.8001E-12  2.7800E-04   1.200E+04      42- 207      837
Rovibration_vJ|1[7]         -Rovibration_vJ|6[6]             1.6688E-14  1.3600E-06   9.718E+03      42- 246      838
Rovibration_vJ|1[7]         -Rovibration_vJ|6[8]             1.7164E-15  1.0810E-07   9.667E+03      42- 248      839
Rovibration_vJ|1[7]         -Rovibration_vJ|7[6]             8.4708E-15  9.8230E-07   8.147E+03      42- 287      840
Rovibration_vJ|1[7]         -Rovibration_vJ|7[8]             6.4442E-15  5.7650E-07   8.111E+03      42- 289      841
Rovibration_vJ|1[7]         -Rovibration_vJ|8[6]             2.5250E-16  3.9370E-08   7.026E+03      42- 328      842
Rovibration_vJ|1[7]         -Rovibration_vJ|8[8]             1.8013E-16  2.1640E-08   6.999E+03      42- 330      843
Rovibration_vJ|1[7]         -Rovibration_vJ|9[6]             3.5269E-16  7.0940E-08   6.186E+03      42- 369      844
Rovibration_vJ|1[7]         -Rovibration_vJ|9[8]             4.3702E-16  6.7660E-08   6.166E+03      42- 371      845
Rovibration_vJ|1[7]         -Rovibration_vJ|10[6]            3.5201E-16  8.8490E-08   5.533E+03      42- 410      846
Rovibration_vJ|1[7]         -Rovibration_vJ|10[8]            4.1892E-16  8.1000E-08   5.517E+03      42- 412      847
Rovibration_vJ|0[34]        -Rovibration_vJ|0[35]            2.9356E-07  3.3930E-03   7.489E+05      43-  48      848
Rovibration_vJ|0[34]        -Rovibration_vJ|1[33]            5.3462E-06  1.4600E+01   5.015E+04      43-  78      849
Rovibration_vJ|0[34]        -Rovibration_vJ|1[35]            6.2994E-06  2.0760E+01   4.435E+04      43-  89      850
Rovibration_vJ|0[34]        -Rovibration_vJ|2[33]            3.5036E-08  4.0280E-01   2.444E+04      43- 119      851
Rovibration_vJ|0[34]        -Rovibration_vJ|2[35]            5.4447E-08  6.6770E-01   2.299E+04      43- 130      852
Rovibration_vJ|0[34]        -Rovibration_vJ|3[33]            1.6786E-10  4.3780E-03   1.623E+04      43- 161      853
Rovibration_vJ|0[34]        -Rovibration_vJ|3[35]            4.0749E-10  1.0880E-02   1.558E+04      43- 171      854
Rovibration_vJ|0[34]        -Rovibration_vJ|4[33]            2.2763E-13  1.0530E-05   1.219E+04      43- 202      855
Rovibration_vJ|0[34]        -Rovibration_vJ|4[35]            2.5025E-12  1.1610E-04   1.182E+04      43- 213      856
Rovibration_vJ|0[34]        -Rovibration_vJ|5[33]            1.5012E-14  1.0780E-06   9.781E+03      43- 244      857
Rovibration_vJ|0[34]        -Rovibration_vJ|5[35]            2.9873E-15  2.1250E-07   9.546E+03      43- 254      858
Rovibration_vJ|0[34]        -Rovibration_vJ|6[33]            2.6094E-15  2.6750E-07   8.186E+03      43- 285      859
Rovibration_vJ|0[34]        -Rovibration_vJ|6[35]            4.2961E-16  4.3270E-08   8.022E+03      43- 295      860
Rovibration_vJ|0[34]        -Rovibration_vJ|7[33]            1.9745E-16  2.7280E-08   7.051E+03      43- 326      861
Rovibration_vJ|0[34]        -Rovibration_vJ|7[35]            7.6177E-17  1.0280E-08   6.931E+03      43- 336      862
Rovibration_vJ|0[34]        -Rovibration_vJ|8[33]            1.7693E-17  3.1590E-09   6.203E+03      43- 368      863
Rovibration_vJ|0[34]        -Rovibration_vJ|8[35]            2.7808E-17  4.8280E-09   6.110E+03      43- 377      864
Rovibration_vJ|0[34]        -Rovibration_vJ|9[33]            7.6932E-17  1.7190E-08   5.545E+03      43- 409      865
Rovibration_vJ|0[34]        -Rovibration_vJ|9[35]            8.5064E-17  1.8420E-08   5.471E+03      43- 418      866
Rovibration_vJ|0[34]        -Rovibration_vJ|10[33]           5.7909E-17  1.5790E-08   5.019E+03      43- 444      867
Rovibration_vJ|0[34]        -Rovibration_vJ|10[35]           6.4245E-17  1.6930E-08   4.960E+03      43- 446      868
Rovibration_vJ|1[8]         -Rovibration_vJ|1[9]             5.9599E-08  4.1780E-05   2.918E+06      44-  45      869
Rovibration_vJ|1[8]         -Rovibration_vJ|2[7]             1.0628E-05  3.4940E+01   4.795E+04      44-  83      870
Rovibration_vJ|1[8]         -Rovibration_vJ|2[9]             1.2356E-05  3.4070E+01   4.652E+04      44-  86      871
Rovibration_vJ|1[8]         -Rovibration_vJ|3[7]             1.1704E-07  1.5420E+00   2.395E+04      44- 124      872
Rovibration_vJ|1[8]         -Rovibration_vJ|3[9]             1.4570E-07  1.5620E+00   2.359E+04      44- 127      873
Rovibration_vJ|1[8]         -Rovibration_vJ|4[7]             9.1112E-10  2.6800E-02   1.603E+04      44- 165      874
Rovibration_vJ|1[8]         -Rovibration_vJ|4[9]             1.2620E-09  2.9900E-02   1.587E+04      44- 168      875
Rovibration_vJ|1[8]         -Rovibration_vJ|5[7]             3.6457E-12  1.8870E-04   1.209E+04      44- 206      876
Rovibration_vJ|1[8]         -Rovibration_vJ|5[9]             6.9550E-12  2.8850E-04   1.199E+04      44- 209      877
Rovibration_vJ|1[8]         -Rovibration_vJ|6[7]             1.8320E-14  1.4650E-06   9.723E+03      44- 247      878
Rovibration_vJ|1[8]         -Rovibration_vJ|6[9]             1.1821E-15  7.5530E-08   9.665E+03      44- 250      879
Rovibration_vJ|1[8]         -Rovibration_vJ|7[7]             8.7580E-15  9.9670E-07   8.150E+03      44- 288      880
Rovibration_vJ|1[8]         -Rovibration_vJ|7[9]             6.2076E-15  5.6330E-07   8.110E+03      44- 290      881
Rovibration_vJ|1[8]         -Rovibration_vJ|8[7]             2.6517E-16  4.0580E-08   7.028E+03      44- 329      882
Rovibration_vJ|1[8]         -Rovibration_vJ|8[9]             1.7547E-16  2.1380E-08   6.999E+03      44- 331      883
Rovibration_vJ|1[8]         -Rovibration_vJ|9[7]             3.5198E-16  6.9490E-08   6.188E+03      44- 370      884
Rovibration_vJ|1[8]         -Rovibration_vJ|9[9]             4.3402E-16  6.8150E-08   6.165E+03      44- 372      885
Rovibration_vJ|1[8]         -Rovibration_vJ|10[7]            3.5643E-16  8.7950E-08   5.535E+03      44- 411      886
Rovibration_vJ|1[8]         -Rovibration_vJ|10[9]            4.1966E-16  8.2290E-08   5.517E+03      44- 413      887
Rovibration_vJ|1[9]         -Rovibration_vJ|1[10]            6.5479E-08  5.7290E-05   2.626E+06      45-  46      888
Rovibration_vJ|1[9]         -Rovibration_vJ|2[8]             1.0677E-05  3.4480E+01   4.805E+04      45-  84      889
Rovibration_vJ|1[9]         -Rovibration_vJ|2[10]            1.2308E-05  3.4430E+01   4.645E+04      45-  87      890
Rovibration_vJ|1[9]         -Rovibration_vJ|3[8]             1.1715E-07  1.5190E+00   2.398E+04      45- 125      891
Rovibration_vJ|1[9]         -Rovibration_vJ|3[10]            1.4572E-07  1.5820E+00   2.358E+04      45- 128      892
Rovibration_vJ|1[9]         -Rovibration_vJ|4[8]             9.0629E-10  2.6250E-02   1.604E+04      45- 166      893
Rovibration_vJ|1[9]         -Rovibration_vJ|4[10]            1.2707E-09  3.0470E-02   1.586E+04      45- 169      894
Rovibration_vJ|1[9]         -Rovibration_vJ|5[8]             3.5522E-12  1.8110E-04   1.209E+04      45- 207      895
Rovibration_vJ|1[9]         -Rovibration_vJ|5[10]            7.1218E-12  2.9890E-04   1.199E+04      45- 210      896
Rovibration_vJ|1[9]         -Rovibration_vJ|6[8]             1.9992E-14  1.5750E-06   9.728E+03      45- 248      897
Rovibration_vJ|1[9]         -Rovibration_vJ|6[10]            7.4727E-16  4.8300E-08   9.663E+03      45- 251      898
Rovibration_vJ|1[9]         -Rovibration_vJ|7[8]             9.0343E-15  1.0130E-06   8.154E+03      45- 289      899
Rovibration_vJ|1[9]         -Rovibration_vJ|7[10]            5.9868E-15  5.4950E-07   8.109E+03      45- 292      900
Rovibration_vJ|1[9]         -Rovibration_vJ|8[8]             2.7820E-16  4.1950E-08   7.031E+03      45- 330      901
Rovibration_vJ|1[9]         -Rovibration_vJ|8[10]            1.7146E-16  2.1130E-08   6.998E+03      45- 333      902
Rovibration_vJ|1[9]         -Rovibration_vJ|9[8]             3.5046E-16  6.8180E-08   6.190E+03      45- 371      903
Rovibration_vJ|1[9]         -Rovibration_vJ|9[10]            4.3149E-16  6.8520E-08   6.165E+03      45- 374      904
Rovibration_vJ|1[9]         -Rovibration_vJ|10[8]            3.6049E-16  8.7660E-08   5.537E+03      45- 412      905
Rovibration_vJ|1[9]         -Rovibration_vJ|10[10]           4.2138E-16  8.3560E-08   5.517E+03      45- 415      906
Rovibration_vJ|1[10]        -Rovibration_vJ|1[11]            7.1258E-08  7.6110E-05   2.388E+06      46-  47      907
Rovibration_vJ|1[10]        -Rovibration_vJ|2[9]             1.0714E-05  3.4080E+01   4.814E+04      46-  86      908
Rovibration_vJ|1[10]        -Rovibration_vJ|2[11]            1.2271E-05  3.4750E+01   4.637E+04      46-  88      909
Rovibration_vJ|1[10]        -Rovibration_vJ|3[9]             1.1716E-07  1.4990E+00   2.400E+04      46- 127      910
Rovibration_vJ|1[10]        -Rovibration_vJ|3[11]            1.4592E-07  1.6010E+00   2.356E+04      46- 129      911
Rovibration_vJ|1[10]        -Rovibration_vJ|4[9]             9.0036E-10  2.5750E-02   1.606E+04      46- 168      912
Rovibration_vJ|1[10]        -Rovibration_vJ|4[11]            1.2808E-09  3.1020E-02   1.586E+04      46- 170      913
Rovibration_vJ|1[10]        -Rovibration_vJ|5[9]             3.4554E-12  1.7400E-04   1.210E+04      46- 209      914
Rovibration_vJ|1[10]        -Rovibration_vJ|5[11]            7.2988E-12  3.0930E-04   1.199E+04      46- 211      915
Rovibration_vJ|1[10]        -Rovibration_vJ|6[9]             2.1702E-14  1.6890E-06   9.733E+03      46- 250      916
Rovibration_vJ|1[10]        -Rovibration_vJ|6[11]            4.1118E-16  2.6830E-08   9.661E+03      46- 252      917
Rovibration_vJ|1[10]        -Rovibration_vJ|7[9]             9.3065E-15  1.0310E-06   8.158E+03      46- 290      918
Rovibration_vJ|1[10]        -Rovibration_vJ|7[11]            5.7778E-15  5.3530E-07   8.108E+03      46- 293      919
Rovibration_vJ|1[10]        -Rovibration_vJ|8[9]             2.9175E-16  4.3470E-08   7.034E+03      46- 331      920
Rovibration_vJ|1[10]        -Rovibration_vJ|8[11]            1.6803E-16  2.0900E-08   6.997E+03      46- 334      921
Rovibration_vJ|1[10]        -Rovibration_vJ|9[9]             3.4816E-16  6.6930E-08   6.193E+03      46- 372      922
Rovibration_vJ|1[10]        -Rovibration_vJ|9[11]            4.2910E-16  6.8770E-08   6.164E+03      46- 375      923
Rovibration_vJ|1[10]        -Rovibration_vJ|10[9]            3.6447E-16  8.7580E-08   5.539E+03      46- 413      924
Rovibration_vJ|1[10]        -Rovibration_vJ|10[11]           4.2384E-16  8.4820E-08   5.517E+03      46- 416      925
Rovibration_vJ|1[11]        -Rovibration_vJ|1[12]            7.6920E-08  9.8490E-05   2.189E+06      47-  49      926
Rovibration_vJ|1[11]        -Rovibration_vJ|2[10]            1.0738E-05  3.3710E+01   4.824E+04      47-  87      927
Rovibration_vJ|1[11]        -Rovibration_vJ|2[12]            1.2245E-05  3.5050E+01   4.630E+04      47-  90      928
Rovibration_vJ|1[11]        -Rovibration_vJ|3[10]            1.1698E-07  1.4800E+00   2.403E+04      47- 128      929
Rovibration_vJ|1[11]        -Rovibration_vJ|3[12]            1.4624E-07  1.6190E+00   2.354E+04      47- 131      930
Rovibration_vJ|1[11]        -Rovibration_vJ|4[10]            8.9376E-10  2.5290E-02   1.607E+04      47- 169      931
Rovibration_vJ|1[11]        -Rovibration_vJ|4[12]            1.2918E-09  3.1550E-02   1.585E+04      47- 172      932
Rovibration_vJ|1[11]        -Rovibration_vJ|5[10]            3.3570E-12  1.6730E-04   1.211E+04      47- 210      933
Rovibration_vJ|1[11]        -Rovibration_vJ|5[12]            7.4880E-12  3.1990E-04   1.199E+04      47- 212      934
Rovibration_vJ|1[11]        -Rovibration_vJ|6[10]            2.3456E-14  1.8070E-06   9.738E+03      47- 251      935
Rovibration_vJ|1[11]        -Rovibration_vJ|6[12]            1.7409E-16  1.1450E-08   9.659E+03      47- 253      936
Rovibration_vJ|1[11]        -Rovibration_vJ|7[10]            9.5739E-15  1.0500E-06   8.162E+03      47- 292      937
Rovibration_vJ|1[11]        -Rovibration_vJ|7[12]            5.5776E-15  5.2080E-07   8.107E+03      47- 294      938
Rovibration_vJ|1[11]        -Rovibration_vJ|8[10]            3.0587E-16  4.5120E-08   7.037E+03      47- 333      939
Rovibration_vJ|1[11]        -Rovibration_vJ|8[12]            1.6514E-16  2.0700E-08   6.997E+03      47- 335      940
Rovibration_vJ|1[11]        -Rovibration_vJ|9[10]            3.4533E-16  6.5730E-08   6.195E+03      47- 374      941
Rovibration_vJ|1[11]        -Rovibration_vJ|9[12]            4.2682E-16  6.8930E-08   6.164E+03      47- 376      942
Rovibration_vJ|1[11]        -Rovibration_vJ|10[10]           3.6838E-16  8.7650E-08   5.541E+03      47- 415      943
Rovibration_vJ|1[11]        -Rovibration_vJ|10[12]           4.2693E-16  8.6090E-08   5.517E+03      47- 417      944
Rovibration_vJ|0[35]        -Rovibration_vJ|0[36]            2.9657E-07  3.6260E-03   7.284E+05      48-  52      945
Rovibration_vJ|0[35]        -Rovibration_vJ|1[34]            5.3369E-06  1.4490E+01   5.028E+04      48-  85      946
Rovibration_vJ|0[35]        -Rovibration_vJ|1[36]            6.3077E-06  2.0850E+01   4.430E+04      48-  93      947
Rovibration_vJ|0[35]        -Rovibration_vJ|2[34]            3.4874E-08  3.9940E-01   2.448E+04      48- 126      948
Rovibration_vJ|0[35]        -Rovibration_vJ|2[36]            5.4796E-08  6.7290E-01   2.298E+04      48- 134      949
Rovibration_vJ|0[35]        -Rovibration_vJ|3[34]            1.6613E-10  4.3190E-03   1.625E+04      48- 167      950
Rovibration_vJ|0[35]        -Rovibration_vJ|3[36]            4.1279E-10  1.1030E-02   1.558E+04      48- 175      951
Rovibration_vJ|0[35]        -Rovibration_vJ|4[34]            2.1767E-13  1.0040E-05   1.220E+04      48- 208      952
Rovibration_vJ|0[35]        -Rovibration_vJ|4[36]            2.5703E-12  1.1930E-04   1.182E+04      48- 216      953
Rovibration_vJ|0[35]        -Rovibration_vJ|5[34]            1.5486E-14  1.1090E-06   9.790E+03      48- 249      954
Rovibration_vJ|0[35]        -Rovibration_vJ|5[36]            3.3855E-15  2.4090E-07   9.548E+03      48- 257      955
Rovibration_vJ|0[35]        -Rovibration_vJ|6[34]            2.6475E-15  2.7070E-07   8.193E+03      48- 291      956
Rovibration_vJ|0[35]        -Rovibration_vJ|6[36]            4.0560E-16  4.0860E-08   8.025E+03      48- 298      957
Rovibration_vJ|0[35]        -Rovibration_vJ|7[34]            2.0492E-16  2.8240E-08   7.057E+03      48- 332      958
Rovibration_vJ|0[35]        -Rovibration_vJ|7[36]            7.7726E-17  1.0490E-08   6.933E+03      48- 339      959
Rovibration_vJ|0[35]        -Rovibration_vJ|8[34]            1.6115E-17  2.8700E-09   6.208E+03      48- 373      960
Rovibration_vJ|0[35]        -Rovibration_vJ|8[36]            2.6068E-17  4.5260E-09   6.113E+03      48- 381      961
Rovibration_vJ|0[35]        -Rovibration_vJ|9[34]            7.4877E-17  1.6690E-08   5.549E+03      48- 414      962
Rovibration_vJ|0[35]        -Rovibration_vJ|9[36]            8.2943E-17  1.7960E-08   5.474E+03      48- 422      963
Rovibration_vJ|0[35]        -Rovibration_vJ|10[34]           5.7607E-17  1.5670E-08   5.023E+03      48- 445      964
Rovibration_vJ|0[35]        -Rovibration_vJ|10[36]           6.3871E-17  1.6830E-08   4.962E+03      48- 447      965
Rovibration_vJ|1[12]        -Rovibration_vJ|1[13]            8.2479E-08  1.2470E-04   2.021E+06      49-  50      966
Rovibration_vJ|1[12]        -Rovibration_vJ|2[11]            1.0754E-05  3.3370E+01   4.834E+04      49-  88      967
Rovibration_vJ|1[12]        -Rovibration_vJ|2[13]            1.2226E-05  3.5330E+01   4.623E+04      49-  91      968
Rovibration_vJ|1[12]        -Rovibration_vJ|3[11]            1.1678E-07  1.4630E+00   2.406E+04      49- 129      969
Rovibration_vJ|1[12]        -Rovibration_vJ|3[13]            1.4663E-07  1.6360E+00   2.353E+04      49- 132      970
Rovibration_vJ|1[12]        -Rovibration_vJ|4[11]            8.8667E-10  2.4860E-02   1.608E+04      49- 170      971
Rovibration_vJ|1[12]        -Rovibration_vJ|4[13]            1.3041E-09  3.2080E-02   1.585E+04      49- 173      972
Rovibration_vJ|1[12]        -Rovibration_vJ|5[11]            3.2594E-12  1.6100E-04   1.212E+04      49- 211      973
Rovibration_vJ|1[12]        -Rovibration_vJ|5[13]            7.6830E-12  3.3050E-04   1.198E+04      49- 214      974
Rovibration_vJ|1[12]        -Rovibration_vJ|6[11]            2.5258E-14  1.9290E-06   9.743E+03      49- 252      975
Rovibration_vJ|1[12]        -Rovibration_vJ|6[13]            3.6836E-17  2.4390E-09   9.658E+03      49- 255      976
Rovibration_vJ|1[12]        -Rovibration_vJ|7[11]            9.8496E-15  1.0710E-06   8.166E+03      49- 293      977
Rovibration_vJ|1[12]        -Rovibration_vJ|7[13]            5.3856E-15  5.0620E-07   8.106E+03      49- 296      978
Rovibration_vJ|1[12]        -Rovibration_vJ|8[11]            3.2058E-16  4.6890E-08   7.041E+03      49- 334      979
Rovibration_vJ|1[12]        -Rovibration_vJ|8[13]            1.6281E-16  2.0540E-08   6.997E+03      49- 337      980
Rovibration_vJ|1[12]        -Rovibration_vJ|9[11]            3.4195E-16  6.4540E-08   6.198E+03      49- 375      981
Rovibration_vJ|1[12]        -Rovibration_vJ|9[13]            4.2445E-16  6.8990E-08   6.164E+03      49- 378      982
Rovibration_vJ|1[12]        -Rovibration_vJ|10[11]           3.7233E-16  8.7850E-08   5.543E+03      49- 416      983
Rovibration_vJ|1[12]        -Rovibration_vJ|10[13]           4.3052E-16  8.7370E-08   5.517E+03      49- 419      984
Rovibration_vJ|1[13]        -Rovibration_vJ|1[14]            8.7886E-08  1.5490E-04   1.877E+06      50-  51      985
Rovibration_vJ|1[13]        -Rovibration_vJ|2[12]            1.0766E-05  3.3060E+01   4.844E+04      50-  90      986
Rovibration_vJ|1[13]        -Rovibration_vJ|2[14]            1.2214E-05  3.5600E+01   4.616E+04      50-  92      987
Rovibration_vJ|1[13]        -Rovibration_vJ|3[12]            1.1642E-07  1.4460E+00   2.408E+04      50- 131      988
Rovibration_vJ|1[13]        -Rovibration_vJ|3[14]            1.4715E-07  1.6530E+00   2.351E+04      50- 133      989
Rovibration_vJ|1[13]        -Rovibration_vJ|4[12]            8.7910E-10  2.4450E-02   1.609E+04      50- 172      990
Rovibration_vJ|1[13]        -Rovibration_vJ|4[14]            1.3170E-09  3.2600E-02   1.584E+04      50- 174      991
Rovibration_vJ|1[13]        -Rovibration_vJ|5[12]            3.1624E-12  1.5500E-04   1.212E+04      50- 212      992
Rovibration_vJ|1[13]        -Rovibration_vJ|5[14]            7.8870E-12  3.4130E-04   1.198E+04      50- 215      993
Rovibration_vJ|1[13]        -Rovibration_vJ|6[12]            2.7100E-14  2.0540E-06   9.749E+03      50- 253      994
Rovibration_vJ|1[13]        -Rovibration_vJ|6[14]            1.2037E-18  8.0160E-11   9.657E+03      50- 256      995
Rovibration_vJ|1[13]        -Rovibration_vJ|7[12]            1.0118E-14  1.0920E-06   8.170E+03      50- 294      996
Rovibration_vJ|1[13]        -Rovibration_vJ|7[14]            5.1987E-15  4.9140E-07   8.106E+03      50- 297      997
Rovibration_vJ|1[13]        -Rovibration_vJ|8[12]            3.3604E-16  4.8790E-08   7.044E+03      50- 335      998
Rovibration_vJ|1[13]        -Rovibration_vJ|8[14]            1.6080E-16  2.0400E-08   6.997E+03      50- 338      999
Rovibration_vJ|1[13]        -Rovibration_vJ|9[12]            3.3816E-16  6.3360E-08   6.201E+03      50- 376     1000
Rovibration_vJ|1[13]        -Rovibration_vJ|9[14]            4.2200E-16  6.8970E-08   6.164E+03      50- 379     1001
Rovibration_vJ|1[13]        -Rovibration_vJ|10[12]           3.7633E-16  8.8150E-08   5.546E+03      50- 417     1002
Rovibration_vJ|1[13]        -Rovibration_vJ|10[14]           4.3461E-16  8.8680E-08   5.517E+03      50- 420     1003
Rovibration_vJ|1[14]        -Rovibration_vJ|1[15]            9.3101E-08  1.8920E-04   1.752E+06      51-  53     1004
Rovibration_vJ|1[14]        -Rovibration_vJ|2[13]            1.0775E-05  3.2770E+01   4.854E+04      51-  91     1005
Rovibration_vJ|1[14]        -Rovibration_vJ|2[15]            1.2208E-05  3.5860E+01   4.609E+04      51-  94     1006
Rovibration_vJ|1[14]        -Rovibration_vJ|3[13]            1.1611E-07  1.4310E+00   2.411E+04      51- 132     1007
Rovibration_vJ|1[14]        -Rovibration_vJ|3[15]            1.4768E-07  1.6690E+00   2.350E+04      51- 135     1008
Rovibration_vJ|1[14]        -Rovibration_vJ|4[13]            8.7129E-10  2.4060E-02   1.611E+04      51- 173     1009
Rovibration_vJ|1[14]        -Rovibration_vJ|4[15]            1.3307E-09  3.3120E-02   1.583E+04      51- 176     1010
Rovibration_vJ|1[14]        -Rovibration_vJ|5[13]            3.0650E-12  1.4920E-04   1.213E+04      51- 214     1011
Rovibration_vJ|1[14]        -Rovibration_vJ|5[15]            8.0992E-12  3.5230E-04   1.198E+04      51- 217     1012
Rovibration_vJ|1[14]        -Rovibration_vJ|6[13]            2.8981E-14  2.1820E-06   9.755E+03      51- 255     1013
Rovibration_vJ|1[14]        -Rovibration_vJ|6[15]            6.9104E-17  4.6250E-09   9.656E+03      51- 258     1014
Rovibration_vJ|1[14]        -Rovibration_vJ|7[13]            1.0380E-14  1.1130E-06   8.174E+03      51- 296     1015
Rovibration_vJ|1[14]        -Rovibration_vJ|7[15]            5.0187E-15  4.7670E-07   8.105E+03      51- 299     1016
Rovibration_vJ|1[14]        -Rovibration_vJ|8[13]            3.5230E-16  5.0820E-08   7.047E+03      51- 337     1017
Rovibration_vJ|1[14]        -Rovibration_vJ|8[15]            1.5925E-16  2.0300E-08   6.996E+03      51- 340     1018
Rovibration_vJ|1[14]        -Rovibration_vJ|9[13]            3.3395E-16  6.2170E-08   6.204E+03      51- 378     1019
Rovibration_vJ|1[14]        -Rovibration_vJ|9[15]            4.1935E-16  6.8860E-08   6.164E+03      51- 380     1020
Rovibration_vJ|1[14]        -Rovibration_vJ|10[13]           3.8045E-16  8.8550E-08   5.548E+03      51- 419     1021
Rovibration_vJ|1[14]        -Rovibration_vJ|10[15]           4.3907E-16  9.0010E-08   5.517E+03      51- 421     1022
Rovibration_vJ|0[36]        -Rovibration_vJ|0[37]            2.9916E-07  3.8630E-03   7.091E+05      52-  55     1023
Rovibration_vJ|0[36]        -Rovibration_vJ|1[35]            5.3272E-06  1.4380E+01   5.040E+04      52-  89     1024
Rovibration_vJ|0[36]        -Rovibration_vJ|1[37]            6.3165E-06  2.0940E+01   4.425E+04      52-  96     1025
Rovibration_vJ|0[36]        -Rovibration_vJ|2[35]            3.4718E-08  3.9610E-01   2.452E+04      52- 130     1026
Rovibration_vJ|0[36]        -Rovibration_vJ|2[37]            5.5149E-08  6.7810E-01   2.298E+04      52- 137     1027
Rovibration_vJ|0[36]        -Rovibration_vJ|3[35]            1.6447E-10  4.2620E-03   1.627E+04      52- 171     1028
Rovibration_vJ|0[36]        -Rovibration_vJ|3[37]            4.1811E-10  1.1180E-02   1.558E+04      52- 178     1029
Rovibration_vJ|0[36]        -Rovibration_vJ|4[35]            2.0811E-13  9.5710E-06   1.221E+04      52- 213     1030
Rovibration_vJ|0[36]        -Rovibration_vJ|4[37]            2.6424E-12  1.2270E-04   1.182E+04      52- 219     1031
Rovibration_vJ|0[36]        -Rovibration_vJ|5[35]            1.5948E-14  1.1390E-06   9.799E+03      52- 254     1032
Rovibration_vJ|0[36]        -Rovibration_vJ|5[37]            3.8132E-15  2.7140E-07   9.551E+03      52- 261     1033
Rovibration_vJ|0[36]        -Rovibration_vJ|6[35]            2.6868E-15  2.7400E-07   8.201E+03      52- 295     1034
Rovibration_vJ|0[36]        -Rovibration_vJ|6[37]            3.8214E-16  3.8500E-08   8.028E+03      52- 302     1035
Rovibration_vJ|0[36]        -Rovibration_vJ|7[35]            2.1257E-16  2.9220E-08   7.063E+03      52- 336     1036
Rovibration_vJ|0[36]        -Rovibration_vJ|7[37]            7.9355E-17  1.0710E-08   6.936E+03      52- 343     1037
Rovibration_vJ|0[36]        -Rovibration_vJ|8[35]            1.4584E-17  2.5910E-09   6.213E+03      52- 377     1038
Rovibration_vJ|0[36]        -Rovibration_vJ|8[37]            2.4347E-17  4.2270E-09   6.115E+03      52- 384     1039
Rovibration_vJ|0[36]        -Rovibration_vJ|9[35]            7.2811E-17  1.6190E-08   5.554E+03      52- 418     1040
Rovibration_vJ|0[36]        -Rovibration_vJ|9[37]            8.0735E-17  1.7480E-08   5.476E+03      52- 425     1041
Rovibration_vJ|0[36]        -Rovibration_vJ|10[35]           5.7193E-17  1.5520E-08   5.027E+03      52- 446     1042
Rovibration_vJ|0[36]        -Rovibration_vJ|10[37]           6.3388E-17  1.6700E-08   4.964E+03      52- 448     1043
Rovibration_vJ|1[15]        -Rovibration_vJ|1[16]            9.8236E-08  2.2800E-04   1.643E+06      53-  54     1044
Rovibration_vJ|1[15]        -Rovibration_vJ|2[14]            1.0776E-05  3.2480E+01   4.864E+04      53-  92     1045
Rovibration_vJ|1[15]        -Rovibration_vJ|2[16]            1.2202E-05  3.6100E+01   4.602E+04      53-  95     1046
Rovibration_vJ|1[15]        -Rovibration_vJ|3[14]            1.1571E-07  1.4160E+00   2.414E+04      53- 133     1047
Rovibration_vJ|1[15]        -Rovibration_vJ|3[16]            1.4828E-07  1.6850E+00   2.348E+04      53- 136     1048
Rovibration_vJ|1[15]        -Rovibration_vJ|4[14]            8.6309E-10  2.3680E-02   1.612E+04      53- 174     1049
Rovibration_vJ|1[15]        -Rovibration_vJ|4[16]            1.3446E-09  3.3630E-02   1.583E+04      53- 177     1050
Rovibration_vJ|1[15]        -Rovibration_vJ|5[14]            2.9703E-12  1.4370E-04   1.214E+04      53- 215     1051
Rovibration_vJ|1[15]        -Rovibration_vJ|5[16]            8.3165E-12  3.6340E-04   1.197E+04      53- 218     1052
Rovibration_vJ|1[15]        -Rovibration_vJ|6[14]            3.0919E-14  2.3140E-06   9.761E+03      53- 256     1053
Rovibration_vJ|1[15]        -Rovibration_vJ|6[16]            2.4278E-16  1.6320E-08   9.655E+03      53- 259     1054
Rovibration_vJ|1[15]        -Rovibration_vJ|7[14]            1.0648E-14  1.1350E-06   8.179E+03      53- 297     1055
Rovibration_vJ|1[15]        -Rovibration_vJ|7[16]            4.8423E-15  4.6190E-07   8.105E+03      53- 300     1056
Rovibration_vJ|1[15]        -Rovibration_vJ|8[14]            3.6933E-16  5.2970E-08   7.051E+03      53- 338     1057
Rovibration_vJ|1[15]        -Rovibration_vJ|8[16]            1.5812E-16  2.0240E-08   6.997E+03      53- 341     1058
Rovibration_vJ|1[15]        -Rovibration_vJ|9[14]            3.2938E-16  6.0970E-08   6.206E+03      53- 379     1059
Rovibration_vJ|1[15]        -Rovibration_vJ|9[16]            4.1648E-16  6.8670E-08   6.165E+03      53- 382     1060
Rovibration_vJ|1[15]        -Rovibration_vJ|10[14]           3.8474E-16  8.9040E-08   5.551E+03      53- 420     1061
Rovibration_vJ|1[15]        -Rovibration_vJ|10[16]           4.4396E-16  9.1380E-08   5.518E+03      53- 423     1062
Rovibration_vJ|1[16]        -Rovibration_vJ|1[17]            1.0317E-07  2.7120E-04   1.547E+06      54-  56     1063
Rovibration_vJ|1[16]        -Rovibration_vJ|2[15]            1.0776E-05  3.2210E+01   4.874E+04      54-  94     1064
Rovibration_vJ|1[16]        -Rovibration_vJ|2[17]            1.2202E-05  3.6340E+01   4.595E+04      54-  97     1065
Rovibration_vJ|1[16]        -Rovibration_vJ|3[15]            1.1532E-07  1.4020E+00   2.417E+04      54- 135     1066
Rovibration_vJ|1[16]        -Rovibration_vJ|3[17]            1.4896E-07  1.7010E+00   2.347E+04      54- 138     1067
Rovibration_vJ|1[16]        -Rovibration_vJ|4[15]            8.5500E-10  2.3320E-02   1.613E+04      54- 176     1068
Rovibration_vJ|1[16]        -Rovibration_vJ|4[17]            1.3596E-09  3.4150E-02   1.582E+04      54- 179     1069
Rovibration_vJ|1[16]        -Rovibration_vJ|5[15]            2.8768E-12  1.3840E-04   1.215E+04      54- 217     1070
Rovibration_vJ|1[16]        -Rovibration_vJ|5[17]            8.5430E-12  3.7480E-04   1.197E+04      54- 220     1071
Rovibration_vJ|1[16]        -Rovibration_vJ|6[15]            3.2874E-14  2.4470E-06   9.767E+03      54- 258     1072
Rovibration_vJ|1[16]        -Rovibration_vJ|6[17]            5.2475E-16  3.5410E-08   9.654E+03      54- 260     1073
Rovibration_vJ|1[16]        -Rovibration_vJ|7[15]            1.0921E-14  1.1580E-06   8.183E+03      54- 299     1074
Rovibration_vJ|1[16]        -Rovibration_vJ|7[17]            4.6708E-15  4.4720E-07   8.105E+03      54- 301     1075
Rovibration_vJ|1[16]        -Rovibration_vJ|8[15]            3.8732E-16  5.5260E-08   7.055E+03      54- 340     1076
Rovibration_vJ|1[16]        -Rovibration_vJ|8[17]            1.5739E-16  2.0220E-08   6.997E+03      54- 342     1077
Rovibration_vJ|1[16]        -Rovibration_vJ|9[15]            3.2441E-16  5.9740E-08   6.210E+03      54- 380     1078
Rovibration_vJ|1[16]        -Rovibration_vJ|9[17]            4.1343E-16  6.8410E-08   6.165E+03      54- 383     1079
Rovibration_vJ|1[16]        -Rovibration_vJ|10[15]           3.8910E-16  8.9590E-08   5.553E+03      54- 421     1080
Rovibration_vJ|1[16]        -Rovibration_vJ|10[17]           4.4919E-16  9.2780E-08   5.518E+03      54- 424     1081
Rovibration_vJ|0[37]        -Rovibration_vJ|0[38]            3.0132E-07  4.1030E-03   6.907E+05      55-  58     1082
Rovibration_vJ|0[37]        -Rovibration_vJ|1[36]            5.3209E-06  1.4280E+01   5.053E+04      55-  93     1083
Rovibration_vJ|0[37]        -Rovibration_vJ|1[38]            6.3226E-06  2.1020E+01   4.421E+04      55-  99     1084
Rovibration_vJ|0[37]        -Rovibration_vJ|2[36]            3.4561E-08  3.9280E-01   2.456E+04      55- 134     1085
Rovibration_vJ|0[37]        -Rovibration_vJ|2[38]            5.5505E-08  6.8330E-01   2.297E+04      55- 140     1086
Rovibration_vJ|0[37]        -Rovibration_vJ|3[36]            1.6283E-10  4.2060E-03   1.629E+04      55- 175     1087
Rovibration_vJ|0[37]        -Rovibration_vJ|3[38]            4.2382E-10  1.1340E-02   1.558E+04      55- 181     1088
Rovibration_vJ|0[37]        -Rovibration_vJ|4[36]            1.9881E-13  9.1170E-06   1.222E+04      55- 216     1089
Rovibration_vJ|0[37]        -Rovibration_vJ|4[38]            2.7147E-12  1.2610E-04   1.183E+04      55- 222     1090
Rovibration_vJ|0[37]        -Rovibration_vJ|5[36]            1.6427E-14  1.1700E-06   9.809E+03      55- 257     1091
Rovibration_vJ|0[37]        -Rovibration_vJ|5[38]            4.2706E-15  3.0400E-07   9.554E+03      55- 264     1092
Rovibration_vJ|0[37]        -Rovibration_vJ|6[36]            2.7263E-15  2.7730E-07   8.208E+03      55- 298     1093
Rovibration_vJ|0[37]        -Rovibration_vJ|6[38]            3.5910E-16  3.6180E-08   8.030E+03      55- 305     1094
Rovibration_vJ|0[37]        -Rovibration_vJ|7[36]            2.2040E-16  3.0220E-08   7.070E+03      55- 339     1095
Rovibration_vJ|0[37]        -Rovibration_vJ|7[38]            8.0916E-17  1.0920E-08   6.938E+03      55- 346     1096
Rovibration_vJ|0[37]        -Rovibration_vJ|8[36]            1.3097E-17  2.3210E-09   6.219E+03      55- 381     1097
Rovibration_vJ|0[37]        -Rovibration_vJ|8[38]            2.2645E-17  3.9310E-09   6.118E+03      55- 387     1098
Rovibration_vJ|0[37]        -Rovibration_vJ|9[36]            7.0734E-17  1.5690E-08   5.558E+03      55- 422     1099
Rovibration_vJ|0[37]        -Rovibration_vJ|9[38]            7.8487E-17  1.6990E-08   5.478E+03      55- 428     1100
Rovibration_vJ|0[37]        -Rovibration_vJ|10[36]           5.6739E-17  1.5360E-08   5.031E+03      55- 447     1101
Rovibration_vJ|0[37]        -Rovibration_vJ|10[38]           6.2871E-17  1.6560E-08   4.967E+03      55- 449     1102
Rovibration_vJ|1[17]        -Rovibration_vJ|1[18]            1.0794E-07  3.1900E-04   1.461E+06      56-  57     1103
Rovibration_vJ|1[17]        -Rovibration_vJ|2[16]            1.0774E-05  3.1950E+01   4.884E+04      56-  95     1104
Rovibration_vJ|1[17]        -Rovibration_vJ|2[18]            1.2204E-05  3.6570E+01   4.589E+04      56-  98     1105
Rovibration_vJ|1[17]        -Rovibration_vJ|3[16]            1.1494E-07  1.3890E+00   2.420E+04      56- 136     1106
Rovibration_vJ|1[17]        -Rovibration_vJ|3[18]            1.4969E-07  1.7170E+00   2.345E+04      56- 139     1107
Rovibration_vJ|1[17]        -Rovibration_vJ|4[16]            8.4677E-10  2.2970E-02   1.615E+04      56- 177     1108
Rovibration_vJ|1[17]        -Rovibration_vJ|4[18]            1.3749E-09  3.4670E-02   1.582E+04      56- 180     1109
Rovibration_vJ|1[17]        -Rovibration_vJ|5[16]            2.7851E-12  1.3330E-04   1.216E+04      56- 218     1110
Rovibration_vJ|1[17]        -Rovibration_vJ|5[18]            8.7737E-12  3.8630E-04   1.197E+04      56- 221     1111
Rovibration_vJ|1[17]        -Rovibration_vJ|6[16]            3.4888E-14  2.5840E-06   9.773E+03      56- 259     1112
Rovibration_vJ|1[17]        -Rovibration_vJ|6[18]            9.1775E-16  6.2140E-08   9.653E+03      56- 262     1113
Rovibration_vJ|1[17]        -Rovibration_vJ|7[16]            1.1193E-14  1.1810E-06   8.188E+03      56- 300     1114
Rovibration_vJ|1[17]        -Rovibration_vJ|7[18]            4.5036E-15  4.3260E-07   8.105E+03      56- 303     1115
Rovibration_vJ|1[17]        -Rovibration_vJ|8[16]            4.0614E-16  5.7670E-08   7.059E+03      56- 341     1116
Rovibration_vJ|1[17]        -Rovibration_vJ|8[18]            1.5697E-16  2.0230E-08   6.997E+03      56- 344     1117
Rovibration_vJ|1[17]        -Rovibration_vJ|9[16]            3.1907E-16  5.8480E-08   6.213E+03      56- 382     1118
Rovibration_vJ|1[17]        -Rovibration_vJ|9[18]            4.1010E-16  6.8070E-08   6.166E+03      56- 385     1119
Rovibration_vJ|1[17]        -Rovibration_vJ|10[16]           3.9367E-16  9.0220E-08   5.556E+03      56- 423     1120
Rovibration_vJ|1[17]        -Rovibration_vJ|10[18]           4.5467E-16  9.4200E-08   5.519E+03      56- 426     1121
Rovibration_vJ|1[18]        -Rovibration_vJ|1[19]            1.1251E-07  3.7140E-04   1.385E+06      57-  59     1122
Rovibration_vJ|1[18]        -Rovibration_vJ|2[17]            1.0771E-05  3.1700E+01   4.895E+04      57-  97     1123
Rovibration_vJ|1[18]        -Rovibration_vJ|2[19]            1.2207E-05  3.6790E+01   4.582E+04      57- 100     1124
Rovibration_vJ|1[18]        -Rovibration_vJ|3[17]            1.1451E-07  1.3760E+00   2.422E+04      57- 138     1125
Rovibration_vJ|1[18]        -Rovibration_vJ|3[19]            1.5039E-07  1.7320E+00   2.344E+04      57- 141     1126
Rovibration_vJ|1[18]        -Rovibration_vJ|4[17]            8.3848E-10  2.2630E-02   1.616E+04      57- 179     1127
Rovibration_vJ|1[18]        -Rovibration_vJ|4[19]            1.3907E-09  3.5190E-02   1.581E+04      57- 182     1128
Rovibration_vJ|1[18]        -Rovibration_vJ|5[17]            2.6955E-12  1.2840E-04   1.217E+04      57- 220     1129
Rovibration_vJ|1[18]        -Rovibration_vJ|5[19]            9.0129E-12  3.9810E-04   1.197E+04      57- 223     1130
Rovibration_vJ|1[18]        -Rovibration_vJ|6[17]            3.6934E-14  2.7230E-06   9.780E+03      57- 260     1131
Rovibration_vJ|1[18]        -Rovibration_vJ|6[19]            1.4245E-15  9.6740E-08   9.653E+03      57- 263     1132
Rovibration_vJ|1[18]        -Rovibration_vJ|7[17]            1.1471E-14  1.2050E-06   8.193E+03      57- 301     1133
Rovibration_vJ|1[18]        -Rovibration_vJ|7[19]            4.3400E-15  4.1810E-07   8.105E+03      57- 304     1134
Rovibration_vJ|1[18]        -Rovibration_vJ|8[17]            4.2597E-16  6.0220E-08   7.062E+03      57- 342     1135
Rovibration_vJ|1[18]        -Rovibration_vJ|8[19]            1.5692E-16  2.0280E-08   6.997E+03      57- 345     1136
Rovibration_vJ|1[18]        -Rovibration_vJ|9[17]            3.1344E-16  5.7200E-08   6.216E+03      57- 383     1137
Rovibration_vJ|1[18]        -Rovibration_vJ|9[19]            4.0639E-16  6.7640E-08   6.166E+03      57- 386     1138
Rovibration_vJ|1[18]        -Rovibration_vJ|10[17]           3.9834E-16  9.0900E-08   5.559E+03      57- 424     1139
Rovibration_vJ|1[18]        -Rovibration_vJ|10[19]           4.6048E-16  9.5660E-08   5.519E+03      57- 427     1140
Rovibration_vJ|0[38]        -Rovibration_vJ|0[39]            3.0310E-07  4.3460E-03   6.734E+05      58-  61     1141
Rovibration_vJ|0[38]        -Rovibration_vJ|1[37]            5.3107E-06  1.4170E+01   5.066E+04      58-  96     1142
Rovibration_vJ|0[38]        -Rovibration_vJ|1[39]            6.3321E-06  2.1110E+01   4.416E+04      58- 102     1143
Rovibration_vJ|0[38]        -Rovibration_vJ|2[37]            3.4411E-08  3.8960E-01   2.459E+04      58- 137     1144
Rovibration_vJ|0[38]        -Rovibration_vJ|2[39]            5.5864E-08  6.8850E-01   2.297E+04      58- 143     1145
Rovibration_vJ|0[38]        -Rovibration_vJ|3[37]            1.6117E-10  4.1500E-03   1.631E+04      58- 178     1146
Rovibration_vJ|0[38]        -Rovibration_vJ|3[39]            4.2956E-10  1.1500E-02   1.558E+04      58- 184     1147
Rovibration_vJ|0[38]        -Rovibration_vJ|4[37]            1.8983E-13  8.6800E-06   1.224E+04      58- 219     1148
Rovibration_vJ|0[38]        -Rovibration_vJ|4[39]            2.7893E-12  1.2960E-04   1.183E+04      58- 225     1149
Rovibration_vJ|0[38]        -Rovibration_vJ|5[37]            1.6894E-14  1.2000E-06   9.819E+03      58- 261     1150
Rovibration_vJ|0[38]        -Rovibration_vJ|5[39]            4.7577E-15  3.3870E-07   9.556E+03      58- 266     1151
Rovibration_vJ|0[38]        -Rovibration_vJ|6[37]            2.7649E-15  2.8050E-07   8.216E+03      58- 302     1152
Rovibration_vJ|0[38]        -Rovibration_vJ|6[39]            3.3668E-16  3.3920E-08   8.033E+03      58- 308     1153
Rovibration_vJ|0[38]        -Rovibration_vJ|7[37]            2.2849E-16  3.1250E-08   7.076E+03      58- 343     1154
Rovibration_vJ|0[38]        -Rovibration_vJ|7[39]            8.2632E-17  1.1150E-08   6.941E+03      58- 349     1155
Rovibration_vJ|0[38]        -Rovibration_vJ|8[37]            1.1670E-17  2.0630E-09   6.224E+03      58- 384     1156
Rovibration_vJ|0[38]        -Rovibration_vJ|8[39]            2.0979E-17  3.6410E-09   6.120E+03      58- 390     1157
Rovibration_vJ|0[38]        -Rovibration_vJ|9[37]            6.8555E-17  1.5170E-08   5.563E+03      58- 425     1158
Rovibration_vJ|0[38]        -Rovibration_vJ|9[39]            7.6197E-17  1.6490E-08   5.481E+03      58- 431     1159
Rovibration_vJ|0[38]        -Rovibration_vJ|10[37]           5.6172E-17  1.5170E-08   5.036E+03      58- 448     1160
Rovibration_vJ|0[38]        -Rovibration_vJ|10[39]           6.2207E-17  1.6380E-08   4.969E+03      58- 450     1161
Rovibration_vJ|1[19]        -Rovibration_vJ|1[20]            1.1693E-07  4.2860E-04   1.316E+06      59-  60     1162
Rovibration_vJ|1[19]        -Rovibration_vJ|2[18]            1.0764E-05  3.1450E+01   4.905E+04      59-  98     1163
Rovibration_vJ|1[19]        -Rovibration_vJ|2[20]            1.2213E-05  3.7010E+01   4.576E+04      59- 101     1164
Rovibration_vJ|1[19]        -Rovibration_vJ|3[18]            1.1404E-07  1.3630E+00   2.425E+04      59- 139     1165
Rovibration_vJ|1[19]        -Rovibration_vJ|3[20]            1.5112E-07  1.7470E+00   2.343E+04      59- 142     1166
Rovibration_vJ|1[19]        -Rovibration_vJ|4[18]            8.3019E-10  2.2300E-02   1.618E+04      59- 180     1167
Rovibration_vJ|1[19]        -Rovibration_vJ|4[20]            1.4068E-09  3.5710E-02   1.581E+04      59- 183     1168
Rovibration_vJ|1[19]        -Rovibration_vJ|5[18]            2.6063E-12  1.2360E-04   1.218E+04      59- 221     1169
Rovibration_vJ|1[19]        -Rovibration_vJ|5[20]            9.2602E-12  4.1020E-04   1.197E+04      59- 224     1170
Rovibration_vJ|1[19]        -Rovibration_vJ|6[18]            3.9013E-14  2.8640E-06   9.786E+03      59- 262     1171
Rovibration_vJ|1[19]        -Rovibration_vJ|6[20]            2.0486E-15  1.3950E-07   9.653E+03      59- 265     1172
Rovibration_vJ|1[19]        -Rovibration_vJ|7[18]            1.1749E-14  1.2290E-06   8.198E+03      59- 303     1173
Rovibration_vJ|1[19]        -Rovibration_vJ|7[20]            4.1788E-15  4.0360E-07   8.105E+03      59- 306     1174
Rovibration_vJ|1[19]        -Rovibration_vJ|8[18]            4.4689E-16  6.2920E-08   7.067E+03      59- 344     1175
Rovibration_vJ|1[19]        -Rovibration_vJ|8[20]            1.5722E-16  2.0370E-08   6.998E+03      59- 347     1176
Rovibration_vJ|1[19]        -Rovibration_vJ|9[18]            3.0744E-16  5.5880E-08   6.219E+03      59- 385     1177
Rovibration_vJ|1[19]        -Rovibration_vJ|9[20]            4.0242E-16  6.7140E-08   6.167E+03      59- 388     1178
Rovibration_vJ|1[19]        -Rovibration_vJ|10[18]           4.0314E-16  9.1630E-08   5.562E+03      59- 426     1179
Rovibration_vJ|1[19]        -Rovibration_vJ|10[20]           4.6650E-16  9.7140E-08   5.520E+03      59- 429     1180
Rovibration_vJ|1[20]        -Rovibration_vJ|1[21]            1.2113E-07  4.9040E-04   1.253E+06      60-  62     1181
Rovibration_vJ|1[20]        -Rovibration_vJ|2[19]            1.0757E-05  3.1210E+01   4.916E+04      60- 100     1182
Rovibration_vJ|1[20]        -Rovibration_vJ|2[21]            1.2219E-05  3.7220E+01   4.569E+04      60- 103     1183
Rovibration_vJ|1[20]        -Rovibration_vJ|3[19]            1.1353E-07  1.3500E+00   2.428E+04      60- 141     1184
Rovibration_vJ|1[20]        -Rovibration_vJ|3[21]            1.5198E-07  1.7630E+00   2.341E+04      60- 144     1185
Rovibration_vJ|1[20]        -Rovibration_vJ|4[19]            8.2197E-10  2.1980E-02   1.619E+04      60- 182     1186
Rovibration_vJ|1[20]        -Rovibration_vJ|4[21]            1.4232E-09  3.6230E-02   1.581E+04      60- 185     1187
Rovibration_vJ|1[20]        -Rovibration_vJ|5[19]            2.5199E-12  1.1900E-04   1.219E+04      60- 223     1188
Rovibration_vJ|1[20]        -Rovibration_vJ|5[21]            9.5133E-12  4.2250E-04   1.197E+04      60- 226     1189
Rovibration_vJ|1[20]        -Rovibration_vJ|6[19]            4.1126E-14  3.0070E-06   9.793E+03      60- 263     1190
Rovibration_vJ|1[20]        -Rovibration_vJ|6[21]            2.7923E-15  1.9060E-07   9.653E+03      60- 267     1191
Rovibration_vJ|1[20]        -Rovibration_vJ|7[19]            1.2025E-14  1.2530E-06   8.203E+03      60- 304     1192
Rovibration_vJ|1[20]        -Rovibration_vJ|7[21]            4.0216E-15  3.8930E-07   8.106E+03      60- 307     1193
Rovibration_vJ|1[20]        -Rovibration_vJ|8[19]            4.6878E-16  6.5750E-08   7.071E+03      60- 345     1194
Rovibration_vJ|1[20]        -Rovibration_vJ|8[21]            1.5788E-16  2.0500E-08   6.999E+03      60- 348     1195
Rovibration_vJ|1[20]        -Rovibration_vJ|9[19]            3.0109E-16  5.4520E-08   6.223E+03      60- 386     1196
Rovibration_vJ|1[20]        -Rovibration_vJ|9[21]            3.9810E-16  6.6560E-08   6.168E+03      60- 389     1197
Rovibration_vJ|1[20]        -Rovibration_vJ|10[19]           4.0804E-16  9.2400E-08   5.565E+03      60- 427     1198
Rovibration_vJ|1[20]        -Rovibration_vJ|10[21]           4.7272E-16  9.8640E-08   5.521E+03      60- 430     1199
Rovibration_vJ|0[39]        -Rovibration_vJ|0[40]            3.0449E-07  4.5910E-03   6.569E+05      61-  64     1200
Rovibration_vJ|0[39]        -Rovibration_vJ|1[38]            5.3002E-06  1.4060E+01   5.079E+04      61-  99     1201
Rovibration_vJ|0[39]        -Rovibration_vJ|1[40]            6.3420E-06  2.1200E+01   4.411E+04      61- 105     1202
Rovibration_vJ|0[39]        -Rovibration_vJ|2[38]            3.4259E-08  3.8640E-01   2.463E+04      61- 140     1203
Rovibration_vJ|0[39]        -Rovibration_vJ|2[40]            5.6233E-08  6.9380E-01   2.296E+04      61- 146     1204
Rovibration_vJ|0[39]        -Rovibration_vJ|3[38]            1.5959E-10  4.0960E-03   1.633E+04      61- 181     1205
Rovibration_vJ|0[39]        -Rovibration_vJ|3[40]            4.3532E-10  1.1660E-02   1.558E+04      61- 187     1206
Rovibration_vJ|0[39]        -Rovibration_vJ|4[38]            1.8117E-13  8.2600E-06   1.225E+04      61- 222     1207
Rovibration_vJ|0[39]        -Rovibration_vJ|4[40]            2.8641E-12  1.3310E-04   1.183E+04      61- 228     1208
Rovibration_vJ|0[39]        -Rovibration_vJ|5[38]            1.7378E-14  1.2310E-06   9.829E+03      61- 264     1209
Rovibration_vJ|0[39]        -Rovibration_vJ|5[40]            5.2773E-15  3.7570E-07   9.559E+03      61- 269     1210
Rovibration_vJ|0[39]        -Rovibration_vJ|6[38]            2.8047E-15  2.8380E-07   8.224E+03      61- 305     1211
Rovibration_vJ|0[39]        -Rovibration_vJ|6[40]            3.1468E-16  3.1700E-08   8.036E+03      61- 310     1212
Rovibration_vJ|0[39]        -Rovibration_vJ|7[38]            2.3676E-16  3.2300E-08   7.083E+03      61- 346     1213
Rovibration_vJ|0[39]        -Rovibration_vJ|7[40]            8.4279E-17  1.1370E-08   6.944E+03      61- 351     1214
Rovibration_vJ|0[39]        -Rovibration_vJ|8[38]            1.0298E-17  1.8160E-09   6.230E+03      61- 387     1215
Rovibration_vJ|0[39]        -Rovibration_vJ|8[40]            1.9342E-17  3.3560E-09   6.123E+03      61- 393     1216
Rovibration_vJ|0[39]        -Rovibration_vJ|9[38]            6.6411E-17  1.4660E-08   5.568E+03      61- 428     1217
Rovibration_vJ|0[39]        -Rovibration_vJ|9[40]            7.3865E-17  1.5980E-08   5.484E+03      61- 434     1218
Rovibration_vJ|0[39]        -Rovibration_vJ|10[38]           5.5564E-17  1.4970E-08   5.040E+03      61- 449     1219
Rovibration_vJ|0[39]        -Rovibration_vJ|10[40]           6.1471E-17  1.6180E-08   4.972E+03      61- 451     1220
Rovibration_vJ|1[21]        -Rovibration_vJ|1[22]            1.2513E-07  5.5690E-04   1.197E+06      62-  63     1221
Rovibration_vJ|1[21]        -Rovibration_vJ|2[20]            1.0747E-05  3.0970E+01   4.927E+04      62- 101     1222
Rovibration_vJ|1[21]        -Rovibration_vJ|2[22]            1.2228E-05  3.7430E+01   4.563E+04      62- 104     1223
Rovibration_vJ|1[21]        -Rovibration_vJ|3[20]            1.1308E-07  1.3380E+00   2.432E+04      62- 142     1224
Rovibration_vJ|1[21]        -Rovibration_vJ|3[22]            1.5278E-07  1.7780E+00   2.340E+04      62- 145     1225
Rovibration_vJ|1[21]        -Rovibration_vJ|4[20]            8.1386E-10  2.1670E-02   1.621E+04      62- 183     1226
Rovibration_vJ|1[21]        -Rovibration_vJ|4[22]            1.4402E-09  3.6760E-02   1.580E+04      62- 186     1227
Rovibration_vJ|1[21]        -Rovibration_vJ|5[20]            2.4364E-12  1.1460E-04   1.220E+04      62- 224     1228
Rovibration_vJ|1[21]        -Rovibration_vJ|5[22]            9.7719E-12  4.3500E-04   1.197E+04      62- 227     1229
Rovibration_vJ|1[21]        -Rovibration_vJ|6[20]            4.3273E-14  3.1520E-06   9.800E+03      62- 265     1230
Rovibration_vJ|1[21]        -Rovibration_vJ|6[22]            3.6590E-15  2.5030E-07   9.653E+03      62- 268     1231
Rovibration_vJ|1[21]        -Rovibration_vJ|7[20]            1.2310E-14  1.2780E-06   8.209E+03      62- 306     1232
Rovibration_vJ|1[21]        -Rovibration_vJ|7[22]            3.8680E-15  3.7520E-07   8.106E+03      62- 309     1233
Rovibration_vJ|1[21]        -Rovibration_vJ|8[20]            4.9180E-16  6.8730E-08   7.075E+03      62- 347     1234
Rovibration_vJ|1[21]        -Rovibration_vJ|8[22]            1.5888E-16  2.0670E-08   6.999E+03      62- 350     1235
Rovibration_vJ|1[21]        -Rovibration_vJ|9[20]            2.9445E-16  5.3130E-08   6.227E+03      62- 388     1236
Rovibration_vJ|1[21]        -Rovibration_vJ|9[22]            3.9341E-16  6.5900E-08   6.169E+03      62- 391     1237
Rovibration_vJ|1[21]        -Rovibration_vJ|10[20]           4.1311E-16  9.3220E-08   5.568E+03      62- 429     1238
Rovibration_vJ|1[21]        -Rovibration_vJ|10[22]           4.7933E-16  1.0020E-07   5.522E+03      62- 432     1239
Rovibration_vJ|1[22]        -Rovibration_vJ|1[23]            1.2893E-07  6.2800E-04   1.145E+06      63-  65     1240
Rovibration_vJ|1[22]        -Rovibration_vJ|2[21]            1.0734E-05  3.0730E+01   4.938E+04      63- 103     1241
Rovibration_vJ|1[22]        -Rovibration_vJ|2[23]            1.2235E-05  3.7630E+01   4.557E+04      63- 106     1242
Rovibration_vJ|1[22]        -Rovibration_vJ|3[21]            1.1259E-07  1.3260E+00   2.435E+04      63- 144     1243
Rovibration_vJ|1[22]        -Rovibration_vJ|3[23]            1.5361E-07  1.7930E+00   2.339E+04      63- 147     1244
Rovibration_vJ|1[22]        -Rovibration_vJ|4[21]            8.0552E-10  2.1360E-02   1.622E+04      63- 185     1245
Rovibration_vJ|1[22]        -Rovibration_vJ|4[23]            1.4574E-09  3.7290E-02   1.580E+04      63- 188     1246
Rovibration_vJ|1[22]        -Rovibration_vJ|5[21]            2.3540E-12  1.1030E-04   1.221E+04      63- 226     1247
Rovibration_vJ|1[22]        -Rovibration_vJ|5[23]            1.0038E-11  4.4780E-04   1.197E+04      63- 229     1248
Rovibration_vJ|1[22]        -Rovibration_vJ|6[21]            4.5470E-14  3.3000E-06   9.807E+03      63- 267     1249
Rovibration_vJ|1[22]        -Rovibration_vJ|6[23]            4.6514E-15  3.1880E-07   9.653E+03      63- 270     1250
Rovibration_vJ|1[22]        -Rovibration_vJ|7[21]            1.2595E-14  1.3030E-06   8.214E+03      63- 307     1251
Rovibration_vJ|1[22]        -Rovibration_vJ|7[23]            3.7160E-15  3.6110E-07   8.107E+03      63- 311     1252
Rovibration_vJ|1[22]        -Rovibration_vJ|8[21]            5.1596E-16  7.1860E-08   7.080E+03      63- 348     1253
Rovibration_vJ|1[22]        -Rovibration_vJ|8[23]            1.6022E-16  2.0880E-08   7.000E+03      63- 352     1254
Rovibration_vJ|1[22]        -Rovibration_vJ|9[21]            2.8744E-16  5.1690E-08   6.230E+03      63- 389     1255
Rovibration_vJ|1[22]        -Rovibration_vJ|9[23]            3.8829E-16  6.5150E-08   6.170E+03      63- 392     1256
Rovibration_vJ|1[22]        -Rovibration_vJ|10[21]           4.1822E-16  9.4060E-08   5.571E+03      63- 430     1257
Rovibration_vJ|1[22]        -Rovibration_vJ|10[23]           4.8573E-16  1.0170E-07   5.523E+03      63- 433     1258
Rovibration_vJ|0[40]        -Rovibration_vJ|1[39]            5.2895E-06  1.3950E+01   5.092E+04      64- 102     1259
Rovibration_vJ|0[40]        -Rovibration_vJ|2[39]            3.4106E-08  3.8320E-01   2.467E+04      64- 143     1260
Rovibration_vJ|0[40]        -Rovibration_vJ|3[39]            1.5803E-10  4.0430E-03   1.635E+04      64- 184     1261
Rovibration_vJ|0[40]        -Rovibration_vJ|4[39]            1.7281E-13  7.8560E-06   1.227E+04      64- 225     1262
Rovibration_vJ|0[40]        -Rovibration_vJ|5[39]            1.7864E-14  1.2620E-06   9.839E+03      64- 266     1263
Rovibration_vJ|0[40]        -Rovibration_vJ|6[39]            2.8438E-15  2.8700E-07   8.232E+03      64- 308     1264
Rovibration_vJ|0[40]        -Rovibration_vJ|7[39]            2.4522E-16  3.3370E-08   7.089E+03      64- 349     1265
Rovibration_vJ|0[40]        -Rovibration_vJ|8[39]            8.9931E-18  1.5820E-09   6.235E+03      64- 390     1266
Rovibration_vJ|0[40]        -Rovibration_vJ|9[39]            6.4166E-17  1.4130E-08   5.573E+03      64- 431     1267
Rovibration_vJ|0[40]        -Rovibration_vJ|10[39]           5.4841E-17  1.4740E-08   5.044E+03      64- 450     1268
Rovibration_vJ|1[23]        -Rovibration_vJ|1[24]            1.3248E-07  7.0350E-04   1.098E+06      65-  66     1269
Rovibration_vJ|1[23]        -Rovibration_vJ|2[22]            1.0723E-05  3.0500E+01   4.949E+04      65- 104     1270
Rovibration_vJ|1[23]        -Rovibration_vJ|2[24]            1.2246E-05  3.7830E+01   4.551E+04      65- 107     1271
Rovibration_vJ|1[23]        -Rovibration_vJ|3[22]            1.1217E-07  1.3150E+00   2.438E+04      65- 145     1272
Rovibration_vJ|1[23]        -Rovibration_vJ|3[24]            1.5446E-07  1.8080E+00   2.338E+04      65- 148     1273
Rovibration_vJ|1[23]        -Rovibration_vJ|4[22]            7.9773E-10  2.1070E-02   1.624E+04      65- 186     1274
Rovibration_vJ|1[23]        -Rovibration_vJ|4[24]            1.4753E-09  3.7830E-02   1.580E+04      65- 189     1275
Rovibration_vJ|1[23]        -Rovibration_vJ|5[22]            2.2726E-12  1.0610E-04   1.222E+04      65- 227     1276
Rovibration_vJ|1[23]        -Rovibration_vJ|5[24]            1.0312E-11  4.6090E-04   1.196E+04      65- 230     1277
Rovibration_vJ|1[23]        -Rovibration_vJ|6[22]            4.7688E-14  3.4490E-06   9.815E+03      65- 268     1278
Rovibration_vJ|1[23]        -Rovibration_vJ|6[24]            5.7750E-15  3.9650E-07   9.653E+03      65- 271     1279
Rovibration_vJ|1[23]        -Rovibration_vJ|7[22]            1.2890E-14  1.3290E-06   8.220E+03      65- 309     1280
Rovibration_vJ|1[23]        -Rovibration_vJ|7[24]            3.5672E-15  3.4720E-07   8.108E+03      65- 312     1281
Rovibration_vJ|1[23]        -Rovibration_vJ|8[22]            5.4135E-16  7.5150E-08   7.084E+03      65- 350     1282
Rovibration_vJ|1[23]        -Rovibration_vJ|8[24]            1.6189E-16  2.1130E-08   7.001E+03      65- 353     1283
Rovibration_vJ|1[23]        -Rovibration_vJ|9[22]            2.8017E-16  5.0220E-08   6.234E+03      65- 391     1284
Rovibration_vJ|1[23]        -Rovibration_vJ|9[24]            3.8279E-16  6.4320E-08   6.171E+03      65- 394     1285
Rovibration_vJ|1[23]        -Rovibration_vJ|10[22]           4.2342E-16  9.4930E-08   5.574E+03      65- 432     1286
Rovibration_vJ|1[23]        -Rovibration_vJ|10[24]           4.9221E-16  1.0320E-07   5.524E+03      65- 435     1287
Rovibration_vJ|1[24]        -Rovibration_vJ|1[25]            1.3584E-07  7.8350E-04   1.054E+06      66-  67     1288
Rovibration_vJ|1[24]        -Rovibration_vJ|2[23]            1.0710E-05  3.0270E+01   4.960E+04      66- 106     1289
Rovibration_vJ|1[24]        -Rovibration_vJ|2[25]            1.2257E-05  3.8030E+01   4.545E+04      66- 108     1290
Rovibration_vJ|1[24]        -Rovibration_vJ|3[23]            1.1164E-07  1.3030E+00   2.441E+04      66- 147     1291
Rovibration_vJ|1[24]        -Rovibration_vJ|3[25]            1.5534E-07  1.8230E+00   2.337E+04      66- 149     1292
Rovibration_vJ|1[24]        -Rovibration_vJ|4[23]            7.8938E-10  2.0770E-02   1.626E+04      66- 188     1293
Rovibration_vJ|1[24]        -Rovibration_vJ|4[25]            1.4933E-09  3.8370E-02   1.579E+04      66- 190     1294
Rovibration_vJ|1[24]        -Rovibration_vJ|5[23]            2.1946E-12  1.0210E-04   1.223E+04      66- 229     1295
Rovibration_vJ|1[24]        -Rovibration_vJ|5[25]            1.0591E-11  4.7420E-04   1.196E+04      66- 231     1296
Rovibration_vJ|1[24]        -Rovibration_vJ|6[23]            4.9929E-14  3.5990E-06   9.822E+03      66- 270     1297
Rovibration_vJ|1[24]        -Rovibration_vJ|6[25]            7.0313E-15  4.8350E-07   9.654E+03      66- 272     1298
Rovibration_vJ|1[24]        -Rovibration_vJ|7[23]            1.3175E-14  1.3540E-06   8.226E+03      66- 311     1299
Rovibration_vJ|1[24]        -Rovibration_vJ|7[25]            3.4216E-15  3.3350E-07   8.109E+03      66- 313     1300
Rovibration_vJ|1[24]        -Rovibration_vJ|8[23]            5.6799E-16  7.8600E-08   7.089E+03      66- 352     1301
Rovibration_vJ|1[24]        -Rovibration_vJ|8[25]            1.6397E-16  2.1430E-08   7.003E+03      66- 354     1302
Rovibration_vJ|1[24]        -Rovibration_vJ|9[23]            2.7253E-16  4.8700E-08   6.238E+03      66- 392     1303
Rovibration_vJ|1[24]        -Rovibration_vJ|9[25]            3.7690E-16  6.3410E-08   6.172E+03      66- 395     1304
Rovibration_vJ|1[24]        -Rovibration_vJ|10[23]           4.2874E-16  9.5830E-08   5.578E+03      66- 433     1305
Rovibration_vJ|1[24]        -Rovibration_vJ|10[25]           4.9923E-16  1.0480E-07   5.525E+03      66- 436     1306
Rovibration_vJ|1[25]        -Rovibration_vJ|1[26]            1.3895E-07  8.6760E-04   1.014E+06      67-  68     1307
Rovibration_vJ|1[25]        -Rovibration_vJ|2[24]            1.0698E-05  3.0050E+01   4.972E+04      67- 107     1308
Rovibration_vJ|1[25]        -Rovibration_vJ|2[26]            1.2268E-05  3.8220E+01   4.539E+04      67- 109     1309
Rovibration_vJ|1[25]        -Rovibration_vJ|3[24]            1.1118E-07  1.2920E+00   2.444E+04      67- 148     1310
Rovibration_vJ|1[25]        -Rovibration_vJ|3[26]            1.5615E-07  1.8370E+00   2.336E+04      67- 150     1311
Rovibration_vJ|1[25]        -Rovibration_vJ|4[24]            7.8164E-10  2.0490E-02   1.627E+04      67- 189     1312
Rovibration_vJ|1[25]        -Rovibration_vJ|4[26]            1.5119E-09  3.8920E-02   1.579E+04      67- 191     1313
Rovibration_vJ|1[25]        -Rovibration_vJ|5[24]            2.1184E-12  9.8220E-05   1.224E+04      67- 230     1314
Rovibration_vJ|1[25]        -Rovibration_vJ|5[26]            1.0880E-11  4.8790E-04   1.196E+04      67- 232     1315
Rovibration_vJ|1[25]        -Rovibration_vJ|6[24]            5.2220E-14  3.7520E-06   9.830E+03      67- 271     1316
Rovibration_vJ|1[25]        -Rovibration_vJ|6[26]            8.4259E-15  5.8020E-07   9.655E+03      67- 273     1317
Rovibration_vJ|1[25]        -Rovibration_vJ|7[24]            1.3469E-14  1.3800E-06   8.232E+03      67- 312     1318
Rovibration_vJ|1[25]        -Rovibration_vJ|7[26]            3.2779E-15  3.1990E-07   8.110E+03      67- 314     1319
Rovibration_vJ|1[25]        -Rovibration_vJ|8[24]            5.9596E-16  8.2220E-08   7.094E+03      67- 353     1320
Rovibration_vJ|1[25]        -Rovibration_vJ|8[26]            1.6630E-16  2.1760E-08   7.004E+03      67- 355     1321
Rovibration_vJ|1[25]        -Rovibration_vJ|9[24]            2.6464E-16  4.7150E-08   6.242E+03      67- 394     1322
Rovibration_vJ|1[25]        -Rovibration_vJ|9[26]            3.7055E-16  6.2410E-08   6.173E+03      67- 396     1323
Rovibration_vJ|1[25]        -Rovibration_vJ|10[24]           4.3404E-16  9.6730E-08   5.581E+03      67- 435     1324
Rovibration_vJ|1[25]        -Rovibration_vJ|10[26]           5.0585E-16  1.0630E-07   5.527E+03      67- 437     1325
Rovibration_vJ|1[26]        -Rovibration_vJ|1[27]            1.4182E-07  9.5570E-04   9.767E+05      68-  69     1326
Rovibration_vJ|1[26]        -Rovibration_vJ|2[25]            1.0682E-05  2.9820E+01   4.983E+04      68- 108     1327
Rovibration_vJ|1[26]        -Rovibration_vJ|2[27]            1.2280E-05  3.8410E+01   4.533E+04      68- 110     1328
Rovibration_vJ|1[26]        -Rovibration_vJ|3[25]            1.1070E-07  1.2810E+00   2.448E+04      68- 149     1329
Rovibration_vJ|1[26]        -Rovibration_vJ|3[27]            1.5706E-07  1.8520E+00   2.335E+04      68- 151     1330
Rovibration_vJ|1[26]        -Rovibration_vJ|4[25]            7.7375E-10  2.0210E-02   1.629E+04      68- 190     1331
Rovibration_vJ|1[26]        -Rovibration_vJ|4[27]            1.5306E-09  3.9470E-02   1.579E+04      68- 192     1332
Rovibration_vJ|1[26]        -Rovibration_vJ|5[25]            2.0441E-12  9.4460E-05   1.225E+04      68- 231     1333
Rovibration_vJ|1[26]        -Rovibration_vJ|5[27]            1.1174E-11  5.0180E-04   1.196E+04      68- 233     1334
Rovibration_vJ|1[26]        -Rovibration_vJ|6[25]            5.4534E-14  3.9060E-06   9.838E+03      68- 272     1335
Rovibration_vJ|1[26]        -Rovibration_vJ|6[27]            9.9616E-15  6.8680E-07   9.656E+03      68- 274     1336
Rovibration_vJ|1[26]        -Rovibration_vJ|7[25]            1.3765E-14  1.4060E-06   8.238E+03      68- 313     1337
Rovibration_vJ|1[26]        -Rovibration_vJ|7[27]            3.1360E-15  3.0640E-07   8.111E+03      68- 315     1338
Rovibration_vJ|1[26]        -Rovibration_vJ|8[25]            6.2519E-16  8.6000E-08   7.099E+03      68- 354     1339
Rovibration_vJ|1[26]        -Rovibration_vJ|8[27]            1.6895E-16  2.2130E-08   7.005E+03      68- 356     1340
Rovibration_vJ|1[26]        -Rovibration_vJ|9[25]            2.5640E-16  4.5550E-08   6.246E+03      68- 395     1341
Rovibration_vJ|1[26]        -Rovibration_vJ|9[27]            3.6378E-16  6.1330E-08   6.175E+03      68- 397     1342
Rovibration_vJ|1[26]        -Rovibration_vJ|10[25]           4.3937E-16  9.7640E-08   5.585E+03      68- 436     1343
Rovibration_vJ|1[26]        -Rovibration_vJ|10[27]           5.1300E-16  1.0790E-07   5.528E+03      68- 438     1344
Rovibration_vJ|1[27]        -Rovibration_vJ|1[28]            1.4438E-07  1.0470E-03   9.421E+05      69-  70     1345
Rovibration_vJ|1[27]        -Rovibration_vJ|2[26]            1.0668E-05  2.9600E+01   4.995E+04      69- 109     1346
Rovibration_vJ|1[27]        -Rovibration_vJ|2[28]            1.2293E-05  3.8600E+01   4.528E+04      69- 111     1347
Rovibration_vJ|1[27]        -Rovibration_vJ|3[26]            1.1021E-07  1.2700E+00   2.451E+04      69- 150     1348
Rovibration_vJ|1[27]        -Rovibration_vJ|3[28]            1.5799E-07  1.8670E+00   2.334E+04      69- 152     1349
Rovibration_vJ|1[27]        -Rovibration_vJ|4[26]            7.6574E-10  1.9930E-02   1.631E+04      69- 191     1350
Rovibration_vJ|1[27]        -Rovibration_vJ|4[28]            1.5499E-09  4.0030E-02   1.579E+04      69- 193     1351
Rovibration_vJ|1[27]        -Rovibration_vJ|5[26]            1.9719E-12  9.0830E-05   1.226E+04      69- 232     1352
Rovibration_vJ|1[27]        -Rovibration_vJ|5[28]            1.1476E-11  5.1600E-04   1.196E+04      69- 234     1353
Rovibration_vJ|1[27]        -Rovibration_vJ|6[26]            5.6872E-14  4.0610E-06   9.846E+03      69- 273     1354
Rovibration_vJ|1[27]        -Rovibration_vJ|6[28]            1.1643E-14  8.0360E-07   9.657E+03      69- 275     1355
Rovibration_vJ|1[27]        -Rovibration_vJ|7[26]            1.4070E-14  1.4330E-06   8.244E+03      69- 314     1356
Rovibration_vJ|1[27]        -Rovibration_vJ|7[28]            2.9980E-15  2.9320E-07   8.112E+03      69- 316     1357
Rovibration_vJ|1[27]        -Rovibration_vJ|8[26]            6.5585E-16  8.9960E-08   7.104E+03      69- 355     1358
Rovibration_vJ|1[27]        -Rovibration_vJ|8[28]            1.7201E-16  2.2550E-08   7.007E+03      69- 357     1359
Rovibration_vJ|1[27]        -Rovibration_vJ|9[26]            2.4786E-16  4.3910E-08   6.251E+03      69- 396     1360
Rovibration_vJ|1[27]        -Rovibration_vJ|9[28]            3.5661E-16  6.0170E-08   6.176E+03      69- 398     1361
Rovibration_vJ|1[27]        -Rovibration_vJ|10[26]           4.4469E-16  9.8550E-08   5.589E+03      69- 437     1362
Rovibration_vJ|1[27]        -Rovibration_vJ|10[28]           5.1973E-16  1.0940E-07   5.530E+03      69- 439     1363
Rovibration_vJ|1[28]        -Rovibration_vJ|1[29]            1.4687E-07  1.1430E-03   9.100E+05      70-  71     1364
Rovibration_vJ|1[28]        -Rovibration_vJ|2[27]            1.0653E-05  2.9380E+01   5.006E+04      70- 110     1365
Rovibration_vJ|1[28]        -Rovibration_vJ|2[29]            1.2308E-05  3.8790E+01   4.522E+04      70- 112     1366
Rovibration_vJ|1[28]        -Rovibration_vJ|3[27]            1.0970E-07  1.2590E+00   2.454E+04      70- 151     1367
Rovibration_vJ|1[28]        -Rovibration_vJ|3[29]            1.5894E-07  1.8820E+00   2.333E+04      70- 153     1368
Rovibration_vJ|1[28]        -Rovibration_vJ|4[27]            7.5799E-10  1.9660E-02   1.633E+04      70- 192     1369
Rovibration_vJ|1[28]        -Rovibration_vJ|4[29]            1.5693E-09  4.0590E-02   1.578E+04      70- 194     1370
Rovibration_vJ|1[28]        -Rovibration_vJ|5[27]            1.9018E-12  8.7320E-05   1.227E+04      70- 233     1371
Rovibration_vJ|1[28]        -Rovibration_vJ|5[29]            1.1785E-11  5.3050E-04   1.196E+04      70- 235     1372
Rovibration_vJ|1[28]        -Rovibration_vJ|6[27]            5.9234E-14  4.2170E-06   9.854E+03      70- 274     1373
Rovibration_vJ|1[28]        -Rovibration_vJ|6[29]            1.3473E-14  9.3080E-07   9.658E+03      70- 276     1374
Rovibration_vJ|1[28]        -Rovibration_vJ|7[27]            1.4367E-14  1.4590E-06   8.251E+03      70- 315     1375
Rovibration_vJ|1[28]        -Rovibration_vJ|7[29]            2.8606E-15  2.8000E-07   8.114E+03      70- 317     1376
Rovibration_vJ|1[28]        -Rovibration_vJ|8[27]            6.8796E-16  9.4100E-08   7.109E+03      70- 356     1377
Rovibration_vJ|1[28]        -Rovibration_vJ|8[29]            1.7538E-16  2.3010E-08   7.008E+03      70- 358     1378
Rovibration_vJ|1[28]        -Rovibration_vJ|9[27]            2.3903E-16  4.2230E-08   6.255E+03      70- 397     1379
Rovibration_vJ|1[28]        -Rovibration_vJ|9[29]            3.4896E-16  5.8920E-08   6.178E+03      70- 399     1380
Rovibration_vJ|1[28]        -Rovibration_vJ|10[27]           4.5000E-16  9.9460E-08   5.593E+03      70- 438     1381
Rovibration_vJ|1[28]        -Rovibration_vJ|10[29]           5.2652E-16  1.1090E-07   5.531E+03      70- 440     1382
Rovibration_vJ|1[29]        -Rovibration_vJ|1[30]            1.4895E-07  1.2410E-03   8.800E+05      71-  72     1383
Rovibration_vJ|1[29]        -Rovibration_vJ|2[28]            1.0636E-05  2.9160E+01   5.018E+04      71- 111     1384
Rovibration_vJ|1[29]        -Rovibration_vJ|2[30]            1.2321E-05  3.8970E+01   4.516E+04      71- 113     1385
Rovibration_vJ|1[29]        -Rovibration_vJ|3[28]            1.0918E-07  1.2480E+00   2.458E+04      71- 152     1386
Rovibration_vJ|1[29]        -Rovibration_vJ|3[30]            1.5990E-07  1.8970E+00   2.332E+04      71- 154     1387
Rovibration_vJ|1[29]        -Rovibration_vJ|4[28]            7.5053E-10  1.9400E-02   1.634E+04      71- 193     1388
Rovibration_vJ|1[29]        -Rovibration_vJ|4[30]            1.5892E-09  4.1160E-02   1.578E+04      71- 195     1389
Rovibration_vJ|1[29]        -Rovibration_vJ|5[28]            1.8334E-12  8.3920E-05   1.228E+04      71- 234     1390
Rovibration_vJ|1[29]        -Rovibration_vJ|5[30]            1.2103E-11  5.4540E-04   1.197E+04      71- 236     1391
Rovibration_vJ|1[29]        -Rovibration_vJ|6[28]            6.1634E-14  4.3750E-06   9.862E+03      71- 275     1392
Rovibration_vJ|1[29]        -Rovibration_vJ|6[30]            1.5460E-14  1.0690E-06   9.659E+03      71- 277     1393
Rovibration_vJ|1[29]        -Rovibration_vJ|7[28]            1.4674E-14  1.4860E-06   8.257E+03      71- 316     1394
Rovibration_vJ|1[29]        -Rovibration_vJ|7[30]            2.7268E-15  2.6710E-07   8.116E+03      71- 318     1395
Rovibration_vJ|1[29]        -Rovibration_vJ|8[28]            7.2152E-16  9.8420E-08   7.114E+03      71- 357     1396
Rovibration_vJ|1[29]        -Rovibration_vJ|8[30]            1.7908E-16  2.3510E-08   7.010E+03      71- 359     1397
Rovibration_vJ|1[29]        -Rovibration_vJ|9[28]            2.2997E-16  4.0520E-08   6.260E+03      71- 398     1398
Rovibration_vJ|1[29]        -Rovibration_vJ|9[30]            3.4083E-16  5.7580E-08   6.180E+03      71- 400     1399
Rovibration_vJ|1[29]        -Rovibration_vJ|10[28]           4.5500E-16  1.0030E-07   5.596E+03      71- 439     1400
Rovibration_vJ|1[29]        -Rovibration_vJ|10[30]           5.3337E-16  1.1240E-07   5.533E+03      71- 441     1401
Rovibration_vJ|1[30]        -Rovibration_vJ|1[31]            1.5080E-07  1.3420E-03   8.519E+05      72-  73     1402
Rovibration_vJ|1[30]        -Rovibration_vJ|2[29]            1.0623E-05  2.8950E+01   5.030E+04      72- 112     1403
Rovibration_vJ|1[30]        -Rovibration_vJ|2[31]            1.2335E-05  3.9150E+01   4.511E+04      72- 114     1404
Rovibration_vJ|1[30]        -Rovibration_vJ|3[29]            1.0874E-07  1.2380E+00   2.461E+04      72- 153     1405
Rovibration_vJ|1[30]        -Rovibration_vJ|3[31]            1.6087E-07  1.9120E+00   2.331E+04      72- 155     1406
Rovibration_vJ|1[30]        -Rovibration_vJ|4[29]            7.4297E-10  1.9140E-02   1.636E+04      72- 194     1407
Rovibration_vJ|1[30]        -Rovibration_vJ|4[31]            1.6096E-09  4.1740E-02   1.578E+04      72- 196     1408
Rovibration_vJ|1[30]        -Rovibration_vJ|5[29]            1.7670E-12  8.0630E-05   1.229E+04      72- 235     1409
Rovibration_vJ|1[30]        -Rovibration_vJ|5[31]            1.2427E-11  5.6050E-04   1.197E+04      72- 237     1410
Rovibration_vJ|1[30]        -Rovibration_vJ|6[29]            6.4045E-14  4.5330E-06   9.871E+03      72- 276     1411
Rovibration_vJ|1[30]        -Rovibration_vJ|6[31]            1.7601E-14  1.2180E-06   9.661E+03      72- 278     1412
Rovibration_vJ|1[30]        -Rovibration_vJ|7[29]            1.4982E-14  1.5130E-06   8.264E+03      72- 317     1413
Rovibration_vJ|1[30]        -Rovibration_vJ|7[31]            2.5945E-15  2.5430E-07   8.117E+03      72- 319     1414
Rovibration_vJ|1[30]        -Rovibration_vJ|8[29]            7.5639E-16  1.0290E-07   7.120E+03      72- 358     1415
Rovibration_vJ|1[30]        -Rovibration_vJ|8[31]            1.8317E-16  2.4060E-08   7.012E+03      72- 360     1416
Rovibration_vJ|1[30]        -Rovibration_vJ|9[29]            2.2056E-16  3.8760E-08   6.264E+03      72- 399     1417
Rovibration_vJ|1[30]        -Rovibration_vJ|9[31]            3.3227E-16  5.6160E-08   6.182E+03      72- 401     1418
Rovibration_vJ|1[30]        -Rovibration_vJ|10[29]           4.6028E-16  1.0120E-07   5.601E+03      72- 440     1419
Rovibration_vJ|1[30]        -Rovibration_vJ|10[31]           5.3979E-16  1.1380E-07   5.535E+03      72- 442     1420
Rovibration_vJ|1[31]        -Rovibration_vJ|1[32]            1.5246E-07  1.4460E-03   8.256E+05      73-  74     1421
Rovibration_vJ|1[31]        -Rovibration_vJ|2[30]            1.0604E-05  2.8730E+01   5.043E+04      73- 113     1422
Rovibration_vJ|1[31]        -Rovibration_vJ|2[32]            1.2350E-05  3.9330E+01   4.506E+04      73- 115     1423
Rovibration_vJ|1[31]        -Rovibration_vJ|3[30]            1.0820E-07  1.2270E+00   2.465E+04      73- 154     1424
Rovibration_vJ|1[31]        -Rovibration_vJ|3[32]            1.6186E-07  1.9270E+00   2.330E+04      73- 156     1425
Rovibration_vJ|1[31]        -Rovibration_vJ|4[30]            7.3571E-10  1.8890E-02   1.638E+04      73- 195     1426
Rovibration_vJ|1[31]        -Rovibration_vJ|4[32]            1.6301E-09  4.2320E-02   1.578E+04      73- 197     1427
Rovibration_vJ|1[31]        -Rovibration_vJ|5[30]            1.7024E-12  7.7450E-05   1.231E+04      73- 236     1428
Rovibration_vJ|1[31]        -Rovibration_vJ|5[32]            1.2760E-11  5.7600E-04   1.197E+04      73- 238     1429
Rovibration_vJ|1[31]        -Rovibration_vJ|6[30]            6.6495E-14  4.6930E-06   9.880E+03      73- 277     1430
Rovibration_vJ|1[31]        -Rovibration_vJ|6[32]            1.9901E-14  1.3780E-06   9.663E+03      73- 279     1431
Rovibration_vJ|1[31]        -Rovibration_vJ|7[30]            1.5292E-14  1.5400E-06   8.271E+03      73- 318     1432
Rovibration_vJ|1[31]        -Rovibration_vJ|7[32]            2.4647E-15  2.4170E-07   8.119E+03      73- 320     1433
Rovibration_vJ|1[31]        -Rovibration_vJ|8[30]            7.9305E-16  1.0760E-07   7.126E+03      73- 359     1434
Rovibration_vJ|1[31]        -Rovibration_vJ|8[32]            1.8758E-16  2.4650E-08   7.014E+03      73- 361     1435
Rovibration_vJ|1[31]        -Rovibration_vJ|9[30]            2.1098E-16  3.6980E-08   6.269E+03      73- 400     1436
Rovibration_vJ|1[31]        -Rovibration_vJ|9[32]            3.2328E-16  5.4660E-08   6.184E+03      73- 402     1437
Rovibration_vJ|1[31]        -Rovibration_vJ|10[30]           4.6556E-16  1.0210E-07   5.605E+03      73- 441     1438
Rovibration_vJ|1[31]        -Rovibration_vJ|10[32]           5.4626E-16  1.1520E-07   5.537E+03      73- 443     1439
Rovibration_vJ|1[32]        -Rovibration_vJ|1[33]            1.5386E-07  1.5520E-03   8.009E+05      74-  78     1440
Rovibration_vJ|1[32]        -Rovibration_vJ|2[31]            1.0589E-05  2.8520E+01   5.055E+04      74- 114     1441
Rovibration_vJ|1[32]        -Rovibration_vJ|2[33]            1.2363E-05  3.9500E+01   4.500E+04      74- 119     1442
Rovibration_vJ|1[32]        -Rovibration_vJ|3[31]            1.0774E-07  1.2170E+00   2.468E+04      74- 155     1443
Rovibration_vJ|1[32]        -Rovibration_vJ|3[33]            1.6285E-07  1.9420E+00   2.330E+04      74- 161     1444
Rovibration_vJ|1[32]        -Rovibration_vJ|4[31]            7.2838E-10  1.8640E-02   1.640E+04      74- 196     1445
Rovibration_vJ|1[32]        -Rovibration_vJ|4[33]            1.6512E-09  4.2910E-02   1.578E+04      74- 202     1446
Rovibration_vJ|1[32]        -Rovibration_vJ|5[31]            1.6398E-12  7.4380E-05   1.232E+04      74- 237     1447
Rovibration_vJ|1[32]        -Rovibration_vJ|5[33]            1.3100E-11  5.9180E-04   1.197E+04      74- 244     1448
Rovibration_vJ|1[32]        -Rovibration_vJ|6[31]            6.8970E-14  4.8540E-06   9.889E+03      74- 278     1449
Rovibration_vJ|1[32]        -Rovibration_vJ|6[33]            2.2372E-14  1.5500E-06   9.664E+03      74- 285     1450
Rovibration_vJ|1[32]        -Rovibration_vJ|7[31]            1.5602E-14  1.5670E-06   8.278E+03      74- 319     1451
Rovibration_vJ|1[32]        -Rovibration_vJ|7[33]            2.3362E-15  2.2920E-07   8.122E+03      74- 326     1452
Rovibration_vJ|1[32]        -Rovibration_vJ|8[31]            8.3134E-16  1.1250E-07   7.131E+03      74- 360     1453
Rovibration_vJ|1[32]        -Rovibration_vJ|8[33]            1.9231E-16  2.5280E-08   7.016E+03      74- 368     1454
Rovibration_vJ|1[32]        -Rovibration_vJ|9[31]            2.0111E-16  3.5160E-08   6.274E+03      74- 401     1455
Rovibration_vJ|1[32]        -Rovibration_vJ|9[33]            3.1385E-16  5.3080E-08   6.186E+03      74- 409     1456
Rovibration_vJ|1[32]        -Rovibration_vJ|10[31]           4.7039E-16  1.0290E-07   5.609E+03      74- 442     1457
Rovibration_vJ|1[32]        -Rovibration_vJ|10[33]           5.5279E-16  1.1660E-07   5.539E+03      74- 444     1458
Rovibration_vJ|2[0]         -Rovibration_vJ|2[1]             6.1448E-09  1.9470E-08   2.649E+07      75-  76     1459
Rovibration_vJ|2[0]         -Rovibration_vJ|3[1]             3.3968E-05  3.3120E+01   4.775E+04      75- 117     1460
Rovibration_vJ|2[0]         -Rovibration_vJ|4[1]             5.3066E-07  2.0400E+00   2.405E+04      75- 158     1461
Rovibration_vJ|2[0]         -Rovibration_vJ|5[1]             5.6588E-09  4.8300E-02   1.614E+04      75- 199     1462
Rovibration_vJ|2[0]         -Rovibration_vJ|6[1]             3.5741E-11  5.3530E-04   1.218E+04      75- 240     1463
Rovibration_vJ|2[0]         -Rovibration_vJ|7[1]             8.0218E-15  1.8530E-07   9.811E+03      75- 281     1464
Rovibration_vJ|2[0]         -Rovibration_vJ|8[1]             3.5726E-14  1.1730E-06   8.229E+03      75- 322     1465
Rovibration_vJ|2[0]         -Rovibration_vJ|9[1]             2.5367E-15  1.1190E-07   7.100E+03      75- 363     1466
Rovibration_vJ|2[0]         -Rovibration_vJ|10[1]            2.7977E-17  1.5910E-09   6.253E+03      75- 404     1467
Rovibration_vJ|2[1]         -Rovibration_vJ|2[2]             8.1841E-09  1.8670E-07   1.325E+07      76-  77     1468
Rovibration_vJ|2[1]         -Rovibration_vJ|3[0]             1.1279E-05  9.8270E+01   4.792E+04      76- 116     1469
Rovibration_vJ|2[1]         -Rovibration_vJ|3[2]             2.2688E-05  3.9960E+01   4.767E+04      76- 118     1470
Rovibration_vJ|2[1]         -Rovibration_vJ|4[0]             1.7486E-07  6.0280E+00   2.409E+04      76- 157     1471
Rovibration_vJ|2[1]         -Rovibration_vJ|4[2]             3.5590E-07  2.4670E+00   2.403E+04      76- 159     1472
Rovibration_vJ|2[1]         -Rovibration_vJ|5[0]             1.8412E-09  1.4110E-01   1.616E+04      76- 198     1473
Rovibration_vJ|2[1]         -Rovibration_vJ|5[2]             3.8176E-09  5.8720E-02   1.613E+04      76- 200     1474
Rovibration_vJ|2[1]         -Rovibration_vJ|6[0]             1.1245E-11  1.5130E-03   1.220E+04      76- 239     1475
Rovibration_vJ|2[1]         -Rovibration_vJ|6[2]             2.4528E-11  6.6180E-04   1.218E+04      76- 241     1476
Rovibration_vJ|2[1]         -Rovibration_vJ|7[0]             5.0290E-15  1.0440E-06   9.818E+03      76- 280     1477
Rovibration_vJ|2[1]         -Rovibration_vJ|7[2]             3.5283E-15  1.4680E-07   9.808E+03      76- 282     1478
Rovibration_vJ|2[1]         -Rovibration_vJ|8[0]             1.2770E-14  3.7690E-06   8.234E+03      76- 321     1479
Rovibration_vJ|2[1]         -Rovibration_vJ|8[2]             2.2965E-14  1.3580E-06   8.227E+03      76- 323     1480
Rovibration_vJ|2[1]         -Rovibration_vJ|9[0]             8.9587E-16  3.5530E-07   7.103E+03      76- 362     1481
Rovibration_vJ|2[1]         -Rovibration_vJ|9[2]             1.6428E-15  1.3050E-07   7.098E+03      76- 364     1482
Rovibration_vJ|2[1]         -Rovibration_vJ|10[0]            8.1080E-18  4.1460E-09   6.256E+03      76- 403     1483
Rovibration_vJ|2[1]         -Rovibration_vJ|10[2]            1.9980E-17  2.0460E-09   6.252E+03      76- 405     1484
Rovibration_vJ|2[2]         -Rovibration_vJ|2[3]             1.1028E-08  6.7380E-07   8.830E+06      77-  79     1485
Rovibration_vJ|2[2]         -Rovibration_vJ|3[1]             1.3509E-05  6.5150E+01   4.801E+04      77- 117     1486
Rovibration_vJ|2[2]         -Rovibration_vJ|3[3]             2.0455E-05  4.3040E+01   4.759E+04      77- 120     1487
Rovibration_vJ|2[2]         -Rovibration_vJ|4[1]             2.0861E-07  3.9880E+00   2.412E+04      77- 158     1488
Rovibration_vJ|2[2]         -Rovibration_vJ|4[3]             3.2215E-07  2.6630E+00   2.401E+04      77- 160     1489
Rovibration_vJ|2[2]         -Rovibration_vJ|5[1]             2.1841E-09  9.2870E-02   1.617E+04      77- 199     1490
Rovibration_vJ|2[2]         -Rovibration_vJ|5[3]             3.4776E-09  6.3750E-02   1.612E+04      77- 201     1491
Rovibration_vJ|2[2]         -Rovibration_vJ|6[1]             1.3103E-11  9.7850E-04   1.220E+04      77- 240     1492
Rovibration_vJ|2[2]         -Rovibration_vJ|6[3]             2.2717E-11  7.3030E-04   1.217E+04      77- 242     1493
Rovibration_vJ|2[2]         -Rovibration_vJ|7[1]             7.7577E-15  8.9400E-07   9.822E+03      77- 281     1494
Rovibration_vJ|2[2]         -Rovibration_vJ|7[3]             1.8689E-15  9.2630E-08   9.805E+03      77- 283     1495
Rovibration_vJ|2[2]         -Rovibration_vJ|8[1]             1.5855E-14  2.5980E-06   8.237E+03      77- 322     1496
Rovibration_vJ|2[2]         -Rovibration_vJ|8[3]             1.9920E-14  1.4030E-06   8.225E+03      77- 324     1497
Rovibration_vJ|2[2]         -Rovibration_vJ|9[1]             1.1058E-15  2.4350E-07   7.105E+03      77- 363     1498
Rovibration_vJ|2[2]         -Rovibration_vJ|9[3]             1.4354E-15  1.3580E-07   7.096E+03      77- 365     1499
Rovibration_vJ|2[2]         -Rovibration_vJ|10[1]            9.0583E-18  2.5720E-09   6.257E+03      77- 404     1500
Rovibration_vJ|2[2]         -Rovibration_vJ|10[3]            1.9253E-17  2.3480E-09   6.250E+03      77- 406     1501
Rovibration_vJ|1[33]        -Rovibration_vJ|1[34]            1.5493E-07  1.6590E-03   7.777E+05      78-  85     1502
Rovibration_vJ|1[33]        -Rovibration_vJ|2[32]            1.0573E-05  2.8310E+01   5.067E+04      78- 115     1503
Rovibration_vJ|1[33]        -Rovibration_vJ|2[34]            1.2380E-05  3.9680E+01   4.495E+04      78- 126     1504
Rovibration_vJ|1[33]        -Rovibration_vJ|3[32]            1.0727E-07  1.2070E+00   2.472E+04      78- 156     1505
Rovibration_vJ|1[33]        -Rovibration_vJ|3[34]            1.6386E-07  1.9570E+00   2.329E+04      78- 167     1506
Rovibration_vJ|1[33]        -Rovibration_vJ|4[32]            7.2097E-10  1.8390E-02   1.642E+04      78- 197     1507
Rovibration_vJ|1[33]        -Rovibration_vJ|4[34]            1.6723E-09  4.3500E-02   1.578E+04      78- 208     1508
Rovibration_vJ|1[33]        -Rovibration_vJ|5[32]            1.5790E-12  7.1410E-05   1.233E+04      78- 238     1509
Rovibration_vJ|1[33]        -Rovibration_vJ|5[34]            1.3450E-11  6.0800E-04   1.197E+04      78- 249     1510
Rovibration_vJ|1[33]        -Rovibration_vJ|6[32]            7.1457E-14  5.0150E-06   9.898E+03      78- 279     1511
Rovibration_vJ|1[33]        -Rovibration_vJ|6[34]            2.5016E-14  1.7340E-06   9.667E+03      78- 291     1512
Rovibration_vJ|1[33]        -Rovibration_vJ|7[32]            1.5913E-14  1.5940E-06   8.285E+03      78- 320     1513
Rovibration_vJ|1[33]        -Rovibration_vJ|7[34]            2.2111E-15  2.1700E-07   8.124E+03      78- 332     1514
Rovibration_vJ|1[33]        -Rovibration_vJ|8[32]            8.7129E-16  1.1760E-07   7.137E+03      78- 361     1515
Rovibration_vJ|1[33]        -Rovibration_vJ|8[34]            1.9736E-16  2.5950E-08   7.018E+03      78- 373     1516
Rovibration_vJ|1[33]        -Rovibration_vJ|9[32]            1.9101E-16  3.3310E-08   6.279E+03      78- 402     1517
Rovibration_vJ|1[33]        -Rovibration_vJ|9[34]            3.0398E-16  5.1420E-08   6.188E+03      78- 414     1518
Rovibration_vJ|1[33]        -Rovibration_vJ|10[32]           4.7477E-16  1.0360E-07   5.613E+03      78- 443     1519
Rovibration_vJ|1[33]        -Rovibration_vJ|10[34]           5.5841E-16  1.1780E-07   5.541E+03      78- 445     1520
Rovibration_vJ|2[3]         -Rovibration_vJ|2[4]             1.3960E-08  1.6510E-06   6.623E+06      79-  80     1521
Rovibration_vJ|2[3]         -Rovibration_vJ|3[2]             1.4447E-05  5.8310E+01   4.810E+04      79- 118     1522
Rovibration_vJ|2[3]         -Rovibration_vJ|3[4]             1.9521E-05  4.4880E+01   4.750E+04      79- 121     1523
Rovibration_vJ|2[3]         -Rovibration_vJ|4[2]             2.2224E-07  3.5620E+00   2.414E+04      79- 159     1524
Rovibration_vJ|2[3]         -Rovibration_vJ|4[4]             3.0867E-07  2.7830E+00   2.399E+04      79- 162     1525
Rovibration_vJ|2[3]         -Rovibration_vJ|5[2]             2.3128E-09  8.2500E-02   1.618E+04      79- 200     1526
Rovibration_vJ|2[3]         -Rovibration_vJ|5[4]             3.3524E-09  6.6990E-02   1.611E+04      79- 203     1527
Rovibration_vJ|2[3]         -Rovibration_vJ|6[2]             1.3634E-11  8.5440E-04   1.221E+04      79- 241     1528
Rovibration_vJ|2[3]         -Rovibration_vJ|6[4]             2.2262E-11  7.7990E-04   1.217E+04      79- 243     1529
Rovibration_vJ|2[3]         -Rovibration_vJ|7[2]             1.0370E-14  1.0030E-06   9.826E+03      79- 282     1530
Rovibration_vJ|2[3]         -Rovibration_vJ|7[4]             8.5756E-16  4.6310E-08   9.802E+03      79- 284     1531
Rovibration_vJ|2[3]         -Rovibration_vJ|8[2]             1.7557E-14  2.4150E-06   8.240E+03      79- 323     1532
Rovibration_vJ|2[3]         -Rovibration_vJ|8[4]             1.8272E-14  1.4020E-06   8.223E+03      79- 325     1533
Rovibration_vJ|2[3]         -Rovibration_vJ|9[2]             1.2182E-15  2.2520E-07   7.107E+03      79- 364     1534
Rovibration_vJ|2[3]         -Rovibration_vJ|9[4]             1.3264E-15  1.3670E-07   7.095E+03      79- 366     1535
Rovibration_vJ|2[3]         -Rovibration_vJ|10[2]            9.0318E-18  2.1530E-09   6.259E+03      79- 405     1536
Rovibration_vJ|2[3]         -Rovibration_vJ|10[4]            1.9603E-17  2.6040E-09   6.249E+03      79- 407     1537
Rovibration_vJ|2[4]         -Rovibration_vJ|2[5]             1.6906E-08  3.2860E-06   5.299E+06      80-  81     1538
Rovibration_vJ|2[4]         -Rovibration_vJ|3[3]             1.4954E-05  5.5220E+01   4.819E+04      80- 120     1539
Rovibration_vJ|2[4]         -Rovibration_vJ|3[5]             1.9013E-05  4.6140E+01   4.742E+04      80- 122     1540
Rovibration_vJ|2[4]         -Rovibration_vJ|4[3]             2.2919E-07  3.3670E+00   2.416E+04      80- 160     1541
Rovibration_vJ|2[4]         -Rovibration_vJ|4[5]             3.0189E-07  2.8680E+00   2.397E+04      80- 163     1542
Rovibration_vJ|2[4]         -Rovibration_vJ|5[3]             2.3704E-09  7.7550E-02   1.619E+04      80- 201     1543
Rovibration_vJ|2[4]         -Rovibration_vJ|5[5]             3.2990E-09  6.9420E-02   1.610E+04      80- 204     1544
Rovibration_vJ|2[4]         -Rovibration_vJ|6[3]             1.3727E-11  7.8920E-04   1.221E+04      80- 242     1545
Rovibration_vJ|2[4]         -Rovibration_vJ|6[5]             2.2270E-11  8.2130E-04   1.216E+04      80- 245     1546
Rovibration_vJ|2[4]         -Rovibration_vJ|7[3]             1.3115E-14  1.1640E-06   9.830E+03      80- 283     1547
Rovibration_vJ|2[4]         -Rovibration_vJ|7[5]             2.5774E-16  1.4650E-08   9.799E+03      80- 286     1548
Rovibration_vJ|2[4]         -Rovibration_vJ|8[3]             1.8815E-14  2.3750E-06   8.243E+03      80- 324     1549
Rovibration_vJ|2[4]         -Rovibration_vJ|8[5]             1.7089E-14  1.3800E-06   8.221E+03      80- 327     1550
Rovibration_vJ|2[4]         -Rovibration_vJ|9[3]             1.2985E-15  2.2030E-07   7.110E+03      80- 365     1551
Rovibration_vJ|2[4]         -Rovibration_vJ|9[5]             1.2503E-15  1.3560E-07   7.094E+03      80- 367     1552
Rovibration_vJ|2[4]         -Rovibration_vJ|10[3]            8.7023E-18  1.9040E-09   6.261E+03      80- 406     1553
Rovibration_vJ|2[4]         -Rovibration_vJ|10[5]            2.0368E-17  2.8470E-09   6.248E+03      80- 408     1554
Rovibration_vJ|2[5]         -Rovibration_vJ|2[6]             1.9829E-08  5.7390E-06   4.416E+06      81-  82     1555
Rovibration_vJ|2[5]         -Rovibration_vJ|3[4]             1.5264E-05  5.3380E+01   4.828E+04      81- 121     1556
Rovibration_vJ|2[5]         -Rovibration_vJ|3[6]             1.8700E-05  4.7090E+01   4.734E+04      81- 123     1557
Rovibration_vJ|2[5]         -Rovibration_vJ|4[4]             2.3303E-07  3.2480E+00   2.418E+04      81- 162     1558
Rovibration_vJ|2[5]         -Rovibration_vJ|4[6]             2.9815E-07  2.9340E+00   2.395E+04      81- 164     1559
Rovibration_vJ|2[5]         -Rovibration_vJ|5[4]             2.3958E-09  7.4410E-02   1.620E+04      81- 203     1560
Rovibration_vJ|2[5]         -Rovibration_vJ|5[6]             3.2785E-09  7.1420E-02   1.610E+04      81- 205     1561
Rovibration_vJ|2[5]         -Rovibration_vJ|6[4]             1.3631E-11  7.4420E-04   1.222E+04      81- 243     1562
Rovibration_vJ|2[5]         -Rovibration_vJ|6[6]             2.2493E-11  8.5850E-04   1.216E+04      81- 246     1563
Rovibration_vJ|2[5]         -Rovibration_vJ|7[4]             1.6051E-14  1.3530E-06   9.834E+03      81- 284     1564
Rovibration_vJ|2[5]         -Rovibration_vJ|7[6]             9.6355E-18  5.6670E-10   9.796E+03      81- 287     1565
Rovibration_vJ|2[5]         -Rovibration_vJ|8[4]             1.9866E-14  2.3820E-06   8.246E+03      81- 325     1566
Rovibration_vJ|2[5]         -Rovibration_vJ|8[6]             1.6134E-14  1.3480E-06   8.219E+03      81- 328     1567
Rovibration_vJ|2[5]         -Rovibration_vJ|9[4]             1.3644E-15  2.1990E-07   7.112E+03      81- 366     1568
Rovibration_vJ|2[5]         -Rovibration_vJ|9[6]             1.1907E-15  1.3360E-07   7.093E+03      81- 369     1569
Rovibration_vJ|2[5]         -Rovibration_vJ|10[4]            8.2651E-18  1.7180E-09   6.263E+03      81- 407     1570
Rovibration_vJ|2[5]         -Rovibration_vJ|10[6]            2.1342E-17  3.0860E-09   6.248E+03      81- 410     1571
Rovibration_vJ|2[6]         -Rovibration_vJ|2[7]             2.2718E-08  9.1650E-06   3.785E+06      82-  83     1572
Rovibration_vJ|2[6]         -Rovibration_vJ|3[5]             1.5469E-05  5.2110E+01   4.837E+04      82- 122     1573
Rovibration_vJ|2[6]         -Rovibration_vJ|3[7]             1.8494E-05  4.7860E+01   4.726E+04      82- 124     1574
Rovibration_vJ|2[6]         -Rovibration_vJ|4[5]             2.3530E-07  3.1650E+00   2.421E+04      82- 163     1575
Rovibration_vJ|2[6]         -Rovibration_vJ|4[7]             2.9608E-07  2.9890E+00   2.393E+04      82- 165     1576
Rovibration_vJ|2[6]         -Rovibration_vJ|5[5]             2.4045E-09  7.2110E-02   1.621E+04      82- 204     1577
Rovibration_vJ|2[6]         -Rovibration_vJ|5[7]             3.2762E-09  7.3170E-02   1.609E+04      82- 206     1578
Rovibration_vJ|2[6]         -Rovibration_vJ|6[5]             1.3435E-11  7.0850E-04   1.223E+04      82- 245     1579
Rovibration_vJ|2[6]         -Rovibration_vJ|6[7]             2.2840E-11  8.9350E-04   1.216E+04      82- 247     1580
Rovibration_vJ|2[6]         -Rovibration_vJ|7[5]             1.9181E-14  1.5620E-06   9.839E+03      82- 286     1581
Rovibration_vJ|2[6]         -Rovibration_vJ|7[7]             9.4774E-17  5.7120E-09   9.794E+03      82- 288     1582
Rovibration_vJ|2[6]         -Rovibration_vJ|8[5]             2.0820E-14  2.4120E-06   8.249E+03      82- 327     1583
Rovibration_vJ|2[6]         -Rovibration_vJ|8[7]             1.5291E-14  1.3090E-06   8.218E+03      82- 329     1584
Rovibration_vJ|2[6]         -Rovibration_vJ|9[5]             1.4236E-15  2.2170E-07   7.115E+03      82- 367     1585
Rovibration_vJ|2[6]         -Rovibration_vJ|9[7]             1.1387E-15  1.3090E-07   7.091E+03      82- 370     1586
Rovibration_vJ|2[6]         -Rovibration_vJ|10[5]            7.7816E-18  1.5630E-09   6.265E+03      82- 408     1587
Rovibration_vJ|2[6]         -Rovibration_vJ|10[7]            2.2466E-17  3.3280E-09   6.247E+03      82- 411     1588
Rovibration_vJ|2[7]         -Rovibration_vJ|2[8]             2.5562E-08  1.3710E-05   3.313E+06      83-  84     1589
Rovibration_vJ|2[7]         -Rovibration_vJ|3[6]             1.5612E-05  5.1150E+01   4.847E+04      83- 123     1590
Rovibration_vJ|2[7]         -Rovibration_vJ|3[8]             1.8351E-05  4.8510E+01   4.719E+04      83- 125     1591
Rovibration_vJ|2[7]         -Rovibration_vJ|4[6]             2.3654E-07  3.1000E+00   2.423E+04      83- 164     1592
Rovibration_vJ|2[7]         -Rovibration_vJ|4[8]             2.9504E-07  3.0370E+00   2.391E+04      83- 166     1593
Rovibration_vJ|2[7]         -Rovibration_vJ|5[6]             2.4030E-09  7.0260E-02   1.622E+04      83- 205     1594
Rovibration_vJ|2[7]         -Rovibration_vJ|5[8]             3.2848E-09  7.4760E-02   1.608E+04      83- 207     1595
Rovibration_vJ|2[7]         -Rovibration_vJ|6[6]             1.3184E-11  6.7800E-04   1.223E+04      83- 246     1596
Rovibration_vJ|2[7]         -Rovibration_vJ|6[8]             2.3270E-11  9.2740E-04   1.215E+04      83- 248     1597
Rovibration_vJ|2[7]         -Rovibration_vJ|7[6]             2.2522E-14  1.7890E-06   9.843E+03      83- 287     1598
Rovibration_vJ|2[7]         -Rovibration_vJ|7[8]             5.0840E-16  3.1210E-08   9.791E+03      83- 289     1599
Rovibration_vJ|2[7]         -Rovibration_vJ|8[6]             2.1714E-14  2.4540E-06   8.252E+03      83- 328     1600
Rovibration_vJ|2[7]         -Rovibration_vJ|8[8]             1.4532E-14  1.2670E-06   8.216E+03      83- 330     1601
Rovibration_vJ|2[7]         -Rovibration_vJ|9[6]             1.4783E-15  2.2460E-07   7.117E+03      83- 369     1602
Rovibration_vJ|2[7]         -Rovibration_vJ|9[8]             1.0926E-15  1.2790E-07   7.091E+03      83- 371     1603
Rovibration_vJ|2[7]         -Rovibration_vJ|10[6]            7.2868E-18  1.4280E-09   6.267E+03      83- 410     1604
Rovibration_vJ|2[7]         -Rovibration_vJ|10[8]            2.3700E-17  3.5750E-09   6.246E+03      83- 412     1605
Rovibration_vJ|2[8]         -Rovibration_vJ|2[9]             2.8350E-08  1.9510E-05   2.945E+06      84-  86     1606
Rovibration_vJ|2[8]         -Rovibration_vJ|3[7]             1.5710E-05  5.0360E+01   4.856E+04      84- 124     1607
Rovibration_vJ|2[8]         -Rovibration_vJ|3[9]             1.8250E-05  4.9080E+01   4.711E+04      84- 127     1608
Rovibration_vJ|2[8]         -Rovibration_vJ|4[7]             2.3719E-07  3.0470E+00   2.426E+04      84- 165     1609
Rovibration_vJ|2[8]         -Rovibration_vJ|4[9]             2.9463E-07  3.0800E+00   2.389E+04      84- 168     1610
Rovibration_vJ|2[8]         -Rovibration_vJ|5[7]             2.3953E-09  6.8690E-02   1.624E+04      84- 206     1611
Rovibration_vJ|2[8]         -Rovibration_vJ|5[9]             3.3009E-09  7.6250E-02   1.607E+04      84- 209     1612
Rovibration_vJ|2[8]         -Rovibration_vJ|6[7]             1.2903E-11  6.5100E-04   1.224E+04      84- 247     1613
Rovibration_vJ|2[8]         -Rovibration_vJ|6[9]             2.3755E-11  9.6060E-04   1.215E+04      84- 250     1614
Rovibration_vJ|2[8]         -Rovibration_vJ|7[7]             2.6096E-14  2.0340E-06   9.848E+03      84- 288     1615
Rovibration_vJ|2[8]         -Rovibration_vJ|7[9]             1.2515E-15  7.7940E-08   9.789E+03      84- 290     1616
Rovibration_vJ|2[8]         -Rovibration_vJ|8[7]             2.2568E-14  2.5030E-06   8.256E+03      84- 329     1617
Rovibration_vJ|2[8]         -Rovibration_vJ|8[9]             1.3829E-14  1.2230E-06   8.215E+03      84- 331     1618
Rovibration_vJ|2[8]         -Rovibration_vJ|9[7]             1.5303E-15  2.2820E-07   7.120E+03      84- 370     1619
Rovibration_vJ|2[8]         -Rovibration_vJ|9[9]             1.0503E-15  1.2470E-07   7.090E+03      84- 372     1620
Rovibration_vJ|2[8]         -Rovibration_vJ|10[7]            6.7949E-18  1.3070E-09   6.269E+03      84- 411     1621
Rovibration_vJ|2[8]         -Rovibration_vJ|10[9]            2.5028E-17  3.8290E-09   6.246E+03      84- 413     1622
Rovibration_vJ|1[34]        -Rovibration_vJ|1[35]            1.5573E-07  1.7670E-03   7.558E+05      85-  89     1623
Rovibration_vJ|1[34]        -Rovibration_vJ|2[33]            1.0556E-05  2.8100E+01   5.080E+04      85- 119     1624
Rovibration_vJ|1[34]        -Rovibration_vJ|2[35]            1.2395E-05  3.9850E+01   4.490E+04      85- 130     1625
Rovibration_vJ|1[34]        -Rovibration_vJ|3[33]            1.0680E-07  1.1970E+00   2.476E+04      85- 161     1626
Rovibration_vJ|1[34]        -Rovibration_vJ|3[35]            1.6488E-07  1.9720E+00   2.328E+04      85- 171     1627
Rovibration_vJ|1[34]        -Rovibration_vJ|4[33]            7.1388E-10  1.8150E-02   1.644E+04      85- 202     1628
Rovibration_vJ|1[34]        -Rovibration_vJ|4[35]            1.6939E-09  4.4100E-02   1.578E+04      85- 213     1629
Rovibration_vJ|1[34]        -Rovibration_vJ|5[33]            1.5201E-12  6.8540E-05   1.234E+04      85- 244     1630
Rovibration_vJ|1[34]        -Rovibration_vJ|5[35]            1.3807E-11  6.2450E-04   1.197E+04      85- 254     1631
Rovibration_vJ|1[34]        -Rovibration_vJ|6[33]            7.3970E-14  5.1770E-06   9.907E+03      85- 285     1632
Rovibration_vJ|1[34]        -Rovibration_vJ|6[35]            2.7834E-14  1.9300E-06   9.669E+03      85- 295     1633
Rovibration_vJ|1[34]        -Rovibration_vJ|7[33]            1.6236E-14  1.6220E-06   8.292E+03      85- 326     1634
Rovibration_vJ|1[34]        -Rovibration_vJ|7[35]            2.0873E-15  2.0490E-07   8.126E+03      85- 336     1635
Rovibration_vJ|1[34]        -Rovibration_vJ|8[33]            9.1291E-16  1.2290E-07   7.143E+03      85- 368     1636
Rovibration_vJ|1[34]        -Rovibration_vJ|8[35]            2.0280E-16  2.6670E-08   7.021E+03      85- 377     1637
Rovibration_vJ|1[34]        -Rovibration_vJ|9[33]            1.8074E-16  3.1440E-08   6.284E+03      85- 409     1638
Rovibration_vJ|1[34]        -Rovibration_vJ|9[35]            2.9367E-16  4.9680E-08   6.190E+03      85- 418     1639
Rovibration_vJ|1[34]        -Rovibration_vJ|10[33]           4.7917E-16  1.0430E-07   5.618E+03      85- 444     1640
Rovibration_vJ|1[34]        -Rovibration_vJ|10[35]           5.6408E-16  1.1900E-07   5.543E+03      85- 446     1641
Rovibration_vJ|2[9]         -Rovibration_vJ|2[10]            3.1062E-08  2.6680E-05   2.651E+06      86-  87     1642
Rovibration_vJ|2[9]         -Rovibration_vJ|3[8]             1.5784E-05  4.9700E+01   4.866E+04      86- 125     1643
Rovibration_vJ|2[9]         -Rovibration_vJ|3[10]            1.8177E-05  4.9590E+01   4.703E+04      86- 128     1644
Rovibration_vJ|2[9]         -Rovibration_vJ|4[8]             2.3747E-07  3.0020E+00   2.428E+04      86- 166     1645
Rovibration_vJ|2[9]         -Rovibration_vJ|4[10]            2.9472E-07  3.1200E+00   2.388E+04      86- 169     1646
Rovibration_vJ|2[9]         -Rovibration_vJ|5[8]             2.3837E-09  6.7310E-02   1.625E+04      86- 207     1647
Rovibration_vJ|2[9]         -Rovibration_vJ|5[10]            3.3222E-09  7.7670E-02   1.607E+04      86- 210     1648
Rovibration_vJ|2[9]         -Rovibration_vJ|6[8]             1.2602E-11  6.2630E-04   1.225E+04      86- 248     1649
Rovibration_vJ|2[9]         -Rovibration_vJ|6[10]            2.4283E-11  9.9350E-04   1.215E+04      86- 251     1650
Rovibration_vJ|2[9]         -Rovibration_vJ|7[8]             2.9862E-14  2.2930E-06   9.853E+03      86- 289     1651
Rovibration_vJ|2[9]         -Rovibration_vJ|7[10]            2.3286E-15  1.4670E-07   9.787E+03      86- 292     1652
Rovibration_vJ|2[9]         -Rovibration_vJ|8[8]             2.3409E-14  2.5580E-06   8.260E+03      86- 330     1653
Rovibration_vJ|2[9]         -Rovibration_vJ|8[10]            1.3158E-14  1.1770E-06   8.214E+03      86- 333     1654
Rovibration_vJ|2[9]         -Rovibration_vJ|9[8]             1.5810E-15  2.3230E-07   7.123E+03      86- 371     1655
Rovibration_vJ|2[9]         -Rovibration_vJ|9[10]            1.0101E-15  1.2130E-07   7.089E+03      86- 374     1656
Rovibration_vJ|2[9]         -Rovibration_vJ|10[8]            6.3099E-18  1.1960E-09   6.271E+03      86- 412     1657
Rovibration_vJ|2[9]         -Rovibration_vJ|10[10]           2.6435E-17  4.0900E-09   6.245E+03      86- 415     1658
Rovibration_vJ|2[10]        -Rovibration_vJ|2[11]            3.3714E-08  3.5350E-05   2.410E+06      87-  88     1659
Rovibration_vJ|2[10]        -Rovibration_vJ|3[9]             1.5838E-05  4.9120E+01   4.875E+04      87- 127     1660
Rovibration_vJ|2[10]        -Rovibration_vJ|3[11]            1.8125E-05  5.0060E+01   4.696E+04      87- 129     1661
Rovibration_vJ|2[10]        -Rovibration_vJ|4[9]             2.3736E-07  2.9610E+00   2.431E+04      87- 168     1662
Rovibration_vJ|2[10]        -Rovibration_vJ|4[11]            2.9509E-07  3.1570E+00   2.386E+04      87- 170     1663
Rovibration_vJ|2[10]        -Rovibration_vJ|5[9]             2.3689E-09  6.6050E-02   1.626E+04      87- 209     1664
Rovibration_vJ|2[10]        -Rovibration_vJ|5[11]            3.3473E-09  7.9040E-02   1.606E+04      87- 211     1665
Rovibration_vJ|2[10]        -Rovibration_vJ|6[9]             1.2291E-11  6.0330E-04   1.226E+04      87- 250     1666
Rovibration_vJ|2[10]        -Rovibration_vJ|6[11]            2.4860E-11  1.0270E-03   1.214E+04      87- 252     1667
Rovibration_vJ|2[10]        -Rovibration_vJ|7[9]             3.3854E-14  2.5680E-06   9.859E+03      87- 290     1668
Rovibration_vJ|2[10]        -Rovibration_vJ|7[11]            3.7437E-15  2.3810E-07   9.786E+03      87- 293     1669
Rovibration_vJ|2[10]        -Rovibration_vJ|8[9]             2.4231E-14  2.6160E-06   8.264E+03      87- 331     1670
Rovibration_vJ|2[10]        -Rovibration_vJ|8[11]            1.2526E-14  1.1310E-06   8.213E+03      87- 334     1671
Rovibration_vJ|2[10]        -Rovibration_vJ|9[9]             1.6310E-15  2.3680E-07   7.126E+03      87- 372     1672
Rovibration_vJ|2[10]        -Rovibration_vJ|9[11]            9.7275E-16  1.1790E-07   7.089E+03      87- 375     1673
Rovibration_vJ|2[10]        -Rovibration_vJ|10[9]            5.8410E-18  1.0940E-09   6.274E+03      87- 413     1674
Rovibration_vJ|2[10]        -Rovibration_vJ|10[11]           2.7915E-17  4.3590E-09   6.245E+03      87- 416     1675
Rovibration_vJ|2[11]        -Rovibration_vJ|2[12]            3.6286E-08  4.5610E-05   2.210E+06      88-  90     1676
Rovibration_vJ|2[11]        -Rovibration_vJ|3[10]            1.5874E-05  4.8590E+01   4.885E+04      88- 128     1677
Rovibration_vJ|2[11]        -Rovibration_vJ|3[12]            1.8086E-05  5.0490E+01   4.688E+04      88- 131     1678
Rovibration_vJ|2[11]        -Rovibration_vJ|4[10]            2.3705E-07  2.9240E+00   2.434E+04      88- 169     1679
Rovibration_vJ|2[11]        -Rovibration_vJ|4[12]            2.9569E-07  3.1920E+00   2.384E+04      88- 172     1680
Rovibration_vJ|2[11]        -Rovibration_vJ|5[10]            2.3523E-09  6.4890E-02   1.627E+04      88- 210     1681
Rovibration_vJ|2[11]        -Rovibration_vJ|5[12]            3.3752E-09  8.0370E-02   1.605E+04      88- 212     1682
Rovibration_vJ|2[11]        -Rovibration_vJ|6[10]            1.1974E-11  5.8170E-04   1.226E+04      88- 251     1683
Rovibration_vJ|2[11]        -Rovibration_vJ|6[12]            2.5452E-11  1.0600E-03   1.214E+04      88- 253     1684
Rovibration_vJ|2[11]        -Rovibration_vJ|7[10]            3.8050E-14  2.8570E-06   9.864E+03      88- 292     1685
Rovibration_vJ|2[11]        -Rovibration_vJ|7[12]            5.5050E-15  3.5290E-07   9.784E+03      88- 294     1686
Rovibration_vJ|2[11]        -Rovibration_vJ|8[10]            2.5047E-14  2.6770E-06   8.268E+03      88- 333     1687
Rovibration_vJ|2[11]        -Rovibration_vJ|8[12]            1.1912E-14  1.0840E-06   8.212E+03      88- 335     1688
Rovibration_vJ|2[11]        -Rovibration_vJ|9[10]            1.6808E-15  2.4160E-07   7.129E+03      88- 374     1689
Rovibration_vJ|2[11]        -Rovibration_vJ|9[12]            9.3662E-16  1.1440E-07   7.088E+03      88- 376     1690
Rovibration_vJ|2[11]        -Rovibration_vJ|10[10]           5.3827E-18  9.9820E-10   6.277E+03      88- 415     1691
Rovibration_vJ|2[11]        -Rovibration_vJ|10[12]           2.9463E-17  4.6360E-09   6.245E+03      88- 417     1692
Rovibration_vJ|1[35]        -Rovibration_vJ|1[36]            1.5629E-07  1.8760E-03   7.352E+05      89-  93     1693
Rovibration_vJ|1[35]        -Rovibration_vJ|2[34]            1.0538E-05  2.7890E+01   5.093E+04      89- 126     1694
Rovibration_vJ|1[35]        -Rovibration_vJ|2[36]            1.2410E-05  4.0020E+01   4.485E+04      89- 134     1695
Rovibration_vJ|1[35]        -Rovibration_vJ|3[34]            1.0632E-07  1.1870E+00   2.479E+04      89- 167     1696
Rovibration_vJ|1[35]        -Rovibration_vJ|3[36]            1.6591E-07  1.9870E+00   2.327E+04      89- 175     1697
Rovibration_vJ|1[35]        -Rovibration_vJ|4[34]            7.0712E-10  1.7920E-02   1.646E+04      89- 208     1698
Rovibration_vJ|1[35]        -Rovibration_vJ|4[36]            1.7160E-09  4.4710E-02   1.578E+04      89- 216     1699
Rovibration_vJ|1[35]        -Rovibration_vJ|5[34]            1.4627E-12  6.5760E-05   1.236E+04      89- 249     1700
Rovibration_vJ|1[35]        -Rovibration_vJ|5[36]            1.4172E-11  6.4130E-04   1.197E+04      89- 257     1701
Rovibration_vJ|1[35]        -Rovibration_vJ|6[34]            7.6510E-14  5.3400E-06   9.917E+03      89- 291     1702
Rovibration_vJ|1[35]        -Rovibration_vJ|6[36]            3.0839E-14  2.1390E-06   9.671E+03      89- 298     1703
Rovibration_vJ|1[35]        -Rovibration_vJ|7[34]            1.6550E-14  1.6490E-06   8.300E+03      89- 332     1704
Rovibration_vJ|1[35]        -Rovibration_vJ|7[36]            1.9657E-15  1.9300E-07   8.129E+03      89- 339     1705
Rovibration_vJ|1[35]        -Rovibration_vJ|8[34]            9.5621E-16  1.2840E-07   7.149E+03      89- 373     1706
Rovibration_vJ|1[35]        -Rovibration_vJ|8[36]            2.0849E-16  2.7420E-08   7.023E+03      89- 381     1707
Rovibration_vJ|1[35]        -Rovibration_vJ|9[34]            1.7036E-16  2.9560E-08   6.289E+03      89- 414     1708
Rovibration_vJ|1[35]        -Rovibration_vJ|9[36]            2.8297E-16  4.7870E-08   6.193E+03      89- 422     1709
Rovibration_vJ|1[35]        -Rovibration_vJ|10[34]           4.8357E-16  1.0500E-07   5.622E+03      89- 445     1710
Rovibration_vJ|1[35]        -Rovibration_vJ|10[36]           5.6932E-16  1.2010E-07   5.546E+03      89- 447     1711
Rovibration_vJ|2[12]        -Rovibration_vJ|2[13]            3.8768E-08  5.7540E-05   2.040E+06      90-  91     1712
Rovibration_vJ|2[12]        -Rovibration_vJ|3[11]            1.5901E-05  4.8110E+01   4.895E+04      90- 129     1713
Rovibration_vJ|2[12]        -Rovibration_vJ|3[13]            1.8056E-05  5.0890E+01   4.681E+04      90- 132     1714
Rovibration_vJ|2[12]        -Rovibration_vJ|4[11]            2.3660E-07  2.8900E+00   2.436E+04      90- 170     1715
Rovibration_vJ|2[12]        -Rovibration_vJ|4[13]            2.9652E-07  3.2260E+00   2.383E+04      90- 173     1716
Rovibration_vJ|2[12]        -Rovibration_vJ|5[11]            2.3342E-09  6.3800E-02   1.629E+04      90- 211     1717
Rovibration_vJ|2[12]        -Rovibration_vJ|5[13]            3.4060E-09  8.1690E-02   1.605E+04      90- 214     1718
Rovibration_vJ|2[12]        -Rovibration_vJ|6[11]            1.1656E-11  5.6120E-04   1.227E+04      90- 252     1719
Rovibration_vJ|2[12]        -Rovibration_vJ|6[13]            2.6064E-11  1.0930E-03   1.214E+04      90- 255     1720
Rovibration_vJ|2[12]        -Rovibration_vJ|7[11]            4.2440E-14  3.1590E-06   9.869E+03      90- 293     1721
Rovibration_vJ|2[12]        -Rovibration_vJ|7[13]            7.6189E-15  4.9170E-07   9.783E+03      90- 296     1722
Rovibration_vJ|2[12]        -Rovibration_vJ|8[11]            2.5867E-14  2.7410E-06   8.272E+03      90- 334     1723
Rovibration_vJ|2[12]        -Rovibration_vJ|8[13]            1.1332E-14  1.0380E-06   8.211E+03      90- 337     1724
Rovibration_vJ|2[12]        -Rovibration_vJ|9[11]            1.7303E-15  2.4660E-07   7.132E+03      90- 375     1725
Rovibration_vJ|2[12]        -Rovibration_vJ|9[13]            9.0208E-16  1.1090E-07   7.088E+03      90- 378     1726
Rovibration_vJ|2[12]        -Rovibration_vJ|10[11]           4.9412E-18  9.0860E-10   6.279E+03      90- 416     1727
Rovibration_vJ|2[12]        -Rovibration_vJ|10[13]           3.1061E-17  4.9190E-09   6.245E+03      90- 419     1728
Rovibration_vJ|2[13]        -Rovibration_vJ|2[14]            4.1162E-08  7.1220E-05   1.895E+06      91-  92     1729
Rovibration_vJ|2[13]        -Rovibration_vJ|3[12]            1.5919E-05  4.7660E+01   4.905E+04      91- 131     1730
Rovibration_vJ|2[13]        -Rovibration_vJ|3[14]            1.8036E-05  5.1270E+01   4.674E+04      91- 133     1731
Rovibration_vJ|2[13]        -Rovibration_vJ|4[12]            2.3610E-07  2.8590E+00   2.439E+04      91- 172     1732
Rovibration_vJ|2[13]        -Rovibration_vJ|4[14]            2.9752E-07  3.2590E+00   2.381E+04      91- 174     1733
Rovibration_vJ|2[13]        -Rovibration_vJ|5[12]            2.3147E-09  6.2760E-02   1.630E+04      91- 212     1734
Rovibration_vJ|2[13]        -Rovibration_vJ|5[14]            3.4387E-09  8.2990E-02   1.604E+04      91- 215     1735
Rovibration_vJ|2[13]        -Rovibration_vJ|6[12]            1.1338E-11  5.4170E-04   1.228E+04      91- 253     1736
Rovibration_vJ|2[13]        -Rovibration_vJ|6[14]            2.6716E-11  1.1270E-03   1.213E+04      91- 256     1737
Rovibration_vJ|2[13]        -Rovibration_vJ|7[12]            4.7041E-14  3.4750E-06   9.875E+03      91- 294     1738
Rovibration_vJ|2[13]        -Rovibration_vJ|7[14]            1.0092E-14  6.5510E-07   9.781E+03      91- 297     1739
Rovibration_vJ|2[13]        -Rovibration_vJ|8[12]            2.6679E-14  2.8060E-06   8.276E+03      91- 335     1740
Rovibration_vJ|2[13]        -Rovibration_vJ|8[14]            1.0758E-14  9.9100E-07   8.211E+03      91- 338     1741
Rovibration_vJ|2[13]        -Rovibration_vJ|9[12]            1.7798E-15  2.5180E-07   7.136E+03      91- 376     1742
Rovibration_vJ|2[13]        -Rovibration_vJ|9[14]            8.6797E-16  1.0730E-07   7.088E+03      91- 379     1743
Rovibration_vJ|2[13]        -Rovibration_vJ|10[12]           4.5140E-18  8.2400E-10   6.282E+03      91- 417     1744
Rovibration_vJ|2[13]        -Rovibration_vJ|10[14]           3.2713E-17  5.2090E-09   6.245E+03      91- 420     1745
Rovibration_vJ|2[14]        -Rovibration_vJ|2[15]            4.3454E-08  8.6690E-05   1.769E+06      92-  94     1746
Rovibration_vJ|2[14]        -Rovibration_vJ|3[13]            1.5932E-05  4.7240E+01   4.915E+04      92- 132     1747
Rovibration_vJ|2[14]        -Rovibration_vJ|3[15]            1.8025E-05  5.1640E+01   4.667E+04      92- 135     1748
Rovibration_vJ|2[14]        -Rovibration_vJ|4[13]            2.3545E-07  2.8290E+00   2.442E+04      92- 173     1749
Rovibration_vJ|2[14]        -Rovibration_vJ|4[15]            2.9862E-07  3.2910E+00   2.380E+04      92- 176     1750
Rovibration_vJ|2[14]        -Rovibration_vJ|5[13]            2.2950E-09  6.1780E-02   1.631E+04      92- 214     1751
Rovibration_vJ|2[14]        -Rovibration_vJ|5[15]            3.4735E-09  8.4290E-02   1.604E+04      92- 217     1752
Rovibration_vJ|2[14]        -Rovibration_vJ|6[13]            1.1024E-11  5.2310E-04   1.229E+04      92- 255     1753
Rovibration_vJ|2[14]        -Rovibration_vJ|6[15]            2.7404E-11  1.1620E-03   1.213E+04      92- 258     1754
Rovibration_vJ|2[14]        -Rovibration_vJ|7[13]            5.1840E-14  3.8040E-06   9.881E+03      92- 296     1755
Rovibration_vJ|2[14]        -Rovibration_vJ|7[15]            1.2936E-14  8.4390E-07   9.780E+03      92- 299     1756
Rovibration_vJ|2[14]        -Rovibration_vJ|8[13]            2.7506E-14  2.8740E-06   8.280E+03      92- 337     1757
Rovibration_vJ|2[14]        -Rovibration_vJ|8[15]            1.0208E-14  9.4490E-07   8.210E+03      92- 340     1758
Rovibration_vJ|2[14]        -Rovibration_vJ|9[13]            1.8299E-15  2.5720E-07   7.139E+03      92- 378     1759
Rovibration_vJ|2[14]        -Rovibration_vJ|9[15]            8.3565E-16  1.0380E-07   7.088E+03      92- 380     1760
Rovibration_vJ|2[14]        -Rovibration_vJ|10[13]           4.1015E-18  7.4390E-10   6.285E+03      92- 419     1761
Rovibration_vJ|2[14]        -Rovibration_vJ|10[15]           3.4409E-17  5.5050E-09   6.245E+03      92- 421     1762
Rovibration_vJ|1[36]        -Rovibration_vJ|1[37]            1.5659E-07  1.9850E-03   7.156E+05      93-  96     1763
Rovibration_vJ|1[36]        -Rovibration_vJ|2[35]            1.0520E-05  2.7680E+01   5.105E+04      93- 130     1764
Rovibration_vJ|1[36]        -Rovibration_vJ|2[37]            1.2424E-05  4.0180E+01   4.480E+04      93- 137     1765
Rovibration_vJ|1[36]        -Rovibration_vJ|3[35]            1.0583E-07  1.1770E+00   2.483E+04      93- 171     1766
Rovibration_vJ|1[36]        -Rovibration_vJ|3[37]            1.6695E-07  2.0020E+00   2.327E+04      93- 178     1767
Rovibration_vJ|1[36]        -Rovibration_vJ|4[35]            7.0030E-10  1.7690E-02   1.648E+04      93- 213     1768
Rovibration_vJ|1[36]        -Rovibration_vJ|4[37]            1.7382E-09  4.5320E-02   1.578E+04      93- 219     1769
Rovibration_vJ|1[36]        -Rovibration_vJ|5[35]            1.4072E-12  6.3080E-05   1.237E+04      93- 254     1770
Rovibration_vJ|1[36]        -Rovibration_vJ|5[37]            1.4546E-11  6.5850E-04   1.198E+04      93- 261     1771
Rovibration_vJ|1[36]        -Rovibration_vJ|6[35]            7.9062E-14  5.5030E-06   9.926E+03      93- 295     1772
Rovibration_vJ|1[36]        -Rovibration_vJ|6[37]            3.4017E-14  2.3600E-06   9.674E+03      93- 302     1773
Rovibration_vJ|1[36]        -Rovibration_vJ|7[35]            1.6865E-14  1.6760E-06   8.307E+03      93- 336     1774
Rovibration_vJ|1[36]        -Rovibration_vJ|7[37]            1.8464E-15  1.8130E-07   8.131E+03      93- 343     1775
Rovibration_vJ|1[36]        -Rovibration_vJ|8[35]            1.0005E-15  1.3400E-07   7.156E+03      93- 377     1776
Rovibration_vJ|1[36]        -Rovibration_vJ|8[37]            2.1457E-16  2.8220E-08   7.026E+03      93- 384     1777
Rovibration_vJ|1[36]        -Rovibration_vJ|9[35]            1.5975E-16  2.7650E-08   6.295E+03      93- 418     1778
Rovibration_vJ|1[36]        -Rovibration_vJ|9[37]            2.7187E-16  4.5990E-08   6.195E+03      93- 425     1779
Rovibration_vJ|1[36]        -Rovibration_vJ|10[35]           4.8707E-16  1.0550E-07   5.627E+03      93- 446     1780
Rovibration_vJ|1[36]        -Rovibration_vJ|10[37]           5.7414E-16  1.2110E-07   5.548E+03      93- 448     1781
Rovibration_vJ|2[15]        -Rovibration_vJ|2[16]            4.5646E-08  1.0400E-04   1.658E+06      94-  95     1782
Rovibration_vJ|2[15]        -Rovibration_vJ|3[14]            1.5935E-05  4.6830E+01   4.926E+04      94- 133     1783
Rovibration_vJ|2[15]        -Rovibration_vJ|3[16]            1.8018E-05  5.1990E+01   4.660E+04      94- 136     1784
Rovibration_vJ|2[15]        -Rovibration_vJ|4[14]            2.3469E-07  2.8000E+00   2.445E+04      94- 174     1785
Rovibration_vJ|2[15]        -Rovibration_vJ|4[16]            2.9981E-07  3.3220E+00   2.378E+04      94- 177     1786
Rovibration_vJ|2[15]        -Rovibration_vJ|5[14]            2.2747E-09  6.0840E-02   1.633E+04      94- 215     1787
Rovibration_vJ|2[15]        -Rovibration_vJ|5[16]            3.5097E-09  8.5580E-02   1.603E+04      94- 218     1788
Rovibration_vJ|2[15]        -Rovibration_vJ|6[14]            1.0713E-11  5.0520E-04   1.230E+04      94- 256     1789
Rovibration_vJ|2[15]        -Rovibration_vJ|6[16]            2.8101E-11  1.1970E-03   1.213E+04      94- 259     1790
Rovibration_vJ|2[15]        -Rovibration_vJ|7[14]            5.6827E-14  4.1450E-06   9.887E+03      94- 297     1791
Rovibration_vJ|2[15]        -Rovibration_vJ|7[16]            1.6163E-14  1.0590E-06   9.779E+03      94- 300     1792
Rovibration_vJ|2[15]        -Rovibration_vJ|8[14]            2.8322E-14  2.9420E-06   8.285E+03      94- 338     1793
Rovibration_vJ|2[15]        -Rovibration_vJ|8[16]            9.6740E-15  8.9930E-07   8.210E+03      94- 341     1794
Rovibration_vJ|2[15]        -Rovibration_vJ|9[14]            1.8806E-15  2.6280E-07   7.143E+03      94- 379     1795
Rovibration_vJ|2[15]        -Rovibration_vJ|9[16]            8.0494E-16  1.0040E-07   7.088E+03      94- 382     1796
Rovibration_vJ|2[15]        -Rovibration_vJ|10[14]           3.7014E-18  6.6750E-10   6.288E+03      94- 420     1797
Rovibration_vJ|2[15]        -Rovibration_vJ|10[16]           3.6136E-17  5.8050E-09   6.245E+03      94- 423     1798
Rovibration_vJ|2[16]        -Rovibration_vJ|2[17]            4.7743E-08  1.2320E-04   1.561E+06      95-  97     1799
Rovibration_vJ|2[16]        -Rovibration_vJ|3[15]            1.5936E-05  4.6440E+01   4.936E+04      95- 135     1800
Rovibration_vJ|2[16]        -Rovibration_vJ|3[17]            1.8016E-05  5.2330E+01   4.653E+04      95- 138     1801
Rovibration_vJ|2[16]        -Rovibration_vJ|4[15]            2.3386E-07  2.7720E+00   2.448E+04      95- 176     1802
Rovibration_vJ|2[16]        -Rovibration_vJ|4[17]            3.0112E-07  3.3530E+00   2.377E+04      95- 179     1803
Rovibration_vJ|2[16]        -Rovibration_vJ|5[15]            2.2540E-09  5.9930E-02   1.634E+04      95- 217     1804
Rovibration_vJ|2[16]        -Rovibration_vJ|5[17]            3.5468E-09  8.6860E-02   1.603E+04      95- 220     1805
Rovibration_vJ|2[16]        -Rovibration_vJ|6[15]            1.0404E-11  4.8790E-04   1.231E+04      95- 258     1806
Rovibration_vJ|2[16]        -Rovibration_vJ|6[17]            2.8807E-11  1.2320E-03   1.213E+04      95- 260     1807
Rovibration_vJ|2[16]        -Rovibration_vJ|7[15]            6.2003E-14  4.4980E-06   9.893E+03      95- 299     1808
Rovibration_vJ|2[16]        -Rovibration_vJ|7[17]            1.9766E-14  1.3000E-06   9.779E+03      95- 301     1809
Rovibration_vJ|2[16]        -Rovibration_vJ|8[15]            2.9151E-14  3.0120E-06   8.290E+03      95- 340     1810
Rovibration_vJ|2[16]        -Rovibration_vJ|8[17]            9.1559E-15  8.5430E-07   8.210E+03      95- 342     1811
Rovibration_vJ|2[16]        -Rovibration_vJ|9[15]            1.9322E-15  2.6860E-07   7.147E+03      95- 380     1812
Rovibration_vJ|2[16]        -Rovibration_vJ|9[17]            7.7447E-16  9.6950E-08   7.088E+03      95- 383     1813
Rovibration_vJ|2[16]        -Rovibration_vJ|10[15]           3.3143E-18  5.9460E-10   6.291E+03      95- 421     1814
Rovibration_vJ|2[16]        -Rovibration_vJ|10[17]           3.7888E-17  6.1080E-09   6.246E+03      95- 424     1815
Rovibration_vJ|1[37]        -Rovibration_vJ|1[38]            1.5657E-07  2.0930E-03   6.971E+05      96-  99     1816
Rovibration_vJ|1[37]        -Rovibration_vJ|2[36]            1.0501E-05  2.7470E+01   5.118E+04      96- 134     1817
Rovibration_vJ|1[37]        -Rovibration_vJ|2[38]            1.2441E-05  4.0350E+01   4.476E+04      96- 140     1818
Rovibration_vJ|1[37]        -Rovibration_vJ|3[36]            1.0542E-07  1.1680E+00   2.487E+04      96- 175     1819
Rovibration_vJ|1[37]        -Rovibration_vJ|3[38]            1.6800E-07  2.0170E+00   2.326E+04      96- 181     1820
Rovibration_vJ|1[37]        -Rovibration_vJ|4[36]            6.9342E-10  1.7460E-02   1.650E+04      96- 216     1821
Rovibration_vJ|1[37]        -Rovibration_vJ|4[38]            1.7609E-09  4.5940E-02   1.578E+04      96- 222     1822
Rovibration_vJ|1[37]        -Rovibration_vJ|5[36]            1.3534E-12  6.0490E-05   1.238E+04      96- 257     1823
Rovibration_vJ|1[37]        -Rovibration_vJ|5[38]            1.4930E-11  6.7610E-04   1.198E+04      96- 264     1824
Rovibration_vJ|1[37]        -Rovibration_vJ|6[36]            8.1642E-14  5.6670E-06   9.936E+03      96- 298     1825
Rovibration_vJ|1[37]        -Rovibration_vJ|6[38]            3.7399E-14  2.5950E-06   9.677E+03      96- 305     1826
Rovibration_vJ|1[37]        -Rovibration_vJ|7[36]            1.7192E-14  1.7040E-06   8.315E+03      96- 339     1827
Rovibration_vJ|1[37]        -Rovibration_vJ|7[38]            1.7292E-15  1.6980E-07   8.134E+03      96- 346     1828
Rovibration_vJ|1[37]        -Rovibration_vJ|8[36]            1.0472E-15  1.3990E-07   7.162E+03      96- 381     1829
Rovibration_vJ|1[37]        -Rovibration_vJ|8[38]            2.2098E-16  2.9060E-08   7.029E+03      96- 387     1830
Rovibration_vJ|1[37]        -Rovibration_vJ|9[36]            1.4915E-16  2.5750E-08   6.300E+03      96- 422     1831
Rovibration_vJ|1[37]        -Rovibration_vJ|9[38]            2.6039E-16  4.4040E-08   6.198E+03      96- 428     1832
Rovibration_vJ|1[37]        -Rovibration_vJ|10[36]           4.9057E-16  1.0600E-07   5.632E+03      96- 447     1833
Rovibration_vJ|1[37]        -Rovibration_vJ|10[38]           5.7900E-16  1.2210E-07   5.551E+03      96- 449     1834
Rovibration_vJ|2[17]        -Rovibration_vJ|2[18]            4.9704E-08  1.4420E-04   1.475E+06      97-  98     1835
Rovibration_vJ|2[17]        -Rovibration_vJ|3[16]            1.5931E-05  4.6060E+01   4.947E+04      97- 136     1836
Rovibration_vJ|2[17]        -Rovibration_vJ|3[18]            1.8018E-05  5.2660E+01   4.646E+04      97- 139     1837
Rovibration_vJ|2[17]        -Rovibration_vJ|4[16]            2.3308E-07  2.7460E+00   2.450E+04      97- 177     1838
Rovibration_vJ|2[17]        -Rovibration_vJ|4[18]            3.0247E-07  3.3830E+00   2.375E+04      97- 180     1839
Rovibration_vJ|2[17]        -Rovibration_vJ|5[16]            2.2330E-09  5.9050E-02   1.636E+04      97- 218     1840
Rovibration_vJ|2[17]        -Rovibration_vJ|5[18]            3.5856E-09  8.8150E-02   1.602E+04      97- 221     1841
Rovibration_vJ|2[17]        -Rovibration_vJ|6[16]            1.0102E-11  4.7130E-04   1.231E+04      97- 259     1842
Rovibration_vJ|2[17]        -Rovibration_vJ|6[18]            2.9543E-11  1.2680E-03   1.212E+04      97- 262     1843
Rovibration_vJ|2[17]        -Rovibration_vJ|7[16]            6.7355E-14  4.8620E-06   9.900E+03      97- 300     1844
Rovibration_vJ|2[17]        -Rovibration_vJ|7[18]            2.3760E-14  1.5680E-06   9.778E+03      97- 303     1845
Rovibration_vJ|2[17]        -Rovibration_vJ|8[16]            2.9983E-14  3.0830E-06   8.295E+03      97- 341     1846
Rovibration_vJ|2[17]        -Rovibration_vJ|8[18]            8.6517E-15  8.0990E-07   8.210E+03      97- 344     1847
Rovibration_vJ|2[17]        -Rovibration_vJ|9[16]            1.9833E-15  2.7440E-07   7.151E+03      97- 382     1848
Rovibration_vJ|2[17]        -Rovibration_vJ|9[18]            7.4502E-16  9.3560E-08   7.088E+03      97- 385     1849
Rovibration_vJ|2[17]        -Rovibration_vJ|10[16]           2.9396E-18  5.2490E-10   6.294E+03      97- 423     1850
Rovibration_vJ|2[17]        -Rovibration_vJ|10[18]           3.9656E-17  6.4130E-09   6.246E+03      97- 426     1851
Rovibration_vJ|2[18]        -Rovibration_vJ|2[19]            5.1537E-08  1.6700E-04   1.397E+06      98- 100     1852
Rovibration_vJ|2[18]        -Rovibration_vJ|3[17]            1.5927E-05  4.5700E+01   4.957E+04      98- 138     1853
Rovibration_vJ|2[18]        -Rovibration_vJ|3[19]            1.8019E-05  5.2970E+01   4.640E+04      98- 141     1854
Rovibration_vJ|2[18]        -Rovibration_vJ|4[17]            2.3219E-07  2.7200E+00   2.453E+04      98- 179     1855
Rovibration_vJ|2[18]        -Rovibration_vJ|4[19]            3.0391E-07  3.4130E+00   2.374E+04      98- 182     1856
Rovibration_vJ|2[18]        -Rovibration_vJ|5[17]            2.2121E-09  5.8200E-02   1.637E+04      98- 220     1857
Rovibration_vJ|2[18]        -Rovibration_vJ|5[19]            3.6258E-09  8.9450E-02   1.602E+04      98- 223     1858
Rovibration_vJ|2[18]        -Rovibration_vJ|6[17]            9.8062E-12  4.5530E-04   1.232E+04      98- 260     1859
Rovibration_vJ|2[18]        -Rovibration_vJ|6[19]            3.0308E-11  1.3050E-03   1.212E+04      98- 263     1860
Rovibration_vJ|2[18]        -Rovibration_vJ|7[17]            7.2898E-14  5.2380E-06   9.906E+03      98- 301     1861
Rovibration_vJ|2[18]        -Rovibration_vJ|7[19]            2.8175E-14  1.8650E-06   9.778E+03      98- 304     1862
Rovibration_vJ|2[18]        -Rovibration_vJ|8[17]            3.0831E-14  3.1560E-06   8.300E+03      98- 342     1863
Rovibration_vJ|2[18]        -Rovibration_vJ|8[19]            8.1623E-15  7.6630E-07   8.210E+03      98- 345     1864
Rovibration_vJ|2[18]        -Rovibration_vJ|9[17]            2.0364E-15  2.8050E-07   7.155E+03      98- 383     1865
Rovibration_vJ|2[18]        -Rovibration_vJ|9[19]            7.1649E-16  9.0230E-08   7.089E+03      98- 386     1866
Rovibration_vJ|2[18]        -Rovibration_vJ|10[17]           2.5767E-18  4.5810E-10   6.298E+03      98- 424     1867
Rovibration_vJ|2[18]        -Rovibration_vJ|10[19]           4.1423E-17  6.7170E-09   6.247E+03      98- 427     1868
Rovibration_vJ|1[38]        -Rovibration_vJ|1[39]            1.5629E-07  2.2000E-03   6.796E+05      99- 102     1869
Rovibration_vJ|1[38]        -Rovibration_vJ|2[37]            1.0482E-05  2.7260E+01   5.132E+04      99- 137     1870
Rovibration_vJ|1[38]        -Rovibration_vJ|2[39]            1.2456E-05  4.0510E+01   4.471E+04      99- 143     1871
Rovibration_vJ|1[38]        -Rovibration_vJ|3[37]            1.0492E-07  1.1580E+00   2.491E+04      99- 178     1872
Rovibration_vJ|1[38]        -Rovibration_vJ|3[39]            1.6906E-07  2.0320E+00   2.326E+04      99- 184     1873
Rovibration_vJ|1[38]        -Rovibration_vJ|4[37]            6.8650E-10  1.7230E-02   1.652E+04      99- 219     1874
Rovibration_vJ|1[38]        -Rovibration_vJ|4[39]            1.7841E-09  4.6570E-02   1.578E+04      99- 225     1875
Rovibration_vJ|1[38]        -Rovibration_vJ|5[37]            1.3012E-12  5.7990E-05   1.240E+04      99- 261     1876
Rovibration_vJ|1[38]        -Rovibration_vJ|5[39]            1.5322E-11  6.9400E-04   1.198E+04      99- 266     1877
Rovibration_vJ|1[38]        -Rovibration_vJ|6[37]            8.4235E-14  5.8310E-06   9.946E+03      99- 302     1878
Rovibration_vJ|1[38]        -Rovibration_vJ|6[39]            4.0971E-14  2.8430E-06   9.679E+03      99- 308     1879
Rovibration_vJ|1[38]        -Rovibration_vJ|7[37]            1.7510E-14  1.7310E-06   8.323E+03      99- 343     1880
Rovibration_vJ|1[38]        -Rovibration_vJ|7[39]            1.6153E-15  1.5860E-07   8.137E+03      99- 349     1881
Rovibration_vJ|1[38]        -Rovibration_vJ|8[37]            1.0956E-15  1.4600E-07   7.169E+03      99- 384     1882
Rovibration_vJ|1[38]        -Rovibration_vJ|8[39]            2.2763E-16  2.9930E-08   7.032E+03      99- 390     1883
Rovibration_vJ|1[38]        -Rovibration_vJ|9[37]            1.3837E-16  2.3830E-08   6.306E+03      99- 425     1884
Rovibration_vJ|1[38]        -Rovibration_vJ|9[39]            2.4856E-16  4.2030E-08   6.201E+03      99- 431     1885
Rovibration_vJ|1[38]        -Rovibration_vJ|10[37]           4.9363E-16  1.0640E-07   5.637E+03      99- 448     1886
Rovibration_vJ|1[38]        -Rovibration_vJ|10[39]           5.8296E-16  1.2290E-07   5.553E+03      99- 450     1887
Rovibration_vJ|2[19]        -Rovibration_vJ|2[20]            5.3250E-08  1.9160E-04   1.328E+06     100- 101     1888
Rovibration_vJ|2[19]        -Rovibration_vJ|3[18]            1.5917E-05  4.5340E+01   4.968E+04     100- 139     1889
Rovibration_vJ|2[19]        -Rovibration_vJ|3[20]            1.8026E-05  5.3280E+01   4.633E+04     100- 142     1890
Rovibration_vJ|2[19]        -Rovibration_vJ|4[18]            2.3130E-07  2.6950E+00   2.456E+04     100- 180     1891
Rovibration_vJ|2[19]        -Rovibration_vJ|4[20]            3.0543E-07  3.4430E+00   2.372E+04     100- 183     1892
Rovibration_vJ|2[19]        -Rovibration_vJ|5[18]            2.1910E-09  5.7370E-02   1.639E+04     100- 221     1893
Rovibration_vJ|2[19]        -Rovibration_vJ|5[20]            3.6669E-09  9.0750E-02   1.601E+04     100- 224     1894
Rovibration_vJ|2[19]        -Rovibration_vJ|6[18]            9.5148E-12  4.3980E-04   1.233E+04     100- 262     1895
Rovibration_vJ|2[19]        -Rovibration_vJ|6[20]            3.1102E-11  1.3430E-03   1.212E+04     100- 265     1896
Rovibration_vJ|2[19]        -Rovibration_vJ|7[18]            7.8621E-14  5.6250E-06   9.913E+03     100- 303     1897
Rovibration_vJ|2[19]        -Rovibration_vJ|7[20]            3.2996E-14  2.1900E-06   9.777E+03     100- 306     1898
Rovibration_vJ|2[19]        -Rovibration_vJ|8[18]            3.1676E-14  3.2290E-06   8.305E+03     100- 344     1899
Rovibration_vJ|2[19]        -Rovibration_vJ|8[20]            7.6868E-15  7.2350E-07   8.210E+03     100- 347     1900
Rovibration_vJ|2[19]        -Rovibration_vJ|9[18]            2.0892E-15  2.8660E-07   7.159E+03     100- 385     1901
Rovibration_vJ|2[19]        -Rovibration_vJ|9[20]            6.8866E-16  8.6940E-08   7.089E+03     100- 388     1902
Rovibration_vJ|2[19]        -Rovibration_vJ|10[18]           2.2262E-18  3.9420E-10   6.301E+03     100- 426     1903
Rovibration_vJ|2[19]        -Rovibration_vJ|10[20]           4.3187E-17  7.0200E-09   6.248E+03     100- 429     1904
Rovibration_vJ|2[20]        -Rovibration_vJ|2[21]            5.4853E-08  2.1800E-04   1.265E+06     101- 103     1905
Rovibration_vJ|2[20]        -Rovibration_vJ|3[19]            1.5905E-05  4.4990E+01   4.979E+04     101- 141     1906
Rovibration_vJ|2[20]        -Rovibration_vJ|3[21]            1.8038E-05  5.3590E+01   4.627E+04     101- 144     1907
Rovibration_vJ|2[20]        -Rovibration_vJ|4[19]            2.3033E-07  2.6700E+00   2.460E+04     101- 182     1908
Rovibration_vJ|2[20]        -Rovibration_vJ|4[21]            3.0694E-07  3.4720E+00   2.371E+04     101- 185     1909
Rovibration_vJ|2[20]        -Rovibration_vJ|5[19]            2.1698E-09  5.6560E-02   1.640E+04     101- 223     1910
Rovibration_vJ|2[20]        -Rovibration_vJ|5[21]            3.7088E-09  9.2050E-02   1.601E+04     101- 226     1911
Rovibration_vJ|2[20]        -Rovibration_vJ|6[19]            9.2291E-12  4.2480E-04   1.234E+04     101- 263     1912
Rovibration_vJ|2[20]        -Rovibration_vJ|6[21]            3.1900E-11  1.3810E-03   1.212E+04     101- 267     1913
Rovibration_vJ|2[20]        -Rovibration_vJ|7[19]            8.4510E-14  6.0220E-06   9.920E+03     101- 304     1914
Rovibration_vJ|2[20]        -Rovibration_vJ|7[21]            3.8238E-14  2.5440E-06   9.777E+03     101- 307     1915
Rovibration_vJ|2[20]        -Rovibration_vJ|8[19]            3.2530E-14  3.3030E-06   8.310E+03     101- 345     1916
Rovibration_vJ|2[20]        -Rovibration_vJ|8[21]            7.2252E-15  6.8160E-07   8.211E+03     101- 348     1917
Rovibration_vJ|2[20]        -Rovibration_vJ|9[19]            2.1441E-15  2.9300E-07   7.163E+03     101- 386     1918
Rovibration_vJ|2[20]        -Rovibration_vJ|9[21]            6.6171E-16  8.3720E-08   7.090E+03     101- 389     1919
Rovibration_vJ|2[20]        -Rovibration_vJ|10[19]           1.8888E-18  3.3320E-10   6.305E+03     101- 427     1920
Rovibration_vJ|2[20]        -Rovibration_vJ|10[21]           4.4926E-17  7.3180E-09   6.249E+03     101- 430     1921
Rovibration_vJ|1[39]        -Rovibration_vJ|1[40]            1.5573E-07  2.3050E-03   6.630E+05     102- 105     1922
Rovibration_vJ|1[39]        -Rovibration_vJ|2[38]            1.0462E-05  2.7050E+01   5.145E+04     102- 140     1923
Rovibration_vJ|1[39]        -Rovibration_vJ|2[40]            1.2471E-05  4.0670E+01   4.466E+04     102- 146     1924
Rovibration_vJ|1[39]        -Rovibration_vJ|3[38]            1.0451E-07  1.1490E+00   2.495E+04     102- 181     1925
Rovibration_vJ|1[39]        -Rovibration_vJ|3[40]            1.7021E-07  2.0480E+00   2.325E+04     102- 187     1926
Rovibration_vJ|1[39]        -Rovibration_vJ|4[38]            6.7991E-10  1.7010E-02   1.654E+04     102- 222     1927
Rovibration_vJ|1[39]        -Rovibration_vJ|4[40]            1.8077E-09  4.7210E-02   1.578E+04     102- 228     1928
Rovibration_vJ|1[39]        -Rovibration_vJ|5[38]            1.2505E-12  5.5570E-05   1.241E+04     102- 264     1929
Rovibration_vJ|1[39]        -Rovibration_vJ|5[40]            1.5723E-11  7.1230E-04   1.198E+04     102- 269     1930
Rovibration_vJ|1[39]        -Rovibration_vJ|6[38]            8.6841E-14  5.9950E-06   9.957E+03     102- 305     1931
Rovibration_vJ|1[39]        -Rovibration_vJ|6[40]            4.4761E-14  3.1060E-06   9.683E+03     102- 310     1932
Rovibration_vJ|1[39]        -Rovibration_vJ|7[38]            1.7840E-14  1.7590E-06   8.331E+03     102- 346     1933
Rovibration_vJ|1[39]        -Rovibration_vJ|7[40]            1.5024E-15  1.4750E-07   8.140E+03     102- 351     1934
Rovibration_vJ|1[39]        -Rovibration_vJ|8[38]            1.1458E-15  1.5230E-07   7.175E+03     102- 387     1935
Rovibration_vJ|1[39]        -Rovibration_vJ|8[40]            2.3467E-16  3.0850E-08   7.035E+03     102- 393     1936
Rovibration_vJ|1[39]        -Rovibration_vJ|9[38]            1.2765E-16  2.1930E-08   6.312E+03     102- 428     1937
Rovibration_vJ|1[39]        -Rovibration_vJ|9[40]            2.3644E-16  3.9970E-08   6.204E+03     102- 434     1938
Rovibration_vJ|1[39]        -Rovibration_vJ|10[38]           4.9670E-16  1.0680E-07   5.642E+03     102- 449     1939
Rovibration_vJ|1[39]        -Rovibration_vJ|10[40]           5.8600E-16  1.2350E-07   5.556E+03     102- 451     1940
Rovibration_vJ|2[21]        -Rovibration_vJ|2[22]            5.6309E-08  2.4600E-04   1.208E+06     103- 104     1941
Rovibration_vJ|2[21]        -Rovibration_vJ|3[20]            1.5893E-05  4.4650E+01   4.990E+04     103- 142     1942
Rovibration_vJ|2[21]        -Rovibration_vJ|3[22]            1.8046E-05  5.3880E+01   4.620E+04     103- 145     1943
Rovibration_vJ|2[21]        -Rovibration_vJ|4[20]            2.2947E-07  2.6470E+00   2.463E+04     103- 183     1944
Rovibration_vJ|2[21]        -Rovibration_vJ|4[22]            3.0860E-07  3.5020E+00   2.370E+04     103- 186     1945
Rovibration_vJ|2[21]        -Rovibration_vJ|5[20]            2.1491E-09  5.5780E-02   1.642E+04     103- 224     1946
Rovibration_vJ|2[21]        -Rovibration_vJ|5[22]            3.7521E-09  9.3370E-02   1.600E+04     103- 227     1947
Rovibration_vJ|2[21]        -Rovibration_vJ|6[20]            8.9498E-12  4.1030E-04   1.235E+04     103- 265     1948
Rovibration_vJ|2[21]        -Rovibration_vJ|6[22]            3.2724E-11  1.4200E-03   1.212E+04     103- 268     1949
Rovibration_vJ|2[21]        -Rovibration_vJ|7[20]            9.0581E-14  6.4300E-06   9.927E+03     103- 306     1950
Rovibration_vJ|2[21]        -Rovibration_vJ|7[22]            4.3931E-14  2.9290E-06   9.777E+03     103- 309     1951
Rovibration_vJ|2[21]        -Rovibration_vJ|8[20]            3.3402E-14  3.3790E-06   8.316E+03     103- 347     1952
Rovibration_vJ|2[21]        -Rovibration_vJ|8[22]            6.7768E-15  6.4060E-07   8.211E+03     103- 350     1953
Rovibration_vJ|2[21]        -Rovibration_vJ|9[20]            2.1988E-15  2.9940E-07   7.168E+03     103- 388     1954
Rovibration_vJ|2[21]        -Rovibration_vJ|9[22]            6.3551E-16  8.0560E-08   7.091E+03     103- 391     1955
Rovibration_vJ|2[21]        -Rovibration_vJ|10[20]           1.5662E-18  2.7530E-10   6.309E+03     103- 429     1956
Rovibration_vJ|2[21]        -Rovibration_vJ|10[22]           4.6631E-17  7.6100E-09   6.250E+03     103- 432     1957
Rovibration_vJ|2[22]        -Rovibration_vJ|2[23]            5.7617E-08  2.7550E-04   1.156E+06     104- 106     1958
Rovibration_vJ|2[22]        -Rovibration_vJ|3[21]            1.5877E-05  4.4310E+01   5.001E+04     104- 144     1959
Rovibration_vJ|2[22]        -Rovibration_vJ|3[23]            1.8059E-05  5.4170E+01   4.614E+04     104- 147     1960
Rovibration_vJ|2[22]        -Rovibration_vJ|4[21]            2.2847E-07  2.6230E+00   2.466E+04     104- 185     1961
Rovibration_vJ|2[22]        -Rovibration_vJ|4[23]            3.1023E-07  3.5310E+00   2.369E+04     104- 188     1962
Rovibration_vJ|2[22]        -Rovibration_vJ|5[21]            2.1282E-09  5.5010E-02   1.643E+04     104- 226     1963
Rovibration_vJ|2[22]        -Rovibration_vJ|5[23]            3.7964E-09  9.4700E-02   1.600E+04     104- 229     1964
Rovibration_vJ|2[22]        -Rovibration_vJ|6[21]            8.6775E-12  3.9630E-04   1.236E+04     104- 267     1965
Rovibration_vJ|2[22]        -Rovibration_vJ|6[23]            3.3575E-11  1.4600E-03   1.212E+04     104- 270     1966
Rovibration_vJ|2[22]        -Rovibration_vJ|7[21]            9.6807E-14  6.8470E-06   9.935E+03     104- 307     1967
Rovibration_vJ|2[22]        -Rovibration_vJ|7[23]            5.0059E-14  3.3440E-06   9.778E+03     104- 311     1968
Rovibration_vJ|2[22]        -Rovibration_vJ|8[21]            3.4273E-14  3.4550E-06   8.321E+03     104- 348     1969
Rovibration_vJ|2[22]        -Rovibration_vJ|8[23]            6.3412E-15  6.0050E-07   8.212E+03     104- 352     1970
Rovibration_vJ|2[22]        -Rovibration_vJ|9[21]            2.2550E-15  3.0600E-07   7.172E+03     104- 389     1971
Rovibration_vJ|2[22]        -Rovibration_vJ|9[23]            6.1001E-16  7.7460E-08   7.092E+03     104- 392     1972
Rovibration_vJ|2[22]        -Rovibration_vJ|10[21]           1.2604E-18  2.2080E-10   6.312E+03     104- 430     1973
Rovibration_vJ|2[22]        -Rovibration_vJ|10[23]           4.8286E-17  7.8930E-09   6.251E+03     104- 433     1974
Rovibration_vJ|1[40]        -Rovibration_vJ|2[39]            1.0446E-05  2.6850E+01   5.158E+04     105- 143     1975
Rovibration_vJ|1[40]        -Rovibration_vJ|3[39]            1.0400E-07  1.1390E+00   2.499E+04     105- 184     1976
Rovibration_vJ|1[40]        -Rovibration_vJ|4[39]            6.7369E-10  1.6800E-02   1.656E+04     105- 225     1977
Rovibration_vJ|1[40]        -Rovibration_vJ|5[39]            1.2016E-12  5.3240E-05   1.242E+04     105- 266     1978
Rovibration_vJ|1[40]        -Rovibration_vJ|6[39]            8.9461E-14  6.1590E-06   9.967E+03     105- 308     1979
Rovibration_vJ|1[40]        -Rovibration_vJ|7[39]            1.8161E-14  1.7860E-06   8.339E+03     105- 349     1980
Rovibration_vJ|1[40]        -Rovibration_vJ|8[39]            1.1977E-15  1.5880E-07   7.182E+03     105- 390     1981
Rovibration_vJ|1[40]        -Rovibration_vJ|9[39]            1.1688E-16  2.0030E-08   6.317E+03     105- 431     1982
Rovibration_vJ|1[40]        -Rovibration_vJ|10[39]           4.9885E-16  1.0700E-07   5.647E+03     105- 450     1983
Rovibration_vJ|2[23]        -Rovibration_vJ|2[24]            5.8799E-08  3.0650E-04   1.108E+06     106- 107     1984
Rovibration_vJ|2[23]        -Rovibration_vJ|3[22]            1.5862E-05  4.3980E+01   5.013E+04     106- 145     1985
Rovibration_vJ|2[23]        -Rovibration_vJ|3[24]            1.8074E-05  5.4460E+01   4.608E+04     106- 148     1986
Rovibration_vJ|2[23]        -Rovibration_vJ|4[22]            2.2751E-07  2.6000E+00   2.469E+04     106- 186     1987
Rovibration_vJ|2[23]        -Rovibration_vJ|4[24]            3.1191E-07  3.5600E+00   2.368E+04     106- 189     1988
Rovibration_vJ|2[23]        -Rovibration_vJ|5[22]            2.1076E-09  5.4260E-02   1.645E+04     106- 227     1989
Rovibration_vJ|2[23]        -Rovibration_vJ|5[24]            3.8413E-09  9.6030E-02   1.600E+04     106- 230     1990
Rovibration_vJ|2[23]        -Rovibration_vJ|6[22]            8.4104E-12  3.8270E-04   1.237E+04     106- 268     1991
Rovibration_vJ|2[23]        -Rovibration_vJ|6[24]            3.4453E-11  1.5010E-03   1.212E+04     106- 271     1992
Rovibration_vJ|2[23]        -Rovibration_vJ|7[22]            1.0320E-13  7.2740E-06   9.942E+03     106- 309     1993
Rovibration_vJ|2[23]        -Rovibration_vJ|7[24]            5.6638E-14  3.7900E-06   9.778E+03     106- 312     1994
Rovibration_vJ|2[23]        -Rovibration_vJ|8[22]            3.5155E-14  3.5320E-06   8.327E+03     106- 350     1995
Rovibration_vJ|2[23]        -Rovibration_vJ|8[24]            5.9199E-15  5.6150E-07   8.213E+03     106- 353     1996
Rovibration_vJ|2[23]        -Rovibration_vJ|9[22]            2.3127E-15  3.1280E-07   7.177E+03     106- 391     1997
Rovibration_vJ|2[23]        -Rovibration_vJ|9[24]            5.8518E-16  7.4420E-08   7.093E+03     106- 394     1998
Rovibration_vJ|2[23]        -Rovibration_vJ|10[22]           9.7411E-19  1.7010E-10   6.316E+03     106- 432     1999
Rovibration_vJ|2[23]        -Rovibration_vJ|10[24]           4.9878E-17  8.1650E-09   6.252E+03     106- 435     2000
Rovibration_vJ|2[24]        -Rovibration_vJ|2[25]            5.9820E-08  3.3870E-04   1.064E+06     107- 108     2001
Rovibration_vJ|2[24]        -Rovibration_vJ|3[23]            1.5843E-05  4.3650E+01   5.024E+04     107- 147     2002
Rovibration_vJ|2[24]        -Rovibration_vJ|3[25]            1.8089E-05  5.4740E+01   4.602E+04     107- 149     2003
Rovibration_vJ|2[24]        -Rovibration_vJ|4[23]            2.2659E-07  2.5780E+00   2.472E+04     107- 188     2004
Rovibration_vJ|2[24]        -Rovibration_vJ|4[25]            3.1363E-07  3.5890E+00   2.366E+04     107- 190     2005
Rovibration_vJ|2[24]        -Rovibration_vJ|5[23]            2.0868E-09  5.3520E-02   1.647E+04     107- 229     2006
Rovibration_vJ|2[24]        -Rovibration_vJ|5[25]            3.8874E-09  9.7380E-02   1.599E+04     107- 231     2007
Rovibration_vJ|2[24]        -Rovibration_vJ|6[23]            8.1513E-12  3.6960E-04   1.238E+04     107- 270     2008
Rovibration_vJ|2[24]        -Rovibration_vJ|6[25]            3.5333E-11  1.5420E-03   1.212E+04     107- 272     2009
Rovibration_vJ|2[24]        -Rovibration_vJ|7[23]            1.0976E-13  7.7100E-06   9.950E+03     107- 311     2010
Rovibration_vJ|2[24]        -Rovibration_vJ|7[25]            6.3698E-14  4.2690E-06   9.779E+03     107- 313     2011
Rovibration_vJ|2[24]        -Rovibration_vJ|8[23]            3.6048E-14  3.6100E-06   8.333E+03     107- 352     2012
Rovibration_vJ|2[24]        -Rovibration_vJ|8[25]            5.5114E-15  5.2350E-07   8.214E+03     107- 354     2013
Rovibration_vJ|2[24]        -Rovibration_vJ|9[23]            2.3712E-15  3.1970E-07   7.182E+03     107- 392     2014
Rovibration_vJ|2[24]        -Rovibration_vJ|9[25]            5.6116E-16  7.1460E-08   7.094E+03     107- 395     2015
Rovibration_vJ|2[24]        -Rovibration_vJ|10[23]           7.1231E-19  1.2400E-10   6.320E+03     107- 433     2016
Rovibration_vJ|2[24]        -Rovibration_vJ|10[25]           5.1384E-17  8.4220E-09   6.253E+03     107- 436     2017
Rovibration_vJ|2[25]        -Rovibration_vJ|2[26]            6.0708E-08  3.7210E-04   1.023E+06     108- 109     2018
Rovibration_vJ|2[25]        -Rovibration_vJ|3[24]            1.5822E-05  4.3320E+01   5.036E+04     108- 148     2019
Rovibration_vJ|2[25]        -Rovibration_vJ|3[26]            1.8103E-05  5.5010E+01   4.596E+04     108- 150     2020
Rovibration_vJ|2[25]        -Rovibration_vJ|4[24]            2.2564E-07  2.5560E+00   2.476E+04     108- 189     2021
Rovibration_vJ|2[25]        -Rovibration_vJ|4[26]            3.1539E-07  3.6180E+00   2.365E+04     108- 191     2022
Rovibration_vJ|2[25]        -Rovibration_vJ|5[24]            2.0664E-09  5.2800E-02   1.648E+04     108- 230     2023
Rovibration_vJ|2[25]        -Rovibration_vJ|5[26]            3.9344E-09  9.8740E-02   1.599E+04     108- 232     2024
Rovibration_vJ|2[25]        -Rovibration_vJ|6[24]            7.8960E-12  3.5680E-04   1.240E+04     108- 271     2025
Rovibration_vJ|2[25]        -Rovibration_vJ|6[26]            3.6238E-11  1.5840E-03   1.212E+04     108- 273     2026
Rovibration_vJ|2[25]        -Rovibration_vJ|7[24]            1.1647E-13  8.1550E-06   9.958E+03     108- 312     2027
Rovibration_vJ|2[25]        -Rovibration_vJ|7[26]            7.1239E-14  4.7810E-06   9.780E+03     108- 314     2028
Rovibration_vJ|2[25]        -Rovibration_vJ|8[24]            3.6953E-14  3.6890E-06   8.339E+03     108- 353     2029
Rovibration_vJ|2[25]        -Rovibration_vJ|8[26]            5.1155E-15  4.8650E-07   8.215E+03     108- 355     2030
Rovibration_vJ|2[25]        -Rovibration_vJ|9[24]            2.4313E-15  3.2680E-07   7.187E+03     108- 394     2031
Rovibration_vJ|2[25]        -Rovibration_vJ|9[26]            5.3776E-16  6.8560E-08   7.095E+03     108- 396     2032
Rovibration_vJ|2[25]        -Rovibration_vJ|10[24]           4.7943E-19  8.3210E-11   6.325E+03     108- 435     2033
Rovibration_vJ|2[25]        -Rovibration_vJ|10[26]           5.2790E-17  8.6620E-09   6.254E+03     108- 437     2034
Rovibration_vJ|2[26]        -Rovibration_vJ|2[27]            6.1438E-08  4.0640E-04   9.858E+05     109- 110     2035
Rovibration_vJ|2[26]        -Rovibration_vJ|3[25]            1.5803E-05  4.3000E+01   5.047E+04     109- 149     2036
Rovibration_vJ|2[26]        -Rovibration_vJ|3[27]            1.8120E-05  5.5280E+01   4.590E+04     109- 151     2037
Rovibration_vJ|2[26]        -Rovibration_vJ|4[25]            2.2465E-07  2.5340E+00   2.479E+04     109- 190     2038
Rovibration_vJ|2[26]        -Rovibration_vJ|4[27]            3.1719E-07  3.6470E+00   2.364E+04     109- 192     2039
Rovibration_vJ|2[26]        -Rovibration_vJ|5[25]            2.0464E-09  5.2100E-02   1.650E+04     109- 231     2040
Rovibration_vJ|2[26]        -Rovibration_vJ|5[27]            3.9818E-09  1.0010E-01   1.599E+04     109- 233     2041
Rovibration_vJ|2[26]        -Rovibration_vJ|6[25]            7.6492E-12  3.4450E-04   1.241E+04     109- 272     2042
Rovibration_vJ|2[26]        -Rovibration_vJ|6[27]            3.7193E-11  1.6280E-03   1.212E+04     109- 274     2043
Rovibration_vJ|2[26]        -Rovibration_vJ|7[25]            1.2333E-13  8.6080E-06   9.966E+03     109- 313     2044
Rovibration_vJ|2[26]        -Rovibration_vJ|7[27]            7.9277E-14  5.3270E-06   9.781E+03     109- 315     2045
Rovibration_vJ|2[26]        -Rovibration_vJ|8[25]            3.7869E-14  3.7690E-06   8.345E+03     109- 354     2046
Rovibration_vJ|2[26]        -Rovibration_vJ|8[27]            4.7338E-15  4.5070E-07   8.217E+03     109- 356     2047
Rovibration_vJ|2[26]        -Rovibration_vJ|9[25]            2.4922E-15  3.3400E-07   7.192E+03     109- 395     2048
Rovibration_vJ|2[26]        -Rovibration_vJ|9[27]            5.1504E-16  6.5730E-08   7.097E+03     109- 397     2049
Rovibration_vJ|2[26]        -Rovibration_vJ|10[25]           2.8279E-19  4.8940E-11   6.329E+03     109- 436     2050
Rovibration_vJ|2[26]        -Rovibration_vJ|10[27]           5.4080E-17  8.8820E-09   6.256E+03     109- 438     2051
Rovibration_vJ|2[27]        -Rovibration_vJ|2[28]            6.2024E-08  4.4150E-04   9.509E+05     110- 111     2052
Rovibration_vJ|2[27]        -Rovibration_vJ|3[26]            1.5781E-05  4.2680E+01   5.059E+04     110- 150     2053
Rovibration_vJ|2[27]        -Rovibration_vJ|3[28]            1.8139E-05  5.5550E+01   4.584E+04     110- 152     2054
Rovibration_vJ|2[27]        -Rovibration_vJ|4[26]            2.2363E-07  2.5120E+00   2.482E+04     110- 191     2055
Rovibration_vJ|2[27]        -Rovibration_vJ|4[28]            3.1903E-07  3.6760E+00   2.363E+04     110- 193     2056
Rovibration_vJ|2[27]        -Rovibration_vJ|5[26]            2.0265E-09  5.1410E-02   1.652E+04     110- 232     2057
Rovibration_vJ|2[27]        -Rovibration_vJ|5[28]            4.0311E-09  1.0150E-01   1.599E+04     110- 234     2058
Rovibration_vJ|2[27]        -Rovibration_vJ|6[26]            7.4069E-12  3.3250E-04   1.242E+04     110- 273     2059
Rovibration_vJ|2[27]        -Rovibration_vJ|6[28]            3.8149E-11  1.6720E-03   1.212E+04     110- 275     2060
Rovibration_vJ|2[27]        -Rovibration_vJ|7[26]            1.3035E-13  9.0700E-06   9.974E+03     110- 314     2061
Rovibration_vJ|2[27]        -Rovibration_vJ|7[28]            8.7813E-14  5.9070E-06   9.782E+03     110- 316     2062
Rovibration_vJ|2[27]        -Rovibration_vJ|8[26]            3.8787E-14  3.8490E-06   8.352E+03     110- 355     2063
Rovibration_vJ|2[27]        -Rovibration_vJ|8[28]            4.3651E-15  4.1600E-07   8.218E+03     110- 357     2064
Rovibration_vJ|2[27]        -Rovibration_vJ|9[26]            2.5548E-15  3.4140E-07   7.197E+03     110- 396     2065
Rovibration_vJ|2[27]        -Rovibration_vJ|9[28]            4.9298E-16  6.2970E-08   7.098E+03     110- 398     2066
Rovibration_vJ|2[27]        -Rovibration_vJ|10[26]           1.3038E-19  2.2500E-11   6.333E+03     110- 437     2067
Rovibration_vJ|2[27]        -Rovibration_vJ|10[28]           5.5234E-17  9.0790E-09   6.257E+03     110- 439     2068
Rovibration_vJ|2[28]        -Rovibration_vJ|2[29]            6.2452E-08  4.7710E-04   9.184E+05     111- 112     2069
Rovibration_vJ|2[28]        -Rovibration_vJ|3[27]            1.5758E-05  4.2360E+01   5.071E+04     111- 151     2070
Rovibration_vJ|2[28]        -Rovibration_vJ|3[29]            1.8156E-05  5.5810E+01   4.579E+04     111- 153     2071
Rovibration_vJ|2[28]        -Rovibration_vJ|4[27]            2.2267E-07  2.4910E+00   2.486E+04     111- 192     2072
Rovibration_vJ|2[28]        -Rovibration_vJ|4[29]            3.2089E-07  3.7050E+00   2.362E+04     111- 194     2073
Rovibration_vJ|2[28]        -Rovibration_vJ|5[27]            2.0067E-09  5.0730E-02   1.654E+04     111- 233     2074
Rovibration_vJ|2[28]        -Rovibration_vJ|5[29]            4.0808E-09  1.0290E-01   1.599E+04     111- 235     2075
Rovibration_vJ|2[28]        -Rovibration_vJ|6[27]            7.1713E-12  3.2090E-04   1.243E+04     111- 274     2076
Rovibration_vJ|2[28]        -Rovibration_vJ|6[29]            3.9131E-11  1.7170E-03   1.212E+04     111- 276     2077
Rovibration_vJ|2[28]        -Rovibration_vJ|7[27]            1.3750E-13  9.5390E-06   9.982E+03     111- 315     2078
Rovibration_vJ|2[28]        -Rovibration_vJ|7[29]            9.6877E-14  6.5230E-06   9.783E+03     111- 317     2079
Rovibration_vJ|2[28]        -Rovibration_vJ|8[27]            3.9728E-14  3.9310E-06   8.358E+03     111- 356     2080
Rovibration_vJ|2[28]        -Rovibration_vJ|8[29]            4.0092E-15  3.8240E-07   8.220E+03     111- 358     2081
Rovibration_vJ|2[28]        -Rovibration_vJ|9[27]            2.6183E-15  3.4890E-07   7.202E+03     111- 397     2082
Rovibration_vJ|2[28]        -Rovibration_vJ|9[29]            4.7165E-16  6.0290E-08   7.100E+03     111- 399     2083
Rovibration_vJ|2[28]        -Rovibration_vJ|10[27]           3.2185E-20  5.5390E-12   6.338E+03     111- 438     2084
Rovibration_vJ|2[28]        -Rovibration_vJ|10[29]           5.6236E-17  9.2500E-09   6.259E+03     111- 440     2085
Rovibration_vJ|2[29]        -Rovibration_vJ|2[30]            6.2713E-08  5.1290E-04   8.882E+05     112- 113     2086
Rovibration_vJ|2[29]        -Rovibration_vJ|3[28]            1.5737E-05  4.2050E+01   5.083E+04     112- 152     2087
Rovibration_vJ|2[29]        -Rovibration_vJ|3[30]            1.8176E-05  5.6070E+01   4.573E+04     112- 154     2088
Rovibration_vJ|2[29]        -Rovibration_vJ|4[28]            2.2169E-07  2.4700E+00   2.489E+04     112- 193     2089
Rovibration_vJ|2[29]        -Rovibration_vJ|4[30]            3.2279E-07  3.7340E+00   2.362E+04     112- 195     2090
Rovibration_vJ|2[29]        -Rovibration_vJ|5[28]            1.9874E-09  5.0070E-02   1.655E+04     112- 234     2091
Rovibration_vJ|2[29]        -Rovibration_vJ|5[30]            4.1308E-09  1.0430E-01   1.598E+04     112- 236     2092
Rovibration_vJ|2[29]        -Rovibration_vJ|6[28]            6.9427E-12  3.0970E-04   1.244E+04     112- 275     2093
Rovibration_vJ|2[29]        -Rovibration_vJ|6[30]            4.0138E-11  1.7630E-03   1.212E+04     112- 277     2094
Rovibration_vJ|2[29]        -Rovibration_vJ|7[28]            1.4486E-13  1.0020E-05   9.991E+03     112- 316     2095
Rovibration_vJ|2[29]        -Rovibration_vJ|7[30]            1.0647E-13  7.1750E-06   9.784E+03     112- 318     2096
Rovibration_vJ|2[29]        -Rovibration_vJ|8[28]            4.0672E-14  4.0130E-06   8.365E+03     112- 357     2097
Rovibration_vJ|2[29]        -Rovibration_vJ|8[30]            3.6679E-15  3.5010E-07   8.221E+03     112- 359     2098
Rovibration_vJ|2[29]        -Rovibration_vJ|9[28]            2.6842E-15  3.5670E-07   7.208E+03     112- 398     2099
Rovibration_vJ|2[29]        -Rovibration_vJ|9[30]            4.5087E-16  5.7670E-08   7.102E+03     112- 400     2100
Rovibration_vJ|2[29]        -Rovibration_vJ|10[28]           1.9804E-22  3.3990E-14   6.342E+03     112- 439     2101
Rovibration_vJ|2[29]        -Rovibration_vJ|10[30]           5.7068E-17  9.3920E-09   6.261E+03     112- 441     2102
Rovibration_vJ|2[30]        -Rovibration_vJ|2[31]            6.2826E-08  5.4880E-04   8.599E+05     113- 114     2103
Rovibration_vJ|2[30]        -Rovibration_vJ|3[29]            1.5714E-05  4.1740E+01   5.095E+04     113- 153     2104
Rovibration_vJ|2[30]        -Rovibration_vJ|3[31]            1.8197E-05  5.6330E+01   4.568E+04     113- 155     2105
Rovibration_vJ|2[30]        -Rovibration_vJ|4[29]            2.2078E-07  2.4500E+00   2.493E+04     113- 194     2106
Rovibration_vJ|2[30]        -Rovibration_vJ|4[31]            3.2471E-07  3.7630E+00   2.361E+04     113- 196     2107
Rovibration_vJ|2[30]        -Rovibration_vJ|5[29]            1.9679E-09  4.9410E-02   1.657E+04     113- 235     2108
Rovibration_vJ|2[30]        -Rovibration_vJ|5[31]            4.1812E-09  1.0570E-01   1.598E+04     113- 237     2109
Rovibration_vJ|2[30]        -Rovibration_vJ|6[29]            6.7190E-12  2.9880E-04   1.245E+04     113- 276     2110
Rovibration_vJ|2[30]        -Rovibration_vJ|6[31]            4.1170E-11  1.8100E-03   1.212E+04     113- 278     2111
Rovibration_vJ|2[30]        -Rovibration_vJ|7[29]            1.5224E-13  1.0500E-05   1.000E+04     113- 317     2112
Rovibration_vJ|2[30]        -Rovibration_vJ|7[31]            1.1661E-13  7.8640E-06   9.786E+03     113- 319     2113
Rovibration_vJ|2[30]        -Rovibration_vJ|8[29]            4.1629E-14  4.0960E-06   8.372E+03     113- 358     2114
Rovibration_vJ|2[30]        -Rovibration_vJ|8[31]            3.3400E-15  3.1900E-07   8.223E+03     113- 360     2115
Rovibration_vJ|2[30]        -Rovibration_vJ|9[29]            2.7511E-15  3.6460E-07   7.214E+03     113- 399     2116
Rovibration_vJ|2[30]        -Rovibration_vJ|9[31]            4.3078E-16  5.5130E-08   7.104E+03     113- 401     2117
Rovibration_vJ|2[30]        -Rovibration_vJ|10[29]           4.8516E-20  8.3050E-12   6.347E+03     113- 440     2118
Rovibration_vJ|2[30]        -Rovibration_vJ|10[31]           5.7710E-17  9.5020E-09   6.263E+03     113- 442     2119
Rovibration_vJ|2[31]        -Rovibration_vJ|2[32]            6.2784E-08  5.8450E-04   8.333E+05     114- 115     2120
Rovibration_vJ|2[31]        -Rovibration_vJ|3[30]            1.5690E-05  4.1430E+01   5.108E+04     114- 154     2121
Rovibration_vJ|2[31]        -Rovibration_vJ|3[32]            1.8216E-05  5.6580E+01   4.562E+04     114- 156     2122
Rovibration_vJ|2[31]        -Rovibration_vJ|4[30]            2.1976E-07  2.4290E+00   2.497E+04     114- 195     2123
Rovibration_vJ|2[31]        -Rovibration_vJ|4[32]            3.2666E-07  3.7920E+00   2.360E+04     114- 197     2124
Rovibration_vJ|2[31]        -Rovibration_vJ|5[30]            1.9489E-09  4.8770E-02   1.659E+04     114- 236     2125
Rovibration_vJ|2[31]        -Rovibration_vJ|5[32]            4.2358E-09  1.0720E-01   1.598E+04     114- 238     2126
Rovibration_vJ|2[31]        -Rovibration_vJ|6[30]            6.5027E-12  2.8830E-04   1.247E+04     114- 277     2127
Rovibration_vJ|2[31]        -Rovibration_vJ|6[32]            4.2227E-11  1.8580E-03   1.212E+04     114- 279     2128
Rovibration_vJ|2[31]        -Rovibration_vJ|7[30]            1.5980E-13  1.0990E-05   1.001E+04     114- 318     2129
Rovibration_vJ|2[31]        -Rovibration_vJ|7[32]            1.2732E-13  8.5920E-06   9.788E+03     114- 320     2130
Rovibration_vJ|2[31]        -Rovibration_vJ|8[30]            4.2600E-14  4.1800E-06   8.379E+03     114- 359     2131
Rovibration_vJ|2[31]        -Rovibration_vJ|8[32]            3.0254E-15  2.8910E-07   8.225E+03     114- 361     2132
Rovibration_vJ|2[31]        -Rovibration_vJ|9[30]            2.8197E-15  3.7270E-07   7.219E+03     114- 400     2133
Rovibration_vJ|2[31]        -Rovibration_vJ|9[32]            4.1123E-16  5.2650E-08   7.106E+03     114- 402     2134
Rovibration_vJ|2[31]        -Rovibration_vJ|10[30]           1.9369E-19  3.3070E-11   6.352E+03     114- 441     2135
Rovibration_vJ|2[31]        -Rovibration_vJ|10[32]           5.8151E-17  9.5780E-09   6.265E+03     114- 443     2136
Rovibration_vJ|2[32]        -Rovibration_vJ|2[33]            6.2586E-08  6.1970E-04   8.084E+05     115- 119     2137
Rovibration_vJ|2[32]        -Rovibration_vJ|3[31]            1.5665E-05  4.1120E+01   5.120E+04     115- 155     2138
Rovibration_vJ|2[32]        -Rovibration_vJ|3[33]            1.8237E-05  5.6830E+01   4.557E+04     115- 161     2139
Rovibration_vJ|2[32]        -Rovibration_vJ|4[31]            2.1881E-07  2.4090E+00   2.500E+04     115- 196     2140
Rovibration_vJ|2[32]        -Rovibration_vJ|4[33]            3.2863E-07  3.8210E+00   2.359E+04     115- 202     2141
Rovibration_vJ|2[32]        -Rovibration_vJ|5[31]            1.9305E-09  4.8150E-02   1.661E+04     115- 237     2142
Rovibration_vJ|2[32]        -Rovibration_vJ|5[33]            4.2867E-09  1.0860E-01   1.598E+04     115- 244     2143
Rovibration_vJ|2[32]        -Rovibration_vJ|6[31]            6.2916E-12  2.7810E-04   1.248E+04     115- 278     2144
Rovibration_vJ|2[32]        -Rovibration_vJ|6[33]            4.3287E-11  1.9060E-03   1.212E+04     115- 285     2145
Rovibration_vJ|2[32]        -Rovibration_vJ|7[31]            1.6755E-13  1.1490E-05   1.002E+04     115- 319     2146
Rovibration_vJ|2[32]        -Rovibration_vJ|7[33]            1.3860E-13  9.3580E-06   9.790E+03     115- 326     2147
Rovibration_vJ|2[32]        -Rovibration_vJ|8[31]            4.3585E-14  4.2650E-06   8.386E+03     115- 360     2148
Rovibration_vJ|2[32]        -Rovibration_vJ|8[33]            2.7250E-15  2.6050E-07   8.227E+03     115- 368     2149
Rovibration_vJ|2[32]        -Rovibration_vJ|9[31]            2.8894E-15  3.8090E-07   7.225E+03     115- 401     2150
Rovibration_vJ|2[32]        -Rovibration_vJ|9[33]            3.9228E-16  5.0240E-08   7.108E+03     115- 409     2151
Rovibration_vJ|2[32]        -Rovibration_vJ|10[31]           4.5486E-19  7.7460E-11   6.357E+03     115- 442     2152
Rovibration_vJ|2[32]        -Rovibration_vJ|10[33]           5.8367E-17  9.6160E-09   6.267E+03     115- 444     2153
Rovibration_vJ|3[0]         -Rovibration_vJ|3[1]             1.9289E-09  5.9990E-09   2.674E+07     116- 117     2154
Rovibration_vJ|3[0]         -Rovibration_vJ|4[1]             4.4592E-05  4.2390E+01   4.836E+04     116- 158     2155
Rovibration_vJ|3[0]         -Rovibration_vJ|5[1]             8.9473E-07  3.3530E+00   2.436E+04     116- 199     2156
Rovibration_vJ|3[0]         -Rovibration_vJ|6[1]             1.1848E-08  9.8570E-02   1.635E+04     116- 240     2157
Rovibration_vJ|3[0]         -Rovibration_vJ|7[1]             9.8176E-11  1.4330E-03   1.234E+04     116- 281     2158
Rovibration_vJ|3[0]         -Rovibration_vJ|8[1]             3.8522E-16  8.6710E-09   9.939E+03     116- 322     2159
Rovibration_vJ|3[0]         -Rovibration_vJ|9[1]             9.8623E-14  3.1550E-06   8.337E+03     116- 363     2160
Rovibration_vJ|3[0]         -Rovibration_vJ|10[1]            1.1467E-14  4.9280E-07   7.193E+03     116- 404     2161
Rovibration_vJ|3[1]         -Rovibration_vJ|3[2]             2.5661E-09  5.7460E-08   1.337E+07     117- 118     2162
Rovibration_vJ|3[1]         -Rovibration_vJ|4[0]             1.4810E-05  1.2580E+02   4.854E+04     117- 157     2163
Rovibration_vJ|3[1]         -Rovibration_vJ|4[2]             2.9781E-05  5.1140E+01   4.828E+04     117- 159     2164
Rovibration_vJ|3[1]         -Rovibration_vJ|5[0]             2.9489E-07  9.9100E+00   2.440E+04     117- 198     2165
Rovibration_vJ|3[1]         -Rovibration_vJ|5[2]             6.0009E-07  4.0550E+00   2.434E+04     117- 200     2166
Rovibration_vJ|3[1]         -Rovibration_vJ|6[0]             3.8584E-09  2.8820E-01   1.637E+04     117- 239     2167
Rovibration_vJ|3[1]         -Rovibration_vJ|6[2]             7.9908E-09  1.1980E-01   1.634E+04     117- 241     2168
Rovibration_vJ|3[1]         -Rovibration_vJ|7[0]             3.1000E-11  4.0650E-03   1.235E+04     117- 280     2169
Rovibration_vJ|3[1]         -Rovibration_vJ|7[2]             6.7197E-11  1.7670E-03   1.234E+04     117- 282     2170
Rovibration_vJ|3[1]         -Rovibration_vJ|8[0]             1.8479E-15  3.7380E-07   9.946E+03     117- 321     2171
Rovibration_vJ|3[1]         -Rovibration_vJ|8[2]             4.4076E-17  1.7870E-09   9.935E+03     117- 323     2172
Rovibration_vJ|3[1]         -Rovibration_vJ|9[0]             3.5401E-14  1.0180E-05   8.342E+03     117- 362     2173
Rovibration_vJ|3[1]         -Rovibration_vJ|9[2]             6.3265E-14  3.6450E-06   8.335E+03     117- 364     2174
Rovibration_vJ|3[1]         -Rovibration_vJ|10[0]            4.0196E-15  1.5530E-06   7.197E+03     117- 403     2175
Rovibration_vJ|3[1]         -Rovibration_vJ|10[2]            7.4442E-15  5.7610E-07   7.191E+03     117- 405     2176
Rovibration_vJ|3[2]         -Rovibration_vJ|3[3]             3.4515E-09  2.0700E-07   8.913E+06     118- 120     2177
Rovibration_vJ|3[2]         -Rovibration_vJ|4[1]             1.7736E-05  8.3390E+01   4.863E+04     118- 158     2178
Rovibration_vJ|3[2]         -Rovibration_vJ|4[3]             2.6849E-05  5.5080E+01   4.819E+04     118- 160     2179
Rovibration_vJ|3[2]         -Rovibration_vJ|5[1]             3.5186E-07  6.5570E+00   2.442E+04     118- 199     2180
Rovibration_vJ|3[2]         -Rovibration_vJ|5[3]             5.4317E-07  4.3770E+00   2.432E+04     118- 201     2181
Rovibration_vJ|3[2]         -Rovibration_vJ|6[1]             4.5772E-09  1.8970E-01   1.638E+04     118- 240     2182
Rovibration_vJ|3[2]         -Rovibration_vJ|6[3]             7.2756E-09  1.3000E-01   1.633E+04     118- 242     2183
Rovibration_vJ|3[2]         -Rovibration_vJ|7[1]             3.6219E-11  2.6360E-03   1.236E+04     118- 281     2184
Rovibration_vJ|3[2]         -Rovibration_vJ|7[3]             6.2113E-11  1.9460E-03   1.233E+04     118- 283     2185
Rovibration_vJ|3[2]         -Rovibration_vJ|8[1]             4.1240E-15  4.6310E-07   9.950E+03     118- 322     2186
Rovibration_vJ|3[2]         -Rovibration_vJ|8[3]             7.8286E-16  3.7810E-08   9.932E+03     118- 324     2187
Rovibration_vJ|3[2]         -Rovibration_vJ|9[1]             4.4008E-14  7.0260E-06   8.345E+03     118- 363     2188
Rovibration_vJ|3[2]         -Rovibration_vJ|9[3]             5.4747E-14  3.7570E-06   8.332E+03     118- 365     2189
Rovibration_vJ|3[2]         -Rovibration_vJ|10[1]            4.9366E-15  1.0590E-06   7.199E+03     118- 404     2190
Rovibration_vJ|3[2]         -Rovibration_vJ|10[3]            6.5152E-15  6.0050E-07   7.190E+03     118- 406     2191
Rovibration_vJ|2[33]        -Rovibration_vJ|2[34]            6.2230E-08  6.5410E-04   7.850E+05     119- 126     2192
Rovibration_vJ|2[33]        -Rovibration_vJ|3[32]            1.5639E-05  4.0810E+01   5.133E+04     119- 156     2193
Rovibration_vJ|2[33]        -Rovibration_vJ|3[34]            1.8256E-05  5.7070E+01   4.552E+04     119- 167     2194
Rovibration_vJ|2[33]        -Rovibration_vJ|4[32]            2.1785E-07  2.3890E+00   2.504E+04     119- 197     2195
Rovibration_vJ|2[33]        -Rovibration_vJ|4[34]            3.3062E-07  3.8500E+00   2.358E+04     119- 208     2196
Rovibration_vJ|2[33]        -Rovibration_vJ|5[32]            1.9120E-09  4.7530E-02   1.663E+04     119- 238     2197
Rovibration_vJ|2[33]        -Rovibration_vJ|5[34]            4.3419E-09  1.1010E-01   1.598E+04     119- 249     2198
Rovibration_vJ|2[33]        -Rovibration_vJ|6[32]            6.0857E-12  2.6820E-04   1.249E+04     119- 279     2199
Rovibration_vJ|2[33]        -Rovibration_vJ|6[34]            4.4394E-11  1.9560E-03   1.212E+04     119- 291     2200
Rovibration_vJ|2[33]        -Rovibration_vJ|7[32]            1.7533E-13  1.1990E-05   1.003E+04     119- 320     2201
Rovibration_vJ|2[33]        -Rovibration_vJ|7[34]            1.5041E-13  1.0160E-05   9.792E+03     119- 332     2202
Rovibration_vJ|2[33]        -Rovibration_vJ|8[32]            4.4584E-14  4.3510E-06   8.394E+03     119- 361     2203
Rovibration_vJ|2[33]        -Rovibration_vJ|8[34]            2.4397E-15  2.3330E-07   8.230E+03     119- 373     2204
Rovibration_vJ|2[33]        -Rovibration_vJ|9[32]            2.9616E-15  3.8940E-07   7.231E+03     119- 402     2205
Rovibration_vJ|2[33]        -Rovibration_vJ|9[34]            3.7400E-16  4.7910E-08   7.111E+03     119- 414     2206
Rovibration_vJ|2[33]        -Rovibration_vJ|10[32]           8.5424E-19  1.4510E-10   6.362E+03     119- 443     2207
Rovibration_vJ|2[33]        -Rovibration_vJ|10[34]           5.8352E-17  9.6150E-09   6.270E+03     119- 445     2208
Rovibration_vJ|3[3]         -Rovibration_vJ|3[4]             4.3606E-09  5.0620E-07   6.685E+06     120- 121     2209
Rovibration_vJ|3[3]         -Rovibration_vJ|4[2]             1.8969E-05  7.4640E+01   4.872E+04     120- 159     2210
Rovibration_vJ|3[3]         -Rovibration_vJ|4[4]             2.5620E-05  5.7430E+01   4.811E+04     120- 162     2211
Rovibration_vJ|3[3]         -Rovibration_vJ|5[2]             3.7487E-07  5.8570E+00   2.445E+04     120- 200     2212
Rovibration_vJ|3[3]         -Rovibration_vJ|5[4]             5.2029E-07  4.5730E+00   2.430E+04     120- 203     2213
Rovibration_vJ|3[3]         -Rovibration_vJ|6[2]             4.8492E-09  1.6860E-01   1.639E+04     120- 241     2214
Rovibration_vJ|3[3]         -Rovibration_vJ|6[4]             7.0133E-09  1.3660E-01   1.632E+04     120- 243     2215
Rovibration_vJ|3[3]         -Rovibration_vJ|7[2]             3.7757E-11  2.3060E-03   1.237E+04     120- 282     2216
Rovibration_vJ|3[3]         -Rovibration_vJ|7[4]             6.0747E-11  2.0740E-03   1.233E+04     120- 284     2217
Rovibration_vJ|3[3]         -Rovibration_vJ|8[2]             7.0652E-15  6.6590E-07   9.954E+03     120- 323     2218
Rovibration_vJ|3[3]         -Rovibration_vJ|8[4]             2.3659E-15  1.2450E-07   9.929E+03     120- 325     2219
Rovibration_vJ|3[3]         -Rovibration_vJ|9[2]             4.8823E-14  6.5430E-06   8.348E+03     120- 364     2220
Rovibration_vJ|3[3]         -Rovibration_vJ|9[4]             5.0080E-14  3.7440E-06   8.330E+03     120- 366     2221
Rovibration_vJ|3[3]         -Rovibration_vJ|10[2]            5.4123E-15  9.7470E-07   7.201E+03     120- 405     2222
Rovibration_vJ|3[3]         -Rovibration_vJ|10[4]            6.0278E-15  6.0520E-07   7.188E+03     120- 407     2223
Rovibration_vJ|3[4]         -Rovibration_vJ|3[5]             5.2677E-09  1.0050E-06   5.348E+06     121- 122     2224
Rovibration_vJ|3[4]         -Rovibration_vJ|4[3]             1.9633E-05  7.0680E+01   4.881E+04     121- 160     2225
Rovibration_vJ|3[4]         -Rovibration_vJ|4[5]             2.4952E-05  5.9040E+01   4.803E+04     121- 163     2226
Rovibration_vJ|3[4]         -Rovibration_vJ|5[3]             3.8657E-07  5.5360E+00   2.447E+04     121- 201     2227
Rovibration_vJ|3[4]         -Rovibration_vJ|5[5]             5.0879E-07  4.7120E+00   2.428E+04     121- 204     2228
Rovibration_vJ|3[4]         -Rovibration_vJ|6[3]             4.9706E-09  1.5850E-01   1.640E+04     121- 242     2229
Rovibration_vJ|3[4]         -Rovibration_vJ|6[5]             6.8989E-09  1.4150E-01   1.631E+04     121- 245     2230
Rovibration_vJ|3[4]         -Rovibration_vJ|7[3]             3.8104E-11  2.1350E-03   1.237E+04     121- 283     2231
Rovibration_vJ|3[4]         -Rovibration_vJ|7[5]             6.0653E-11  2.1800E-03   1.232E+04     121- 286     2232
Rovibration_vJ|3[4]         -Rovibration_vJ|8[3]             1.0683E-14  9.2390E-07   9.958E+03     121- 324     2233
Rovibration_vJ|3[4]         -Rovibration_vJ|8[5]             4.7863E-15  2.6510E-07   9.926E+03     121- 327     2234
Rovibration_vJ|3[4]         -Rovibration_vJ|9[3]             5.2380E-14  6.4420E-06   8.351E+03     121- 365     2235
Rovibration_vJ|3[4]         -Rovibration_vJ|9[5]             4.6708E-14  3.6750E-06   8.328E+03     121- 367     2236
Rovibration_vJ|3[4]         -Rovibration_vJ|10[3]            5.7363E-15  9.4810E-07   7.203E+03     121- 406     2237
Rovibration_vJ|3[4]         -Rovibration_vJ|10[5]            5.6854E-15  6.0070E-07   7.187E+03     121- 408     2238
Rovibration_vJ|3[5]         -Rovibration_vJ|3[6]             6.1532E-09  1.7480E-06   4.457E+06     122- 123     2239
Rovibration_vJ|3[5]         -Rovibration_vJ|4[4]             2.0042E-05  6.8330E+01   4.890E+04     122- 162     2240
Rovibration_vJ|3[5]         -Rovibration_vJ|4[6]             2.4543E-05  6.0260E+01   4.794E+04     122- 164     2241
Rovibration_vJ|3[5]         -Rovibration_vJ|5[4]             3.9317E-07  5.3420E+00   2.450E+04     122- 203     2242
Rovibration_vJ|3[5]         -Rovibration_vJ|5[6]             5.0244E-07  4.8200E+00   2.426E+04     122- 205     2243
Rovibration_vJ|3[5]         -Rovibration_vJ|6[4]             5.0245E-09  1.5210E-01   1.641E+04     122- 243     2244
Rovibration_vJ|3[5]         -Rovibration_vJ|6[6]             6.8525E-09  1.4550E-01   1.630E+04     122- 246     2245
Rovibration_vJ|3[5]         -Rovibration_vJ|7[4]             3.7927E-11  2.0180E-03   1.238E+04     122- 284     2246
Rovibration_vJ|3[5]         -Rovibration_vJ|7[6]             6.1160E-11  2.2750E-03   1.232E+04     122- 287     2247
Rovibration_vJ|3[5]         -Rovibration_vJ|8[4]             1.4962E-14  1.2290E-06   9.962E+03     122- 325     2248
Rovibration_vJ|3[5]         -Rovibration_vJ|8[6]             8.0542E-15  4.6160E-07   9.924E+03     122- 328     2249
Rovibration_vJ|3[5]         -Rovibration_vJ|9[4]             5.5383E-14  6.4700E-06   8.354E+03     122- 366     2250
Rovibration_vJ|3[5]         -Rovibration_vJ|9[6]             4.3942E-14  3.5770E-06   8.327E+03     122- 369     2251
Rovibration_vJ|3[5]         -Rovibration_vJ|10[4]            5.9900E-15  9.4050E-07   7.206E+03     122- 407     2252
Rovibration_vJ|3[5]         -Rovibration_vJ|10[6]            5.4097E-15  5.9130E-07   7.186E+03     122- 410     2253
Rovibration_vJ|3[6]         -Rovibration_vJ|3[7]             7.0207E-09  2.7800E-06   3.821E+06     123- 124     2254
Rovibration_vJ|3[6]         -Rovibration_vJ|4[5]             2.0313E-05  6.6710E+01   4.899E+04     123- 163     2255
Rovibration_vJ|3[6]         -Rovibration_vJ|4[7]             2.4270E-05  6.1240E+01   4.786E+04     123- 165     2256
Rovibration_vJ|3[6]         -Rovibration_vJ|5[5]             3.9698E-07  5.2050E+00   2.452E+04     123- 204     2257
Rovibration_vJ|3[6]         -Rovibration_vJ|5[7]             4.9902E-07  4.9110E+00   2.424E+04     123- 206     2258
Rovibration_vJ|3[6]         -Rovibration_vJ|6[5]             5.0462E-09  1.4750E-01   1.642E+04     123- 245     2259
Rovibration_vJ|3[6]         -Rovibration_vJ|6[7]             6.8491E-09  1.4910E-01   1.630E+04     123- 247     2260
Rovibration_vJ|3[6]         -Rovibration_vJ|7[5]             3.7477E-11  1.9260E-03   1.239E+04     123- 286     2261
Rovibration_vJ|3[6]         -Rovibration_vJ|7[7]             6.1980E-11  2.3630E-03   1.231E+04     123- 288     2262
Rovibration_vJ|3[6]         -Rovibration_vJ|8[5]             1.9911E-14  1.5800E-06   9.967E+03     123- 327     2263
Rovibration_vJ|3[6]         -Rovibration_vJ|8[7]             1.2191E-14  7.1600E-07   9.921E+03     123- 329     2264
Rovibration_vJ|3[6]         -Rovibration_vJ|9[5]             5.8093E-14  6.5570E-06   8.357E+03     123- 367     2265
Rovibration_vJ|3[6]         -Rovibration_vJ|9[7]             4.1519E-14  3.4630E-06   8.325E+03     123- 370     2266
Rovibration_vJ|3[6]         -Rovibration_vJ|10[5]            6.2045E-15  9.4130E-07   7.208E+03     123- 408     2267
Rovibration_vJ|3[6]         -Rovibration_vJ|10[7]            5.1676E-15  5.7870E-07   7.185E+03     123- 411     2268
Rovibration_vJ|3[7]         -Rovibration_vJ|3[8]             7.8583E-09  4.1370E-06   3.344E+06     124- 125     2269
Rovibration_vJ|3[7]         -Rovibration_vJ|4[6]             2.0498E-05  6.5470E+01   4.909E+04     124- 164     2270
Rovibration_vJ|3[7]         -Rovibration_vJ|4[8]             2.4082E-05  6.2070E+01   4.779E+04     124- 166     2271
Rovibration_vJ|3[7]         -Rovibration_vJ|5[6]             3.9914E-07  5.0990E+00   2.455E+04     124- 205     2272
Rovibration_vJ|3[7]         -Rovibration_vJ|5[8]             4.9717E-07  4.9890E+00   2.422E+04     124- 207     2273
Rovibration_vJ|3[7]         -Rovibration_vJ|6[6]             5.0426E-09  1.4370E-01   1.643E+04     124- 246     2274
Rovibration_vJ|3[7]         -Rovibration_vJ|6[8]             6.8652E-09  1.5230E-01   1.629E+04     124- 248     2275
Rovibration_vJ|3[7]         -Rovibration_vJ|7[6]             3.6853E-11  1.8470E-03   1.239E+04     124- 287     2276
Rovibration_vJ|3[7]         -Rovibration_vJ|7[8]             6.3027E-11  2.4480E-03   1.231E+04     124- 289     2277
Rovibration_vJ|3[7]         -Rovibration_vJ|8[6]             2.5491E-14  1.9730E-06   9.972E+03     124- 328     2278
Rovibration_vJ|3[7]         -Rovibration_vJ|8[8]             1.7218E-14  1.0300E-06   9.919E+03     124- 330     2279
Rovibration_vJ|3[7]         -Rovibration_vJ|9[6]             6.0641E-14  6.6770E-06   8.361E+03     124- 369     2280
Rovibration_vJ|3[7]         -Rovibration_vJ|9[8]             3.9319E-14  3.3400E-06   8.324E+03     124- 371     2281
Rovibration_vJ|3[7]         -Rovibration_vJ|10[6]            6.3948E-15  9.4650E-07   7.211E+03     124- 410     2282
Rovibration_vJ|3[7]         -Rovibration_vJ|10[8]            4.9464E-15  5.6410E-07   7.184E+03     124- 412     2283
Rovibration_vJ|3[8]         -Rovibration_vJ|3[9]             8.6664E-09  5.8540E-06   2.972E+06     125- 127     2284
Rovibration_vJ|3[8]         -Rovibration_vJ|4[7]             2.0631E-05  6.4470E+01   4.918E+04     125- 165     2285
Rovibration_vJ|3[8]         -Rovibration_vJ|4[9]             2.3950E-05  6.2800E+01   4.771E+04     125- 168     2286
Rovibration_vJ|3[8]         -Rovibration_vJ|5[7]             4.0026E-07  5.0120E+00   2.457E+04     125- 206     2287
Rovibration_vJ|3[8]         -Rovibration_vJ|5[9]             4.9642E-07  5.0590E+00   2.420E+04     125- 209     2288
Rovibration_vJ|3[8]         -Rovibration_vJ|6[7]             5.0305E-09  1.4060E-01   1.645E+04     125- 247     2289
Rovibration_vJ|3[8]         -Rovibration_vJ|6[9]             6.8929E-09  1.5520E-01   1.628E+04     125- 250     2290
Rovibration_vJ|3[8]         -Rovibration_vJ|7[7]             3.6160E-11  1.7780E-03   1.240E+04     125- 288     2291
Rovibration_vJ|3[8]         -Rovibration_vJ|7[9]             6.4223E-11  2.5310E-03   1.231E+04     125- 290     2292
Rovibration_vJ|3[8]         -Rovibration_vJ|8[7]             3.1692E-14  2.4070E-06   9.977E+03     125- 329     2293
Rovibration_vJ|3[8]         -Rovibration_vJ|8[9]             2.3152E-14  1.4050E-06   9.917E+03     125- 331     2294
Rovibration_vJ|3[8]         -Rovibration_vJ|9[7]             6.3088E-14  6.8170E-06   8.364E+03     125- 370     2295
Rovibration_vJ|3[8]         -Rovibration_vJ|9[9]             3.7254E-14  3.2100E-06   8.322E+03     125- 372     2296
Rovibration_vJ|3[8]         -Rovibration_vJ|10[7]            6.5673E-15  9.5400E-07   7.214E+03     125- 411     2297
Rovibration_vJ|3[8]         -Rovibration_vJ|10[9]            4.7386E-15  5.4810E-07   7.183E+03     125- 413     2298
Rovibration_vJ|2[34]        -Rovibration_vJ|2[35]            6.1718E-08  6.8740E-04   7.629E+05     126- 130     2299
Rovibration_vJ|2[34]        -Rovibration_vJ|3[33]            1.5615E-05  4.0510E+01   5.146E+04     126- 161     2300
Rovibration_vJ|2[34]        -Rovibration_vJ|3[35]            1.8276E-05  5.7310E+01   4.547E+04     126- 171     2301
Rovibration_vJ|2[34]        -Rovibration_vJ|4[33]            2.1696E-07  2.3700E+00   2.508E+04     126- 202     2302
Rovibration_vJ|2[34]        -Rovibration_vJ|4[35]            3.3264E-07  3.8790E+00   2.358E+04     126- 213     2303
Rovibration_vJ|2[34]        -Rovibration_vJ|5[33]            1.8936E-09  4.6920E-02   1.665E+04     126- 244     2304
Rovibration_vJ|2[34]        -Rovibration_vJ|5[35]            4.3973E-09  1.1160E-01   1.598E+04     126- 254     2305
Rovibration_vJ|2[34]        -Rovibration_vJ|6[33]            5.8854E-12  2.5860E-04   1.250E+04     126- 285     2306
Rovibration_vJ|2[34]        -Rovibration_vJ|6[35]            4.5527E-11  2.0070E-03   1.213E+04     126- 295     2307
Rovibration_vJ|2[34]        -Rovibration_vJ|7[33]            1.8330E-13  1.2500E-05   1.004E+04     126- 326     2308
Rovibration_vJ|2[34]        -Rovibration_vJ|7[35]            1.6293E-13  1.1010E-05   9.794E+03     126- 336     2309
Rovibration_vJ|2[34]        -Rovibration_vJ|8[33]            4.5587E-14  4.4370E-06   8.401E+03     126- 368     2310
Rovibration_vJ|2[34]        -Rovibration_vJ|8[35]            2.1672E-15  2.0730E-07   8.232E+03     126- 377     2311
Rovibration_vJ|2[34]        -Rovibration_vJ|9[33]            3.0348E-15  3.9800E-07   7.237E+03     126- 409     2312
Rovibration_vJ|2[34]        -Rovibration_vJ|9[35]            3.5623E-16  4.5640E-08   7.113E+03     126- 418     2313
Rovibration_vJ|2[34]        -Rovibration_vJ|10[33]           1.4171E-18  2.4010E-10   6.367E+03     126- 444     2314
Rovibration_vJ|2[34]        -Rovibration_vJ|10[35]           5.8086E-17  9.5720E-09   6.272E+03     126- 446     2315
Rovibration_vJ|3[9]         -Rovibration_vJ|3[10]            9.4382E-09  7.9570E-06   2.676E+06     127- 128     2316
Rovibration_vJ|3[9]         -Rovibration_vJ|4[8]             2.0730E-05  6.3630E+01   4.928E+04     127- 166     2317
Rovibration_vJ|3[9]         -Rovibration_vJ|4[10]            2.3849E-05  6.3440E+01   4.763E+04     127- 169     2318
Rovibration_vJ|3[9]         -Rovibration_vJ|5[8]             4.0073E-07  4.9380E+00   2.460E+04     127- 207     2319
Rovibration_vJ|3[9]         -Rovibration_vJ|5[10]            4.9650E-07  5.1240E+00   2.418E+04     127- 210     2320
Rovibration_vJ|3[9]         -Rovibration_vJ|6[8]             5.0070E-09  1.3780E-01   1.646E+04     127- 248     2321
Rovibration_vJ|3[9]         -Rovibration_vJ|6[10]            6.9378E-09  1.5810E-01   1.627E+04     127- 251     2322
Rovibration_vJ|3[9]         -Rovibration_vJ|7[8]             3.5391E-11  1.7140E-03   1.241E+04     127- 289     2323
Rovibration_vJ|3[9]         -Rovibration_vJ|7[10]            6.5532E-11  2.6130E-03   1.230E+04     127- 292     2324
Rovibration_vJ|3[9]         -Rovibration_vJ|8[8]             3.8492E-14  2.8800E-06   9.982E+03     127- 330     2325
Rovibration_vJ|3[9]         -Rovibration_vJ|8[10]            3.0021E-14  1.8430E-06   9.915E+03     127- 333     2326
Rovibration_vJ|3[9]         -Rovibration_vJ|9[8]             6.5478E-14  6.9710E-06   8.368E+03     127- 371     2327
Rovibration_vJ|3[9]         -Rovibration_vJ|9[10]            3.5305E-14  3.0770E-06   8.321E+03     127- 374     2328
Rovibration_vJ|3[9]         -Rovibration_vJ|10[8]            6.7271E-15  9.6290E-07   7.217E+03     127- 412     2329
Rovibration_vJ|3[9]         -Rovibration_vJ|10[10]           4.5390E-15  5.3100E-07   7.182E+03     127- 415     2330
Rovibration_vJ|3[10]        -Rovibration_vJ|3[11]            1.0173E-08  1.0470E-05   2.433E+06     128- 129     2331
Rovibration_vJ|3[10]        -Rovibration_vJ|4[9]             2.0798E-05  6.2880E+01   4.938E+04     128- 168     2332
Rovibration_vJ|3[10]        -Rovibration_vJ|4[11]            2.3780E-05  6.4040E+01   4.756E+04     128- 170     2333
Rovibration_vJ|3[10]        -Rovibration_vJ|5[9]             4.0066E-07  4.8720E+00   2.462E+04     128- 209     2334
Rovibration_vJ|3[10]        -Rovibration_vJ|5[11]            4.9704E-07  5.1840E+00   2.416E+04     128- 211     2335
Rovibration_vJ|3[10]        -Rovibration_vJ|6[9]             4.9753E-09  1.3520E-01   1.647E+04     128- 250     2336
Rovibration_vJ|3[10]        -Rovibration_vJ|6[11]            6.9864E-09  1.6080E-01   1.627E+04     128- 252     2337
Rovibration_vJ|3[10]        -Rovibration_vJ|7[9]             3.4619E-11  1.6560E-03   1.241E+04     128- 290     2338
Rovibration_vJ|3[10]        -Rovibration_vJ|7[11]            6.6939E-11  2.6950E-03   1.230E+04     128- 293     2339
Rovibration_vJ|3[10]        -Rovibration_vJ|8[9]             4.5905E-14  3.3930E-06   9.987E+03     128- 331     2340
Rovibration_vJ|3[10]        -Rovibration_vJ|8[11]            3.7838E-14  2.3450E-06   9.913E+03     128- 334     2341
Rovibration_vJ|3[10]        -Rovibration_vJ|9[9]             6.7823E-14  7.1340E-06   8.372E+03     128- 372     2342
Rovibration_vJ|3[10]        -Rovibration_vJ|9[11]            3.3453E-14  2.9430E-06   8.320E+03     128- 375     2343
Rovibration_vJ|3[10]        -Rovibration_vJ|10[9]            6.8776E-15  9.7270E-07   7.220E+03     128- 413     2344
Rovibration_vJ|3[10]        -Rovibration_vJ|10[11]           4.3456E-15  5.1310E-07   7.182E+03     128- 416     2345
Rovibration_vJ|3[11]        -Rovibration_vJ|3[12]            1.0861E-08  1.3400E-05   2.230E+06     129- 131     2346
Rovibration_vJ|3[11]        -Rovibration_vJ|4[10]            2.0849E-05  6.2210E+01   4.948E+04     129- 169     2347
Rovibration_vJ|3[11]        -Rovibration_vJ|4[12]            2.3724E-05  6.4580E+01   4.748E+04     129- 172     2348
Rovibration_vJ|3[11]        -Rovibration_vJ|5[10]            4.0022E-07  4.8120E+00   2.465E+04     129- 210     2349
Rovibration_vJ|3[11]        -Rovibration_vJ|5[12]            4.9811E-07  5.2420E+00   2.415E+04     129- 212     2350
Rovibration_vJ|3[11]        -Rovibration_vJ|6[10]            4.9432E-09  1.3290E-01   1.648E+04     129- 251     2351
Rovibration_vJ|3[11]        -Rovibration_vJ|6[12]            7.0443E-09  1.6350E-01   1.626E+04     129- 253     2352
Rovibration_vJ|3[11]        -Rovibration_vJ|7[10]            3.3797E-11  1.6000E-03   1.242E+04     129- 292     2353
Rovibration_vJ|3[11]        -Rovibration_vJ|7[12]            6.8420E-11  2.7770E-03   1.230E+04     129- 294     2354
Rovibration_vJ|3[11]        -Rovibration_vJ|8[10]            5.3894E-14  3.9430E-06   9.993E+03     129- 333     2355
Rovibration_vJ|3[11]        -Rovibration_vJ|8[12]            4.6649E-14  2.9140E-06   9.912E+03     129- 335     2356
Rovibration_vJ|3[11]        -Rovibration_vJ|9[10]            7.0153E-14  7.3050E-06   8.376E+03     129- 374     2357
Rovibration_vJ|3[11]        -Rovibration_vJ|9[12]            3.1660E-14  2.8070E-06   8.320E+03     129- 376     2358
Rovibration_vJ|3[11]        -Rovibration_vJ|10[10]           7.0189E-15  9.8280E-07   7.223E+03     129- 415     2359
Rovibration_vJ|3[11]        -Rovibration_vJ|10[12]           4.1576E-15  4.9470E-07   7.182E+03     129- 417     2360
Rovibration_vJ|2[35]        -Rovibration_vJ|2[36]            6.1052E-08  7.1930E-04   7.421E+05     130- 134     2361
Rovibration_vJ|2[35]        -Rovibration_vJ|3[34]            1.5587E-05  4.0200E+01   5.159E+04     130- 167     2362
Rovibration_vJ|2[35]        -Rovibration_vJ|3[36]            1.8298E-05  5.7550E+01   4.542E+04     130- 175     2363
Rovibration_vJ|2[35]        -Rovibration_vJ|4[34]            2.1597E-07  2.3500E+00   2.512E+04     130- 208     2364
Rovibration_vJ|2[35]        -Rovibration_vJ|4[36]            3.3468E-07  3.9080E+00   2.357E+04     130- 216     2365
Rovibration_vJ|2[35]        -Rovibration_vJ|5[34]            1.8759E-09  4.6330E-02   1.667E+04     130- 249     2366
Rovibration_vJ|2[35]        -Rovibration_vJ|5[36]            4.4530E-09  1.1310E-01   1.598E+04     130- 257     2367
Rovibration_vJ|2[35]        -Rovibration_vJ|6[34]            5.6905E-12  2.4930E-04   1.252E+04     130- 291     2368
Rovibration_vJ|2[35]        -Rovibration_vJ|6[36]            4.6685E-11  2.0590E-03   1.213E+04     130- 298     2369
Rovibration_vJ|2[35]        -Rovibration_vJ|7[34]            1.9146E-13  1.3020E-05   1.005E+04     130- 332     2370
Rovibration_vJ|2[35]        -Rovibration_vJ|7[36]            1.7605E-13  1.1900E-05   9.797E+03     130- 339     2371
Rovibration_vJ|2[35]        -Rovibration_vJ|8[34]            4.6604E-14  4.5240E-06   8.409E+03     130- 373     2372
Rovibration_vJ|2[35]        -Rovibration_vJ|8[36]            1.9108E-15  1.8280E-07   8.235E+03     130- 381     2373
Rovibration_vJ|2[35]        -Rovibration_vJ|9[34]            3.1107E-15  4.0690E-07   7.244E+03     130- 414     2374
Rovibration_vJ|2[35]        -Rovibration_vJ|9[36]            3.3896E-16  4.3430E-08   7.116E+03     130- 422     2375
Rovibration_vJ|2[35]        -Rovibration_vJ|10[34]           2.1716E-18  3.6700E-10   6.373E+03     130- 445     2376
Rovibration_vJ|2[35]        -Rovibration_vJ|10[36]           5.7559E-17  9.4850E-09   6.274E+03     130- 447     2377
Rovibration_vJ|3[12]        -Rovibration_vJ|3[13]            1.1505E-08  1.6760E-05   2.059E+06     131- 132     2378
Rovibration_vJ|3[12]        -Rovibration_vJ|4[11]            2.0886E-05  6.1600E+01   4.958E+04     131- 170     2379
Rovibration_vJ|3[12]        -Rovibration_vJ|4[13]            2.3689E-05  6.5100E+01   4.741E+04     131- 173     2380
Rovibration_vJ|3[12]        -Rovibration_vJ|5[11]            3.9947E-07  4.7560E+00   2.468E+04     131- 211     2381
Rovibration_vJ|3[12]        -Rovibration_vJ|5[13]            4.9943E-07  5.2970E+00   2.413E+04     131- 214     2382
Rovibration_vJ|3[12]        -Rovibration_vJ|6[11]            4.9063E-09  1.3070E-01   1.650E+04     131- 252     2383
Rovibration_vJ|3[12]        -Rovibration_vJ|6[13]            7.1051E-09  1.6610E-01   1.625E+04     131- 255     2384
Rovibration_vJ|3[12]        -Rovibration_vJ|7[11]            3.2991E-11  1.5480E-03   1.243E+04     131- 293     2385
Rovibration_vJ|3[12]        -Rovibration_vJ|7[13]            6.9981E-11  2.8600E-03   1.229E+04     131- 296     2386
Rovibration_vJ|3[12]        -Rovibration_vJ|8[11]            6.2445E-14  4.5290E-06   9.998E+03     131- 334     2387
Rovibration_vJ|3[12]        -Rovibration_vJ|8[13]            5.6450E-14  3.5500E-06   9.910E+03     131- 337     2388
Rovibration_vJ|3[12]        -Rovibration_vJ|9[11]            7.2474E-14  7.4820E-06   8.380E+03     131- 375     2389
Rovibration_vJ|3[12]        -Rovibration_vJ|9[13]            2.9939E-14  2.6720E-06   8.319E+03     131- 378     2390
Rovibration_vJ|3[12]        -Rovibration_vJ|10[11]           7.1539E-15  9.9320E-07   7.227E+03     131- 416     2391
Rovibration_vJ|3[12]        -Rovibration_vJ|10[13]           3.9729E-15  4.7580E-07   7.181E+03     131- 419     2392
Rovibration_vJ|3[13]        -Rovibration_vJ|3[14]            1.2101E-08  2.0550E-05   1.912E+06     132- 133     2393
Rovibration_vJ|3[13]        -Rovibration_vJ|4[12]            2.0909E-05  6.1020E+01   4.968E+04     132- 172     2394
Rovibration_vJ|3[13]        -Rovibration_vJ|4[14]            2.3660E-05  6.5580E+01   4.733E+04     132- 174     2395
Rovibration_vJ|3[13]        -Rovibration_vJ|5[12]            3.9854E-07  4.7040E+00   2.471E+04     132- 212     2396
Rovibration_vJ|3[13]        -Rovibration_vJ|5[14]            5.0100E-07  5.3500E+00   2.412E+04     132- 215     2397
Rovibration_vJ|3[13]        -Rovibration_vJ|6[12]            4.8665E-09  1.2860E-01   1.651E+04     132- 253     2398
Rovibration_vJ|3[13]        -Rovibration_vJ|6[14]            7.1715E-09  1.6870E-01   1.625E+04     132- 256     2399
Rovibration_vJ|3[13]        -Rovibration_vJ|7[12]            3.2175E-11  1.4980E-03   1.244E+04     132- 294     2400
Rovibration_vJ|3[13]        -Rovibration_vJ|7[14]            7.1610E-11  2.9440E-03   1.229E+04     132- 297     2401
Rovibration_vJ|3[13]        -Rovibration_vJ|8[12]            7.1548E-14  5.1500E-06   1.000E+04     132- 335     2402
Rovibration_vJ|3[13]        -Rovibration_vJ|8[14]            6.7288E-14  4.2560E-06   9.909E+03     132- 338     2403
Rovibration_vJ|3[13]        -Rovibration_vJ|9[12]            7.4783E-14  7.6630E-06   8.385E+03     132- 376     2404
Rovibration_vJ|3[13]        -Rovibration_vJ|9[14]            2.8278E-14  2.5380E-06   8.318E+03     132- 379     2405
Rovibration_vJ|3[13]        -Rovibration_vJ|10[12]           7.2852E-15  1.0040E-06   7.230E+03     132- 417     2406
Rovibration_vJ|3[13]        -Rovibration_vJ|10[14]           3.7915E-15  4.5660E-07   7.181E+03     132- 420     2407
Rovibration_vJ|3[14]        -Rovibration_vJ|3[15]            1.2640E-08  2.4750E-05   1.785E+06     133- 135     2408
Rovibration_vJ|3[14]        -Rovibration_vJ|4[13]            2.0925E-05  6.0480E+01   4.979E+04     133- 173     2409
Rovibration_vJ|3[14]        -Rovibration_vJ|4[15]            2.3644E-05  6.6050E+01   4.726E+04     133- 176     2410
Rovibration_vJ|3[14]        -Rovibration_vJ|5[13]            3.9748E-07  4.6550E+00   2.473E+04     133- 214     2411
Rovibration_vJ|3[14]        -Rovibration_vJ|5[15]            5.0281E-07  5.4020E+00   2.410E+04     133- 217     2412
Rovibration_vJ|3[14]        -Rovibration_vJ|6[13]            4.8292E-09  1.2670E-01   1.652E+04     133- 255     2413
Rovibration_vJ|3[14]        -Rovibration_vJ|6[15]            7.2423E-09  1.7130E-01   1.624E+04     133- 258     2414
Rovibration_vJ|3[14]        -Rovibration_vJ|7[13]            3.1380E-11  1.4510E-03   1.245E+04     133- 296     2415
Rovibration_vJ|3[14]        -Rovibration_vJ|7[15]            7.3273E-11  3.0280E-03   1.229E+04     133- 299     2416
Rovibration_vJ|3[14]        -Rovibration_vJ|8[13]            8.1190E-14  5.8050E-06   1.001E+04     133- 337     2417
Rovibration_vJ|3[14]        -Rovibration_vJ|8[15]            7.9192E-14  5.0340E-06   9.908E+03     133- 340     2418
Rovibration_vJ|3[14]        -Rovibration_vJ|9[13]            7.7105E-14  7.8490E-06   8.389E+03     133- 378     2419
Rovibration_vJ|3[14]        -Rovibration_vJ|9[15]            2.6666E-14  2.4050E-06   8.318E+03     133- 380     2420
Rovibration_vJ|3[14]        -Rovibration_vJ|10[13]           7.4058E-15  1.0140E-06   7.234E+03     133- 419     2421
Rovibration_vJ|3[14]        -Rovibration_vJ|10[15]           3.6131E-15  4.3720E-07   7.181E+03     133- 421     2422
Rovibration_vJ|2[36]        -Rovibration_vJ|2[37]            6.0235E-08  7.4950E-04   7.223E+05     134- 137     2423
Rovibration_vJ|2[36]        -Rovibration_vJ|3[35]            1.5561E-05  3.9900E+01   5.172E+04     134- 171     2424
Rovibration_vJ|2[36]        -Rovibration_vJ|3[37]            1.8321E-05  5.7790E+01   4.537E+04     134- 178     2425
Rovibration_vJ|2[36]        -Rovibration_vJ|4[35]            2.1505E-07  2.3310E+00   2.515E+04     134- 213     2426
Rovibration_vJ|2[36]        -Rovibration_vJ|4[37]            3.3673E-07  3.9370E+00   2.356E+04     134- 219     2427
Rovibration_vJ|2[36]        -Rovibration_vJ|5[35]            1.8580E-09  4.5740E-02   1.669E+04     134- 254     2428
Rovibration_vJ|2[36]        -Rovibration_vJ|5[37]            4.5090E-09  1.1460E-01   1.598E+04     134- 261     2429
Rovibration_vJ|2[36]        -Rovibration_vJ|6[35]            5.5012E-12  2.4030E-04   1.253E+04     134- 295     2430
Rovibration_vJ|2[36]        -Rovibration_vJ|6[37]            4.7868E-11  2.1120E-03   1.213E+04     134- 302     2431
Rovibration_vJ|2[36]        -Rovibration_vJ|7[35]            1.9965E-13  1.3540E-05   1.006E+04     134- 336     2432
Rovibration_vJ|2[36]        -Rovibration_vJ|7[37]            1.8977E-13  1.2830E-05   9.800E+03     134- 343     2433
Rovibration_vJ|2[36]        -Rovibration_vJ|8[35]            4.7647E-14  4.6130E-06   8.416E+03     134- 377     2434
Rovibration_vJ|2[36]        -Rovibration_vJ|8[37]            1.6682E-15  1.5960E-07   8.238E+03     134- 384     2435
Rovibration_vJ|2[36]        -Rovibration_vJ|9[35]            3.1877E-15  4.1590E-07   7.250E+03     134- 418     2436
Rovibration_vJ|2[36]        -Rovibration_vJ|9[37]            3.2234E-16  4.1300E-08   7.118E+03     134- 425     2437
Rovibration_vJ|2[36]        -Rovibration_vJ|10[35]           3.1511E-18  5.3120E-10   6.378E+03     134- 446     2438
Rovibration_vJ|2[36]        -Rovibration_vJ|10[37]           5.6769E-17  9.3540E-09   6.277E+03     134- 448     2439
Rovibration_vJ|3[15]        -Rovibration_vJ|3[16]            1.3129E-08  2.9360E-05   1.674E+06     135- 136     2440
Rovibration_vJ|3[15]        -Rovibration_vJ|4[14]            2.0932E-05  5.9960E+01   4.989E+04     135- 174     2441
Rovibration_vJ|3[15]        -Rovibration_vJ|4[16]            2.3632E-05  6.6490E+01   4.719E+04     135- 177     2442
Rovibration_vJ|3[15]        -Rovibration_vJ|5[14]            3.9626E-07  4.6080E+00   2.476E+04     135- 215     2443
Rovibration_vJ|3[15]        -Rovibration_vJ|5[16]            5.0481E-07  5.4530E+00   2.408E+04     135- 218     2444
Rovibration_vJ|3[15]        -Rovibration_vJ|6[14]            4.7877E-09  1.2480E-01   1.654E+04     135- 256     2445
Rovibration_vJ|3[15]        -Rovibration_vJ|6[16]            7.3168E-09  1.7390E-01   1.624E+04     135- 259     2446
Rovibration_vJ|3[15]        -Rovibration_vJ|7[14]            3.0574E-11  1.4050E-03   1.246E+04     135- 297     2447
Rovibration_vJ|3[15]        -Rovibration_vJ|7[16]            7.5013E-11  3.1140E-03   1.229E+04     135- 300     2448
Rovibration_vJ|3[15]        -Rovibration_vJ|8[14]            9.1374E-14  6.4940E-06   1.002E+04     135- 338     2449
Rovibration_vJ|3[15]        -Rovibration_vJ|8[16]            9.2162E-14  5.8840E-06   9.907E+03     135- 341     2450
Rovibration_vJ|3[15]        -Rovibration_vJ|9[14]            7.9427E-14  8.0380E-06   8.394E+03     135- 379     2451
Rovibration_vJ|3[15]        -Rovibration_vJ|9[16]            2.5107E-14  2.2740E-06   8.318E+03     135- 382     2452
Rovibration_vJ|3[15]        -Rovibration_vJ|10[14]           7.5224E-15  1.0240E-06   7.237E+03     135- 420     2453
Rovibration_vJ|3[15]        -Rovibration_vJ|10[16]           3.4376E-15  4.1770E-07   7.181E+03     135- 423     2454
Rovibration_vJ|3[16]        -Rovibration_vJ|3[17]            1.3562E-08  3.4350E-05   1.576E+06     136- 138     2455
Rovibration_vJ|3[16]        -Rovibration_vJ|4[15]            2.0933E-05  5.9460E+01   5.000E+04     136- 176     2456
Rovibration_vJ|3[16]        -Rovibration_vJ|4[17]            2.3628E-05  6.6920E+01   4.712E+04     136- 179     2457
Rovibration_vJ|3[16]        -Rovibration_vJ|5[15]            3.9497E-07  4.5630E+00   2.479E+04     136- 217     2458
Rovibration_vJ|3[16]        -Rovibration_vJ|5[17]            5.0695E-07  5.5030E+00   2.407E+04     136- 220     2459
Rovibration_vJ|3[16]        -Rovibration_vJ|6[15]            4.7429E-09  1.2290E-01   1.655E+04     136- 258     2460
Rovibration_vJ|3[16]        -Rovibration_vJ|6[17]            7.3942E-09  1.7650E-01   1.623E+04     136- 260     2461
Rovibration_vJ|3[16]        -Rovibration_vJ|7[15]            2.9784E-11  1.3610E-03   1.247E+04     136- 299     2462
Rovibration_vJ|3[16]        -Rovibration_vJ|7[17]            7.6825E-11  3.2020E-03   1.228E+04     136- 301     2463
Rovibration_vJ|3[16]        -Rovibration_vJ|8[15]            1.0206E-13  7.2140E-06   1.002E+04     136- 340     2464
Rovibration_vJ|3[16]        -Rovibration_vJ|8[17]            1.0626E-13  6.8100E-06   9.906E+03     136- 342     2465
Rovibration_vJ|3[16]        -Rovibration_vJ|9[15]            8.1759E-14  8.2300E-06   8.399E+03     136- 380     2466
Rovibration_vJ|3[16]        -Rovibration_vJ|9[17]            2.3584E-14  2.1440E-06   8.318E+03     136- 383     2467
Rovibration_vJ|3[16]        -Rovibration_vJ|10[15]           7.6357E-15  1.0340E-06   7.241E+03     136- 421     2468
Rovibration_vJ|3[16]        -Rovibration_vJ|10[17]           3.2645E-15  3.9810E-07   7.181E+03     136- 424     2469
Rovibration_vJ|2[37]        -Rovibration_vJ|2[38]            5.9271E-08  7.7770E-04   7.037E+05     137- 140     2470
Rovibration_vJ|2[37]        -Rovibration_vJ|3[36]            1.5535E-05  3.9600E+01   5.185E+04     137- 175     2471
Rovibration_vJ|2[37]        -Rovibration_vJ|3[38]            1.8342E-05  5.8020E+01   4.532E+04     137- 181     2472
Rovibration_vJ|2[37]        -Rovibration_vJ|4[36]            2.1413E-07  2.3120E+00   2.519E+04     137- 216     2473
Rovibration_vJ|2[37]        -Rovibration_vJ|4[38]            3.3881E-07  3.9660E+00   2.356E+04     137- 222     2474
Rovibration_vJ|2[37]        -Rovibration_vJ|5[36]            1.8408E-09  4.5170E-02   1.671E+04     137- 257     2475
Rovibration_vJ|2[37]        -Rovibration_vJ|5[38]            4.5691E-09  1.1620E-01   1.598E+04     137- 264     2476
Rovibration_vJ|2[37]        -Rovibration_vJ|6[36]            5.3177E-12  2.3160E-04   1.254E+04     137- 298     2477
Rovibration_vJ|2[37]        -Rovibration_vJ|6[38]            4.9076E-11  2.1660E-03   1.213E+04     137- 305     2478
Rovibration_vJ|2[37]        -Rovibration_vJ|7[36]            2.0804E-13  1.4070E-05   1.007E+04     137- 339     2479
Rovibration_vJ|2[37]        -Rovibration_vJ|7[38]            2.0424E-13  1.3810E-05   9.802E+03     137- 346     2480
Rovibration_vJ|2[37]        -Rovibration_vJ|8[36]            4.8695E-14  4.7020E-06   8.424E+03     137- 381     2481
Rovibration_vJ|2[37]        -Rovibration_vJ|8[38]            1.4414E-15  1.3790E-07   8.241E+03     137- 387     2482
Rovibration_vJ|2[37]        -Rovibration_vJ|9[36]            3.2666E-15  4.2510E-07   7.257E+03     137- 422     2483
Rovibration_vJ|2[37]        -Rovibration_vJ|9[38]            3.0613E-16  3.9220E-08   7.121E+03     137- 428     2484
Rovibration_vJ|2[37]        -Rovibration_vJ|10[36]           4.3906E-18  7.3830E-10   6.384E+03     137- 447     2485
Rovibration_vJ|2[37]        -Rovibration_vJ|10[38]           5.5704E-17  9.1770E-09   6.280E+03     137- 449     2486
Rovibration_vJ|3[17]        -Rovibration_vJ|3[18]            1.3935E-08  3.9680E-05   1.489E+06     138- 139     2487
Rovibration_vJ|3[17]        -Rovibration_vJ|4[16]            2.0930E-05  5.8980E+01   5.010E+04     138- 177     2488
Rovibration_vJ|3[17]        -Rovibration_vJ|4[18]            2.3630E-05  6.7340E+01   4.705E+04     138- 180     2489
Rovibration_vJ|3[17]        -Rovibration_vJ|5[16]            3.9363E-07  4.5200E+00   2.482E+04     138- 218     2490
Rovibration_vJ|3[17]        -Rovibration_vJ|5[18]            5.0919E-07  5.5520E+00   2.406E+04     138- 221     2491
Rovibration_vJ|3[17]        -Rovibration_vJ|6[16]            4.7029E-09  1.2120E-01   1.657E+04     138- 259     2492
Rovibration_vJ|3[17]        -Rovibration_vJ|6[18]            7.4700E-09  1.7900E-01   1.623E+04     138- 262     2493
Rovibration_vJ|3[17]        -Rovibration_vJ|7[16]            2.8992E-11  1.3180E-03   1.247E+04     138- 300     2494
Rovibration_vJ|3[17]        -Rovibration_vJ|7[18]            7.8679E-11  3.2910E-03   1.228E+04     138- 303     2495
Rovibration_vJ|3[17]        -Rovibration_vJ|8[16]            1.1325E-13  7.9650E-06   1.003E+04     138- 341     2496
Rovibration_vJ|3[17]        -Rovibration_vJ|8[18]            1.2150E-13  7.8130E-06   9.906E+03     138- 344     2497
Rovibration_vJ|3[17]        -Rovibration_vJ|9[16]            8.4115E-14  8.4260E-06   8.404E+03     138- 382     2498
Rovibration_vJ|3[17]        -Rovibration_vJ|9[18]            2.2126E-14  2.0180E-06   8.318E+03     138- 385     2499
Rovibration_vJ|3[17]        -Rovibration_vJ|10[16]           7.7466E-15  1.0440E-06   7.245E+03     138- 423     2500
Rovibration_vJ|3[17]        -Rovibration_vJ|10[18]           3.0931E-15  3.7840E-07   7.182E+03     138- 426     2501
Rovibration_vJ|3[18]        -Rovibration_vJ|3[19]            1.4243E-08  4.5300E-05   1.411E+06     139- 141     2502
Rovibration_vJ|3[18]        -Rovibration_vJ|4[17]            2.0922E-05  5.8510E+01   5.021E+04     139- 179     2503
Rovibration_vJ|3[18]        -Rovibration_vJ|4[19]            2.3633E-05  6.7740E+01   4.699E+04     139- 182     2504
Rovibration_vJ|3[18]        -Rovibration_vJ|5[17]            3.9221E-07  4.4780E+00   2.485E+04     139- 220     2505
Rovibration_vJ|3[18]        -Rovibration_vJ|5[19]            5.1151E-07  5.6000E+00   2.404E+04     139- 223     2506
Rovibration_vJ|3[18]        -Rovibration_vJ|6[17]            4.6606E-09  1.1950E-01   1.658E+04     139- 260     2507
Rovibration_vJ|3[18]        -Rovibration_vJ|6[19]            7.5522E-09  1.8160E-01   1.622E+04     139- 263     2508
Rovibration_vJ|3[18]        -Rovibration_vJ|7[17]            2.8225E-11  1.2770E-03   1.248E+04     139- 301     2509
Rovibration_vJ|3[18]        -Rovibration_vJ|7[19]            8.0574E-11  3.3810E-03   1.228E+04     139- 304     2510
Rovibration_vJ|3[18]        -Rovibration_vJ|8[17]            1.2493E-13  8.7460E-06   1.004E+04     139- 342     2511
Rovibration_vJ|3[18]        -Rovibration_vJ|8[19]            1.3789E-13  8.8940E-06   9.905E+03     139- 345     2512
Rovibration_vJ|3[18]        -Rovibration_vJ|9[17]            8.6479E-14  8.6240E-06   8.409E+03     139- 383     2513
Rovibration_vJ|3[18]        -Rovibration_vJ|9[19]            2.0696E-14  1.8930E-06   8.318E+03     139- 386     2514
Rovibration_vJ|3[18]        -Rovibration_vJ|10[17]           7.8479E-15  1.0530E-06   7.249E+03     139- 424     2515
Rovibration_vJ|3[18]        -Rovibration_vJ|10[19]           2.9256E-15  3.5890E-07   7.182E+03     139- 427     2516
Rovibration_vJ|2[38]        -Rovibration_vJ|2[39]            5.8157E-08  8.0350E-04   6.860E+05     140- 143     2517
Rovibration_vJ|2[38]        -Rovibration_vJ|3[37]            1.5508E-05  3.9300E+01   5.198E+04     140- 178     2518
Rovibration_vJ|2[38]        -Rovibration_vJ|3[39]            1.8364E-05  5.8250E+01   4.527E+04     140- 184     2519
Rovibration_vJ|2[38]        -Rovibration_vJ|4[37]            2.1319E-07  2.2930E+00   2.523E+04     140- 219     2520
Rovibration_vJ|2[38]        -Rovibration_vJ|4[39]            3.4099E-07  3.9960E+00   2.355E+04     140- 225     2521
Rovibration_vJ|2[38]        -Rovibration_vJ|5[37]            1.8239E-09  4.4610E-02   1.673E+04     140- 261     2522
Rovibration_vJ|2[38]        -Rovibration_vJ|5[39]            4.6256E-09  1.1770E-01   1.598E+04     140- 266     2523
Rovibration_vJ|2[38]        -Rovibration_vJ|6[37]            5.1398E-12  2.2320E-04   1.256E+04     140- 302     2524
Rovibration_vJ|2[38]        -Rovibration_vJ|6[39]            5.0333E-11  2.2220E-03   1.214E+04     140- 308     2525
Rovibration_vJ|2[38]        -Rovibration_vJ|7[37]            2.1648E-13  1.4600E-05   1.008E+04     140- 343     2526
Rovibration_vJ|2[38]        -Rovibration_vJ|7[39]            2.1932E-13  1.4830E-05   9.805E+03     140- 349     2527
Rovibration_vJ|2[38]        -Rovibration_vJ|8[37]            4.9758E-14  4.7920E-06   8.433E+03     140- 384     2528
Rovibration_vJ|2[38]        -Rovibration_vJ|8[39]            1.2293E-15  1.1760E-07   8.244E+03     140- 390     2529
Rovibration_vJ|2[38]        -Rovibration_vJ|9[37]            3.3474E-15  4.3450E-07   7.263E+03     140- 425     2530
Rovibration_vJ|2[38]        -Rovibration_vJ|9[39]            2.9049E-16  3.7210E-08   7.124E+03     140- 431     2531
Rovibration_vJ|2[38]        -Rovibration_vJ|10[37]           5.9320E-18  9.9500E-10   6.390E+03     140- 448     2532
Rovibration_vJ|2[38]        -Rovibration_vJ|10[39]           5.4363E-17  8.9540E-09   6.283E+03     140- 450     2533
Rovibration_vJ|3[19]        -Rovibration_vJ|3[20]            1.4492E-08  5.1180E-05   1.340E+06     141- 142     2534
Rovibration_vJ|3[19]        -Rovibration_vJ|4[18]            2.0909E-05  5.8050E+01   5.032E+04     141- 180     2535
Rovibration_vJ|3[19]        -Rovibration_vJ|4[20]            2.3639E-05  6.8130E+01   4.692E+04     141- 183     2536
Rovibration_vJ|3[19]        -Rovibration_vJ|5[18]            3.9072E-07  4.4370E+00   2.488E+04     141- 221     2537
Rovibration_vJ|3[19]        -Rovibration_vJ|5[20]            5.1396E-07  5.6480E+00   2.403E+04     141- 224     2538
Rovibration_vJ|3[19]        -Rovibration_vJ|6[18]            4.6164E-09  1.1780E-01   1.660E+04     141- 262     2539
Rovibration_vJ|3[19]        -Rovibration_vJ|6[20]            7.6362E-09  1.8420E-01   1.622E+04     141- 265     2540
Rovibration_vJ|3[19]        -Rovibration_vJ|7[18]            2.7464E-11  1.2370E-03   1.249E+04     141- 303     2541
Rovibration_vJ|3[19]        -Rovibration_vJ|7[20]            8.2530E-11  3.4730E-03   1.228E+04     141- 306     2542
Rovibration_vJ|3[19]        -Rovibration_vJ|8[18]            1.3707E-13  9.5550E-06   1.004E+04     141- 344     2543
Rovibration_vJ|3[19]        -Rovibration_vJ|8[20]            1.5555E-13  1.0060E-05   9.905E+03     141- 347     2544
Rovibration_vJ|3[19]        -Rovibration_vJ|9[18]            8.8856E-14  8.8240E-06   8.414E+03     141- 385     2545
Rovibration_vJ|3[19]        -Rovibration_vJ|9[20]            1.9324E-14  1.7720E-06   8.318E+03     141- 388     2546
Rovibration_vJ|3[19]        -Rovibration_vJ|10[18]           7.9475E-15  1.0620E-06   7.254E+03     141- 426     2547
Rovibration_vJ|3[19]        -Rovibration_vJ|10[20]           2.7598E-15  3.3940E-07   7.183E+03     141- 429     2548
Rovibration_vJ|3[20]        -Rovibration_vJ|3[21]            1.4679E-08  5.7260E-05   1.277E+06     142- 144     2549
Rovibration_vJ|3[20]        -Rovibration_vJ|4[19]            2.0897E-05  5.7610E+01   5.043E+04     142- 182     2550
Rovibration_vJ|3[20]        -Rovibration_vJ|4[21]            2.3652E-05  6.8520E+01   4.685E+04     142- 185     2551
Rovibration_vJ|3[20]        -Rovibration_vJ|5[19]            3.8919E-07  4.3970E+00   2.491E+04     142- 223     2552
Rovibration_vJ|3[20]        -Rovibration_vJ|5[21]            5.1654E-07  5.6960E+00   2.402E+04     142- 226     2553
Rovibration_vJ|3[20]        -Rovibration_vJ|6[19]            4.5743E-09  1.1620E-01   1.661E+04     142- 263     2554
Rovibration_vJ|3[20]        -Rovibration_vJ|6[21]            7.7218E-09  1.8680E-01   1.621E+04     142- 267     2555
Rovibration_vJ|3[20]        -Rovibration_vJ|7[19]            2.6733E-11  1.1990E-03   1.250E+04     142- 304     2556
Rovibration_vJ|3[20]        -Rovibration_vJ|7[21]            8.4522E-11  3.5660E-03   1.228E+04     142- 307     2557
Rovibration_vJ|3[20]        -Rovibration_vJ|8[19]            1.4965E-13  1.0390E-05   1.005E+04     142- 345     2558
Rovibration_vJ|3[20]        -Rovibration_vJ|8[21]            1.7431E-13  1.1300E-05   9.905E+03     142- 348     2559
Rovibration_vJ|3[20]        -Rovibration_vJ|9[19]            9.1258E-14  9.0270E-06   8.420E+03     142- 386     2560
Rovibration_vJ|3[20]        -Rovibration_vJ|9[21]            1.7985E-14  1.6530E-06   8.319E+03     142- 389     2561
Rovibration_vJ|3[20]        -Rovibration_vJ|10[19]           8.0458E-15  1.0710E-06   7.258E+03     142- 427     2562
Rovibration_vJ|3[20]        -Rovibration_vJ|10[21]           2.5972E-15  3.2010E-07   7.184E+03     142- 430     2563
Rovibration_vJ|2[39]        -Rovibration_vJ|2[40]            5.6904E-08  8.2670E-04   6.692E+05     143- 146     2564
Rovibration_vJ|2[39]        -Rovibration_vJ|3[38]            1.5481E-05  3.9000E+01   5.212E+04     143- 181     2565
Rovibration_vJ|2[39]        -Rovibration_vJ|3[40]            1.8383E-05  5.8470E+01   4.523E+04     143- 187     2566
Rovibration_vJ|2[39]        -Rovibration_vJ|4[38]            2.1234E-07  2.2750E+00   2.527E+04     143- 222     2567
Rovibration_vJ|2[39]        -Rovibration_vJ|4[40]            3.4311E-07  4.0250E+00   2.355E+04     143- 228     2568
Rovibration_vJ|2[39]        -Rovibration_vJ|5[38]            1.8069E-09  4.4050E-02   1.675E+04     143- 264     2569
Rovibration_vJ|2[39]        -Rovibration_vJ|5[40]            4.6863E-09  1.1930E-01   1.599E+04     143- 269     2570
Rovibration_vJ|2[39]        -Rovibration_vJ|6[38]            4.9656E-12  2.1500E-04   1.257E+04     143- 305     2571
Rovibration_vJ|2[39]        -Rovibration_vJ|6[40]            5.1593E-11  2.2780E-03   1.214E+04     143- 310     2572
Rovibration_vJ|2[39]        -Rovibration_vJ|7[38]            2.2510E-13  1.5140E-05   1.009E+04     143- 346     2573
Rovibration_vJ|2[39]        -Rovibration_vJ|7[40]            2.3514E-13  1.5900E-05   9.809E+03     143- 351     2574
Rovibration_vJ|2[39]        -Rovibration_vJ|8[38]            5.0827E-14  4.8820E-06   8.441E+03     143- 387     2575
Rovibration_vJ|2[39]        -Rovibration_vJ|8[40]            1.0333E-15  9.8840E-08   8.247E+03     143- 393     2576
Rovibration_vJ|2[39]        -Rovibration_vJ|9[38]            3.4309E-15  4.4420E-07   7.270E+03     143- 428     2577
Rovibration_vJ|2[39]        -Rovibration_vJ|9[40]            2.7525E-16  3.5250E-08   7.127E+03     143- 434     2578
Rovibration_vJ|2[39]        -Rovibration_vJ|10[38]           7.8176E-18  1.3080E-09   6.395E+03     143- 449     2579
Rovibration_vJ|2[39]        -Rovibration_vJ|10[40]           5.2746E-17  8.6850E-09   6.286E+03     143- 451     2580
Rovibration_vJ|3[21]        -Rovibration_vJ|3[22]            1.4798E-08  6.3450E-05   1.219E+06     144- 145     2581
Rovibration_vJ|3[21]        -Rovibration_vJ|4[20]            2.0880E-05  5.7170E+01   5.055E+04     144- 183     2582
Rovibration_vJ|3[21]        -Rovibration_vJ|4[22]            2.3663E-05  6.8890E+01   4.679E+04     144- 186     2583
Rovibration_vJ|3[21]        -Rovibration_vJ|5[20]            3.8765E-07  4.3580E+00   2.495E+04     144- 224     2584
Rovibration_vJ|3[21]        -Rovibration_vJ|5[22]            5.1923E-07  5.7440E+00   2.400E+04     144- 227     2585
Rovibration_vJ|3[21]        -Rovibration_vJ|6[20]            4.5309E-09  1.1460E-01   1.663E+04     144- 265     2586
Rovibration_vJ|3[21]        -Rovibration_vJ|6[22]            7.8088E-09  1.8940E-01   1.621E+04     144- 268     2587
Rovibration_vJ|3[21]        -Rovibration_vJ|7[20]            2.5990E-11  1.1610E-03   1.251E+04     144- 306     2588
Rovibration_vJ|3[21]        -Rovibration_vJ|7[22]            8.6597E-11  3.6620E-03   1.228E+04     144- 309     2589
Rovibration_vJ|3[21]        -Rovibration_vJ|8[20]            1.6281E-13  1.1260E-05   1.006E+04     144- 347     2590
Rovibration_vJ|3[21]        -Rovibration_vJ|8[22]            1.9441E-13  1.2630E-05   9.905E+03     144- 350     2591
Rovibration_vJ|3[21]        -Rovibration_vJ|9[20]            9.3678E-14  9.2320E-06   8.425E+03     144- 388     2592
Rovibration_vJ|3[21]        -Rovibration_vJ|9[22]            1.6700E-14  1.5380E-06   8.319E+03     144- 391     2593
Rovibration_vJ|3[21]        -Rovibration_vJ|10[20]           8.1354E-15  1.0790E-06   7.263E+03     144- 429     2594
Rovibration_vJ|3[21]        -Rovibration_vJ|10[22]           2.4375E-15  3.0100E-07   7.184E+03     144- 432     2595
Rovibration_vJ|3[22]        -Rovibration_vJ|3[23]            1.4854E-08  6.9710E-05   1.167E+06     145- 147     2596
Rovibration_vJ|3[22]        -Rovibration_vJ|4[21]            2.0858E-05  5.6730E+01   5.066E+04     145- 185     2597
Rovibration_vJ|3[22]        -Rovibration_vJ|4[23]            2.3679E-05  6.9260E+01   4.673E+04     145- 188     2598
Rovibration_vJ|3[22]        -Rovibration_vJ|5[21]            3.8610E-07  4.3200E+00   2.498E+04     145- 226     2599
Rovibration_vJ|3[22]        -Rovibration_vJ|5[23]            5.2192E-07  5.7910E+00   2.399E+04     145- 229     2600
Rovibration_vJ|3[22]        -Rovibration_vJ|6[21]            4.4861E-09  1.1300E-01   1.665E+04     145- 267     2601
Rovibration_vJ|3[22]        -Rovibration_vJ|6[23]            7.8970E-09  1.9200E-01   1.621E+04     145- 270     2602
Rovibration_vJ|3[22]        -Rovibration_vJ|7[21]            2.5280E-11  1.1250E-03   1.252E+04     145- 307     2603
Rovibration_vJ|3[22]        -Rovibration_vJ|7[23]            8.8704E-11  3.7590E-03   1.228E+04     145- 311     2604
Rovibration_vJ|3[22]        -Rovibration_vJ|8[21]            1.7632E-13  1.2150E-05   1.006E+04     145- 348     2605
Rovibration_vJ|3[22]        -Rovibration_vJ|8[23]            2.1585E-13  1.4050E-05   9.905E+03     145- 352     2606
Rovibration_vJ|3[22]        -Rovibration_vJ|9[21]            9.6117E-14  9.4390E-06   8.431E+03     145- 389     2607
Rovibration_vJ|3[22]        -Rovibration_vJ|9[23]            1.5446E-14  1.4250E-06   8.320E+03     145- 392     2608
Rovibration_vJ|3[22]        -Rovibration_vJ|10[21]           8.2240E-15  1.0870E-06   7.267E+03     145- 430     2609
Rovibration_vJ|3[22]        -Rovibration_vJ|10[23]           2.2814E-15  2.8220E-07   7.185E+03     145- 433     2610
Rovibration_vJ|2[40]        -Rovibration_vJ|3[39]            1.5452E-05  3.8700E+01   5.226E+04     146- 184     2611
Rovibration_vJ|2[40]        -Rovibration_vJ|4[39]            2.1147E-07  2.2570E+00   2.531E+04     146- 225     2612
Rovibration_vJ|2[40]        -Rovibration_vJ|5[39]            1.7905E-09  4.3510E-02   1.678E+04     146- 266     2613
Rovibration_vJ|2[40]        -Rovibration_vJ|6[39]            4.7972E-12  2.0710E-04   1.259E+04     146- 308     2614
Rovibration_vJ|2[40]        -Rovibration_vJ|7[39]            2.3377E-13  1.5680E-05   1.010E+04     146- 349     2615
Rovibration_vJ|2[40]        -Rovibration_vJ|8[39]            5.1922E-14  4.9740E-06   8.449E+03     146- 390     2616
Rovibration_vJ|2[40]        -Rovibration_vJ|9[39]            3.5156E-15  4.5400E-07   7.277E+03     146- 431     2617
Rovibration_vJ|2[40]        -Rovibration_vJ|10[39]           1.0096E-17  1.6850E-09   6.401E+03     146- 450     2618
Rovibration_vJ|3[23]        -Rovibration_vJ|3[24]            1.4843E-08  7.5940E-05   1.118E+06     147- 148     2619
Rovibration_vJ|3[23]        -Rovibration_vJ|4[22]            2.0839E-05  5.6310E+01   5.078E+04     147- 186     2620
Rovibration_vJ|3[23]        -Rovibration_vJ|4[24]            2.3695E-05  6.9620E+01   4.666E+04     147- 189     2621
Rovibration_vJ|3[23]        -Rovibration_vJ|5[22]            3.8447E-07  4.2820E+00   2.501E+04     147- 227     2622
Rovibration_vJ|3[23]        -Rovibration_vJ|5[24]            5.2469E-07  5.8380E+00   2.398E+04     147- 230     2623
Rovibration_vJ|3[23]        -Rovibration_vJ|6[22]            4.4442E-09  1.1150E-01   1.666E+04     147- 268     2624
Rovibration_vJ|3[23]        -Rovibration_vJ|6[24]            7.9905E-09  1.9470E-01   1.620E+04     147- 271     2625
Rovibration_vJ|3[23]        -Rovibration_vJ|7[22]            2.4584E-11  1.0900E-03   1.254E+04     147- 309     2626
Rovibration_vJ|3[23]        -Rovibration_vJ|7[24]            9.0868E-11  3.8580E-03   1.228E+04     147- 312     2627
Rovibration_vJ|3[23]        -Rovibration_vJ|8[22]            1.9019E-13  1.3060E-05   1.007E+04     147- 350     2628
Rovibration_vJ|3[23]        -Rovibration_vJ|8[24]            2.3849E-13  1.5550E-05   9.906E+03     147- 353     2629
Rovibration_vJ|3[23]        -Rovibration_vJ|9[22]            9.8588E-14  9.6490E-06   8.437E+03     147- 391     2630
Rovibration_vJ|3[23]        -Rovibration_vJ|9[24]            1.4252E-14  1.3170E-06   8.321E+03     147- 394     2631
Rovibration_vJ|3[23]        -Rovibration_vJ|10[22]           8.3119E-15  1.0950E-06   7.272E+03     147- 432     2632
Rovibration_vJ|3[23]        -Rovibration_vJ|10[24]           2.1287E-15  2.6370E-07   7.187E+03     147- 435     2633
Rovibration_vJ|3[24]        -Rovibration_vJ|3[25]            1.4765E-08  8.2050E-05   1.074E+06     148- 149     2634
Rovibration_vJ|3[24]        -Rovibration_vJ|4[23]            2.0816E-05  5.5890E+01   5.089E+04     148- 188     2635
Rovibration_vJ|3[24]        -Rovibration_vJ|4[25]            2.3712E-05  6.9970E+01   4.660E+04     148- 190     2636
Rovibration_vJ|3[24]        -Rovibration_vJ|5[23]            3.8294E-07  4.2460E+00   2.504E+04     148- 229     2637
Rovibration_vJ|3[24]        -Rovibration_vJ|5[25]            5.2754E-07  5.8850E+00   2.397E+04     148- 231     2638
Rovibration_vJ|3[24]        -Rovibration_vJ|6[23]            4.4053E-09  1.1010E-01   1.668E+04     148- 270     2639
Rovibration_vJ|3[24]        -Rovibration_vJ|6[25]            8.0850E-09  1.9740E-01   1.620E+04     148- 272     2640
Rovibration_vJ|3[24]        -Rovibration_vJ|7[23]            2.3902E-11  1.0560E-03   1.255E+04     148- 311     2641
Rovibration_vJ|3[24]        -Rovibration_vJ|7[25]            9.3087E-11  3.9590E-03   1.228E+04     148- 313     2642
Rovibration_vJ|3[24]        -Rovibration_vJ|8[23]            2.0456E-13  1.4000E-05   1.008E+04     148- 352     2643
Rovibration_vJ|3[24]        -Rovibration_vJ|8[25]            2.6263E-13  1.7150E-05   9.907E+03     148- 354     2644
Rovibration_vJ|3[24]        -Rovibration_vJ|9[23]            1.0108E-13  9.8610E-06   8.443E+03     148- 392     2645
Rovibration_vJ|3[24]        -Rovibration_vJ|9[25]            1.3087E-14  1.2110E-06   8.322E+03     148- 395     2646
Rovibration_vJ|3[24]        -Rovibration_vJ|10[23]           8.3993E-15  1.1030E-06   7.277E+03     148- 433     2647
Rovibration_vJ|3[24]        -Rovibration_vJ|10[25]           1.9791E-15  2.4550E-07   7.188E+03     148- 436     2648
Rovibration_vJ|3[25]        -Rovibration_vJ|3[26]            1.4623E-08  8.7970E-05   1.033E+06     149- 150     2649
Rovibration_vJ|3[25]        -Rovibration_vJ|4[24]            2.0790E-05  5.5470E+01   5.101E+04     149- 189     2650
Rovibration_vJ|3[25]        -Rovibration_vJ|4[26]            2.3733E-05  7.0320E+01   4.654E+04     149- 191     2651
Rovibration_vJ|3[25]        -Rovibration_vJ|5[24]            3.8135E-07  4.2100E+00   2.508E+04     149- 230     2652
Rovibration_vJ|3[25]        -Rovibration_vJ|5[26]            5.3046E-07  5.9320E+00   2.396E+04     149- 232     2653
Rovibration_vJ|3[25]        -Rovibration_vJ|6[24]            4.3616E-09  1.0860E-01   1.670E+04     149- 271     2654
Rovibration_vJ|3[25]        -Rovibration_vJ|6[26]            8.1804E-09  2.0010E-01   1.620E+04     149- 273     2655
Rovibration_vJ|3[25]        -Rovibration_vJ|7[24]            2.3235E-11  1.0230E-03   1.256E+04     149- 312     2656
Rovibration_vJ|3[25]        -Rovibration_vJ|7[26]            9.5361E-11  4.0620E-03   1.228E+04     149- 314     2657
Rovibration_vJ|3[25]        -Rovibration_vJ|8[24]            2.1945E-13  1.4970E-05   1.009E+04     149- 353     2658
Rovibration_vJ|3[25]        -Rovibration_vJ|8[26]            2.8811E-13  1.8840E-05   9.907E+03     149- 355     2659
Rovibration_vJ|3[25]        -Rovibration_vJ|9[24]            1.0365E-13  1.0080E-05   8.449E+03     149- 394     2660
Rovibration_vJ|3[25]        -Rovibration_vJ|9[26]            1.1980E-14  1.1100E-06   8.323E+03     149- 396     2661
Rovibration_vJ|3[25]        -Rovibration_vJ|10[24]           8.4785E-15  1.1100E-06   7.282E+03     149- 435     2662
Rovibration_vJ|3[25]        -Rovibration_vJ|10[26]           1.8335E-15  2.2770E-07   7.189E+03     149- 437     2663
Rovibration_vJ|3[26]        -Rovibration_vJ|3[27]            1.4417E-08  9.3600E-05   9.950E+05     150- 151     2664
Rovibration_vJ|3[26]        -Rovibration_vJ|4[25]            2.0764E-05  5.5060E+01   5.113E+04     150- 190     2665
Rovibration_vJ|3[26]        -Rovibration_vJ|4[27]            2.3753E-05  7.0660E+01   4.648E+04     150- 192     2666
Rovibration_vJ|3[26]        -Rovibration_vJ|5[25]            3.7971E-07  4.1740E+00   2.511E+04     150- 231     2667
Rovibration_vJ|3[26]        -Rovibration_vJ|5[27]            5.3344E-07  5.9790E+00   2.395E+04     150- 233     2668
Rovibration_vJ|3[26]        -Rovibration_vJ|6[25]            4.3211E-09  1.0720E-01   1.672E+04     150- 272     2669
Rovibration_vJ|3[26]        -Rovibration_vJ|6[27]            8.2767E-09  2.0280E-01   1.620E+04     150- 274     2670
Rovibration_vJ|3[26]        -Rovibration_vJ|7[25]            2.2577E-11  9.9070E-04   1.257E+04     150- 313     2671
Rovibration_vJ|3[26]        -Rovibration_vJ|7[27]            9.7689E-11  4.1670E-03   1.228E+04     150- 315     2672
Rovibration_vJ|3[26]        -Rovibration_vJ|8[25]            2.3456E-13  1.5950E-05   1.010E+04     150- 354     2673
Rovibration_vJ|3[26]        -Rovibration_vJ|8[27]            3.1495E-13  2.0620E-05   9.908E+03     150- 356     2674
Rovibration_vJ|3[26]        -Rovibration_vJ|9[25]            1.0614E-13  1.0290E-05   8.456E+03     150- 395     2675
Rovibration_vJ|3[26]        -Rovibration_vJ|9[27]            1.0911E-14  1.0120E-06   8.325E+03     150- 397     2676
Rovibration_vJ|3[26]        -Rovibration_vJ|10[25]           8.5573E-15  1.1170E-06   7.287E+03     150- 436     2677
Rovibration_vJ|3[26]        -Rovibration_vJ|10[27]           1.6925E-15  2.1040E-07   7.191E+03     150- 438     2678
Rovibration_vJ|3[27]        -Rovibration_vJ|3[28]            1.4148E-08  9.8840E-05   9.598E+05     151- 152     2679
Rovibration_vJ|3[27]        -Rovibration_vJ|4[26]            2.0737E-05  5.4650E+01   5.125E+04     151- 191     2680
Rovibration_vJ|3[27]        -Rovibration_vJ|4[28]            2.3776E-05  7.1000E+01   4.643E+04     151- 193     2681
Rovibration_vJ|3[27]        -Rovibration_vJ|5[26]            3.7811E-07  4.1390E+00   2.515E+04     151- 232     2682
Rovibration_vJ|3[27]        -Rovibration_vJ|5[28]            5.3639E-07  6.0250E+00   2.394E+04     151- 234     2683
Rovibration_vJ|3[27]        -Rovibration_vJ|6[26]            4.2799E-09  1.0580E-01   1.673E+04     151- 273     2684
Rovibration_vJ|3[27]        -Rovibration_vJ|6[28]            8.3738E-09  2.0550E-01   1.619E+04     151- 275     2685
Rovibration_vJ|3[27]        -Rovibration_vJ|7[26]            2.1939E-11  9.5960E-04   1.258E+04     151- 314     2686
Rovibration_vJ|3[27]        -Rovibration_vJ|7[28]            1.0007E-10  4.2740E-03   1.228E+04     151- 316     2687
Rovibration_vJ|3[27]        -Rovibration_vJ|8[26]            2.5018E-13  1.6960E-05   1.010E+04     151- 355     2688
Rovibration_vJ|3[27]        -Rovibration_vJ|8[28]            3.4329E-13  2.2500E-05   9.910E+03     151- 357     2689
Rovibration_vJ|3[27]        -Rovibration_vJ|9[26]            1.0873E-13  1.0510E-05   8.462E+03     151- 396     2690
Rovibration_vJ|3[27]        -Rovibration_vJ|9[28]            9.8931E-15  9.1850E-07   8.326E+03     151- 398     2691
Rovibration_vJ|3[27]        -Rovibration_vJ|10[26]           8.6282E-15  1.1230E-06   7.293E+03     151- 437     2692
Rovibration_vJ|3[27]        -Rovibration_vJ|10[28]           1.5560E-15  1.9360E-07   7.192E+03     151- 439     2693
Rovibration_vJ|3[28]        -Rovibration_vJ|3[29]            1.3818E-08  1.0360E-04   9.271E+05     152- 153     2694
Rovibration_vJ|3[28]        -Rovibration_vJ|4[27]            2.0710E-05  5.4250E+01   5.137E+04     152- 192     2695
Rovibration_vJ|3[28]        -Rovibration_vJ|4[29]            2.3798E-05  7.1330E+01   4.637E+04     152- 194     2696
Rovibration_vJ|3[28]        -Rovibration_vJ|5[27]            3.7646E-07  4.1040E+00   2.518E+04     152- 233     2697
Rovibration_vJ|3[28]        -Rovibration_vJ|5[29]            5.3949E-07  6.0720E+00   2.393E+04     152- 235     2698
Rovibration_vJ|3[28]        -Rovibration_vJ|6[27]            4.2381E-09  1.0440E-01   1.675E+04     152- 274     2699
Rovibration_vJ|3[28]        -Rovibration_vJ|6[29]            8.4757E-09  2.0830E-01   1.619E+04     152- 276     2700
Rovibration_vJ|3[28]        -Rovibration_vJ|7[27]            2.1317E-11  9.2940E-04   1.259E+04     152- 315     2701
Rovibration_vJ|3[28]        -Rovibration_vJ|7[29]            1.0251E-10  4.3830E-03   1.228E+04     152- 317     2702
Rovibration_vJ|3[28]        -Rovibration_vJ|8[27]            2.6618E-13  1.7990E-05   1.011E+04     152- 356     2703
Rovibration_vJ|3[28]        -Rovibration_vJ|8[29]            3.7314E-13  2.4480E-05   9.911E+03     152- 358     2704
Rovibration_vJ|3[28]        -Rovibration_vJ|9[27]            1.1133E-13  1.0730E-05   8.469E+03     152- 397     2705
Rovibration_vJ|3[28]        -Rovibration_vJ|9[29]            8.9185E-15  8.2870E-07   8.328E+03     152- 399     2706
Rovibration_vJ|3[28]        -Rovibration_vJ|10[27]           8.7065E-15  1.1300E-06   7.298E+03     152- 438     2707
Rovibration_vJ|3[28]        -Rovibration_vJ|10[29]           1.4232E-15  1.7720E-07   7.194E+03     152- 440     2708
Rovibration_vJ|3[29]        -Rovibration_vJ|3[30]            1.3418E-08  1.0770E-04   8.965E+05     153- 154     2709
Rovibration_vJ|3[29]        -Rovibration_vJ|4[28]            2.0678E-05  5.3840E+01   5.149E+04     153- 193     2710
Rovibration_vJ|3[29]        -Rovibration_vJ|4[30]            2.3819E-05  7.1650E+01   4.631E+04     153- 195     2711
Rovibration_vJ|3[29]        -Rovibration_vJ|5[28]            3.7487E-07  4.0700E+00   2.522E+04     153- 234     2712
Rovibration_vJ|3[29]        -Rovibration_vJ|5[30]            5.4263E-07  6.1190E+00   2.392E+04     153- 236     2713
Rovibration_vJ|3[29]        -Rovibration_vJ|6[28]            4.1998E-09  1.0310E-01   1.677E+04     153- 275     2714
Rovibration_vJ|3[29]        -Rovibration_vJ|6[30]            8.5783E-09  2.1110E-01   1.619E+04     153- 277     2715
Rovibration_vJ|3[29]        -Rovibration_vJ|7[28]            2.0710E-11  9.0010E-04   1.260E+04     153- 316     2716
Rovibration_vJ|3[29]        -Rovibration_vJ|7[30]            1.0502E-10  4.4950E-03   1.228E+04     153- 318     2717
Rovibration_vJ|3[29]        -Rovibration_vJ|8[28]            2.8256E-13  1.9040E-05   1.012E+04     153- 357     2718
Rovibration_vJ|3[29]        -Rovibration_vJ|8[30]            4.0466E-13  2.6570E-05   9.912E+03     153- 359     2719
Rovibration_vJ|3[29]        -Rovibration_vJ|9[28]            1.1404E-13  1.0960E-05   8.476E+03     153- 398     2720
Rovibration_vJ|3[29]        -Rovibration_vJ|9[30]            7.9926E-15  7.4320E-07   8.330E+03     153- 400     2721
Rovibration_vJ|3[29]        -Rovibration_vJ|10[28]           8.7771E-15  1.1360E-06   7.304E+03     153- 439     2722
Rovibration_vJ|3[29]        -Rovibration_vJ|10[30]           1.2955E-15  1.6140E-07   7.196E+03     153- 441     2723
Rovibration_vJ|3[30]        -Rovibration_vJ|3[31]            1.2971E-08  1.1120E-04   8.680E+05     154- 155     2724
Rovibration_vJ|3[30]        -Rovibration_vJ|4[29]            2.0648E-05  5.3440E+01   5.162E+04     154- 194     2725
Rovibration_vJ|3[30]        -Rovibration_vJ|4[31]            2.3843E-05  7.1970E+01   4.626E+04     154- 196     2726
Rovibration_vJ|3[30]        -Rovibration_vJ|5[29]            3.7333E-07  4.0370E+00   2.525E+04     154- 235     2727
Rovibration_vJ|3[30]        -Rovibration_vJ|5[31]            5.4582E-07  6.1660E+00   2.391E+04     154- 237     2728
Rovibration_vJ|3[30]        -Rovibration_vJ|6[29]            4.1610E-09  1.0180E-01   1.679E+04     154- 276     2729
Rovibration_vJ|3[30]        -Rovibration_vJ|6[31]            8.6856E-09  2.1400E-01   1.619E+04     154- 278     2730
Rovibration_vJ|3[30]        -Rovibration_vJ|7[29]            2.0117E-11  8.7160E-04   1.262E+04     154- 317     2731
Rovibration_vJ|3[30]        -Rovibration_vJ|7[31]            1.0756E-10  4.6080E-03   1.228E+04     154- 319     2732
Rovibration_vJ|3[30]        -Rovibration_vJ|8[29]            2.9916E-13  2.0100E-05   1.013E+04     154- 358     2733
Rovibration_vJ|3[30]        -Rovibration_vJ|8[31]            4.3770E-13  2.8760E-05   9.914E+03     154- 360     2734
Rovibration_vJ|3[30]        -Rovibration_vJ|9[29]            1.1665E-13  1.1180E-05   8.483E+03     154- 399     2735
Rovibration_vJ|3[30]        -Rovibration_vJ|9[31]            7.1140E-15  6.6190E-07   8.332E+03     154- 401     2736
Rovibration_vJ|3[30]        -Rovibration_vJ|10[29]           8.8475E-15  1.1420E-06   7.309E+03     154- 440     2737
Rovibration_vJ|3[30]        -Rovibration_vJ|10[31]           1.1729E-15  1.4620E-07   7.198E+03     154- 442     2738
Rovibration_vJ|3[31]        -Rovibration_vJ|3[32]            1.2466E-08  1.1390E-04   8.412E+05     155- 156     2739
Rovibration_vJ|3[31]        -Rovibration_vJ|4[30]            2.0619E-05  5.3050E+01   5.175E+04     155- 195     2740
Rovibration_vJ|3[31]        -Rovibration_vJ|4[32]            2.3868E-05  7.2290E+01   4.620E+04     155- 197     2741
Rovibration_vJ|3[31]        -Rovibration_vJ|5[30]            3.7167E-07  4.0030E+00   2.529E+04     155- 236     2742
Rovibration_vJ|3[31]        -Rovibration_vJ|5[32]            5.4896E-07  6.2120E+00   2.390E+04     155- 238     2743
Rovibration_vJ|3[31]        -Rovibration_vJ|6[30]            4.1218E-09  1.0050E-01   1.681E+04     155- 277     2744
Rovibration_vJ|3[31]        -Rovibration_vJ|6[32]            8.7895E-09  2.1680E-01   1.619E+04     155- 279     2745
Rovibration_vJ|3[31]        -Rovibration_vJ|7[30]            1.9539E-11  8.4400E-04   1.263E+04     155- 318     2746
Rovibration_vJ|3[31]        -Rovibration_vJ|7[32]            1.1018E-10  4.7240E-03   1.228E+04     155- 320     2747
Rovibration_vJ|3[31]        -Rovibration_vJ|8[30]            3.1629E-13  2.1190E-05   1.014E+04     155- 359     2748
Rovibration_vJ|3[31]        -Rovibration_vJ|8[32]            4.7241E-13  3.1060E-05   9.916E+03     155- 361     2749
Rovibration_vJ|3[31]        -Rovibration_vJ|9[30]            1.1938E-13  1.1410E-05   8.490E+03     155- 400     2750
Rovibration_vJ|3[31]        -Rovibration_vJ|9[32]            6.2833E-15  5.8490E-07   8.334E+03     155- 402     2751
Rovibration_vJ|3[31]        -Rovibration_vJ|10[30]           8.9179E-15  1.1480E-06   7.315E+03     155- 441     2752
Rovibration_vJ|3[31]        -Rovibration_vJ|10[32]           1.0561E-15  1.3170E-07   7.200E+03     155- 443     2753
Rovibration_vJ|3[32]        -Rovibration_vJ|3[33]            1.1917E-08  1.1580E-04   8.160E+05     156- 161     2754
Rovibration_vJ|3[32]        -Rovibration_vJ|4[31]            2.0586E-05  5.2650E+01   5.187E+04     156- 196     2755
Rovibration_vJ|3[32]        -Rovibration_vJ|4[33]            2.3893E-05  7.2600E+01   4.615E+04     156- 202     2756
Rovibration_vJ|3[32]        -Rovibration_vJ|5[31]            3.7007E-07  3.9700E+00   2.533E+04     156- 237     2757
Rovibration_vJ|3[32]        -Rovibration_vJ|5[33]            5.5223E-07  6.2590E+00   2.389E+04     156- 244     2758
Rovibration_vJ|3[32]        -Rovibration_vJ|6[31]            4.0841E-09  9.9250E-02   1.683E+04     156- 278     2759
Rovibration_vJ|3[32]        -Rovibration_vJ|6[33]            8.8981E-09  2.1970E-01   1.619E+04     156- 285     2760
Rovibration_vJ|3[32]        -Rovibration_vJ|7[31]            1.8974E-11  8.1710E-04   1.264E+04     156- 319     2761
Rovibration_vJ|3[32]        -Rovibration_vJ|7[33]            1.1285E-10  4.8420E-03   1.228E+04     156- 326     2762
Rovibration_vJ|3[32]        -Rovibration_vJ|8[31]            3.3366E-13  2.2290E-05   1.015E+04     156- 360     2763
Rovibration_vJ|3[32]        -Rovibration_vJ|8[33]            5.0864E-13  3.3460E-05   9.918E+03     156- 368     2764
Rovibration_vJ|3[32]        -Rovibration_vJ|9[31]            1.2212E-13  1.1640E-05   8.497E+03     156- 401     2765
Rovibration_vJ|3[32]        -Rovibration_vJ|9[33]            5.5012E-15  5.1230E-07   8.336E+03     156- 409     2766
Rovibration_vJ|3[32]        -Rovibration_vJ|10[31]           8.9884E-15  1.1540E-06   7.321E+03     156- 442     2767
Rovibration_vJ|3[32]        -Rovibration_vJ|10[33]           9.4435E-16  1.1780E-07   7.202E+03     156- 444     2768
Rovibration_vJ|4[0]         -Rovibration_vJ|4[1]             9.3967E-11  2.8680E-10   2.699E+07     157- 158     2769
Rovibration_vJ|4[0]         -Rovibration_vJ|5[1]             5.4836E-05  5.0810E+01   4.899E+04     157- 199     2770
Rovibration_vJ|4[0]         -Rovibration_vJ|6[1]             1.3570E-06  4.9560E+00   2.467E+04     157- 240     2771
Rovibration_vJ|4[0]         -Rovibration_vJ|7[1]             2.2018E-08  1.7850E-01   1.656E+04     157- 281     2772
Rovibration_vJ|4[0]         -Rovibration_vJ|8[1]             2.2410E-10  3.1870E-03   1.250E+04     157- 322     2773
Rovibration_vJ|4[0]         -Rovibration_vJ|9[1]             2.2998E-14  5.0430E-07   1.007E+04     157- 363     2774
Rovibration_vJ|4[0]         -Rovibration_vJ|10[1]            3.0484E-13  9.4990E-06   8.447E+03     157- 404     2775
Rovibration_vJ|4[1]         -Rovibration_vJ|4[2]             1.2405E-10  2.7260E-09   1.350E+07     158- 159     2776
Rovibration_vJ|4[1]         -Rovibration_vJ|5[0]             1.8214E-05  1.5080E+02   4.916E+04     158- 198     2777
Rovibration_vJ|4[1]         -Rovibration_vJ|5[2]             3.6623E-05  6.1300E+01   4.890E+04     158- 200     2778
Rovibration_vJ|4[1]         -Rovibration_vJ|6[0]             4.4731E-07  1.4650E+01   2.472E+04     158- 239     2779
Rovibration_vJ|4[1]         -Rovibration_vJ|6[2]             9.0986E-07  5.9920E+00   2.465E+04     158- 241     2780
Rovibration_vJ|4[1]         -Rovibration_vJ|7[0]             7.1773E-09  5.2240E-01   1.658E+04     158- 280     2781
Rovibration_vJ|4[1]         -Rovibration_vJ|7[2]             1.4847E-08  2.1690E-01   1.655E+04     158- 282     2782
Rovibration_vJ|4[1]         -Rovibration_vJ|8[0]             7.1024E-11  9.0740E-03   1.252E+04     158- 321     2783
Rovibration_vJ|4[1]         -Rovibration_vJ|8[2]             1.5320E-10  3.9250E-03   1.250E+04     158- 323     2784
Rovibration_vJ|4[1]         -Rovibration_vJ|9[0]             1.5700E-15  3.0940E-07   1.008E+04     158- 362     2785
Rovibration_vJ|4[1]         -Rovibration_vJ|9[2]             2.5034E-14  9.8880E-07   1.007E+04     158- 364     2786
Rovibration_vJ|4[1]         -Rovibration_vJ|10[0]            1.0867E-13  3.0440E-05   8.452E+03     158- 403     2787
Rovibration_vJ|4[1]         -Rovibration_vJ|10[2]            1.9619E-13  1.1010E-05   8.445E+03     158- 405     2788
Rovibration_vJ|4[2]         -Rovibration_vJ|4[3]             1.6476E-10  9.6970E-09   8.997E+06     159- 160     2789
Rovibration_vJ|4[2]         -Rovibration_vJ|5[1]             2.1817E-05  9.9980E+01   4.925E+04     159- 199     2790
Rovibration_vJ|4[2]         -Rovibration_vJ|5[3]             3.3021E-05  6.6030E+01   4.881E+04     159- 201     2791
Rovibration_vJ|4[2]         -Rovibration_vJ|6[1]             5.3377E-07  9.6940E+00   2.474E+04     159- 240     2792
Rovibration_vJ|4[2]         -Rovibration_vJ|6[3]             8.2358E-07  6.4680E+00   2.463E+04     159- 242     2793
Rovibration_vJ|4[2]         -Rovibration_vJ|7[1]             8.5180E-09  3.4400E-01   1.659E+04     159- 281     2794
Rovibration_vJ|4[2]         -Rovibration_vJ|7[3]             1.3514E-08  2.3530E-01   1.654E+04     159- 283     2795
Rovibration_vJ|4[2]         -Rovibration_vJ|8[1]             8.3106E-11  5.8930E-03   1.252E+04     159- 322     2796
Rovibration_vJ|4[2]         -Rovibration_vJ|8[3]             1.4139E-10  4.3160E-03   1.249E+04     159- 324     2797
Rovibration_vJ|4[2]         -Rovibration_vJ|9[1]             3.0732E-16  3.3620E-08   1.008E+04     159- 363     2798
Rovibration_vJ|4[2]         -Rovibration_vJ|9[3]             3.3517E-14  1.5770E-06   1.006E+04     159- 365     2799
Rovibration_vJ|4[2]         -Rovibration_vJ|10[1]            1.3472E-13  2.0950E-05   8.455E+03     159- 404     2800
Rovibration_vJ|4[2]         -Rovibration_vJ|10[3]            1.7040E-13  1.1390E-05   8.443E+03     159- 406     2801
Rovibration_vJ|4[3]         -Rovibration_vJ|4[4]             2.0444E-10  2.3290E-08   6.748E+06     160- 162     2802
Rovibration_vJ|4[3]         -Rovibration_vJ|5[2]             2.3332E-05  8.9480E+01   4.935E+04     160- 200     2803
Rovibration_vJ|4[3]         -Rovibration_vJ|5[4]             3.1502E-05  6.8830E+01   4.873E+04     160- 203     2804
Rovibration_vJ|4[3]         -Rovibration_vJ|6[2]             5.6875E-07  8.6600E+00   2.476E+04     160- 241     2805
Rovibration_vJ|4[3]         -Rovibration_vJ|6[4]             7.8881E-07  6.7570E+00   2.461E+04     160- 243     2806
Rovibration_vJ|4[3]         -Rovibration_vJ|7[2]             9.0232E-09  3.0570E-01   1.660E+04     160- 282     2807
Rovibration_vJ|4[3]         -Rovibration_vJ|7[4]             1.3019E-08  2.4710E-01   1.653E+04     160- 284     2808
Rovibration_vJ|4[3]         -Rovibration_vJ|8[2]             8.6800E-11  5.1650E-03   1.253E+04     160- 323     2809
Rovibration_vJ|4[3]         -Rovibration_vJ|8[4]             1.3807E-10  4.5930E-03   1.249E+04     160- 325     2810
Rovibration_vJ|4[3]         -Rovibration_vJ|9[2]             7.0096E-17  6.4360E-09   1.008E+04     160- 364     2811
Rovibration_vJ|4[3]         -Rovibration_vJ|9[4]             4.4573E-14  2.2850E-06   1.006E+04     160- 366     2812
Rovibration_vJ|4[3]         -Rovibration_vJ|10[2]            1.4900E-13  1.9450E-05   8.458E+03     160- 405     2813
Rovibration_vJ|4[3]         -Rovibration_vJ|10[4]            1.5641E-13  1.1390E-05   8.441E+03     160- 407     2814
Rovibration_vJ|3[33]        -Rovibration_vJ|3[34]            1.1313E-08  1.1670E-04   7.924E+05     161- 167     2815
Rovibration_vJ|3[33]        -Rovibration_vJ|4[32]            2.0554E-05  5.2260E+01   5.200E+04     161- 197     2816
Rovibration_vJ|3[33]        -Rovibration_vJ|4[34]            2.3919E-05  7.2910E+01   4.610E+04     161- 208     2817
Rovibration_vJ|3[33]        -Rovibration_vJ|5[32]            3.6853E-07  3.9380E+00   2.537E+04     161- 238     2818
Rovibration_vJ|3[33]        -Rovibration_vJ|5[34]            5.5554E-07  6.3060E+00   2.389E+04     161- 249     2819
Rovibration_vJ|3[33]        -Rovibration_vJ|6[32]            4.0464E-09  9.8010E-02   1.685E+04     161- 279     2820
Rovibration_vJ|3[33]        -Rovibration_vJ|6[34]            9.0073E-09  2.2260E-01   1.619E+04     161- 291     2821
Rovibration_vJ|3[33]        -Rovibration_vJ|7[32]            1.8426E-11  7.9110E-04   1.265E+04     161- 320     2822
Rovibration_vJ|3[33]        -Rovibration_vJ|7[34]            1.1560E-10  4.9630E-03   1.228E+04     161- 332     2823
Rovibration_vJ|3[33]        -Rovibration_vJ|8[32]            3.5142E-13  2.3410E-05   1.016E+04     161- 361     2824
Rovibration_vJ|3[33]        -Rovibration_vJ|8[34]            5.4671E-13  3.5980E-05   9.920E+03     161- 373     2825
Rovibration_vJ|3[33]        -Rovibration_vJ|9[32]            1.2498E-13  1.1880E-05   8.505E+03     161- 402     2826
Rovibration_vJ|3[33]        -Rovibration_vJ|9[34]            4.7684E-15  4.4420E-07   8.338E+03     161- 414     2827
Rovibration_vJ|3[33]        -Rovibration_vJ|10[32]           9.0511E-15  1.1590E-06   7.328E+03     161- 443     2828
Rovibration_vJ|3[33]        -Rovibration_vJ|10[34]           8.3754E-16  1.0450E-07   7.205E+03     161- 445     2829
Rovibration_vJ|4[4]         -Rovibration_vJ|4[5]             2.4099E-10  4.5120E-08   5.399E+06     162- 163     2830
Rovibration_vJ|4[4]         -Rovibration_vJ|5[3]             2.4153E-05  8.4750E+01   4.944E+04     162- 201     2831
Rovibration_vJ|4[4]         -Rovibration_vJ|5[5]             3.0680E-05  7.0760E+01   4.864E+04     162- 204     2832
Rovibration_vJ|4[4]         -Rovibration_vJ|6[3]             5.8654E-07  8.1860E+00   2.479E+04     162- 242     2833
Rovibration_vJ|4[4]         -Rovibration_vJ|6[5]             7.7133E-07  6.9620E+00   2.459E+04     162- 245     2834
Rovibration_vJ|4[4]         -Rovibration_vJ|7[3]             9.2558E-09  2.8760E-01   1.661E+04     162- 283     2835
Rovibration_vJ|4[4]         -Rovibration_vJ|7[5]             1.2804E-08  2.5590E-01   1.652E+04     162- 286     2836
Rovibration_vJ|4[4]         -Rovibration_vJ|8[3]             8.7762E-11  4.7910E-03   1.253E+04     162- 324     2837
Rovibration_vJ|4[4]         -Rovibration_vJ|8[5]             1.3764E-10  4.8200E-03   1.248E+04     162- 327     2838
Rovibration_vJ|4[4]         -Rovibration_vJ|9[3]             1.2439E-15  1.0480E-07   1.009E+04     162- 365     2839
Rovibration_vJ|4[4]         -Rovibration_vJ|9[5]             5.7860E-14  3.1220E-06   1.006E+04     162- 367     2840
Rovibration_vJ|4[4]         -Rovibration_vJ|10[3]            1.5944E-13  1.9100E-05   8.461E+03     162- 406     2841
Rovibration_vJ|4[4]         -Rovibration_vJ|10[5]            1.4653E-13  1.1230E-05   8.439E+03     162- 408     2842
Rovibration_vJ|4[5]         -Rovibration_vJ|4[6]             2.7340E-10  7.6220E-08   4.499E+06     163- 164     2843
Rovibration_vJ|4[5]         -Rovibration_vJ|5[4]             2.4656E-05  8.1930E+01   4.953E+04     163- 203     2844
Rovibration_vJ|4[5]         -Rovibration_vJ|5[6]             3.0175E-05  7.2220E+01   4.856E+04     163- 205     2845
Rovibration_vJ|4[5]         -Rovibration_vJ|6[4]             5.9656E-07  7.8990E+00   2.481E+04     163- 243     2846
Rovibration_vJ|4[5]         -Rovibration_vJ|6[6]             7.6164E-07  7.1210E+00   2.457E+04     163- 246     2847
Rovibration_vJ|4[5]         -Rovibration_vJ|7[4]             9.3635E-09  2.7620E-01   1.662E+04     163- 284     2848
Rovibration_vJ|4[5]         -Rovibration_vJ|7[6]             1.2716E-08  2.6310E-01   1.652E+04     163- 287     2849
Rovibration_vJ|4[5]         -Rovibration_vJ|8[4]             8.7501E-11  4.5360E-03   1.254E+04     163- 325     2850
Rovibration_vJ|4[5]         -Rovibration_vJ|8[6]             1.3857E-10  5.0220E-03   1.248E+04     163- 328     2851
Rovibration_vJ|4[5]         -Rovibration_vJ|9[4]             3.9003E-15  3.1210E-07   1.009E+04     163- 366     2852
Rovibration_vJ|4[5]         -Rovibration_vJ|9[6]             7.3273E-14  4.0910E-06   1.005E+04     163- 369     2853
Rovibration_vJ|4[5]         -Rovibration_vJ|10[4]            1.6812E-13  1.9130E-05   8.464E+03     163- 407     2854
Rovibration_vJ|4[5]         -Rovibration_vJ|10[6]            1.3835E-13  1.0970E-05   8.437E+03     163- 410     2855
Rovibration_vJ|4[6]         -Rovibration_vJ|4[7]             3.0083E-10  1.1690E-07   3.857E+06     164- 165     2856
Rovibration_vJ|4[6]         -Rovibration_vJ|5[5]             2.4988E-05  7.9980E+01   4.963E+04     164- 204     2857
Rovibration_vJ|4[6]         -Rovibration_vJ|5[7]             2.9842E-05  7.3400E+01   4.848E+04     164- 206     2858
Rovibration_vJ|4[6]         -Rovibration_vJ|6[5]             6.0247E-07  7.6980E+00   2.484E+04     164- 245     2859
Rovibration_vJ|4[6]         -Rovibration_vJ|6[7]             7.5631E-07  7.2540E+00   2.455E+04     164- 247     2860
Rovibration_vJ|4[6]         -Rovibration_vJ|7[5]             9.4024E-09  2.6780E-01   1.664E+04     164- 286     2861
Rovibration_vJ|4[6]         -Rovibration_vJ|7[7]             1.2700E-08  2.6940E-01   1.651E+04     164- 288     2862
Rovibration_vJ|4[6]         -Rovibration_vJ|8[5]             8.6598E-11  4.3360E-03   1.255E+04     164- 327     2863
Rovibration_vJ|4[6]         -Rovibration_vJ|8[7]             1.4023E-10  5.2090E-03   1.247E+04     164- 329     2864
Rovibration_vJ|4[6]         -Rovibration_vJ|9[5]             8.0373E-15  6.2130E-07   1.010E+04     164- 367     2865
Rovibration_vJ|4[6]         -Rovibration_vJ|9[7]             9.0869E-14  5.1990E-06   1.005E+04     164- 370     2866
Rovibration_vJ|4[6]         -Rovibration_vJ|10[5]            1.7582E-13  1.9330E-05   8.468E+03     164- 408     2867
Rovibration_vJ|4[6]         -Rovibration_vJ|10[7]            1.3133E-13  1.0670E-05   8.435E+03     164- 411     2868
Rovibration_vJ|4[7]         -Rovibration_vJ|4[8]             3.2266E-10  1.6670E-07   3.375E+06     165- 166     2869
Rovibration_vJ|4[7]         -Rovibration_vJ|5[6]             2.5222E-05  7.8510E+01   4.972E+04     165- 205     2870
Rovibration_vJ|4[7]         -Rovibration_vJ|5[8]             2.9609E-05  7.4390E+01   4.840E+04     165- 207     2871
Rovibration_vJ|4[7]         -Rovibration_vJ|6[6]             6.0581E-07  7.5420E+00   2.486E+04     165- 246     2872
Rovibration_vJ|4[7]         -Rovibration_vJ|6[8]             7.5347E-07  7.3690E+00   2.453E+04     165- 248     2873
Rovibration_vJ|4[7]         -Rovibration_vJ|7[6]             9.4029E-09  2.6110E-01   1.665E+04     165- 287     2874
Rovibration_vJ|4[7]         -Rovibration_vJ|7[8]             1.2726E-08  2.7510E-01   1.650E+04     165- 289     2875
Rovibration_vJ|4[7]         -Rovibration_vJ|8[6]             8.5338E-11  4.1670E-03   1.255E+04     165- 328     2876
Rovibration_vJ|4[7]         -Rovibration_vJ|8[8]             1.4238E-10  5.3880E-03   1.247E+04     165- 330     2877
Rovibration_vJ|4[7]         -Rovibration_vJ|9[6]             1.3634E-14  1.0280E-06   1.010E+04     165- 369     2878
Rovibration_vJ|4[7]         -Rovibration_vJ|9[8]             1.1066E-13  6.4490E-06   1.005E+04     165- 371     2879
Rovibration_vJ|4[7]         -Rovibration_vJ|10[6]            1.8303E-13  1.9630E-05   8.471E+03     165- 410     2880
Rovibration_vJ|4[7]         -Rovibration_vJ|10[8]            1.2484E-13  1.0330E-05   8.434E+03     165- 412     2881
Rovibration_vJ|4[8]         -Rovibration_vJ|4[9]             3.3852E-10  2.2440E-07   3.001E+06     166- 168     2882
Rovibration_vJ|4[8]         -Rovibration_vJ|5[7]             2.5385E-05  7.7310E+01   4.982E+04     166- 206     2883
Rovibration_vJ|4[8]         -Rovibration_vJ|5[9]             2.9440E-05  7.5250E+01   4.832E+04     166- 209     2884
Rovibration_vJ|4[8]         -Rovibration_vJ|6[7]             6.0757E-07  7.4140E+00   2.489E+04     166- 247     2885
Rovibration_vJ|4[8]         -Rovibration_vJ|6[9]             7.5230E-07  7.4720E+00   2.451E+04     166- 250     2886
Rovibration_vJ|4[8]         -Rovibration_vJ|7[7]             9.3780E-09  2.5540E-01   1.666E+04     166- 288     2887
Rovibration_vJ|4[8]         -Rovibration_vJ|7[9]             1.2780E-08  2.8040E-01   1.649E+04     166- 290     2888
Rovibration_vJ|4[8]         -Rovibration_vJ|8[7]             8.3874E-11  4.0180E-03   1.256E+04     166- 329     2889
Rovibration_vJ|4[8]         -Rovibration_vJ|8[9]             1.4488E-10  5.5630E-03   1.247E+04     166- 331     2890
Rovibration_vJ|4[8]         -Rovibration_vJ|9[7]             2.0653E-14  1.5280E-06   1.011E+04     166- 370     2891
Rovibration_vJ|4[8]         -Rovibration_vJ|9[9]             1.3270E-13  7.8450E-06   1.005E+04     166- 372     2892
Rovibration_vJ|4[8]         -Rovibration_vJ|10[7]            1.8993E-13  1.9990E-05   8.475E+03     166- 411     2893
Rovibration_vJ|4[8]         -Rovibration_vJ|10[9]            1.1883E-13  9.9730E-06   8.433E+03     166- 413     2894
Rovibration_vJ|3[34]        -Rovibration_vJ|3[35]            1.0667E-08  1.1660E-04   7.701E+05     167- 171     2895
Rovibration_vJ|3[34]        -Rovibration_vJ|4[33]            2.0522E-05  5.1870E+01   5.213E+04     167- 202     2896
Rovibration_vJ|3[34]        -Rovibration_vJ|4[35]            2.3943E-05  7.3210E+01   4.604E+04     167- 213     2897
Rovibration_vJ|3[34]        -Rovibration_vJ|5[33]            3.6697E-07  3.9060E+00   2.540E+04     167- 244     2898
Rovibration_vJ|3[34]        -Rovibration_vJ|5[35]            5.5889E-07  6.3530E+00   2.388E+04     167- 254     2899
Rovibration_vJ|3[34]        -Rovibration_vJ|6[33]            4.0093E-09  9.6790E-02   1.687E+04     167- 285     2900
Rovibration_vJ|3[34]        -Rovibration_vJ|6[35]            9.1211E-09  2.2560E-01   1.619E+04     167- 295     2901
Rovibration_vJ|3[34]        -Rovibration_vJ|7[33]            1.7890E-11  7.6580E-04   1.267E+04     167- 326     2902
Rovibration_vJ|3[34]        -Rovibration_vJ|7[35]            1.1840E-10  5.0860E-03   1.228E+04     167- 336     2903
Rovibration_vJ|3[34]        -Rovibration_vJ|8[33]            3.6942E-13  2.4540E-05   1.017E+04     167- 368     2904
Rovibration_vJ|3[34]        -Rovibration_vJ|8[35]            5.8662E-13  3.8620E-05   9.923E+03     167- 377     2905
Rovibration_vJ|3[34]        -Rovibration_vJ|9[33]            1.2785E-13  1.2120E-05   8.512E+03     167- 409     2906
Rovibration_vJ|3[34]        -Rovibration_vJ|9[35]            4.0869E-15  3.8080E-07   8.341E+03     167- 418     2907
Rovibration_vJ|3[34]        -Rovibration_vJ|10[33]           9.1218E-15  1.1650E-06   7.334E+03     167- 444     2908
Rovibration_vJ|3[34]        -Rovibration_vJ|10[35]           7.3766E-16  9.2050E-08   7.207E+03     167- 446     2909
Rovibration_vJ|4[9]         -Rovibration_vJ|4[10]            3.4762E-10  2.8760E-07   2.701E+06     168- 169     2910
Rovibration_vJ|4[9]         -Rovibration_vJ|5[8]             2.5506E-05  7.6300E+01   4.992E+04     168- 207     2911
Rovibration_vJ|4[9]         -Rovibration_vJ|5[10]            2.9320E-05  7.6030E+01   4.824E+04     168- 210     2912
Rovibration_vJ|4[9]         -Rovibration_vJ|6[8]             6.0833E-07  7.3050E+00   2.492E+04     168- 248     2913
Rovibration_vJ|4[9]         -Rovibration_vJ|6[10]            7.5232E-07  7.5670E+00   2.449E+04     168- 251     2914
Rovibration_vJ|4[9]         -Rovibration_vJ|7[8]             9.3413E-09  2.5050E-01   1.667E+04     168- 289     2915
Rovibration_vJ|4[9]         -Rovibration_vJ|7[10]            1.2852E-08  2.8540E-01   1.649E+04     168- 292     2916
Rovibration_vJ|4[9]         -Rovibration_vJ|8[8]             8.2293E-11  3.8830E-03   1.257E+04     168- 330     2917
Rovibration_vJ|4[9]         -Rovibration_vJ|8[10]            1.4764E-10  5.7360E-03   1.246E+04     168- 333     2918
Rovibration_vJ|4[9]         -Rovibration_vJ|9[8]             2.9059E-14  2.1180E-06   1.011E+04     168- 371     2919
Rovibration_vJ|4[9]         -Rovibration_vJ|9[10]            1.5704E-13  9.3920E-06   1.005E+04     168- 374     2920
Rovibration_vJ|4[9]         -Rovibration_vJ|10[8]            1.9663E-13  2.0390E-05   8.479E+03     168- 412     2921
Rovibration_vJ|4[9]         -Rovibration_vJ|10[10]           1.1313E-13  9.6040E-06   8.431E+03     168- 415     2922
Rovibration_vJ|4[10]        -Rovibration_vJ|4[11]            3.5011E-10  3.5360E-07   2.456E+06     169- 170     2923
Rovibration_vJ|4[10]        -Rovibration_vJ|5[9]             2.5590E-05  7.5400E+01   5.002E+04     169- 209     2924
Rovibration_vJ|4[10]        -Rovibration_vJ|5[11]            2.9229E-05  7.6730E+01   4.817E+04     169- 211     2925
Rovibration_vJ|4[10]        -Rovibration_vJ|6[9]             6.0820E-07  7.2070E+00   2.494E+04     169- 250     2926
Rovibration_vJ|4[10]        -Rovibration_vJ|6[11]            7.5308E-07  7.6550E+00   2.448E+04     169- 252     2927
Rovibration_vJ|4[10]        -Rovibration_vJ|7[9]             9.2868E-09  2.4590E-01   1.669E+04     169- 290     2928
Rovibration_vJ|4[10]        -Rovibration_vJ|7[11]            1.2939E-08  2.9020E-01   1.648E+04     169- 293     2929
Rovibration_vJ|4[10]        -Rovibration_vJ|8[9]             8.0615E-11  3.7570E-03   1.258E+04     169- 331     2930
Rovibration_vJ|4[10]        -Rovibration_vJ|8[11]            1.5059E-10  5.9070E-03   1.246E+04     169- 334     2931
Rovibration_vJ|4[10]        -Rovibration_vJ|9[9]             3.8818E-14  2.7950E-06   1.012E+04     169- 372     2932
Rovibration_vJ|4[10]        -Rovibration_vJ|9[11]            1.8385E-13  1.1100E-05   1.004E+04     169- 375     2933
Rovibration_vJ|4[10]        -Rovibration_vJ|10[9]            2.0312E-13  2.0810E-05   8.483E+03     169- 413     2934
Rovibration_vJ|4[10]        -Rovibration_vJ|10[11]           1.0769E-13  9.2280E-06   8.430E+03     169- 416     2935
Rovibration_vJ|4[11]        -Rovibration_vJ|4[12]            3.4574E-10  4.1860E-07   2.251E+06     170- 172     2936
Rovibration_vJ|4[11]        -Rovibration_vJ|5[10]            2.5654E-05  7.4600E+01   5.012E+04     170- 210     2937
Rovibration_vJ|4[11]        -Rovibration_vJ|5[12]            2.9161E-05  7.7380E+01   4.809E+04     170- 212     2938
Rovibration_vJ|4[11]        -Rovibration_vJ|6[10]            6.0761E-07  7.1190E+00   2.497E+04     170- 251     2939
Rovibration_vJ|4[11]        -Rovibration_vJ|6[12]            7.5453E-07  7.7390E+00   2.446E+04     170- 253     2940
Rovibration_vJ|4[11]        -Rovibration_vJ|7[10]            9.2302E-09  2.4180E-01   1.670E+04     170- 292     2941
Rovibration_vJ|4[11]        -Rovibration_vJ|7[12]            1.3043E-08  2.9500E-01   1.647E+04     170- 294     2942
Rovibration_vJ|4[11]        -Rovibration_vJ|8[10]            7.8899E-11  3.6390E-03   1.259E+04     170- 333     2943
Rovibration_vJ|4[11]        -Rovibration_vJ|8[12]            1.5375E-10  6.0800E-03   1.246E+04     170- 335     2944
Rovibration_vJ|4[11]        -Rovibration_vJ|9[10]            4.9895E-14  3.5560E-06   1.012E+04     170- 374     2945
Rovibration_vJ|4[11]        -Rovibration_vJ|9[12]            2.1297E-13  1.2960E-05   1.004E+04     170- 376     2946
Rovibration_vJ|4[11]        -Rovibration_vJ|10[10]           2.0962E-13  2.1260E-05   8.487E+03     170- 415     2947
Rovibration_vJ|4[11]        -Rovibration_vJ|10[12]           1.0245E-13  8.8480E-06   8.430E+03     170- 417     2948
Rovibration_vJ|3[35]        -Rovibration_vJ|3[36]            9.9892E-09  1.1550E-04   7.491E+05     171- 175     2949
Rovibration_vJ|3[35]        -Rovibration_vJ|4[34]            2.0488E-05  5.1480E+01   5.226E+04     171- 208     2950
Rovibration_vJ|3[35]        -Rovibration_vJ|4[36]            2.3970E-05  7.3510E+01   4.599E+04     171- 216     2951
Rovibration_vJ|3[35]        -Rovibration_vJ|5[34]            3.6539E-07  3.8740E+00   2.544E+04     171- 249     2952
Rovibration_vJ|3[35]        -Rovibration_vJ|5[36]            5.6228E-07  6.4000E+00   2.387E+04     171- 257     2953
Rovibration_vJ|3[35]        -Rovibration_vJ|6[34]            3.9726E-09  9.5590E-02   1.689E+04     171- 291     2954
Rovibration_vJ|3[35]        -Rovibration_vJ|6[36]            9.2354E-09  2.2860E-01   1.619E+04     171- 298     2955
Rovibration_vJ|3[35]        -Rovibration_vJ|7[34]            1.7369E-11  7.4130E-04   1.268E+04     171- 332     2956
Rovibration_vJ|3[35]        -Rovibration_vJ|7[36]            1.2125E-10  5.2110E-03   1.229E+04     171- 339     2957
Rovibration_vJ|3[35]        -Rovibration_vJ|8[34]            3.8781E-13  2.5690E-05   1.018E+04     171- 373     2958
Rovibration_vJ|3[35]        -Rovibration_vJ|8[36]            6.2822E-13  4.1370E-05   9.925E+03     171- 381     2959
Rovibration_vJ|3[35]        -Rovibration_vJ|9[34]            1.3073E-13  1.2360E-05   8.520E+03     171- 414     2960
Rovibration_vJ|3[35]        -Rovibration_vJ|9[36]            3.4543E-15  3.2190E-07   8.344E+03     171- 422     2961
Rovibration_vJ|3[35]        -Rovibration_vJ|10[34]           9.1847E-15  1.1700E-06   7.340E+03     171- 445     2962
Rovibration_vJ|3[35]        -Rovibration_vJ|10[36]           6.4331E-16  8.0280E-08   7.210E+03     171- 447     2963
Rovibration_vJ|4[12]        -Rovibration_vJ|4[13]            3.3463E-10  4.7840E-07   2.078E+06     172- 173     2964
Rovibration_vJ|4[12]        -Rovibration_vJ|5[11]            2.5698E-05  7.3860E+01   5.023E+04     172- 211     2965
Rovibration_vJ|4[12]        -Rovibration_vJ|5[13]            2.9116E-05  7.8000E+01   4.802E+04     172- 214     2966
Rovibration_vJ|4[12]        -Rovibration_vJ|6[11]            6.0662E-07  7.0380E+00   2.500E+04     172- 252     2967
Rovibration_vJ|4[12]        -Rovibration_vJ|6[13]            7.5652E-07  7.8200E+00   2.444E+04     172- 255     2968
Rovibration_vJ|4[12]        -Rovibration_vJ|7[11]            9.1653E-09  2.3790E-01   1.671E+04     172- 293     2969
Rovibration_vJ|4[12]        -Rovibration_vJ|7[13]            1.3152E-08  2.9960E-01   1.647E+04     172- 296     2970
Rovibration_vJ|4[12]        -Rovibration_vJ|8[11]            7.7177E-11  3.5280E-03   1.259E+04     172- 334     2971
Rovibration_vJ|4[12]        -Rovibration_vJ|8[13]            1.5704E-10  6.2530E-03   1.245E+04     172- 337     2972
Rovibration_vJ|4[12]        -Rovibration_vJ|9[11]            6.2250E-14  4.3980E-06   1.013E+04     172- 375     2973
Rovibration_vJ|4[12]        -Rovibration_vJ|9[13]            2.4452E-13  1.4980E-05   1.004E+04     172- 378     2974
Rovibration_vJ|4[12]        -Rovibration_vJ|10[11]           2.1600E-13  2.1720E-05   8.491E+03     172- 416     2975
Rovibration_vJ|4[12]        -Rovibration_vJ|10[13]           9.7399E-14  8.4670E-06   8.429E+03     172- 419     2976
Rovibration_vJ|4[13]        -Rovibration_vJ|4[14]            3.1700E-10  5.2830E-07   1.930E+06     173- 174     2977
Rovibration_vJ|4[13]        -Rovibration_vJ|5[12]            2.5732E-05  7.3180E+01   5.033E+04     173- 212     2978
Rovibration_vJ|4[13]        -Rovibration_vJ|5[14]            2.9078E-05  7.8570E+01   4.794E+04     173- 215     2979
Rovibration_vJ|4[13]        -Rovibration_vJ|6[12]            6.0522E-07  6.9610E+00   2.503E+04     173- 253     2980
Rovibration_vJ|4[13]        -Rovibration_vJ|6[14]            7.5887E-07  7.8980E+00   2.443E+04     173- 256     2981
Rovibration_vJ|4[13]        -Rovibration_vJ|7[12]            9.0960E-09  2.3420E-01   1.673E+04     173- 294     2982
Rovibration_vJ|4[13]        -Rovibration_vJ|7[14]            1.3271E-08  3.0420E-01   1.646E+04     173- 297     2983
Rovibration_vJ|4[13]        -Rovibration_vJ|8[12]            7.5420E-11  3.4210E-03   1.260E+04     173- 335     2984
Rovibration_vJ|4[13]        -Rovibration_vJ|8[14]            1.6048E-10  6.4280E-03   1.245E+04     173- 338     2985
Rovibration_vJ|4[13]        -Rovibration_vJ|9[12]            7.5831E-14  5.3170E-06   1.014E+04     173- 376     2986
Rovibration_vJ|4[13]        -Rovibration_vJ|9[14]            2.7882E-13  1.7180E-05   1.004E+04     173- 379     2987
Rovibration_vJ|4[13]        -Rovibration_vJ|10[12]           2.2233E-13  2.2190E-05   8.496E+03     173- 417     2988
Rovibration_vJ|4[13]        -Rovibration_vJ|10[14]           9.2494E-14  8.0860E-06   8.428E+03     173- 420     2989
Rovibration_vJ|4[14]        -Rovibration_vJ|4[15]            2.9341E-10  5.6380E-07   1.802E+06     174- 176     2990
Rovibration_vJ|4[14]        -Rovibration_vJ|5[13]            2.5748E-05  7.2520E+01   5.043E+04     174- 214     2991
Rovibration_vJ|4[14]        -Rovibration_vJ|5[15]            2.9058E-05  7.9130E+01   4.787E+04     174- 217     2992
Rovibration_vJ|4[14]        -Rovibration_vJ|6[13]            6.0365E-07  6.8890E+00   2.506E+04     174- 255     2993
Rovibration_vJ|4[14]        -Rovibration_vJ|6[15]            7.6154E-07  7.9740E+00   2.441E+04     174- 258     2994
Rovibration_vJ|4[14]        -Rovibration_vJ|7[13]            9.0247E-09  2.3070E-01   1.674E+04     174- 296     2995
Rovibration_vJ|4[14]        -Rovibration_vJ|7[15]            1.3393E-08  3.0870E-01   1.645E+04     174- 299     2996
Rovibration_vJ|4[14]        -Rovibration_vJ|8[13]            7.3700E-11  3.3200E-03   1.261E+04     174- 337     2997
Rovibration_vJ|4[14]        -Rovibration_vJ|8[15]            1.6405E-10  6.6050E-03   1.245E+04     174- 340     2998
Rovibration_vJ|4[14]        -Rovibration_vJ|9[13]            9.0614E-14  6.3110E-06   1.014E+04     174- 378     2999
Rovibration_vJ|4[14]        -Rovibration_vJ|9[15]            3.1570E-13  1.9550E-05   1.004E+04     174- 380     3000
Rovibration_vJ|4[14]        -Rovibration_vJ|10[13]           2.2875E-13  2.2680E-05   8.501E+03     174- 419     3001
Rovibration_vJ|4[14]        -Rovibration_vJ|10[15]           8.7732E-14  7.7070E-06   8.428E+03     174- 421     3002
Rovibration_vJ|3[36]        -Rovibration_vJ|3[37]            9.2702E-09  1.1320E-04   7.292E+05     175- 178     3003
Rovibration_vJ|3[36]        -Rovibration_vJ|4[35]            2.0453E-05  5.1090E+01   5.240E+04     175- 213     3004
Rovibration_vJ|3[36]        -Rovibration_vJ|4[37]            2.3994E-05  7.3800E+01   4.594E+04     175- 219     3005
Rovibration_vJ|3[36]        -Rovibration_vJ|5[35]            3.6389E-07  3.8430E+00   2.548E+04     175- 254     3006
Rovibration_vJ|3[36]        -Rovibration_vJ|5[37]            5.6570E-07  6.4470E+00   2.387E+04     175- 261     3007
Rovibration_vJ|3[36]        -Rovibration_vJ|6[35]            3.9364E-09  9.4410E-02   1.691E+04     175- 295     3008
Rovibration_vJ|3[36]        -Rovibration_vJ|6[37]            9.3503E-09  2.3160E-01   1.619E+04     175- 302     3009
Rovibration_vJ|3[36]        -Rovibration_vJ|7[35]            1.6859E-11  7.1740E-04   1.270E+04     175- 336     3010
Rovibration_vJ|3[36]        -Rovibration_vJ|7[37]            1.2419E-10  5.3390E-03   1.229E+04     175- 343     3011
Rovibration_vJ|3[36]        -Rovibration_vJ|8[35]            4.0661E-13  2.6860E-05   1.019E+04     175- 377     3012
Rovibration_vJ|3[36]        -Rovibration_vJ|8[37]            6.7183E-13  4.4250E-05   9.928E+03     175- 384     3013
Rovibration_vJ|3[36]        -Rovibration_vJ|9[35]            1.3362E-13  1.2600E-05   8.528E+03     175- 418     3014
Rovibration_vJ|3[36]        -Rovibration_vJ|9[37]            2.8746E-15  2.6790E-07   8.347E+03     175- 425     3015
Rovibration_vJ|3[36]        -Rovibration_vJ|10[35]           9.2558E-15  1.1760E-06   7.347E+03     175- 446     3016
Rovibration_vJ|3[36]        -Rovibration_vJ|10[37]           5.5518E-16  6.9280E-08   7.213E+03     175- 448     3017
Rovibration_vJ|4[15]        -Rovibration_vJ|4[16]            2.6447E-10  5.8040E-07   1.690E+06     176- 177     3018
Rovibration_vJ|4[15]        -Rovibration_vJ|5[14]            2.5758E-05  7.1900E+01   5.054E+04     176- 215     3019
Rovibration_vJ|4[15]        -Rovibration_vJ|5[16]            2.9040E-05  7.9650E+01   4.780E+04     176- 218     3020
Rovibration_vJ|4[15]        -Rovibration_vJ|6[14]            6.0187E-07  6.8200E+00   2.508E+04     176- 256     3021
Rovibration_vJ|4[15]        -Rovibration_vJ|6[16]            7.6445E-07  8.0480E+00   2.440E+04     176- 259     3022
Rovibration_vJ|4[15]        -Rovibration_vJ|7[14]            8.9497E-09  2.2730E-01   1.676E+04     176- 297     3023
Rovibration_vJ|4[15]        -Rovibration_vJ|7[16]            1.3523E-08  3.1320E-01   1.645E+04     176- 300     3024
Rovibration_vJ|4[15]        -Rovibration_vJ|8[14]            7.1969E-11  3.2220E-03   1.262E+04     176- 338     3025
Rovibration_vJ|4[15]        -Rovibration_vJ|8[16]            1.6773E-10  6.7840E-03   1.245E+04     176- 341     3026
Rovibration_vJ|4[15]        -Rovibration_vJ|9[14]            1.0656E-13  7.3770E-06   1.015E+04     176- 379     3027
Rovibration_vJ|4[15]        -Rovibration_vJ|9[16]            3.5533E-13  2.2100E-05   1.004E+04     176- 382     3028
Rovibration_vJ|4[15]        -Rovibration_vJ|10[14]           2.3507E-13  2.3170E-05   8.505E+03     176- 420     3029
Rovibration_vJ|4[15]        -Rovibration_vJ|10[16]           8.3088E-14  7.3300E-06   8.428E+03     176- 423     3030
Rovibration_vJ|4[16]        -Rovibration_vJ|4[17]            2.3110E-10  5.7440E-07   1.591E+06     177- 179     3031
Rovibration_vJ|4[16]        -Rovibration_vJ|5[15]            2.5763E-05  7.1310E+01   5.065E+04     177- 217     3032
Rovibration_vJ|4[16]        -Rovibration_vJ|5[17]            2.9033E-05  8.0160E+01   4.773E+04     177- 220     3033
Rovibration_vJ|4[16]        -Rovibration_vJ|6[15]            5.9996E-07  6.7540E+00   2.511E+04     177- 258     3034
Rovibration_vJ|4[16]        -Rovibration_vJ|6[17]            7.6752E-07  8.1200E+00   2.438E+04     177- 260     3035
Rovibration_vJ|4[16]        -Rovibration_vJ|7[15]            8.8762E-09  2.2410E-01   1.677E+04     177- 299     3036
Rovibration_vJ|4[16]        -Rovibration_vJ|7[17]            1.3659E-08  3.1770E-01   1.644E+04     177- 301     3037
Rovibration_vJ|4[16]        -Rovibration_vJ|8[15]            7.0241E-11  3.1270E-03   1.263E+04     177- 340     3038
Rovibration_vJ|4[16]        -Rovibration_vJ|8[17]            1.7152E-10  6.9650E-03   1.244E+04     177- 342     3039
Rovibration_vJ|4[16]        -Rovibration_vJ|9[15]            1.2364E-13  8.5130E-06   1.016E+04     177- 380     3040
Rovibration_vJ|4[16]        -Rovibration_vJ|9[17]            3.9771E-13  2.4830E-05   1.004E+04     177- 383     3041
Rovibration_vJ|4[16]        -Rovibration_vJ|10[15]           2.4143E-13  2.3670E-05   8.510E+03     177- 421     3042
Rovibration_vJ|4[16]        -Rovibration_vJ|10[17]           7.8569E-14  6.9570E-06   8.428E+03     177- 424     3043
Rovibration_vJ|3[37]        -Rovibration_vJ|3[38]            8.5271E-09  1.0980E-04   7.103E+05     178- 181     3044
Rovibration_vJ|3[37]        -Rovibration_vJ|4[36]            2.0417E-05  5.0700E+01   5.253E+04     178- 216     3045
Rovibration_vJ|3[37]        -Rovibration_vJ|4[38]            2.4024E-05  7.4100E+01   4.590E+04     178- 222     3046
Rovibration_vJ|3[37]        -Rovibration_vJ|5[36]            3.6236E-07  3.8120E+00   2.552E+04     178- 257     3047
Rovibration_vJ|3[37]        -Rovibration_vJ|5[38]            5.6915E-07  6.4940E+00   2.386E+04     178- 264     3048
Rovibration_vJ|3[37]        -Rovibration_vJ|6[36]            3.9007E-09  9.3250E-02   1.693E+04     178- 298     3049
Rovibration_vJ|3[37]        -Rovibration_vJ|6[38]            9.4658E-09  2.3460E-01   1.619E+04     178- 305     3050
Rovibration_vJ|3[37]        -Rovibration_vJ|7[36]            1.6364E-11  6.9430E-04   1.271E+04     178- 339     3051
Rovibration_vJ|3[37]        -Rovibration_vJ|7[38]            1.2717E-10  5.4690E-03   1.229E+04     178- 346     3052
Rovibration_vJ|3[37]        -Rovibration_vJ|8[36]            4.2550E-13  2.8030E-05   1.020E+04     178- 381     3053
Rovibration_vJ|3[37]        -Rovibration_vJ|8[38]            7.1714E-13  4.7240E-05   9.931E+03     178- 387     3054
Rovibration_vJ|3[37]        -Rovibration_vJ|9[36]            1.3664E-13  1.2850E-05   8.536E+03     178- 422     3055
Rovibration_vJ|3[37]        -Rovibration_vJ|9[38]            2.3457E-15  2.1860E-07   8.350E+03     178- 428     3056
Rovibration_vJ|3[37]        -Rovibration_vJ|10[36]           9.3271E-15  1.1820E-06   7.354E+03     178- 447     3057
Rovibration_vJ|3[37]        -Rovibration_vJ|10[38]           4.7333E-16  5.9060E-08   7.216E+03     178- 449     3058
Rovibration_vJ|4[17]        -Rovibration_vJ|4[18]            1.9446E-10  5.4340E-07   1.503E+06     179- 180     3059
Rovibration_vJ|4[17]        -Rovibration_vJ|5[16]            2.5758E-05  7.0730E+01   5.076E+04     179- 218     3060
Rovibration_vJ|4[17]        -Rovibration_vJ|5[18]            2.9034E-05  8.0660E+01   4.766E+04     179- 221     3061
Rovibration_vJ|4[17]        -Rovibration_vJ|6[16]            5.9800E-07  6.6910E+00   2.515E+04     179- 259     3062
Rovibration_vJ|4[17]        -Rovibration_vJ|6[18]            7.7089E-07  8.1920E+00   2.437E+04     179- 262     3063
Rovibration_vJ|4[17]        -Rovibration_vJ|7[16]            8.7975E-09  2.2090E-01   1.679E+04     179- 300     3064
Rovibration_vJ|4[17]        -Rovibration_vJ|7[18]            1.3803E-08  3.2230E-01   1.644E+04     179- 303     3065
Rovibration_vJ|4[17]        -Rovibration_vJ|8[16]            6.8551E-11  3.0360E-03   1.264E+04     179- 341     3066
Rovibration_vJ|4[17]        -Rovibration_vJ|8[18]            1.7545E-10  7.1500E-03   1.244E+04     179- 344     3067
Rovibration_vJ|4[17]        -Rovibration_vJ|9[16]            1.4180E-13  9.7150E-06   1.016E+04     179- 382     3068
Rovibration_vJ|4[17]        -Rovibration_vJ|9[18]            4.4298E-13  2.7750E-05   1.004E+04     179- 385     3069
Rovibration_vJ|4[17]        -Rovibration_vJ|10[16]           2.4773E-13  2.4170E-05   8.515E+03     179- 423     3070
Rovibration_vJ|4[17]        -Rovibration_vJ|10[18]           7.4171E-14  6.5890E-06   8.428E+03     179- 426     3071
Rovibration_vJ|4[18]        -Rovibration_vJ|4[19]            1.5594E-10  4.8670E-07   1.424E+06     180- 182     3072
Rovibration_vJ|4[18]        -Rovibration_vJ|5[17]            2.5750E-05  7.0170E+01   5.087E+04     180- 220     3073
Rovibration_vJ|4[18]        -Rovibration_vJ|5[19]            2.9034E-05  8.1130E+01   4.759E+04     180- 223     3074
Rovibration_vJ|4[18]        -Rovibration_vJ|6[17]            5.9586E-07  6.6290E+00   2.518E+04     180- 260     3075
Rovibration_vJ|4[18]        -Rovibration_vJ|6[19]            7.7441E-07  8.2630E+00   2.435E+04     180- 263     3076
Rovibration_vJ|4[18]        -Rovibration_vJ|7[17]            8.7225E-09  2.1790E-01   1.680E+04     180- 301     3077
Rovibration_vJ|4[18]        -Rovibration_vJ|7[19]            1.3947E-08  3.2680E-01   1.643E+04     180- 304     3078
Rovibration_vJ|4[18]        -Rovibration_vJ|8[17]            6.6907E-11  2.9490E-03   1.265E+04     180- 342     3079
Rovibration_vJ|4[18]        -Rovibration_vJ|8[19]            1.7949E-10  7.3380E-03   1.244E+04     180- 345     3080
Rovibration_vJ|4[18]        -Rovibration_vJ|9[17]            1.6101E-13  1.0980E-05   1.017E+04     180- 383     3081
Rovibration_vJ|4[18]        -Rovibration_vJ|9[19]            4.9115E-13  3.0860E-05   1.004E+04     180- 386     3082
Rovibration_vJ|4[18]        -Rovibration_vJ|10[17]           2.5410E-13  2.4680E-05   8.521E+03     180- 424     3083
Rovibration_vJ|4[18]        -Rovibration_vJ|10[19]           6.9884E-14  6.2260E-06   8.428E+03     180- 427     3084
Rovibration_vJ|3[38]        -Rovibration_vJ|3[39]            7.7589E-09  1.0520E-04   6.925E+05     181- 184     3085
Rovibration_vJ|3[38]        -Rovibration_vJ|4[37]            2.0384E-05  5.0320E+01   5.267E+04     181- 219     3086
Rovibration_vJ|3[38]        -Rovibration_vJ|4[39]            2.4048E-05  7.4380E+01   4.585E+04     181- 225     3087
Rovibration_vJ|3[38]        -Rovibration_vJ|5[37]            3.6081E-07  3.7810E+00   2.556E+04     181- 261     3088
Rovibration_vJ|3[38]        -Rovibration_vJ|5[39]            5.7272E-07  6.5420E+00   2.386E+04     181- 266     3089
Rovibration_vJ|3[38]        -Rovibration_vJ|6[37]            3.8660E-09  9.2120E-02   1.695E+04     181- 302     3090
Rovibration_vJ|3[38]        -Rovibration_vJ|6[39]            9.5858E-09  2.3770E-01   1.619E+04     181- 308     3091
Rovibration_vJ|3[38]        -Rovibration_vJ|7[37]            1.5883E-11  6.7190E-04   1.272E+04     181- 343     3092
Rovibration_vJ|3[38]        -Rovibration_vJ|7[39]            1.3024E-10  5.6020E-03   1.229E+04     181- 349     3093
Rovibration_vJ|3[38]        -Rovibration_vJ|8[37]            4.4480E-13  2.9220E-05   1.021E+04     181- 384     3094
Rovibration_vJ|3[38]        -Rovibration_vJ|8[39]            7.6463E-13  5.0370E-05   9.934E+03     181- 390     3095
Rovibration_vJ|3[38]        -Rovibration_vJ|9[37]            1.3967E-13  1.3100E-05   8.545E+03     181- 425     3096
Rovibration_vJ|3[38]        -Rovibration_vJ|9[39]            1.8683E-15  1.7410E-07   8.353E+03     181- 431     3097
Rovibration_vJ|3[38]        -Rovibration_vJ|10[37]           9.3907E-15  1.1870E-06   7.361E+03     181- 448     3098
Rovibration_vJ|3[38]        -Rovibration_vJ|10[39]           3.9799E-16  4.9650E-08   7.219E+03     181- 450     3099
Rovibration_vJ|4[19]        -Rovibration_vJ|4[20]            1.1721E-10  4.0620E-07   1.353E+06     182- 183     3100
Rovibration_vJ|4[19]        -Rovibration_vJ|5[18]            2.5736E-05  6.9620E+01   5.098E+04     182- 221     3101
Rovibration_vJ|4[19]        -Rovibration_vJ|5[20]            2.9043E-05  8.1600E+01   4.752E+04     182- 224     3102
Rovibration_vJ|4[19]        -Rovibration_vJ|6[18]            5.9367E-07  6.5690E+00   2.521E+04     182- 262     3103
Rovibration_vJ|4[19]        -Rovibration_vJ|6[20]            7.7806E-07  8.3330E+00   2.434E+04     182- 265     3104
Rovibration_vJ|4[19]        -Rovibration_vJ|7[18]            8.6438E-09  2.1490E-01   1.682E+04     182- 303     3105
Rovibration_vJ|4[19]        -Rovibration_vJ|7[20]            1.4095E-08  3.3130E-01   1.643E+04     182- 306     3106
Rovibration_vJ|4[19]        -Rovibration_vJ|8[18]            6.5249E-11  2.8630E-03   1.266E+04     182- 344     3107
Rovibration_vJ|4[19]        -Rovibration_vJ|8[20]            1.8361E-10  7.5280E-03   1.244E+04     182- 347     3108
Rovibration_vJ|4[19]        -Rovibration_vJ|9[18]            1.8129E-13  1.2310E-05   1.018E+04     182- 385     3109
Rovibration_vJ|4[19]        -Rovibration_vJ|9[20]            5.4238E-13  3.4170E-05   1.004E+04     182- 388     3110
Rovibration_vJ|4[19]        -Rovibration_vJ|10[18]           2.6055E-13  2.5200E-05   8.526E+03     182- 426     3111
Rovibration_vJ|4[19]        -Rovibration_vJ|10[20]           6.5709E-14  5.8690E-06   8.428E+03     182- 429     3112
Rovibration_vJ|4[20]        -Rovibration_vJ|4[21]            8.0281E-11  3.0730E-07   1.289E+06     183- 185     3113
Rovibration_vJ|4[20]        -Rovibration_vJ|5[19]            2.5721E-05  6.9090E+01   5.109E+04     183- 223     3114
Rovibration_vJ|4[20]        -Rovibration_vJ|5[21]            2.9053E-05  8.2050E+01   4.746E+04     183- 226     3115
Rovibration_vJ|4[20]        -Rovibration_vJ|6[19]            5.9138E-07  6.5100E+00   2.524E+04     183- 263     3116
Rovibration_vJ|4[20]        -Rovibration_vJ|6[21]            7.8188E-07  8.4030E+00   2.433E+04     183- 267     3117
Rovibration_vJ|4[20]        -Rovibration_vJ|7[19]            8.5700E-09  2.1210E-01   1.683E+04     183- 304     3118
Rovibration_vJ|4[20]        -Rovibration_vJ|7[21]            1.4249E-08  3.3590E-01   1.643E+04     183- 307     3119
Rovibration_vJ|4[20]        -Rovibration_vJ|8[19]            6.3649E-11  2.7810E-03   1.267E+04     183- 345     3120
Rovibration_vJ|4[20]        -Rovibration_vJ|8[21]            1.8788E-10  7.7230E-03   1.244E+04     183- 348     3121
Rovibration_vJ|4[20]        -Rovibration_vJ|9[19]            2.0259E-13  1.3700E-05   1.018E+04     183- 386     3122
Rovibration_vJ|4[20]        -Rovibration_vJ|9[21]            5.9667E-13  3.7680E-05   1.004E+04     183- 389     3123
Rovibration_vJ|4[20]        -Rovibration_vJ|10[19]           2.6687E-13  2.5710E-05   8.532E+03     183- 427     3124
Rovibration_vJ|4[20]        -Rovibration_vJ|10[21]           6.1640E-14  5.5180E-06   8.429E+03     183- 430     3125
Rovibration_vJ|3[39]        -Rovibration_vJ|3[40]            6.9853E-09  9.9590E-05   6.755E+05     184- 187     3126
Rovibration_vJ|3[39]        -Rovibration_vJ|4[38]            2.0350E-05  4.9940E+01   5.281E+04     184- 222     3127
Rovibration_vJ|3[39]        -Rovibration_vJ|4[40]            2.4074E-05  7.4660E+01   4.580E+04     184- 228     3128
Rovibration_vJ|3[39]        -Rovibration_vJ|5[38]            3.5935E-07  3.7510E+00   2.560E+04     184- 264     3129
Rovibration_vJ|3[39]        -Rovibration_vJ|5[40]            5.7624E-07  6.5890E+00   2.385E+04     184- 269     3130
Rovibration_vJ|3[39]        -Rovibration_vJ|6[38]            3.8315E-09  9.1000E-02   1.697E+04     184- 305     3131
Rovibration_vJ|3[39]        -Rovibration_vJ|6[40]            9.7064E-09  2.4080E-01   1.619E+04     184- 310     3132
Rovibration_vJ|3[39]        -Rovibration_vJ|7[38]            1.5416E-11  6.5020E-04   1.274E+04     184- 346     3133
Rovibration_vJ|3[39]        -Rovibration_vJ|7[40]            1.3338E-10  5.7380E-03   1.230E+04     184- 351     3134
Rovibration_vJ|3[39]        -Rovibration_vJ|8[38]            4.6435E-13  3.0420E-05   1.022E+04     184- 387     3135
Rovibration_vJ|3[39]        -Rovibration_vJ|8[40]            8.1414E-13  5.3630E-05   9.938E+03     184- 393     3136
Rovibration_vJ|3[39]        -Rovibration_vJ|9[38]            1.4271E-13  1.3350E-05   8.553E+03     184- 428     3137
Rovibration_vJ|3[39]        -Rovibration_vJ|9[40]            1.4447E-15  1.3460E-07   8.356E+03     184- 434     3138
Rovibration_vJ|3[39]        -Rovibration_vJ|10[38]           9.4626E-15  1.1930E-06   7.368E+03     184- 449     3139
Rovibration_vJ|3[39]        -Rovibration_vJ|10[40]           3.2905E-16  4.1040E-08   7.222E+03     184- 451     3140
Rovibration_vJ|4[21]        -Rovibration_vJ|4[22]            4.7389E-11  1.9940E-07   1.231E+06     185- 186     3141
Rovibration_vJ|4[21]        -Rovibration_vJ|5[20]            2.5699E-05  6.8560E+01   5.121E+04     185- 224     3142
Rovibration_vJ|4[21]        -Rovibration_vJ|5[22]            2.9069E-05  8.2500E+01   4.739E+04     185- 227     3143
Rovibration_vJ|4[21]        -Rovibration_vJ|6[20]            5.8911E-07  6.4530E+00   2.527E+04     185- 265     3144
Rovibration_vJ|4[21]        -Rovibration_vJ|6[22]            7.8578E-07  8.4720E+00   2.431E+04     185- 268     3145
Rovibration_vJ|4[21]        -Rovibration_vJ|7[20]            8.4935E-09  2.0930E-01   1.685E+04     185- 306     3146
Rovibration_vJ|4[21]        -Rovibration_vJ|7[22]            1.4407E-08  3.4050E-01   1.642E+04     185- 309     3147
Rovibration_vJ|4[21]        -Rovibration_vJ|8[20]            6.2067E-11  2.7010E-03   1.268E+04     185- 347     3148
Rovibration_vJ|4[21]        -Rovibration_vJ|8[22]            1.9223E-10  7.9200E-03   1.244E+04     185- 350     3149
Rovibration_vJ|4[21]        -Rovibration_vJ|9[20]            2.2474E-13  1.5140E-05   1.019E+04     185- 388     3150
Rovibration_vJ|4[21]        -Rovibration_vJ|9[22]            6.5434E-13  4.1410E-05   1.004E+04     185- 391     3151
Rovibration_vJ|4[21]        -Rovibration_vJ|10[20]           2.7339E-13  2.6240E-05   8.537E+03     185- 429     3152
Rovibration_vJ|4[21]        -Rovibration_vJ|10[22]           5.7681E-14  5.1740E-06   8.430E+03     185- 432     3153
Rovibration_vJ|4[22]        -Rovibration_vJ|4[23]            2.1106E-11  9.7200E-08   1.178E+06     186- 188     3154
Rovibration_vJ|4[22]        -Rovibration_vJ|5[21]            2.5675E-05  6.8040E+01   5.132E+04     186- 226     3155
Rovibration_vJ|4[22]        -Rovibration_vJ|5[23]            2.9084E-05  8.2930E+01   4.733E+04     186- 229     3156
Rovibration_vJ|4[22]        -Rovibration_vJ|6[21]            5.8679E-07  6.3970E+00   2.530E+04     186- 267     3157
Rovibration_vJ|4[22]        -Rovibration_vJ|6[23]            7.8983E-07  8.5410E+00   2.430E+04     186- 270     3158
Rovibration_vJ|4[22]        -Rovibration_vJ|7[21]            8.4147E-09  2.0650E-01   1.687E+04     186- 307     3159
Rovibration_vJ|4[22]        -Rovibration_vJ|7[23]            1.4567E-08  3.4510E-01   1.642E+04     186- 311     3160
Rovibration_vJ|4[22]        -Rovibration_vJ|8[21]            6.0507E-11  2.6230E-03   1.269E+04     186- 348     3161
Rovibration_vJ|4[22]        -Rovibration_vJ|8[23]            1.9672E-10  8.1220E-03   1.244E+04     186- 352     3162
Rovibration_vJ|4[22]        -Rovibration_vJ|9[21]            2.4777E-13  1.6630E-05   1.020E+04     186- 389     3163
Rovibration_vJ|4[22]        -Rovibration_vJ|9[23]            7.1507E-13  4.5340E-05   1.004E+04     186- 392     3164
Rovibration_vJ|4[22]        -Rovibration_vJ|10[21]           2.7980E-13  2.6760E-05   8.543E+03     186- 430     3165
Rovibration_vJ|4[22]        -Rovibration_vJ|10[23]           5.3840E-14  4.8380E-06   8.430E+03     186- 433     3166
Rovibration_vJ|3[40]        -Rovibration_vJ|4[39]            2.0311E-05  4.9550E+01   5.295E+04     187- 225     3167
Rovibration_vJ|3[40]        -Rovibration_vJ|5[39]            3.5777E-07  3.7200E+00   2.565E+04     187- 266     3168
Rovibration_vJ|3[40]        -Rovibration_vJ|6[39]            3.7975E-09  8.9900E-02   1.700E+04     187- 308     3169
Rovibration_vJ|3[40]        -Rovibration_vJ|7[39]            1.4960E-11  6.2910E-04   1.275E+04     187- 349     3170
Rovibration_vJ|3[40]        -Rovibration_vJ|8[39]            4.8432E-13  3.1640E-05   1.023E+04     187- 390     3171
Rovibration_vJ|3[40]        -Rovibration_vJ|9[39]            1.4588E-13  1.3610E-05   8.562E+03     187- 431     3172
Rovibration_vJ|3[40]        -Rovibration_vJ|10[39]           9.5427E-15  1.2000E-06   7.375E+03     187- 450     3173
Rovibration_vJ|4[23]        -Rovibration_vJ|4[24]            4.3602E-12  2.1890E-08   1.129E+06     188- 189     3174
Rovibration_vJ|4[23]        -Rovibration_vJ|5[22]            2.5650E-05  6.7530E+01   5.144E+04     188- 227     3175
Rovibration_vJ|4[23]        -Rovibration_vJ|5[24]            2.9104E-05  8.3360E+01   4.726E+04     188- 230     3176
Rovibration_vJ|4[23]        -Rovibration_vJ|6[22]            5.8443E-07  6.3420E+00   2.534E+04     188- 268     3177
Rovibration_vJ|4[23]        -Rovibration_vJ|6[24]            7.9391E-07  8.6090E+00   2.429E+04     188- 271     3178
Rovibration_vJ|4[23]        -Rovibration_vJ|7[22]            8.3379E-09  2.0380E-01   1.688E+04     188- 309     3179
Rovibration_vJ|4[23]        -Rovibration_vJ|7[24]            1.4729E-08  3.4970E-01   1.642E+04     188- 312     3180
Rovibration_vJ|4[23]        -Rovibration_vJ|8[22]            5.8994E-11  2.5480E-03   1.270E+04     188- 350     3181
Rovibration_vJ|4[23]        -Rovibration_vJ|8[24]            2.0131E-10  8.3270E-03   1.244E+04     188- 353     3182
Rovibration_vJ|4[23]        -Rovibration_vJ|9[22]            2.7181E-13  1.8180E-05   1.021E+04     188- 391     3183
Rovibration_vJ|4[23]        -Rovibration_vJ|9[24]            7.7935E-13  4.9500E-05   1.004E+04     188- 394     3184
Rovibration_vJ|4[23]        -Rovibration_vJ|10[22]           2.8631E-13  2.7290E-05   8.549E+03     188- 432     3185
Rovibration_vJ|4[23]        -Rovibration_vJ|10[24]           5.0099E-14  4.5090E-06   8.431E+03     188- 435     3186
Rovibration_vJ|4[24]        -Rovibration_vJ|4[25]            4.0729E-13  2.2210E-09   1.084E+06     189- 190     3187
Rovibration_vJ|4[24]        -Rovibration_vJ|5[23]            2.5624E-05  6.7030E+01   5.156E+04     189- 229     3188
Rovibration_vJ|4[24]        -Rovibration_vJ|5[25]            2.9125E-05  8.3780E+01   4.720E+04     189- 231     3189
Rovibration_vJ|4[24]        -Rovibration_vJ|6[23]            5.8206E-07  6.2880E+00   2.537E+04     189- 270     3190
Rovibration_vJ|4[24]        -Rovibration_vJ|6[25]            7.9811E-07  8.6770E+00   2.428E+04     189- 272     3191
Rovibration_vJ|4[24]        -Rovibration_vJ|7[23]            8.2635E-09  2.0120E-01   1.690E+04     189- 311     3192
Rovibration_vJ|4[24]        -Rovibration_vJ|7[25]            1.4897E-08  3.5440E-01   1.641E+04     189- 313     3193
Rovibration_vJ|4[24]        -Rovibration_vJ|8[23]            5.7509E-11  2.4750E-03   1.271E+04     189- 352     3194
Rovibration_vJ|4[24]        -Rovibration_vJ|8[25]            2.0601E-10  8.5360E-03   1.244E+04     189- 354     3195
Rovibration_vJ|4[24]        -Rovibration_vJ|9[23]            2.9674E-13  1.9780E-05   1.021E+04     189- 392     3196
Rovibration_vJ|4[24]        -Rovibration_vJ|9[25]            8.4702E-13  5.3880E-05   1.004E+04     189- 395     3197
Rovibration_vJ|4[24]        -Rovibration_vJ|10[23]           2.9293E-13  2.7830E-05   8.556E+03     189- 433     3198
Rovibration_vJ|4[24]        -Rovibration_vJ|10[25]           4.6478E-14  4.1890E-06   8.432E+03     189- 436     3199
Rovibration_vJ|4[25]        -Rovibration_vJ|4[26]            1.2871E-11  7.5980E-08   1.043E+06     190- 191     3200
Rovibration_vJ|4[25]        -Rovibration_vJ|5[24]            2.5594E-05  6.6530E+01   5.168E+04     190- 230     3201
Rovibration_vJ|4[25]        -Rovibration_vJ|5[26]            2.9147E-05  8.4190E+01   4.714E+04     190- 232     3202
Rovibration_vJ|4[25]        -Rovibration_vJ|6[24]            5.7969E-07  6.2350E+00   2.541E+04     190- 271     3203
Rovibration_vJ|4[25]        -Rovibration_vJ|6[26]            8.0241E-07  8.7450E+00   2.427E+04     190- 273     3204
Rovibration_vJ|4[25]        -Rovibration_vJ|7[24]            8.1874E-09  1.9860E-01   1.692E+04     190- 312     3205
Rovibration_vJ|4[25]        -Rovibration_vJ|7[26]            1.5066E-08  3.5910E-01   1.641E+04     190- 314     3206
Rovibration_vJ|4[25]        -Rovibration_vJ|8[24]            5.6052E-11  2.4040E-03   1.272E+04     190- 353     3207
Rovibration_vJ|4[25]        -Rovibration_vJ|8[26]            2.1080E-10  8.7480E-03   1.244E+04     190- 355     3208
Rovibration_vJ|4[25]        -Rovibration_vJ|9[24]            3.2239E-13  2.1420E-05   1.022E+04     190- 394     3209
Rovibration_vJ|4[25]        -Rovibration_vJ|9[26]            9.1840E-13  5.8500E-05   1.004E+04     190- 396     3210
Rovibration_vJ|4[25]        -Rovibration_vJ|10[24]           2.9945E-13  2.8360E-05   8.562E+03     190- 435     3211
Rovibration_vJ|4[25]        -Rovibration_vJ|10[26]           4.2975E-14  3.8780E-06   8.434E+03     190- 437     3212
Rovibration_vJ|4[26]        -Rovibration_vJ|4[27]            4.5757E-11  2.9150E-07   1.004E+06     191- 192     3213
Rovibration_vJ|4[26]        -Rovibration_vJ|5[25]            2.5564E-05  6.6040E+01   5.180E+04     191- 231     3214
Rovibration_vJ|4[26]        -Rovibration_vJ|5[27]            2.9169E-05  8.4590E+01   4.708E+04     191- 233     3215
Rovibration_vJ|4[26]        -Rovibration_vJ|6[25]            5.7723E-07  6.1820E+00   2.544E+04     191- 272     3216
Rovibration_vJ|4[26]        -Rovibration_vJ|6[27]            8.0680E-07  8.8130E+00   2.426E+04     191- 274     3217
Rovibration_vJ|4[26]        -Rovibration_vJ|7[25]            8.1140E-09  1.9610E-01   1.694E+04     191- 313     3218
Rovibration_vJ|4[26]        -Rovibration_vJ|7[27]            1.5242E-08  3.6390E-01   1.641E+04     191- 315     3219
Rovibration_vJ|4[26]        -Rovibration_vJ|8[25]            5.4627E-11  2.3350E-03   1.273E+04     191- 354     3220
Rovibration_vJ|4[26]        -Rovibration_vJ|8[27]            2.1573E-10  8.9650E-03   1.244E+04     191- 356     3221
Rovibration_vJ|4[26]        -Rovibration_vJ|9[25]            3.4894E-13  2.3110E-05   1.023E+04     191- 395     3222
Rovibration_vJ|4[26]        -Rovibration_vJ|9[27]            9.9334E-13  6.3350E-05   1.004E+04     191- 397     3223
Rovibration_vJ|4[26]        -Rovibration_vJ|10[25]           3.0609E-13  2.8900E-05   8.568E+03     191- 436     3224
Rovibration_vJ|4[26]        -Rovibration_vJ|10[27]           3.9574E-14  3.5750E-06   8.435E+03     191- 438     3225
Rovibration_vJ|4[27]        -Rovibration_vJ|4[28]            1.0344E-10  7.0910E-07   9.690E+05     192- 193     3226
Rovibration_vJ|4[27]        -Rovibration_vJ|5[26]            2.5531E-05  6.5550E+01   5.192E+04     192- 232     3227
Rovibration_vJ|4[27]        -Rovibration_vJ|5[28]            2.9195E-05  8.4990E+01   4.702E+04     192- 234     3228
Rovibration_vJ|4[27]        -Rovibration_vJ|6[26]            5.7489E-07  6.1310E+00   2.548E+04     192- 273     3229
Rovibration_vJ|4[27]        -Rovibration_vJ|6[28]            8.1129E-07  8.8810E+00   2.425E+04     192- 275     3230
Rovibration_vJ|4[27]        -Rovibration_vJ|7[26]            8.0435E-09  1.9370E-01   1.695E+04     192- 314     3231
Rovibration_vJ|4[27]        -Rovibration_vJ|7[28]            1.5419E-08  3.6870E-01   1.641E+04     192- 316     3232
Rovibration_vJ|4[27]        -Rovibration_vJ|8[26]            5.3234E-11  2.2680E-03   1.275E+04     192- 355     3233
Rovibration_vJ|4[27]        -Rovibration_vJ|8[28]            2.2077E-10  9.1860E-03   1.244E+04     192- 357     3234
Rovibration_vJ|4[27]        -Rovibration_vJ|9[26]            3.7622E-13  2.4840E-05   1.024E+04     192- 396     3235
Rovibration_vJ|4[27]        -Rovibration_vJ|9[28]            1.0720E-12  6.8440E-05   1.004E+04     192- 398     3236
Rovibration_vJ|4[27]        -Rovibration_vJ|10[26]           3.1274E-13  2.9440E-05   8.575E+03     192- 437     3237
Rovibration_vJ|4[27]        -Rovibration_vJ|10[28]           3.6296E-14  3.2820E-06   8.437E+03     192- 439     3238
Rovibration_vJ|4[28]        -Rovibration_vJ|4[29]            1.9070E-10  1.4030E-06   9.359E+05     193- 194     3239
Rovibration_vJ|4[28]        -Rovibration_vJ|5[27]            2.5495E-05  6.5060E+01   5.205E+04     193- 233     3240
Rovibration_vJ|4[28]        -Rovibration_vJ|5[29]            2.9217E-05  8.5370E+01   4.696E+04     193- 235     3241
Rovibration_vJ|4[28]        -Rovibration_vJ|6[27]            5.7248E-07  6.0800E+00   2.551E+04     193- 274     3242
Rovibration_vJ|4[28]        -Rovibration_vJ|6[29]            8.1586E-07  8.9490E+00   2.424E+04     193- 276     3243
Rovibration_vJ|4[28]        -Rovibration_vJ|7[27]            7.9677E-09  1.9120E-01   1.697E+04     193- 315     3244
Rovibration_vJ|4[28]        -Rovibration_vJ|7[29]            1.5602E-08  3.7360E-01   1.640E+04     193- 317     3245
Rovibration_vJ|4[28]        -Rovibration_vJ|8[27]            5.1851E-11  2.2020E-03   1.276E+04     193- 356     3246
Rovibration_vJ|4[28]        -Rovibration_vJ|8[29]            2.2592E-10  9.4110E-03   1.244E+04     193- 358     3247
Rovibration_vJ|4[28]        -Rovibration_vJ|9[27]            4.0426E-13  2.6610E-05   1.025E+04     193- 397     3248
Rovibration_vJ|4[28]        -Rovibration_vJ|9[29]            1.1547E-12  7.3790E-05   1.004E+04     193- 399     3249
Rovibration_vJ|4[28]        -Rovibration_vJ|10[27]           3.1941E-13  2.9980E-05   8.582E+03     193- 438     3250
Rovibration_vJ|4[28]        -Rovibration_vJ|10[29]           3.3139E-14  2.9990E-06   8.439E+03     193- 440     3251
Rovibration_vJ|4[29]        -Rovibration_vJ|4[30]            3.1284E-10  2.4640E-06   9.051E+05     194- 195     3252
Rovibration_vJ|4[29]        -Rovibration_vJ|5[28]            2.5461E-05  6.4580E+01   5.217E+04     194- 234     3253
Rovibration_vJ|4[29]        -Rovibration_vJ|5[30]            2.9245E-05  8.5760E+01   4.690E+04     194- 236     3254
Rovibration_vJ|4[29]        -Rovibration_vJ|6[28]            5.7010E-07  6.0300E+00   2.555E+04     194- 275     3255
Rovibration_vJ|4[29]        -Rovibration_vJ|6[30]            8.2050E-07  9.0170E+00   2.423E+04     194- 277     3256
Rovibration_vJ|4[29]        -Rovibration_vJ|7[28]            7.8992E-09  1.8890E-01   1.699E+04     194- 316     3257
Rovibration_vJ|4[29]        -Rovibration_vJ|7[30]            1.5781E-08  3.7840E-01   1.640E+04     194- 318     3258
Rovibration_vJ|4[29]        -Rovibration_vJ|8[28]            5.0527E-11  2.1390E-03   1.277E+04     194- 357     3259
Rovibration_vJ|4[29]        -Rovibration_vJ|8[30]            2.3121E-10  9.6410E-03   1.244E+04     194- 359     3260
Rovibration_vJ|4[29]        -Rovibration_vJ|9[28]            4.3305E-13  2.8420E-05   1.026E+04     194- 398     3261
Rovibration_vJ|4[29]        -Rovibration_vJ|9[30]            1.2413E-12  7.9390E-05   1.004E+04     194- 400     3262
Rovibration_vJ|4[29]        -Rovibration_vJ|10[28]           3.2621E-13  3.0530E-05   8.589E+03     194- 439     3263
Rovibration_vJ|4[29]        -Rovibration_vJ|10[30]           3.0101E-14  2.7260E-06   8.440E+03     194- 441     3264
Rovibration_vJ|4[30]        -Rovibration_vJ|4[31]            4.7537E-10  3.9990E-06   8.762E+05     195- 196     3265
Rovibration_vJ|4[30]        -Rovibration_vJ|5[29]            2.5424E-05  6.4100E+01   5.230E+04     195- 235     3266
Rovibration_vJ|4[30]        -Rovibration_vJ|5[31]            2.9273E-05  8.6140E+01   4.685E+04     195- 237     3267
Rovibration_vJ|4[30]        -Rovibration_vJ|6[29]            5.6776E-07  5.9810E+00   2.559E+04     195- 276     3268
Rovibration_vJ|4[30]        -Rovibration_vJ|6[31]            8.2521E-07  9.0850E+00   2.422E+04     195- 278     3269
Rovibration_vJ|4[30]        -Rovibration_vJ|7[29]            7.8256E-09  1.8650E-01   1.701E+04     195- 317     3270
Rovibration_vJ|4[30]        -Rovibration_vJ|7[31]            1.5971E-08  3.8340E-01   1.640E+04     195- 319     3271
Rovibration_vJ|4[30]        -Rovibration_vJ|8[29]            4.9216E-11  2.0770E-03   1.278E+04     195- 358     3272
Rovibration_vJ|4[30]        -Rovibration_vJ|8[31]            2.3661E-10  9.8750E-03   1.244E+04     195- 360     3273
Rovibration_vJ|4[30]        -Rovibration_vJ|9[29]            4.6259E-13  3.0270E-05   1.027E+04     195- 399     3274
Rovibration_vJ|4[30]        -Rovibration_vJ|9[31]            1.3320E-12  8.5250E-05   1.005E+04     195- 401     3275
Rovibration_vJ|4[30]        -Rovibration_vJ|10[29]           3.3291E-13  3.1070E-05   8.596E+03     195- 440     3276
Rovibration_vJ|4[30]        -Rovibration_vJ|10[31]           2.7192E-14  2.4640E-06   8.442E+03     195- 442     3277
Rovibration_vJ|4[31]        -Rovibration_vJ|4[32]            6.8452E-10  6.1370E-06   8.492E+05     196- 197     3278
Rovibration_vJ|4[31]        -Rovibration_vJ|5[30]            2.5385E-05  6.3620E+01   5.243E+04     196- 236     3279
Rovibration_vJ|4[31]        -Rovibration_vJ|5[32]            2.9300E-05  8.6510E+01   4.679E+04     196- 238     3280
Rovibration_vJ|4[31]        -Rovibration_vJ|6[30]            5.6537E-07  5.9320E+00   2.562E+04     196- 277     3281
Rovibration_vJ|4[31]        -Rovibration_vJ|6[32]            8.2999E-07  9.1530E+00   2.421E+04     196- 279     3282
Rovibration_vJ|4[31]        -Rovibration_vJ|7[30]            7.7553E-09  1.8420E-01   1.703E+04     196- 318     3283
Rovibration_vJ|4[31]        -Rovibration_vJ|7[32]            1.6161E-08  3.8840E-01   1.640E+04     196- 320     3284
Rovibration_vJ|4[31]        -Rovibration_vJ|8[30]            4.7965E-11  2.0180E-03   1.280E+04     196- 359     3285
Rovibration_vJ|4[31]        -Rovibration_vJ|8[32]            2.4204E-10  1.0110E-02   1.244E+04     196- 361     3286
Rovibration_vJ|4[31]        -Rovibration_vJ|9[30]            4.9275E-13  3.2150E-05   1.028E+04     196- 400     3287
Rovibration_vJ|4[31]        -Rovibration_vJ|9[32]            1.4269E-12  9.1380E-05   1.005E+04     196- 402     3288
Rovibration_vJ|4[31]        -Rovibration_vJ|10[30]           3.3975E-13  3.1620E-05   8.604E+03     196- 441     3289
Rovibration_vJ|4[31]        -Rovibration_vJ|10[32]           2.4399E-14  2.2120E-06   8.445E+03     196- 443     3290
Rovibration_vJ|4[32]        -Rovibration_vJ|4[33]            9.4680E-10  9.0280E-06   8.238E+05     197- 202     3291
Rovibration_vJ|4[32]        -Rovibration_vJ|5[31]            2.5348E-05  6.3150E+01   5.256E+04     197- 237     3292
Rovibration_vJ|4[32]        -Rovibration_vJ|5[33]            2.9330E-05  8.6880E+01   4.674E+04     197- 244     3293
Rovibration_vJ|4[32]        -Rovibration_vJ|6[31]            5.6294E-07  5.8830E+00   2.566E+04     197- 278     3294
Rovibration_vJ|4[32]        -Rovibration_vJ|6[33]            8.3483E-07  9.2210E+00   2.420E+04     197- 285     3295
Rovibration_vJ|4[32]        -Rovibration_vJ|7[31]            7.6884E-09  1.8200E-01   1.705E+04     197- 319     3296
Rovibration_vJ|4[32]        -Rovibration_vJ|7[33]            1.6353E-08  3.9340E-01   1.640E+04     197- 326     3297
Rovibration_vJ|4[32]        -Rovibration_vJ|8[31]            4.6705E-11  1.9590E-03   1.281E+04     197- 360     3298
Rovibration_vJ|4[32]        -Rovibration_vJ|8[33]            2.4786E-10  1.0360E-02   1.244E+04     197- 368     3299
Rovibration_vJ|4[32]        -Rovibration_vJ|9[31]            5.2353E-13  3.4060E-05   1.028E+04     197- 401     3300
Rovibration_vJ|4[32]        -Rovibration_vJ|9[33]            1.5262E-12  9.7790E-05   1.005E+04     197- 409     3301
Rovibration_vJ|4[32]        -Rovibration_vJ|10[31]           3.4661E-13  3.2170E-05   8.611E+03     197- 442     3302
Rovibration_vJ|4[32]        -Rovibration_vJ|10[33]           2.1744E-14  1.9720E-06   8.447E+03     197- 444     3303
Rovibration_vJ|5[0]         -Rovibration_vJ|5[1]             5.8870E-10  1.7630E-09   2.725E+07     198- 199     3304
Rovibration_vJ|5[0]         -Rovibration_vJ|6[1]             6.4701E-05  5.8420E+01   4.962E+04     198- 240     3305
Rovibration_vJ|5[0]         -Rovibration_vJ|7[1]             1.9062E-06  6.7830E+00   2.500E+04     198- 281     3306
Rovibration_vJ|5[0]         -Rovibration_vJ|8[1]             3.6771E-08  2.9040E-01   1.678E+04     198- 322     3307
Rovibration_vJ|5[0]         -Rovibration_vJ|9[1]             4.5313E-10  6.2770E-03   1.267E+04     198- 363     3308
Rovibration_vJ|5[0]         -Rovibration_vJ|10[1]            2.7046E-13  5.7760E-06   1.020E+04     198- 404     3309
Rovibration_vJ|5[1]         -Rovibration_vJ|5[2]             7.8799E-10  1.6990E-08   1.362E+07     199- 200     3310
Rovibration_vJ|5[1]         -Rovibration_vJ|6[0]             2.1494E-05  1.7340E+02   4.980E+04     199- 239     3311
Rovibration_vJ|5[1]         -Rovibration_vJ|6[2]             4.3211E-05  7.0480E+01   4.953E+04     199- 241     3312
Rovibration_vJ|5[1]         -Rovibration_vJ|7[0]             6.2833E-07  2.0050E+01   2.504E+04     199- 280     3313
Rovibration_vJ|5[1]         -Rovibration_vJ|7[2]             1.2779E-06  8.2000E+00   2.497E+04     199- 282     3314
Rovibration_vJ|5[1]         -Rovibration_vJ|8[0]             1.1991E-08  8.5020E-01   1.680E+04     199- 321     3315
Rovibration_vJ|5[1]         -Rovibration_vJ|8[2]             2.4782E-08  3.5270E-01   1.677E+04     199- 323     3316
Rovibration_vJ|5[1]         -Rovibration_vJ|9[0]             1.4400E-10  1.7920E-02   1.268E+04     199- 362     3317
Rovibration_vJ|5[1]         -Rovibration_vJ|9[2]             3.0939E-10  7.7210E-03   1.266E+04     199- 364     3318
Rovibration_vJ|5[1]         -Rovibration_vJ|10[0]            5.3770E-14  1.0320E-05   1.021E+04     199- 403     3319
Rovibration_vJ|5[1]         -Rovibration_vJ|10[2]            2.2445E-13  8.6340E-06   1.020E+04     199- 405     3320
Rovibration_vJ|5[2]         -Rovibration_vJ|5[3]             1.0705E-09  6.1820E-08   9.083E+06     200- 201     3321
Rovibration_vJ|5[2]         -Rovibration_vJ|6[1]             2.5754E-05  1.1500E+02   4.990E+04     200- 240     3322
Rovibration_vJ|5[2]         -Rovibration_vJ|6[3]             3.8956E-05  7.5910E+01   4.945E+04     200- 242     3323
Rovibration_vJ|5[2]         -Rovibration_vJ|7[1]             7.4995E-07  1.3270E+01   2.507E+04     200- 281     3324
Rovibration_vJ|5[2]         -Rovibration_vJ|7[3]             1.1566E-06  8.8500E+00   2.495E+04     200- 283     3325
Rovibration_vJ|5[2]         -Rovibration_vJ|8[1]             1.4232E-08  5.5990E-01   1.681E+04     200- 322     3326
Rovibration_vJ|5[2]         -Rovibration_vJ|8[3]             2.2556E-08  3.8260E-01   1.676E+04     200- 324     3327
Rovibration_vJ|5[2]         -Rovibration_vJ|9[1]             1.6867E-10  1.1650E-02   1.269E+04     200- 363     3328
Rovibration_vJ|5[2]         -Rovibration_vJ|9[3]             2.8513E-10  8.4780E-03   1.266E+04     200- 365     3329
Rovibration_vJ|5[2]         -Rovibration_vJ|10[1]            4.7136E-14  5.0220E-06   1.021E+04     200- 404     3330
Rovibration_vJ|5[2]         -Rovibration_vJ|10[3]            2.4659E-13  1.1300E-05   1.020E+04     200- 406     3331
Rovibration_vJ|5[3]         -Rovibration_vJ|5[4]             1.3714E-09  1.5330E-07   6.813E+06     201- 203     3332
Rovibration_vJ|5[3]         -Rovibration_vJ|6[2]             2.7536E-05  1.0290E+02   4.999E+04     201- 241     3333
Rovibration_vJ|5[3]         -Rovibration_vJ|6[4]             3.7164E-05  7.9130E+01   4.936E+04     201- 243     3334
Rovibration_vJ|5[3]         -Rovibration_vJ|7[2]             7.9879E-07  1.1850E+01   2.509E+04     201- 282     3335
Rovibration_vJ|5[3]         -Rovibration_vJ|7[4]             1.1078E-06  9.2460E+00   2.493E+04     201- 284     3336
Rovibration_vJ|5[3]         -Rovibration_vJ|8[2]             1.5086E-08  4.9790E-01   1.682E+04     201- 323     3337
Rovibration_vJ|5[3]         -Rovibration_vJ|8[4]             2.1720E-08  4.0160E-01   1.675E+04     201- 325     3338
Rovibration_vJ|5[3]         -Rovibration_vJ|9[2]             1.7650E-10  1.0230E-02   1.269E+04     201- 364     3339
Rovibration_vJ|5[3]         -Rovibration_vJ|9[4]             2.7810E-10  9.0110E-03   1.265E+04     201- 366     3340
Rovibration_vJ|5[3]         -Rovibration_vJ|10[2]            3.4947E-14  3.1250E-06   1.022E+04     201- 405     3341
Rovibration_vJ|5[3]         -Rovibration_vJ|10[4]            2.8201E-13  1.4080E-05   1.019E+04     201- 407     3342
Rovibration_vJ|4[33]        -Rovibration_vJ|4[34]            1.2695E-09  1.2850E-05   7.999E+05     202- 208     3343
Rovibration_vJ|4[33]        -Rovibration_vJ|5[32]            2.5310E-05  6.2680E+01   5.269E+04     202- 238     3344
Rovibration_vJ|4[33]        -Rovibration_vJ|5[34]            2.9358E-05  8.7240E+01   4.669E+04     202- 249     3345
Rovibration_vJ|4[33]        -Rovibration_vJ|6[32]            5.6066E-07  5.8360E+00   2.570E+04     202- 279     3346
Rovibration_vJ|4[33]        -Rovibration_vJ|6[34]            8.3973E-07  9.2890E+00   2.420E+04     202- 291     3347
Rovibration_vJ|4[33]        -Rovibration_vJ|7[32]            7.6208E-09  1.7980E-01   1.707E+04     202- 320     3348
Rovibration_vJ|4[33]        -Rovibration_vJ|7[34]            1.6550E-08  3.9850E-01   1.640E+04     202- 332     3349
Rovibration_vJ|4[33]        -Rovibration_vJ|8[32]            4.5507E-11  1.9030E-03   1.282E+04     202- 361     3350
Rovibration_vJ|4[33]        -Rovibration_vJ|8[34]            2.5344E-10  1.0600E-02   1.244E+04     202- 373     3351
Rovibration_vJ|4[33]        -Rovibration_vJ|9[32]            5.5492E-13  3.6000E-05   1.029E+04     202- 402     3352
Rovibration_vJ|4[33]        -Rovibration_vJ|9[34]            1.6302E-12  1.0450E-04   1.005E+04     202- 414     3353
Rovibration_vJ|4[33]        -Rovibration_vJ|10[32]           3.5361E-13  3.2730E-05   8.619E+03     202- 443     3354
Rovibration_vJ|4[33]        -Rovibration_vJ|10[34]           1.9224E-14  1.7440E-06   8.450E+03     202- 445     3355
Rovibration_vJ|5[4]         -Rovibration_vJ|5[5]             1.6864E-09  3.0980E-07   5.450E+06     203- 204     3356
Rovibration_vJ|5[4]         -Rovibration_vJ|6[3]             2.8503E-05  9.7450E+01   5.008E+04     203- 242     3357
Rovibration_vJ|5[4]         -Rovibration_vJ|6[5]             3.6195E-05  8.1350E+01   4.928E+04     203- 245     3358
Rovibration_vJ|5[4]         -Rovibration_vJ|7[3]             8.2442E-07  1.1210E+01   2.511E+04     203- 283     3359
Rovibration_vJ|5[4]         -Rovibration_vJ|7[5]             1.0832E-06  9.5260E+00   2.491E+04     203- 286     3360
Rovibration_vJ|5[4]         -Rovibration_vJ|8[3]             1.5474E-08  4.6840E-01   1.683E+04     203- 324     3361
Rovibration_vJ|5[4]         -Rovibration_vJ|8[5]             2.1355E-08  4.1580E-01   1.674E+04     203- 327     3362
Rovibration_vJ|5[4]         -Rovibration_vJ|9[3]             1.7868E-10  9.5010E-03   1.270E+04     203- 365     3363
Rovibration_vJ|5[4]         -Rovibration_vJ|9[5]             2.7686E-10  9.4440E-03   1.265E+04     203- 367     3364
Rovibration_vJ|5[4]         -Rovibration_vJ|10[3]            2.3193E-14  1.9030E-06   1.022E+04     203- 406     3365
Rovibration_vJ|5[4]         -Rovibration_vJ|10[5]            3.2482E-13  1.7070E-05   1.019E+04     203- 408     3366
Rovibration_vJ|5[5]         -Rovibration_vJ|5[6]             2.0150E-09  5.5120E-07   4.542E+06     204- 205     3367
Rovibration_vJ|5[5]         -Rovibration_vJ|6[4]             2.9101E-05  9.4220E+01   5.018E+04     204- 243     3368
Rovibration_vJ|5[5]         -Rovibration_vJ|6[6]             3.5595E-05  8.3020E+01   4.919E+04     204- 246     3369
Rovibration_vJ|5[5]         -Rovibration_vJ|7[4]             8.3796E-07  1.0810E+01   2.514E+04     204- 284     3370
Rovibration_vJ|5[5]         -Rovibration_vJ|7[6]             1.0695E-06  9.7430E+00   2.489E+04     204- 287     3371
Rovibration_vJ|5[5]         -Rovibration_vJ|8[4]             1.5657E-08  4.4990E-01   1.684E+04     204- 325     3372
Rovibration_vJ|5[5]         -Rovibration_vJ|8[6]             2.1203E-08  4.2740E-01   1.673E+04     204- 328     3373
Rovibration_vJ|5[5]         -Rovibration_vJ|9[4]             1.7840E-10  9.0080E-03   1.271E+04     204- 366     3374
Rovibration_vJ|5[5]         -Rovibration_vJ|9[6]             2.7834E-10  9.8260E-03   1.264E+04     204- 369     3375
Rovibration_vJ|5[5]         -Rovibration_vJ|10[4]            1.3435E-14  1.0470E-06   1.023E+04     204- 407     3376
Rovibration_vJ|5[5]         -Rovibration_vJ|10[6]            3.7332E-13  2.0300E-05   1.019E+04     204- 410     3377
Rovibration_vJ|5[6]         -Rovibration_vJ|5[7]             2.3591E-09  8.9950E-07   3.894E+06     205- 206     3378
Rovibration_vJ|5[6]         -Rovibration_vJ|6[5]             2.9494E-05  9.1980E+01   5.028E+04     205- 245     3379
Rovibration_vJ|5[6]         -Rovibration_vJ|6[7]             3.5199E-05  8.4370E+01   4.911E+04     205- 247     3380
Rovibration_vJ|5[6]         -Rovibration_vJ|7[5]             8.4667E-07  1.0540E+01   2.516E+04     205- 286     3381
Rovibration_vJ|5[6]         -Rovibration_vJ|7[7]             1.0618E-06  9.9230E+00   2.487E+04     205- 288     3382
Rovibration_vJ|5[6]         -Rovibration_vJ|8[5]             1.5728E-08  4.3640E-01   1.686E+04     205- 327     3383
Rovibration_vJ|5[6]         -Rovibration_vJ|8[7]             2.1170E-08  4.3750E-01   1.673E+04     205- 329     3384
Rovibration_vJ|5[6]         -Rovibration_vJ|9[5]             1.7685E-10  8.6250E-03   1.271E+04     205- 367     3385
Rovibration_vJ|5[6]         -Rovibration_vJ|9[7]             2.8135E-10  1.0180E-02   1.264E+04     205- 370     3386
Rovibration_vJ|5[6]         -Rovibration_vJ|10[5]            6.2071E-15  4.6730E-07   1.023E+04     205- 408     3387
Rovibration_vJ|5[6]         -Rovibration_vJ|10[7]            4.2729E-13  2.3810E-05   1.019E+04     205- 411     3388
Rovibration_vJ|5[7]         -Rovibration_vJ|5[8]             2.7204E-09  1.3790E-06   3.407E+06     206- 207     3389
Rovibration_vJ|5[7]         -Rovibration_vJ|6[6]             2.9770E-05  9.0290E+01   5.037E+04     206- 246     3390
Rovibration_vJ|5[7]         -Rovibration_vJ|6[8]             3.4920E-05  8.5500E+01   4.903E+04     206- 248     3391
Rovibration_vJ|5[7]         -Rovibration_vJ|7[6]             8.5167E-07  1.0330E+01   2.519E+04     206- 287     3392
Rovibration_vJ|5[7]         -Rovibration_vJ|7[8]             1.0578E-06  1.0080E+01   2.485E+04     206- 289     3393
Rovibration_vJ|5[7]         -Rovibration_vJ|8[6]             1.5734E-08  4.2560E-01   1.687E+04     206- 328     3394
Rovibration_vJ|5[7]         -Rovibration_vJ|8[8]             2.1206E-08  4.4660E-01   1.672E+04     206- 330     3395
Rovibration_vJ|5[7]         -Rovibration_vJ|9[6]             1.7455E-10  8.3020E-03   1.272E+04     206- 369     3396
Rovibration_vJ|5[7]         -Rovibration_vJ|9[8]             2.8539E-10  1.0520E-02   1.264E+04     206- 371     3397
Rovibration_vJ|5[7]         -Rovibration_vJ|10[6]            1.7145E-15  1.2590E-07   1.024E+04     206- 410     3398
Rovibration_vJ|5[7]         -Rovibration_vJ|10[8]            4.8628E-13  2.7600E-05   1.018E+04     206- 412     3399
Rovibration_vJ|5[8]         -Rovibration_vJ|5[9]             3.1041E-09  2.0190E-06   3.029E+06     207- 209     3400
Rovibration_vJ|5[8]         -Rovibration_vJ|6[7]             2.9963E-05  8.8910E+01   5.047E+04     207- 247     3401
Rovibration_vJ|5[8]         -Rovibration_vJ|6[9]             3.4721E-05  8.6490E+01   4.895E+04     207- 250     3402
Rovibration_vJ|5[8]         -Rovibration_vJ|7[7]             8.5376E-07  1.0150E+01   2.522E+04     207- 288     3403
Rovibration_vJ|5[8]         -Rovibration_vJ|7[9]             1.0561E-06  1.0220E+01   2.483E+04     207- 290     3404
Rovibration_vJ|5[8]         -Rovibration_vJ|8[7]             1.5699E-08  4.1650E-01   1.688E+04     207- 329     3405
Rovibration_vJ|5[8]         -Rovibration_vJ|8[9]             2.1291E-08  4.5510E-01   1.671E+04     207- 331     3406
Rovibration_vJ|5[8]         -Rovibration_vJ|9[7]             1.7182E-10  8.0170E-03   1.273E+04     207- 370     3407
Rovibration_vJ|5[8]         -Rovibration_vJ|9[9]             2.9009E-10  1.0850E-02   1.263E+04     207- 372     3408
Rovibration_vJ|5[8]         -Rovibration_vJ|10[7]            1.6044E-17  1.1560E-09   1.024E+04     207- 411     3409
Rovibration_vJ|5[8]         -Rovibration_vJ|10[9]            5.5038E-13  3.1690E-05   1.018E+04     207- 413     3410
Rovibration_vJ|4[34]        -Rovibration_vJ|4[35]            1.6596E-09  1.7800E-05   7.774E+05     208- 213     3411
Rovibration_vJ|4[34]        -Rovibration_vJ|5[33]            2.5269E-05  6.2210E+01   5.282E+04     208- 244     3412
Rovibration_vJ|4[34]        -Rovibration_vJ|5[35]            2.9386E-05  8.7590E+01   4.663E+04     208- 254     3413
Rovibration_vJ|4[34]        -Rovibration_vJ|6[33]            5.5824E-07  5.7880E+00   2.574E+04     208- 285     3414
Rovibration_vJ|4[34]        -Rovibration_vJ|6[35]            8.4469E-07  9.3570E+00   2.419E+04     208- 295     3415
Rovibration_vJ|4[34]        -Rovibration_vJ|7[33]            7.5526E-09  1.7760E-01   1.709E+04     208- 326     3416
Rovibration_vJ|4[34]        -Rovibration_vJ|7[35]            1.6752E-08  4.0370E-01   1.640E+04     208- 336     3417
Rovibration_vJ|4[34]        -Rovibration_vJ|8[33]            4.4325E-11  1.8480E-03   1.284E+04     208- 368     3418
Rovibration_vJ|4[34]        -Rovibration_vJ|8[35]            2.5952E-10  1.0860E-02   1.245E+04     208- 377     3419
Rovibration_vJ|4[34]        -Rovibration_vJ|9[33]            5.8695E-13  3.7970E-05   1.030E+04     208- 409     3420
Rovibration_vJ|4[34]        -Rovibration_vJ|9[35]            1.7373E-12  1.1140E-04   1.005E+04     208- 418     3421
Rovibration_vJ|4[34]        -Rovibration_vJ|10[33]           3.6053E-13  3.3280E-05   8.627E+03     208- 444     3422
Rovibration_vJ|4[34]        -Rovibration_vJ|10[35]           1.6839E-14  1.5280E-06   8.452E+03     208- 446     3423
Rovibration_vJ|5[9]         -Rovibration_vJ|5[10]            3.5095E-09  2.8490E-06   2.727E+06     209- 210     3424
Rovibration_vJ|5[9]         -Rovibration_vJ|6[8]             3.0107E-05  8.7750E+01   5.057E+04     209- 248     3425
Rovibration_vJ|5[9]         -Rovibration_vJ|6[10]            3.4578E-05  8.7380E+01   4.887E+04     209- 251     3426
Rovibration_vJ|5[9]         -Rovibration_vJ|7[8]             8.5477E-07  1.0000E+01   2.524E+04     209- 289     3427
Rovibration_vJ|5[9]         -Rovibration_vJ|7[10]            1.0561E-06  1.0350E+01   2.482E+04     209- 292     3428
Rovibration_vJ|5[9]         -Rovibration_vJ|8[8]             1.5638E-08  4.0850E-01   1.689E+04     209- 330     3429
Rovibration_vJ|5[9]         -Rovibration_vJ|8[10]            2.1407E-08  4.6310E-01   1.670E+04     209- 333     3430
Rovibration_vJ|5[9]         -Rovibration_vJ|9[8]             1.6883E-10  7.7590E-03   1.274E+04     209- 371     3431
Rovibration_vJ|5[9]         -Rovibration_vJ|9[10]            2.9517E-10  1.1170E-02   1.263E+04     209- 374     3432
Rovibration_vJ|5[9]         -Rovibration_vJ|10[8]            1.1082E-15  7.8660E-08   1.025E+04     209- 412     3433
Rovibration_vJ|5[9]         -Rovibration_vJ|10[10]           6.1961E-13  3.6090E-05   1.018E+04     209- 415     3434
Rovibration_vJ|5[10]        -Rovibration_vJ|5[11]            3.9416E-09  3.9060E-06   2.479E+06     210- 211     3435
Rovibration_vJ|5[10]        -Rovibration_vJ|6[9]             3.0208E-05  8.6720E+01   5.068E+04     210- 250     3436
Rovibration_vJ|5[10]        -Rovibration_vJ|6[11]            3.4467E-05  8.8180E+01   4.879E+04     210- 252     3437
Rovibration_vJ|5[10]        -Rovibration_vJ|7[9]             8.5488E-07  9.8690E+00   2.527E+04     210- 290     3438
Rovibration_vJ|5[10]        -Rovibration_vJ|7[11]            1.0571E-06  1.0470E+01   2.480E+04     210- 293     3439
Rovibration_vJ|5[10]        -Rovibration_vJ|8[9]             1.5555E-08  4.0120E-01   1.691E+04     210- 331     3440
Rovibration_vJ|5[10]        -Rovibration_vJ|8[11]            2.1547E-08  4.7080E-01   1.670E+04     210- 334     3441
Rovibration_vJ|5[10]        -Rovibration_vJ|9[9]             1.6567E-10  7.5200E-03   1.274E+04     210- 372     3442
Rovibration_vJ|5[10]        -Rovibration_vJ|9[11]            3.0071E-10  1.1490E-02   1.263E+04     210- 375     3443
Rovibration_vJ|5[10]        -Rovibration_vJ|10[9]            4.9557E-15  3.4750E-07   1.025E+04     210- 413     3444
Rovibration_vJ|5[10]        -Rovibration_vJ|10[11]           6.9404E-13  4.0810E-05   1.018E+04     210- 416     3445
Rovibration_vJ|5[11]        -Rovibration_vJ|5[12]            4.4025E-09  5.2300E-06   2.273E+06     211- 212     3446
Rovibration_vJ|5[11]        -Rovibration_vJ|6[10]            3.0284E-05  8.5800E+01   5.078E+04     211- 251     3447
Rovibration_vJ|5[11]        -Rovibration_vJ|6[12]            3.4389E-05  8.8930E+01   4.871E+04     211- 253     3448
Rovibration_vJ|5[11]        -Rovibration_vJ|7[10]            8.5401E-07  9.7480E+00   2.530E+04     211- 292     3449
Rovibration_vJ|5[11]        -Rovibration_vJ|7[12]            1.0587E-06  1.0580E+01   2.478E+04     211- 294     3450
Rovibration_vJ|5[11]        -Rovibration_vJ|8[10]            1.5463E-08  3.9460E-01   1.692E+04     211- 333     3451
Rovibration_vJ|5[11]        -Rovibration_vJ|8[12]            2.1712E-08  4.7840E-01   1.669E+04     211- 335     3452
Rovibration_vJ|5[11]        -Rovibration_vJ|9[10]            1.6241E-10  7.2960E-03   1.275E+04     211- 374     3453
Rovibration_vJ|5[11]        -Rovibration_vJ|9[12]            3.0660E-10  1.1810E-02   1.262E+04     211- 376     3454
Rovibration_vJ|5[11]        -Rovibration_vJ|10[10]           1.1504E-14  7.9850E-07   1.026E+04     211- 415     3455
Rovibration_vJ|5[11]        -Rovibration_vJ|10[12]           7.7395E-13  4.5870E-05   1.018E+04     211- 417     3456
Rovibration_vJ|5[12]        -Rovibration_vJ|5[13]            4.8955E-09  6.8670E-06   2.098E+06     212- 214     3457
Rovibration_vJ|5[12]        -Rovibration_vJ|6[11]            3.0341E-05  8.4960E+01   5.088E+04     212- 252     3458
Rovibration_vJ|5[12]        -Rovibration_vJ|6[13]            3.4331E-05  8.9630E+01   4.864E+04     212- 255     3459
Rovibration_vJ|5[12]        -Rovibration_vJ|7[11]            8.5262E-07  9.6370E+00   2.533E+04     212- 293     3460
Rovibration_vJ|5[12]        -Rovibration_vJ|7[13]            1.0614E-06  1.0690E+01   2.476E+04     212- 296     3461
Rovibration_vJ|5[12]        -Rovibration_vJ|8[11]            1.5357E-08  3.8830E-01   1.693E+04     212- 334     3462
Rovibration_vJ|5[12]        -Rovibration_vJ|8[13]            2.1890E-08  4.8580E-01   1.668E+04     212- 337     3463
Rovibration_vJ|5[12]        -Rovibration_vJ|9[11]            1.5908E-10  7.0830E-03   1.276E+04     212- 375     3464
Rovibration_vJ|5[12]        -Rovibration_vJ|9[13]            3.1300E-10  1.2140E-02   1.262E+04     212- 378     3465
Rovibration_vJ|5[12]        -Rovibration_vJ|10[11]           2.0696E-14  1.4240E-06   1.027E+04     212- 416     3466
Rovibration_vJ|5[12]        -Rovibration_vJ|10[13]           8.5912E-13  5.1260E-05   1.017E+04     212- 419     3467
Rovibration_vJ|4[35]        -Rovibration_vJ|4[36]            2.1251E-09  2.4110E-05   7.562E+05     213- 216     3468
Rovibration_vJ|4[35]        -Rovibration_vJ|5[34]            2.5227E-05  6.1740E+01   5.296E+04     213- 249     3469
Rovibration_vJ|4[35]        -Rovibration_vJ|5[36]            2.9415E-05  8.7940E+01   4.658E+04     213- 257     3470
Rovibration_vJ|4[35]        -Rovibration_vJ|6[34]            5.5599E-07  5.7420E+00   2.578E+04     213- 291     3471
Rovibration_vJ|4[35]        -Rovibration_vJ|6[36]            8.4970E-07  9.4250E+00   2.418E+04     213- 298     3472
Rovibration_vJ|4[35]        -Rovibration_vJ|7[34]            7.4879E-09  1.7550E-01   1.711E+04     213- 332     3473
Rovibration_vJ|4[35]        -Rovibration_vJ|7[36]            1.6955E-08  4.0890E-01   1.640E+04     213- 339     3474
Rovibration_vJ|4[35]        -Rovibration_vJ|8[34]            4.3159E-11  1.7940E-03   1.285E+04     213- 373     3475
Rovibration_vJ|4[35]        -Rovibration_vJ|8[36]            2.6538E-10  1.1110E-02   1.245E+04     213- 381     3476
Rovibration_vJ|4[35]        -Rovibration_vJ|9[34]            6.1945E-13  3.9960E-05   1.031E+04     213- 414     3477
Rovibration_vJ|4[35]        -Rovibration_vJ|9[36]            1.8507E-12  1.1870E-04   1.006E+04     213- 422     3478
Rovibration_vJ|4[35]        -Rovibration_vJ|10[34]           3.6759E-13  3.3840E-05   8.635E+03     213- 445     3479
Rovibration_vJ|4[35]        -Rovibration_vJ|10[36]           1.4589E-14  1.3240E-06   8.455E+03     213- 447     3480
Rovibration_vJ|5[13]        -Rovibration_vJ|5[14]            5.4250E-09  8.8710E-06   1.949E+06     214- 215     3481
Rovibration_vJ|5[13]        -Rovibration_vJ|6[12]            3.0378E-05  8.4170E+01   5.099E+04     214- 253     3482
Rovibration_vJ|5[13]        -Rovibration_vJ|6[14]            3.4288E-05  9.0290E+01   4.856E+04     214- 256     3483
Rovibration_vJ|5[13]        -Rovibration_vJ|7[12]            8.5079E-07  9.5330E+00   2.536E+04     214- 294     3484
Rovibration_vJ|5[13]        -Rovibration_vJ|7[14]            1.0650E-06  1.0800E+01   2.475E+04     214- 297     3485
Rovibration_vJ|5[13]        -Rovibration_vJ|8[12]            1.5247E-08  3.8240E-01   1.695E+04     214- 335     3486
Rovibration_vJ|5[13]        -Rovibration_vJ|8[14]            2.2081E-08  4.9310E-01   1.668E+04     214- 338     3487
Rovibration_vJ|5[13]        -Rovibration_vJ|9[12]            1.5575E-10  6.8810E-03   1.277E+04     214- 376     3488
Rovibration_vJ|5[13]        -Rovibration_vJ|9[14]            3.1935E-10  1.2460E-02   1.262E+04     214- 379     3489
Rovibration_vJ|5[13]        -Rovibration_vJ|10[12]           3.2453E-14  2.2160E-06   1.027E+04     214- 417     3490
Rovibration_vJ|5[13]        -Rovibration_vJ|10[14]           9.5018E-13  5.7020E-05   1.017E+04     214- 420     3491
Rovibration_vJ|5[14]        -Rovibration_vJ|5[15]            5.9935E-09  1.1300E-05   1.819E+06     215- 217     3492
Rovibration_vJ|5[14]        -Rovibration_vJ|6[13]            3.0401E-05  8.3420E+01   5.110E+04     215- 255     3493
Rovibration_vJ|5[14]        -Rovibration_vJ|6[15]            3.4259E-05  9.0920E+01   4.849E+04     215- 258     3494
Rovibration_vJ|5[14]        -Rovibration_vJ|7[13]            8.4857E-07  9.4340E+00   2.539E+04     215- 296     3495
Rovibration_vJ|5[14]        -Rovibration_vJ|7[15]            1.0684E-06  1.0900E+01   2.473E+04     215- 299     3496
Rovibration_vJ|5[14]        -Rovibration_vJ|8[13]            1.5132E-08  3.7680E-01   1.696E+04     215- 337     3497
Rovibration_vJ|5[14]        -Rovibration_vJ|8[15]            2.2281E-08  5.0030E-01   1.667E+04     215- 340     3498
Rovibration_vJ|5[14]        -Rovibration_vJ|9[13]            1.5243E-10  6.6880E-03   1.278E+04     215- 378     3499
Rovibration_vJ|5[14]        -Rovibration_vJ|9[15]            3.2612E-10  1.2790E-02   1.261E+04     215- 380     3500
Rovibration_vJ|5[14]        -Rovibration_vJ|10[13]           4.6708E-14  3.1680E-06   1.028E+04     215- 419     3501
Rovibration_vJ|5[14]        -Rovibration_vJ|10[15]           1.0468E-12  6.3130E-05   1.017E+04     215- 421     3502
Rovibration_vJ|4[36]        -Rovibration_vJ|4[37]            2.6758E-09  3.2060E-05   7.361E+05     216- 219     3503
Rovibration_vJ|4[36]        -Rovibration_vJ|5[35]            2.5184E-05  6.1270E+01   5.309E+04     216- 254     3504
Rovibration_vJ|4[36]        -Rovibration_vJ|5[37]            2.9447E-05  8.8290E+01   4.653E+04     216- 261     3505
Rovibration_vJ|4[36]        -Rovibration_vJ|6[35]            5.5370E-07  5.6960E+00   2.582E+04     216- 295     3506
Rovibration_vJ|4[36]        -Rovibration_vJ|6[37]            8.5477E-07  9.4930E+00   2.418E+04     216- 302     3507
Rovibration_vJ|4[36]        -Rovibration_vJ|7[35]            7.4227E-09  1.7340E-01   1.713E+04     216- 336     3508
Rovibration_vJ|4[36]        -Rovibration_vJ|7[37]            1.7159E-08  4.1410E-01   1.640E+04     216- 343     3509
Rovibration_vJ|4[36]        -Rovibration_vJ|8[35]            4.2033E-11  1.7420E-03   1.286E+04     216- 377     3510
Rovibration_vJ|4[36]        -Rovibration_vJ|8[37]            2.7173E-10  1.1380E-02   1.245E+04     216- 384     3511
Rovibration_vJ|4[36]        -Rovibration_vJ|9[35]            6.5259E-13  4.1980E-05   1.033E+04     216- 418     3512
Rovibration_vJ|4[36]        -Rovibration_vJ|9[37]            1.9688E-12  1.2630E-04   1.006E+04     216- 425     3513
Rovibration_vJ|4[36]        -Rovibration_vJ|10[35]           3.7468E-13  3.4400E-05   8.643E+03     216- 446     3514
Rovibration_vJ|4[36]        -Rovibration_vJ|10[37]           1.2495E-14  1.1340E-06   8.458E+03     216- 448     3515
Rovibration_vJ|5[15]        -Rovibration_vJ|5[16]            6.6087E-09  1.4230E-05   1.706E+06     217- 218     3516
Rovibration_vJ|5[15]        -Rovibration_vJ|6[14]            3.0415E-05  8.2710E+01   5.121E+04     217- 256     3517
Rovibration_vJ|5[15]        -Rovibration_vJ|6[16]            3.4238E-05  9.1520E+01   4.842E+04     217- 259     3518
Rovibration_vJ|5[15]        -Rovibration_vJ|7[14]            8.4612E-07  9.3400E+00   2.542E+04     217- 297     3519
Rovibration_vJ|5[15]        -Rovibration_vJ|7[16]            1.0724E-06  1.1000E+01   2.472E+04     217- 300     3520
Rovibration_vJ|5[15]        -Rovibration_vJ|8[14]            1.5013E-08  3.7140E-01   1.698E+04     217- 338     3521
Rovibration_vJ|5[15]        -Rovibration_vJ|8[16]            2.2493E-08  5.0750E-01   1.666E+04     217- 341     3522
Rovibration_vJ|5[15]        -Rovibration_vJ|9[14]            1.4909E-10  6.5010E-03   1.279E+04     217- 379     3523
Rovibration_vJ|5[15]        -Rovibration_vJ|9[16]            3.3303E-10  1.3120E-02   1.261E+04     217- 382     3524
Rovibration_vJ|5[15]        -Rovibration_vJ|10[14]           6.3395E-14  4.2740E-06   1.028E+04     217- 420     3525
Rovibration_vJ|5[15]        -Rovibration_vJ|10[16]           1.1494E-12  6.9620E-05   1.017E+04     217- 423     3526
Rovibration_vJ|5[16]        -Rovibration_vJ|5[17]            7.2662E-09  1.7720E-05   1.606E+06     218- 220     3527
Rovibration_vJ|5[16]        -Rovibration_vJ|6[15]            3.0417E-05  8.2020E+01   5.132E+04     218- 258     3528
Rovibration_vJ|5[16]        -Rovibration_vJ|6[17]            3.4228E-05  9.2100E+01   4.835E+04     218- 260     3529
Rovibration_vJ|5[16]        -Rovibration_vJ|7[15]            8.4348E-07  9.2500E+00   2.545E+04     218- 299     3530
Rovibration_vJ|5[16]        -Rovibration_vJ|7[17]            1.0768E-06  1.1100E+01   2.470E+04     218- 301     3531
Rovibration_vJ|5[16]        -Rovibration_vJ|8[15]            1.4891E-08  3.6620E-01   1.699E+04     218- 340     3532
Rovibration_vJ|5[16]        -Rovibration_vJ|8[17]            2.2714E-08  5.1470E-01   1.666E+04     218- 342     3533
Rovibration_vJ|5[16]        -Rovibration_vJ|9[15]            1.4581E-10  6.3220E-03   1.280E+04     218- 380     3534
Rovibration_vJ|5[16]        -Rovibration_vJ|9[17]            3.4029E-10  1.3460E-02   1.261E+04     218- 383     3535
Rovibration_vJ|5[16]        -Rovibration_vJ|10[15]           8.2429E-14  5.5270E-06   1.029E+04     218- 421     3536
Rovibration_vJ|5[16]        -Rovibration_vJ|10[17]           1.2580E-12  7.6490E-05   1.017E+04     218- 424     3537
Rovibration_vJ|4[37]        -Rovibration_vJ|4[38]            3.3195E-09  4.1940E-05   7.171E+05     219- 222     3538
Rovibration_vJ|4[37]        -Rovibration_vJ|5[36]            2.5144E-05  6.0810E+01   5.323E+04     219- 257     3539
Rovibration_vJ|4[37]        -Rovibration_vJ|5[38]            2.9477E-05  8.8630E+01   4.648E+04     219- 264     3540
Rovibration_vJ|4[37]        -Rovibration_vJ|6[36]            5.5139E-07  5.6500E+00   2.586E+04     219- 298     3541
Rovibration_vJ|4[37]        -Rovibration_vJ|6[38]            8.5998E-07  9.5620E+00   2.417E+04     219- 305     3542
Rovibration_vJ|4[37]        -Rovibration_vJ|7[36]            7.3569E-09  1.7130E-01   1.716E+04     219- 339     3543
Rovibration_vJ|4[37]        -Rovibration_vJ|7[38]            1.7369E-08  4.1940E-01   1.640E+04     219- 346     3544
Rovibration_vJ|4[37]        -Rovibration_vJ|8[36]            4.0948E-11  1.6920E-03   1.288E+04     219- 381     3545
Rovibration_vJ|4[37]        -Rovibration_vJ|8[38]            2.7786E-10  1.1640E-02   1.245E+04     219- 387     3546
Rovibration_vJ|4[37]        -Rovibration_vJ|9[36]            6.8622E-13  4.4020E-05   1.034E+04     219- 422     3547
Rovibration_vJ|4[37]        -Rovibration_vJ|9[38]            2.0917E-12  1.3420E-04   1.006E+04     219- 428     3548
Rovibration_vJ|4[37]        -Rovibration_vJ|10[36]           3.8180E-13  3.4960E-05   8.651E+03     219- 447     3549
Rovibration_vJ|4[37]        -Rovibration_vJ|10[38]           1.0539E-14  9.5640E-07   8.461E+03     219- 449     3550
Rovibration_vJ|5[17]        -Rovibration_vJ|5[18]            7.9768E-09  2.1870E-05   1.517E+06     220- 221     3551
Rovibration_vJ|5[17]        -Rovibration_vJ|6[16]            3.0415E-05  8.1360E+01   5.143E+04     220- 259     3552
Rovibration_vJ|5[17]        -Rovibration_vJ|6[18]            3.4223E-05  9.2660E+01   4.827E+04     220- 262     3553
Rovibration_vJ|5[17]        -Rovibration_vJ|7[16]            8.4067E-07  9.1630E+00   2.548E+04     220- 300     3554
Rovibration_vJ|5[17]        -Rovibration_vJ|7[18]            1.0817E-06  1.1200E+01   2.469E+04     220- 303     3555
Rovibration_vJ|5[17]        -Rovibration_vJ|8[16]            1.4764E-08  3.6110E-01   1.701E+04     220- 341     3556
Rovibration_vJ|5[17]        -Rovibration_vJ|8[18]            2.2939E-08  5.2180E-01   1.665E+04     220- 344     3557
Rovibration_vJ|5[17]        -Rovibration_vJ|9[16]            1.4256E-10  6.1490E-03   1.281E+04     220- 382     3558
Rovibration_vJ|5[17]        -Rovibration_vJ|9[18]            3.4765E-10  1.3800E-02   1.261E+04     220- 385     3559
Rovibration_vJ|5[17]        -Rovibration_vJ|10[16]           1.0375E-13  6.9220E-06   1.030E+04     220- 423     3560
Rovibration_vJ|5[17]        -Rovibration_vJ|10[18]           1.3729E-12  8.3760E-05   1.017E+04     220- 426     3561
Rovibration_vJ|5[18]        -Rovibration_vJ|5[19]            8.7485E-09  2.6790E-05   1.438E+06     221- 223     3562
Rovibration_vJ|5[18]        -Rovibration_vJ|6[17]            3.0407E-05  8.0720E+01   5.154E+04     221- 260     3563
Rovibration_vJ|5[18]        -Rovibration_vJ|6[19]            3.4224E-05  9.3200E+01   4.821E+04     221- 263     3564
Rovibration_vJ|5[18]        -Rovibration_vJ|7[17]            8.3775E-07  9.0790E+00   2.551E+04     221- 301     3565
Rovibration_vJ|5[18]        -Rovibration_vJ|7[19]            1.0860E-06  1.1290E+01   2.467E+04     221- 304     3566
Rovibration_vJ|5[18]        -Rovibration_vJ|8[17]            1.4643E-08  3.5630E-01   1.702E+04     221- 342     3567
Rovibration_vJ|5[18]        -Rovibration_vJ|8[19]            2.3175E-08  5.2900E-01   1.665E+04     221- 345     3568
Rovibration_vJ|5[18]        -Rovibration_vJ|9[17]            1.3935E-10  5.9820E-03   1.282E+04     221- 383     3569
Rovibration_vJ|5[18]        -Rovibration_vJ|9[19]            3.5534E-10  1.4150E-02   1.261E+04     221- 386     3570
Rovibration_vJ|5[18]        -Rovibration_vJ|10[17]           1.2727E-13  8.4520E-06   1.030E+04     221- 424     3571
Rovibration_vJ|5[18]        -Rovibration_vJ|10[19]           1.4942E-12  9.1430E-05   1.017E+04     221- 427     3572
Rovibration_vJ|4[38]        -Rovibration_vJ|4[39]            4.0666E-09  5.4100E-05   6.991E+05     222- 225     3573
Rovibration_vJ|4[38]        -Rovibration_vJ|5[37]            2.5102E-05  6.0350E+01   5.337E+04     222- 261     3574
Rovibration_vJ|4[38]        -Rovibration_vJ|5[39]            2.9505E-05  8.8960E+01   4.644E+04     222- 266     3575
Rovibration_vJ|4[38]        -Rovibration_vJ|6[37]            5.4914E-07  5.6050E+00   2.590E+04     222- 302     3576
Rovibration_vJ|4[38]        -Rovibration_vJ|6[39]            8.6515E-07  9.6300E+00   2.417E+04     222- 308     3577
Rovibration_vJ|4[38]        -Rovibration_vJ|7[37]            7.2949E-09  1.6930E-01   1.718E+04     222- 343     3578
Rovibration_vJ|4[38]        -Rovibration_vJ|7[39]            1.7584E-08  4.2480E-01   1.640E+04     222- 349     3579
Rovibration_vJ|4[38]        -Rovibration_vJ|8[37]            3.9857E-11  1.6420E-03   1.289E+04     222- 384     3580
Rovibration_vJ|4[38]        -Rovibration_vJ|8[39]            2.8449E-10  1.1920E-02   1.246E+04     222- 390     3581
Rovibration_vJ|4[38]        -Rovibration_vJ|9[37]            7.2034E-13  4.6080E-05   1.035E+04     222- 425     3582
Rovibration_vJ|4[38]        -Rovibration_vJ|9[39]            2.2195E-12  1.4240E-04   1.007E+04     222- 431     3583
Rovibration_vJ|4[38]        -Rovibration_vJ|10[37]           3.8906E-13  3.5530E-05   8.660E+03     222- 448     3584
Rovibration_vJ|4[38]        -Rovibration_vJ|10[39]           8.7356E-15  7.9270E-07   8.464E+03     222- 450     3585
Rovibration_vJ|5[19]        -Rovibration_vJ|5[20]            9.5758E-09  3.2560E-05   1.366E+06     223- 224     3586
Rovibration_vJ|5[19]        -Rovibration_vJ|6[18]            3.0392E-05  8.0090E+01   5.165E+04     223- 262     3587
Rovibration_vJ|5[19]        -Rovibration_vJ|6[20]            3.4231E-05  9.3730E+01   4.814E+04     223- 265     3588
Rovibration_vJ|5[19]        -Rovibration_vJ|7[18]            8.3471E-07  8.9970E+00   2.554E+04     223- 303     3589
Rovibration_vJ|5[19]        -Rovibration_vJ|7[20]            1.0915E-06  1.1390E+01   2.466E+04     223- 306     3590
Rovibration_vJ|5[19]        -Rovibration_vJ|8[18]            1.4515E-08  3.5150E-01   1.704E+04     223- 344     3591
Rovibration_vJ|5[19]        -Rovibration_vJ|8[20]            2.3416E-08  5.3620E-01   1.665E+04     223- 347     3592
Rovibration_vJ|5[19]        -Rovibration_vJ|9[18]            1.3617E-10  5.8190E-03   1.283E+04     223- 385     3593
Rovibration_vJ|5[19]        -Rovibration_vJ|9[20]            3.6309E-10  1.4500E-02   1.260E+04     223- 388     3594
Rovibration_vJ|5[19]        -Rovibration_vJ|10[18]           1.5290E-13  1.0110E-05   1.031E+04     223- 426     3595
Rovibration_vJ|5[19]        -Rovibration_vJ|10[20]           1.6220E-12  9.9520E-05   1.017E+04     223- 429     3596
Rovibration_vJ|5[20]        -Rovibration_vJ|5[21]            1.0472E-08  3.9330E-05   1.301E+06     224- 226     3597
Rovibration_vJ|5[20]        -Rovibration_vJ|6[19]            3.0371E-05  7.9470E+01   5.177E+04     224- 263     3598
Rovibration_vJ|5[20]        -Rovibration_vJ|6[21]            3.4243E-05  9.4250E+01   4.807E+04     224- 267     3599
Rovibration_vJ|5[20]        -Rovibration_vJ|7[19]            8.3158E-07  8.9170E+00   2.557E+04     224- 304     3600
Rovibration_vJ|5[20]        -Rovibration_vJ|7[21]            1.0963E-06  1.1480E+01   2.464E+04     224- 307     3601
Rovibration_vJ|5[20]        -Rovibration_vJ|8[19]            1.4391E-08  3.4690E-01   1.706E+04     224- 345     3602
Rovibration_vJ|5[20]        -Rovibration_vJ|8[21]            2.3667E-08  5.4350E-01   1.664E+04     224- 348     3603
Rovibration_vJ|5[20]        -Rovibration_vJ|9[19]            1.3306E-10  5.6620E-03   1.284E+04     224- 386     3604
Rovibration_vJ|5[20]        -Rovibration_vJ|9[21]            3.7115E-10  1.4860E-02   1.260E+04     224- 389     3605
Rovibration_vJ|5[20]        -Rovibration_vJ|10[19]           1.8071E-13  1.1900E-05   1.032E+04     224- 427     3606
Rovibration_vJ|5[20]        -Rovibration_vJ|10[21]           1.7561E-12  1.0800E-04   1.017E+04     224- 430     3607
Rovibration_vJ|4[39]        -Rovibration_vJ|4[40]            4.9268E-09  6.8920E-05   6.820E+05     225- 228     3608
Rovibration_vJ|4[39]        -Rovibration_vJ|5[38]            2.5059E-05  5.9890E+01   5.351E+04     225- 264     3609
Rovibration_vJ|4[39]        -Rovibration_vJ|5[40]            2.9536E-05  8.9290E+01   4.639E+04     225- 269     3610
Rovibration_vJ|4[39]        -Rovibration_vJ|6[38]            5.4687E-07  5.5600E+00   2.594E+04     225- 305     3611
Rovibration_vJ|4[39]        -Rovibration_vJ|6[40]            8.7046E-07  9.6990E+00   2.416E+04     225- 310     3612
Rovibration_vJ|4[39]        -Rovibration_vJ|7[38]            7.2325E-09  1.6730E-01   1.720E+04     225- 346     3613
Rovibration_vJ|4[39]        -Rovibration_vJ|7[40]            1.7799E-08  4.3020E-01   1.641E+04     225- 351     3614
Rovibration_vJ|4[39]        -Rovibration_vJ|8[38]            3.8831E-11  1.5950E-03   1.291E+04     225- 387     3615
Rovibration_vJ|4[39]        -Rovibration_vJ|8[40]            2.9089E-10  1.2190E-02   1.246E+04     225- 393     3616
Rovibration_vJ|4[39]        -Rovibration_vJ|9[38]            7.5496E-13  4.8160E-05   1.036E+04     225- 428     3617
Rovibration_vJ|4[39]        -Rovibration_vJ|9[40]            2.3521E-12  1.5090E-04   1.007E+04     225- 434     3618
Rovibration_vJ|4[39]        -Rovibration_vJ|10[38]           3.9626E-13  3.6090E-05   8.668E+03     225- 449     3619
Rovibration_vJ|4[39]        -Rovibration_vJ|10[40]           7.0883E-15  6.4310E-07   8.468E+03     225- 451     3620
Rovibration_vJ|5[21]        -Rovibration_vJ|5[22]            1.1440E-08  4.7230E-05   1.243E+06     226- 227     3621
Rovibration_vJ|5[21]        -Rovibration_vJ|6[20]            3.0350E-05  7.8870E+01   5.188E+04     226- 265     3622
Rovibration_vJ|5[21]        -Rovibration_vJ|6[22]            3.4255E-05  9.4750E+01   4.800E+04     226- 268     3623
Rovibration_vJ|5[21]        -Rovibration_vJ|7[20]            8.2831E-07  8.8380E+00   2.561E+04     226- 306     3624
Rovibration_vJ|5[21]        -Rovibration_vJ|7[22]            1.1023E-06  1.1580E+01   2.463E+04     226- 309     3625
Rovibration_vJ|5[21]        -Rovibration_vJ|8[20]            1.4266E-08  3.4240E-01   1.707E+04     226- 347     3626
Rovibration_vJ|5[21]        -Rovibration_vJ|8[22]            2.3923E-08  5.5080E-01   1.664E+04     226- 350     3627
Rovibration_vJ|5[21]        -Rovibration_vJ|9[20]            1.3001E-10  5.5100E-03   1.285E+04     226- 388     3628
Rovibration_vJ|5[21]        -Rovibration_vJ|9[22]            3.7952E-10  1.5230E-02   1.260E+04     226- 391     3629
Rovibration_vJ|5[21]        -Rovibration_vJ|10[20]           2.1037E-13  1.3800E-05   1.033E+04     226- 429     3630
Rovibration_vJ|5[21]        -Rovibration_vJ|10[22]           1.8984E-12  1.1700E-04   1.017E+04     226- 432     3631
Rovibration_vJ|5[22]        -Rovibration_vJ|5[23]            1.2487E-08  5.6420E-05   1.189E+06     227- 229     3632
Rovibration_vJ|5[22]        -Rovibration_vJ|6[21]            3.0322E-05  7.8270E+01   5.200E+04     227- 267     3633
Rovibration_vJ|5[22]        -Rovibration_vJ|6[23]            3.4275E-05  9.5250E+01   4.794E+04     227- 270     3634
Rovibration_vJ|5[22]        -Rovibration_vJ|7[21]            8.2512E-07  8.7620E+00   2.564E+04     227- 307     3635
Rovibration_vJ|5[22]        -Rovibration_vJ|7[23]            1.1076E-06  1.1670E+01   2.462E+04     227- 311     3636
Rovibration_vJ|5[22]        -Rovibration_vJ|8[21]            1.4141E-08  3.3800E-01   1.709E+04     227- 348     3637
Rovibration_vJ|5[22]        -Rovibration_vJ|8[23]            2.4182E-08  5.5810E-01   1.663E+04     227- 352     3638
Rovibration_vJ|5[22]        -Rovibration_vJ|9[21]            1.2701E-10  5.3620E-03   1.286E+04     227- 389     3639
Rovibration_vJ|5[22]        -Rovibration_vJ|9[23]            3.8793E-10  1.5600E-02   1.260E+04     227- 392     3640
Rovibration_vJ|5[22]        -Rovibration_vJ|10[21]           2.4205E-13  1.5820E-05   1.033E+04     227- 430     3641
Rovibration_vJ|5[22]        -Rovibration_vJ|10[23]           2.0470E-12  1.2640E-04   1.017E+04     227- 433     3642
Rovibration_vJ|4[40]        -Rovibration_vJ|5[39]            2.5015E-05  5.9430E+01   5.365E+04     228- 266     3643
Rovibration_vJ|4[40]        -Rovibration_vJ|6[39]            5.4468E-07  5.5160E+00   2.599E+04     228- 308     3644
Rovibration_vJ|4[40]        -Rovibration_vJ|7[39]            7.1739E-09  1.6540E-01   1.722E+04     228- 349     3645
Rovibration_vJ|4[40]        -Rovibration_vJ|8[39]            3.7799E-11  1.5480E-03   1.292E+04     228- 390     3646
Rovibration_vJ|4[40]        -Rovibration_vJ|9[39]            7.9009E-13  5.0260E-05   1.037E+04     228- 431     3647
Rovibration_vJ|4[40]        -Rovibration_vJ|10[39]           4.0360E-13  3.6660E-05   8.677E+03     228- 450     3648
Rovibration_vJ|5[23]        -Rovibration_vJ|5[24]            1.3618E-08  6.7080E-05   1.140E+06     229- 230     3649
Rovibration_vJ|5[23]        -Rovibration_vJ|6[22]            3.0295E-05  7.7690E+01   5.212E+04     229- 268     3650
Rovibration_vJ|5[23]        -Rovibration_vJ|6[24]            3.4294E-05  9.5730E+01   4.787E+04     229- 271     3651
Rovibration_vJ|5[23]        -Rovibration_vJ|7[22]            8.2186E-07  8.6870E+00   2.567E+04     229- 309     3652
Rovibration_vJ|5[23]        -Rovibration_vJ|7[24]            1.1131E-06  1.1760E+01   2.461E+04     229- 312     3653
Rovibration_vJ|5[23]        -Rovibration_vJ|8[22]            1.4021E-08  3.3380E-01   1.711E+04     229- 350     3654
Rovibration_vJ|5[23]        -Rovibration_vJ|8[24]            2.4449E-08  5.6550E-01   1.663E+04     229- 353     3655
Rovibration_vJ|5[23]        -Rovibration_vJ|9[22]            1.2406E-10  5.2180E-03   1.287E+04     229- 391     3656
Rovibration_vJ|5[23]        -Rovibration_vJ|9[24]            3.9663E-10  1.5980E-02   1.260E+04     229- 394     3657
Rovibration_vJ|5[23]        -Rovibration_vJ|10[22]           2.7561E-13  1.7950E-05   1.034E+04     229- 432     3658
Rovibration_vJ|5[23]        -Rovibration_vJ|10[24]           2.2036E-12  1.3630E-04   1.017E+04     229- 435     3659
Rovibration_vJ|5[24]        -Rovibration_vJ|5[25]            1.4839E-08  7.9390E-05   1.094E+06     230- 231     3660
Rovibration_vJ|5[24]        -Rovibration_vJ|6[23]            3.0264E-05  7.7110E+01   5.224E+04     230- 270     3661
Rovibration_vJ|5[24]        -Rovibration_vJ|6[25]            3.4314E-05  9.6200E+01   4.781E+04     230- 272     3662
Rovibration_vJ|5[24]        -Rovibration_vJ|7[23]            8.1853E-07  8.6130E+00   2.571E+04     230- 311     3663
Rovibration_vJ|5[24]        -Rovibration_vJ|7[25]            1.1187E-06  1.1850E+01   2.460E+04     230- 313     3664
Rovibration_vJ|5[24]        -Rovibration_vJ|8[23]            1.3899E-08  3.2960E-01   1.712E+04     230- 352     3665
Rovibration_vJ|5[24]        -Rovibration_vJ|8[25]            2.4720E-08  5.7290E-01   1.663E+04     230- 354     3666
Rovibration_vJ|5[24]        -Rovibration_vJ|9[23]            1.2116E-10  5.0780E-03   1.288E+04     230- 392     3667
Rovibration_vJ|5[24]        -Rovibration_vJ|9[25]            4.0538E-10  1.6360E-02   1.260E+04     230- 395     3668
Rovibration_vJ|5[24]        -Rovibration_vJ|10[23]           3.1090E-13  2.0180E-05   1.035E+04     230- 433     3669
Rovibration_vJ|5[24]        -Rovibration_vJ|10[25]           2.3665E-12  1.4660E-04   1.017E+04     230- 436     3670
Rovibration_vJ|5[25]        -Rovibration_vJ|5[26]            1.6156E-08  9.3570E-05   1.053E+06     231- 232     3671
Rovibration_vJ|5[25]        -Rovibration_vJ|6[24]            3.0227E-05  7.6530E+01   5.236E+04     231- 271     3672
Rovibration_vJ|5[25]        -Rovibration_vJ|6[26]            3.4340E-05  9.6670E+01   4.775E+04     231- 273     3673
Rovibration_vJ|5[25]        -Rovibration_vJ|7[24]            8.1517E-07  8.5400E+00   2.574E+04     231- 312     3674
Rovibration_vJ|5[25]        -Rovibration_vJ|7[26]            1.1254E-06  1.1950E+01   2.459E+04     231- 314     3675
Rovibration_vJ|5[25]        -Rovibration_vJ|8[24]            1.3774E-08  3.2540E-01   1.714E+04     231- 353     3676
Rovibration_vJ|5[25]        -Rovibration_vJ|8[26]            2.4998E-08  5.8040E-01   1.663E+04     231- 355     3677
Rovibration_vJ|5[25]        -Rovibration_vJ|9[24]            1.1832E-10  4.9420E-03   1.289E+04     231- 394     3678
Rovibration_vJ|5[25]        -Rovibration_vJ|9[26]            4.1440E-10  1.6750E-02   1.260E+04     231- 396     3679
Rovibration_vJ|5[25]        -Rovibration_vJ|10[24]           3.4794E-13  2.2510E-05   1.036E+04     231- 435     3680
Rovibration_vJ|5[25]        -Rovibration_vJ|10[26]           2.5374E-12  1.5740E-04   1.017E+04     231- 437     3681
Rovibration_vJ|5[26]        -Rovibration_vJ|5[27]            1.7583E-08  1.0990E-04   1.014E+06     232- 233     3682
Rovibration_vJ|5[26]        -Rovibration_vJ|6[25]            3.0190E-05  7.5960E+01   5.249E+04     232- 272     3683
Rovibration_vJ|5[26]        -Rovibration_vJ|6[27]            3.4363E-05  9.7120E+01   4.769E+04     232- 274     3684
Rovibration_vJ|5[26]        -Rovibration_vJ|7[25]            8.1179E-07  8.4680E+00   2.578E+04     232- 313     3685
Rovibration_vJ|5[26]        -Rovibration_vJ|7[27]            1.1313E-06  1.2040E+01   2.458E+04     232- 315     3686
Rovibration_vJ|5[26]        -Rovibration_vJ|8[25]            1.3655E-08  3.2140E-01   1.716E+04     232- 354     3687
Rovibration_vJ|5[26]        -Rovibration_vJ|8[27]            2.5278E-08  5.8790E-01   1.662E+04     232- 356     3688
Rovibration_vJ|5[26]        -Rovibration_vJ|9[25]            1.1555E-10  4.8100E-03   1.290E+04     232- 395     3689
Rovibration_vJ|5[26]        -Rovibration_vJ|9[27]            4.2371E-10  1.7150E-02   1.260E+04     232- 397     3690
Rovibration_vJ|5[26]        -Rovibration_vJ|10[25]           3.8674E-13  2.4940E-05   1.037E+04     232- 436     3691
Rovibration_vJ|5[26]        -Rovibration_vJ|10[27]           2.7163E-12  1.6870E-04   1.017E+04     232- 438     3692
Rovibration_vJ|5[27]        -Rovibration_vJ|5[28]            1.9106E-08  1.2850E-04   9.782E+05     233- 234     3693
Rovibration_vJ|5[27]        -Rovibration_vJ|6[26]            3.0153E-05  7.5400E+01   5.261E+04     233- 273     3694
Rovibration_vJ|5[27]        -Rovibration_vJ|6[28]            3.4390E-05  9.7570E+01   4.763E+04     233- 275     3695
Rovibration_vJ|5[27]        -Rovibration_vJ|7[26]            8.0849E-07  8.3980E+00   2.581E+04     233- 314     3696
Rovibration_vJ|5[27]        -Rovibration_vJ|7[28]            1.1373E-06  1.2130E+01   2.457E+04     233- 316     3697
Rovibration_vJ|5[27]        -Rovibration_vJ|8[26]            1.3538E-08  3.1750E-01   1.718E+04     233- 355     3698
Rovibration_vJ|5[27]        -Rovibration_vJ|8[28]            2.5569E-08  5.9560E-01   1.662E+04     233- 357     3699
Rovibration_vJ|5[27]        -Rovibration_vJ|9[26]            1.1283E-10  4.6810E-03   1.292E+04     233- 396     3700
Rovibration_vJ|5[27]        -Rovibration_vJ|9[28]            4.3330E-10  1.7560E-02   1.260E+04     233- 398     3701
Rovibration_vJ|5[27]        -Rovibration_vJ|10[26]           4.2699E-13  2.7450E-05   1.038E+04     233- 437     3702
Rovibration_vJ|5[27]        -Rovibration_vJ|10[28]           2.9049E-12  1.8060E-04   1.017E+04     233- 439     3703
Rovibration_vJ|5[28]        -Rovibration_vJ|5[29]            2.0767E-08  1.4990E-04   9.449E+05     234- 235     3704
Rovibration_vJ|5[28]        -Rovibration_vJ|6[27]            3.0113E-05  7.4840E+01   5.274E+04     234- 274     3705
Rovibration_vJ|5[28]        -Rovibration_vJ|6[29]            3.4417E-05  9.8010E+01   4.757E+04     234- 276     3706
Rovibration_vJ|5[28]        -Rovibration_vJ|7[27]            8.0510E-07  8.3280E+00   2.585E+04     234- 315     3707
Rovibration_vJ|5[28]        -Rovibration_vJ|7[29]            1.1434E-06  1.2220E+01   2.456E+04     234- 317     3708
Rovibration_vJ|5[28]        -Rovibration_vJ|8[27]            1.3419E-08  3.1360E-01   1.720E+04     234- 356     3709
Rovibration_vJ|5[28]        -Rovibration_vJ|8[29]            2.5859E-08  6.0320E-01   1.662E+04     234- 358     3710
Rovibration_vJ|5[28]        -Rovibration_vJ|9[27]            1.1017E-10  4.5560E-03   1.293E+04     234- 397     3711
Rovibration_vJ|5[28]        -Rovibration_vJ|9[29]            4.4317E-10  1.7980E-02   1.260E+04     234- 399     3712
Rovibration_vJ|5[28]        -Rovibration_vJ|10[27]           4.6886E-13  3.0050E-05   1.039E+04     234- 438     3713
Rovibration_vJ|5[28]        -Rovibration_vJ|10[29]           3.0998E-12  1.9290E-04   1.018E+04     234- 440     3714
Rovibration_vJ|5[29]        -Rovibration_vJ|5[30]            2.2544E-08  1.7420E-04   9.137E+05     235- 236     3715
Rovibration_vJ|5[29]        -Rovibration_vJ|6[28]            3.0074E-05  7.4290E+01   5.287E+04     235- 275     3716
Rovibration_vJ|5[29]        -Rovibration_vJ|6[30]            3.4445E-05  9.8440E+01   4.751E+04     235- 277     3717
Rovibration_vJ|5[29]        -Rovibration_vJ|7[28]            8.0182E-07  8.2600E+00   2.589E+04     235- 316     3718
Rovibration_vJ|5[29]        -Rovibration_vJ|7[30]            1.1497E-06  1.2310E+01   2.455E+04     235- 318     3719
Rovibration_vJ|5[29]        -Rovibration_vJ|8[28]            1.3302E-08  3.0980E-01   1.722E+04     235- 357     3720
Rovibration_vJ|5[29]        -Rovibration_vJ|8[30]            2.6159E-08  6.1100E-01   1.662E+04     235- 359     3721
Rovibration_vJ|5[29]        -Rovibration_vJ|9[28]            1.0756E-10  4.4340E-03   1.294E+04     235- 398     3722
Rovibration_vJ|5[29]        -Rovibration_vJ|9[30]            4.5307E-10  1.8400E-02   1.260E+04     235- 400     3723
Rovibration_vJ|5[29]        -Rovibration_vJ|10[28]           5.1221E-13  3.2730E-05   1.039E+04     235- 439     3724
Rovibration_vJ|5[29]        -Rovibration_vJ|10[30]           3.3044E-12  2.0580E-04   1.018E+04     235- 441     3725
Rovibration_vJ|5[30]        -Rovibration_vJ|5[31]            2.4463E-08  2.0190E-04   8.846E+05     236- 237     3726
Rovibration_vJ|5[30]        -Rovibration_vJ|6[29]            3.0029E-05  7.3730E+01   5.300E+04     236- 276     3727
Rovibration_vJ|5[30]        -Rovibration_vJ|6[31]            3.4475E-05  9.8870E+01   4.746E+04     236- 278     3728
Rovibration_vJ|5[30]        -Rovibration_vJ|7[29]            7.9846E-07  8.1920E+00   2.593E+04     236- 317     3729
Rovibration_vJ|5[30]        -Rovibration_vJ|7[31]            1.1560E-06  1.2400E+01   2.454E+04     236- 319     3730
Rovibration_vJ|5[30]        -Rovibration_vJ|8[29]            1.3185E-08  3.0600E-01   1.724E+04     236- 358     3731
Rovibration_vJ|5[30]        -Rovibration_vJ|8[31]            2.6462E-08  6.1880E-01   1.662E+04     236- 360     3732
Rovibration_vJ|5[30]        -Rovibration_vJ|9[29]            1.0503E-10  4.3160E-03   1.295E+04     236- 399     3733
Rovibration_vJ|5[30]        -Rovibration_vJ|9[31]            4.6324E-10  1.8830E-02   1.261E+04     236- 401     3734
Rovibration_vJ|5[30]        -Rovibration_vJ|10[29]           5.5705E-13  3.5490E-05   1.040E+04     236- 440     3735
Rovibration_vJ|5[30]        -Rovibration_vJ|10[31]           3.5171E-12  2.1920E-04   1.018E+04     236- 442     3736
Rovibration_vJ|5[31]        -Rovibration_vJ|5[32]            2.6536E-08  2.3340E-04   8.573E+05     237- 238     3737
Rovibration_vJ|5[31]        -Rovibration_vJ|6[30]            2.9988E-05  7.3190E+01   5.313E+04     237- 277     3738
Rovibration_vJ|5[31]        -Rovibration_vJ|6[32]            3.4506E-05  9.9290E+01   4.740E+04     237- 279     3739
Rovibration_vJ|5[31]        -Rovibration_vJ|7[30]            7.9513E-07  8.1250E+00   2.596E+04     237- 318     3740
Rovibration_vJ|5[31]        -Rovibration_vJ|7[32]            1.1634E-06  1.2500E+01   2.453E+04     237- 320     3741
Rovibration_vJ|5[31]        -Rovibration_vJ|8[30]            1.3074E-08  3.0240E-01   1.726E+04     237- 359     3742
Rovibration_vJ|5[31]        -Rovibration_vJ|8[32]            2.6770E-08  6.2670E-01   1.662E+04     237- 361     3743
Rovibration_vJ|5[31]        -Rovibration_vJ|9[30]            1.0255E-10  4.2010E-03   1.297E+04     237- 400     3744
Rovibration_vJ|5[31]        -Rovibration_vJ|9[32]            4.7370E-10  1.9270E-02   1.261E+04     237- 402     3745
Rovibration_vJ|5[31]        -Rovibration_vJ|10[30]           6.0323E-13  3.8320E-05   1.041E+04     237- 441     3746
Rovibration_vJ|5[31]        -Rovibration_vJ|10[32]           3.7411E-12  2.3330E-04   1.018E+04     237- 443     3747
Rovibration_vJ|5[32]        -Rovibration_vJ|5[33]            2.8756E-08  2.6900E-04   8.317E+05     238- 244     3748
Rovibration_vJ|5[32]        -Rovibration_vJ|6[31]            2.9942E-05  7.2640E+01   5.326E+04     238- 278     3749
Rovibration_vJ|5[32]        -Rovibration_vJ|6[33]            3.4535E-05  9.9700E+01   4.735E+04     238- 285     3750
Rovibration_vJ|5[32]        -Rovibration_vJ|7[31]            7.9184E-07  8.0590E+00   2.600E+04     238- 319     3751
Rovibration_vJ|5[32]        -Rovibration_vJ|7[33]            1.1699E-06  1.2590E+01   2.452E+04     238- 326     3752
Rovibration_vJ|5[32]        -Rovibration_vJ|8[31]            1.2962E-08  2.9880E-01   1.728E+04     238- 360     3753
Rovibration_vJ|5[32]        -Rovibration_vJ|8[33]            2.7085E-08  6.3470E-01   1.662E+04     238- 368     3754
Rovibration_vJ|5[32]        -Rovibration_vJ|9[31]            1.0012E-10  4.0890E-03   1.298E+04     238- 401     3755
Rovibration_vJ|5[32]        -Rovibration_vJ|9[33]            4.8418E-10  1.9710E-02   1.261E+04     238- 409     3756
Rovibration_vJ|5[32]        -Rovibration_vJ|10[31]           6.5075E-13  4.1220E-05   1.042E+04     238- 442     3757
Rovibration_vJ|5[32]        -Rovibration_vJ|10[33]           3.9716E-12  2.4780E-04   1.018E+04     238- 444     3758
Rovibration_vJ|6[0]         -Rovibration_vJ|6[1]             3.3558E-09  9.8590E-09   2.751E+07     239- 240     3759
Rovibration_vJ|6[0]         -Rovibration_vJ|7[1]             7.4873E-05  6.5860E+01   5.028E+04     239- 281     3760
Rovibration_vJ|6[0]         -Rovibration_vJ|8[1]             2.5645E-06  8.8890E+00   2.533E+04     239- 322     3761
Rovibration_vJ|6[0]         -Rovibration_vJ|9[1]             5.7491E-08  4.4220E-01   1.700E+04     239- 363     3762
Rovibration_vJ|6[0]         -Rovibration_vJ|10[1]            8.4066E-10  1.1340E-02   1.284E+04     239- 404     3763
Rovibration_vJ|6[1]         -Rovibration_vJ|6[2]             4.4818E-09  9.4800E-08   1.376E+07     240- 241     3764
Rovibration_vJ|6[1]         -Rovibration_vJ|7[0]             2.4876E-05  1.9550E+02   5.046E+04     240- 280     3765
Rovibration_vJ|6[1]         -Rovibration_vJ|7[2]             5.0000E-05  7.9450E+01   5.019E+04     240- 282     3766
Rovibration_vJ|6[1]         -Rovibration_vJ|8[0]             8.4551E-07  2.6280E+01   2.537E+04     240- 321     3767
Rovibration_vJ|6[1]         -Rovibration_vJ|8[2]             1.7184E-06  1.0740E+01   2.530E+04     240- 323     3768
Rovibration_vJ|6[1]         -Rovibration_vJ|9[0]             1.8753E-08  1.2950E+00   1.702E+04     240- 362     3769
Rovibration_vJ|6[1]         -Rovibration_vJ|9[2]             3.8741E-08  5.3700E-01   1.699E+04     240- 364     3770
Rovibration_vJ|6[1]         -Rovibration_vJ|10[0]            2.6769E-10  3.2440E-02   1.285E+04     240- 403     3771
Rovibration_vJ|6[1]         -Rovibration_vJ|10[2]            5.7320E-10  1.3930E-02   1.283E+04     240- 405     3772
Rovibration_vJ|6[2]         -Rovibration_vJ|6[3]             6.0667E-09  3.4370E-07   9.171E+06     241- 242     3773
Rovibration_vJ|6[2]         -Rovibration_vJ|7[1]             2.9793E-05  1.2960E+02   5.055E+04     241- 281     3774
Rovibration_vJ|6[2]         -Rovibration_vJ|7[3]             4.5075E-05  8.5570E+01   5.010E+04     241- 283     3775
Rovibration_vJ|6[2]         -Rovibration_vJ|8[1]             1.0090E-06  1.7390E+01   2.540E+04     241- 322     3776
Rovibration_vJ|6[2]         -Rovibration_vJ|8[3]             1.5563E-06  1.1600E+01   2.528E+04     241- 324     3777
Rovibration_vJ|6[2]         -Rovibration_vJ|9[1]             2.2270E-08  8.5330E-01   1.703E+04     241- 363     3778
Rovibration_vJ|6[2]         -Rovibration_vJ|9[3]             3.5248E-08  5.8230E-01   1.698E+04     241- 365     3779
Rovibration_vJ|6[2]         -Rovibration_vJ|10[1]            3.1401E-10  2.1120E-02   1.286E+04     241- 404     3780
Rovibration_vJ|6[2]         -Rovibration_vJ|10[3]            5.2772E-10  1.5280E-02   1.283E+04     241- 406     3781
Rovibration_vJ|6[3]         -Rovibration_vJ|6[4]             7.7330E-09  8.4800E-07   6.878E+06     242- 243     3782
Rovibration_vJ|6[3]         -Rovibration_vJ|7[2]             3.1865E-05  1.1600E+02   5.065E+04     242- 282     3783
Rovibration_vJ|6[3]         -Rovibration_vJ|7[4]             4.3001E-05  8.9200E+01   5.001E+04     242- 284     3784
Rovibration_vJ|6[3]         -Rovibration_vJ|8[2]             1.0754E-06  1.5540E+01   2.542E+04     242- 323     3785
Rovibration_vJ|6[3]         -Rovibration_vJ|8[4]             1.4896E-06  1.2110E+01   2.526E+04     242- 325     3786
Rovibration_vJ|6[3]         -Rovibration_vJ|9[2]             2.3610E-08  7.5890E-01   1.704E+04     242- 364     3787
Rovibration_vJ|6[3]         -Rovibration_vJ|9[4]             3.3935E-08  6.1110E-01   1.697E+04     242- 366     3788
Rovibration_vJ|6[3]         -Rovibration_vJ|10[2]            3.2902E-10  1.8570E-02   1.286E+04     242- 405     3789
Rovibration_vJ|6[3]         -Rovibration_vJ|10[4]            5.1405E-10  1.6220E-02   1.282E+04     242- 407     3790
Rovibration_vJ|6[4]         -Rovibration_vJ|6[5]             9.4439E-09  1.7020E-06   5.503E+06     243- 245     3791
Rovibration_vJ|6[4]         -Rovibration_vJ|7[3]             3.2998E-05  1.0990E+02   5.074E+04     243- 283     3792
Rovibration_vJ|6[4]         -Rovibration_vJ|7[5]             4.1874E-05  9.1690E+01   4.992E+04     243- 286     3793
Rovibration_vJ|6[4]         -Rovibration_vJ|8[3]             1.1092E-06  1.4690E+01   2.545E+04     243- 324     3794
Rovibration_vJ|6[4]         -Rovibration_vJ|8[5]             1.4569E-06  1.2480E+01   2.524E+04     243- 327     3795
Rovibration_vJ|6[4]         -Rovibration_vJ|9[3]             2.4227E-08  7.1420E-01   1.706E+04     243- 365     3796
Rovibration_vJ|6[4]         -Rovibration_vJ|9[5]             3.3353E-08  6.3250E-01   1.696E+04     243- 367     3797
Rovibration_vJ|6[4]         -Rovibration_vJ|10[3]            3.3353E-10  1.7270E-02   1.287E+04     243- 406     3798
Rovibration_vJ|6[4]         -Rovibration_vJ|10[5]            5.1118E-10  1.6980E-02   1.282E+04     243- 408     3799
Rovibration_vJ|5[33]        -Rovibration_vJ|5[34]            3.1138E-08  3.0920E-04   8.076E+05     244- 249     3800
Rovibration_vJ|5[33]        -Rovibration_vJ|6[32]            2.9897E-05  7.2100E+01   5.339E+04     244- 279     3801
Rovibration_vJ|5[33]        -Rovibration_vJ|6[34]            3.4565E-05  1.0010E+02   4.729E+04     244- 291     3802
Rovibration_vJ|5[33]        -Rovibration_vJ|7[32]            7.8849E-07  7.9930E+00   2.604E+04     244- 320     3803
Rovibration_vJ|5[33]        -Rovibration_vJ|7[34]            1.1766E-06  1.2680E+01   2.451E+04     244- 332     3804
Rovibration_vJ|5[33]        -Rovibration_vJ|8[32]            1.2849E-08  2.9520E-01   1.730E+04     244- 361     3805
Rovibration_vJ|5[33]        -Rovibration_vJ|8[34]            2.7406E-08  6.4280E-01   1.662E+04     244- 373     3806
Rovibration_vJ|5[33]        -Rovibration_vJ|9[32]            9.7746E-11  3.9800E-03   1.299E+04     244- 402     3807
Rovibration_vJ|5[33]        -Rovibration_vJ|9[34]            4.9518E-10  2.0170E-02   1.261E+04     244- 414     3808
Rovibration_vJ|5[33]        -Rovibration_vJ|10[32]           6.9949E-13  4.4180E-05   1.043E+04     244- 443     3809
Rovibration_vJ|5[33]        -Rovibration_vJ|10[34]           4.2135E-12  2.6300E-04   1.019E+04     244- 445     3810
Rovibration_vJ|6[5]         -Rovibration_vJ|6[6]             1.1190E-08  3.0030E-06   4.586E+06     245- 246     3811
Rovibration_vJ|6[5]         -Rovibration_vJ|7[4]             3.3672E-05  1.0620E+02   5.084E+04     245- 284     3812
Rovibration_vJ|6[5]         -Rovibration_vJ|7[6]             4.1179E-05  9.3570E+01   4.984E+04     245- 287     3813
Rovibration_vJ|6[5]         -Rovibration_vJ|8[4]             1.1285E-06  1.4180E+01   2.547E+04     245- 325     3814
Rovibration_vJ|6[5]         -Rovibration_vJ|8[6]             1.4380E-06  1.2760E+01   2.522E+04     245- 328     3815
Rovibration_vJ|6[5]         -Rovibration_vJ|9[4]             2.4520E-08  6.8620E-01   1.707E+04     245- 366     3816
Rovibration_vJ|6[5]         -Rovibration_vJ|9[6]             3.3109E-08  6.5000E-01   1.696E+04     245- 369     3817
Rovibration_vJ|6[5]         -Rovibration_vJ|10[4]            3.3334E-10  1.6390E-02   1.288E+04     245- 407     3818
Rovibration_vJ|6[5]         -Rovibration_vJ|10[6]            5.1341E-10  1.7650E-02   1.281E+04     245- 410     3819
Rovibration_vJ|6[6]         -Rovibration_vJ|6[7]             1.2980E-08  4.8550E-06   3.931E+06     246- 247     3820
Rovibration_vJ|6[6]         -Rovibration_vJ|7[5]             3.4136E-05  1.0370E+02   5.094E+04     246- 286     3821
Rovibration_vJ|6[6]         -Rovibration_vJ|7[7]             4.0720E-05  9.5090E+01   4.975E+04     246- 288     3822
Rovibration_vJ|6[6]         -Rovibration_vJ|8[5]             1.1398E-06  1.3820E+01   2.550E+04     246- 327     3823
Rovibration_vJ|6[6]         -Rovibration_vJ|8[7]             1.4281E-06  1.3000E+01   2.520E+04     246- 329     3824
Rovibration_vJ|6[6]         -Rovibration_vJ|9[5]             2.4640E-08  6.6580E-01   1.708E+04     246- 367     3825
Rovibration_vJ|6[6]         -Rovibration_vJ|9[7]             3.3044E-08  6.6510E-01   1.695E+04     246- 370     3826
Rovibration_vJ|6[6]         -Rovibration_vJ|10[5]            3.3080E-10  1.5710E-02   1.288E+04     246- 408     3827
Rovibration_vJ|6[6]         -Rovibration_vJ|10[7]            5.1823E-10  1.8260E-02   1.281E+04     246- 411     3828
Rovibration_vJ|6[7]         -Rovibration_vJ|6[8]             1.4812E-08  7.3660E-06   3.440E+06     247- 248     3829
Rovibration_vJ|6[7]         -Rovibration_vJ|7[6]             3.4457E-05  1.0180E+02   5.104E+04     247- 287     3830
Rovibration_vJ|6[7]         -Rovibration_vJ|7[8]             4.0395E-05  9.6360E+01   4.967E+04     247- 289     3831
Rovibration_vJ|6[7]         -Rovibration_vJ|8[6]             1.1461E-06  1.3540E+01   2.552E+04     247- 328     3832
Rovibration_vJ|6[7]         -Rovibration_vJ|8[8]             1.4221E-06  1.3200E+01   2.518E+04     247- 330     3833
Rovibration_vJ|6[7]         -Rovibration_vJ|9[6]             2.4655E-08  6.4950E-01   1.709E+04     247- 369     3834
Rovibration_vJ|6[7]         -Rovibration_vJ|9[8]             3.3094E-08  6.7880E-01   1.694E+04     247- 371     3835
Rovibration_vJ|6[7]         -Rovibration_vJ|10[6]            3.2691E-10  1.5140E-02   1.289E+04     247- 410     3836
Rovibration_vJ|6[7]         -Rovibration_vJ|10[8]            5.2513E-10  1.8850E-02   1.280E+04     247- 412     3837
Rovibration_vJ|6[8]         -Rovibration_vJ|6[9]             1.6691E-08  1.0650E-05   3.058E+06     248- 250     3838
Rovibration_vJ|6[8]         -Rovibration_vJ|7[7]             3.4701E-05  1.0030E+02   5.114E+04     248- 288     3839
Rovibration_vJ|6[8]         -Rovibration_vJ|7[9]             4.0163E-05  9.7470E+01   4.959E+04     248- 290     3840
Rovibration_vJ|6[8]         -Rovibration_vJ|8[7]             1.1495E-06  1.3310E+01   2.555E+04     248- 329     3841
Rovibration_vJ|6[8]         -Rovibration_vJ|8[9]             1.4194E-06  1.3380E+01   2.516E+04     248- 331     3842
Rovibration_vJ|6[8]         -Rovibration_vJ|9[7]             2.4608E-08  6.3580E-01   1.711E+04     248- 370     3843
Rovibration_vJ|6[8]         -Rovibration_vJ|9[9]             3.3216E-08  6.9150E-01   1.693E+04     248- 372     3844
Rovibration_vJ|6[8]         -Rovibration_vJ|10[7]            3.2221E-10  1.4640E-02   1.290E+04     248- 411     3845
Rovibration_vJ|6[8]         -Rovibration_vJ|10[9]            5.3320E-10  1.9420E-02   1.280E+04     248- 413     3846
Rovibration_vJ|5[34]        -Rovibration_vJ|5[35]            3.3701E-08  3.5460E-04   7.849E+05     249- 254     3847
Rovibration_vJ|5[34]        -Rovibration_vJ|6[33]            2.9851E-05  7.1560E+01   5.353E+04     249- 285     3848
Rovibration_vJ|5[34]        -Rovibration_vJ|6[35]            3.4596E-05  1.0050E+02   4.724E+04     249- 295     3849
Rovibration_vJ|5[34]        -Rovibration_vJ|7[33]            7.8528E-07  7.9290E+00   2.608E+04     249- 326     3850
Rovibration_vJ|5[34]        -Rovibration_vJ|7[35]            1.1833E-06  1.2770E+01   2.451E+04     249- 336     3851
Rovibration_vJ|5[34]        -Rovibration_vJ|8[33]            1.2739E-08  2.9170E-01   1.732E+04     249- 368     3852
Rovibration_vJ|5[34]        -Rovibration_vJ|8[35]            2.7729E-08  6.5090E-01   1.662E+04     249- 377     3853
Rovibration_vJ|5[34]        -Rovibration_vJ|9[33]            9.5406E-11  3.8730E-03   1.301E+04     249- 409     3854
Rovibration_vJ|5[34]        -Rovibration_vJ|9[35]            5.0622E-10  2.0630E-02   1.261E+04     249- 418     3855
Rovibration_vJ|5[34]        -Rovibration_vJ|10[33]           7.4943E-13  4.7200E-05   1.044E+04     249- 444     3856
Rovibration_vJ|5[34]        -Rovibration_vJ|10[35]           4.4652E-12  2.7880E-04   1.019E+04     249- 446     3857
Rovibration_vJ|6[9]         -Rovibration_vJ|6[10]            1.8622E-08  1.4830E-05   2.753E+06     250- 251     3858
Rovibration_vJ|6[9]         -Rovibration_vJ|7[8]             3.4857E-05  9.8960E+01   5.124E+04     250- 289     3859
Rovibration_vJ|6[9]         -Rovibration_vJ|7[10]            3.9995E-05  9.8470E+01   4.951E+04     250- 292     3860
Rovibration_vJ|6[9]         -Rovibration_vJ|8[8]             1.1514E-06  1.3120E+01   2.558E+04     250- 330     3861
Rovibration_vJ|6[9]         -Rovibration_vJ|8[10]            1.4194E-06  1.3550E+01   2.514E+04     250- 333     3862
Rovibration_vJ|6[9]         -Rovibration_vJ|9[8]             2.4516E-08  6.2370E-01   1.712E+04     250- 371     3863
Rovibration_vJ|6[9]         -Rovibration_vJ|9[10]            3.3389E-08  7.0350E-01   1.692E+04     250- 374     3864
Rovibration_vJ|6[9]         -Rovibration_vJ|10[8]            3.1708E-10  1.4190E-02   1.291E+04     250- 412     3865
Rovibration_vJ|6[9]         -Rovibration_vJ|10[10]           5.4218E-10  1.9980E-02   1.280E+04     250- 415     3866
Rovibration_vJ|6[10]        -Rovibration_vJ|6[11]            2.0614E-08  2.0040E-05   2.503E+06     251- 252     3867
Rovibration_vJ|6[10]        -Rovibration_vJ|7[9]             3.4976E-05  9.7800E+01   5.135E+04     251- 290     3868
Rovibration_vJ|6[10]        -Rovibration_vJ|7[11]            3.9866E-05  9.9370E+01   4.943E+04     251- 293     3869
Rovibration_vJ|6[10]        -Rovibration_vJ|8[9]             1.1509E-06  1.2940E+01   2.561E+04     251- 331     3870
Rovibration_vJ|6[10]        -Rovibration_vJ|8[11]            1.4211E-06  1.3710E+01   2.512E+04     251- 334     3871
Rovibration_vJ|6[10]        -Rovibration_vJ|9[9]             2.4396E-08  6.1280E-01   1.713E+04     251- 372     3872
Rovibration_vJ|6[10]        -Rovibration_vJ|9[11]            3.3604E-08  7.1510E-01   1.692E+04     251- 375     3873
Rovibration_vJ|6[10]        -Rovibration_vJ|10[9]            3.1154E-10  1.3770E-02   1.291E+04     251- 413     3874
Rovibration_vJ|6[10]        -Rovibration_vJ|10[11]           5.5176E-10  2.0530E-02   1.279E+04     251- 416     3875
Rovibration_vJ|6[11]        -Rovibration_vJ|6[12]            2.2670E-08  2.6420E-05   2.295E+06     252- 253     3876
Rovibration_vJ|6[11]        -Rovibration_vJ|7[10]            3.5068E-05  9.6770E+01   5.145E+04     252- 292     3877
Rovibration_vJ|6[11]        -Rovibration_vJ|7[12]            3.9769E-05  1.0020E+02   4.935E+04     252- 294     3878
Rovibration_vJ|6[11]        -Rovibration_vJ|8[10]            1.1505E-06  1.2790E+01   2.563E+04     252- 333     3879
Rovibration_vJ|6[11]        -Rovibration_vJ|8[12]            1.4238E-06  1.3860E+01   2.511E+04     252- 335     3880
Rovibration_vJ|6[11]        -Rovibration_vJ|9[10]            2.4252E-08  6.0270E-01   1.715E+04     252- 374     3881
Rovibration_vJ|6[11]        -Rovibration_vJ|9[12]            3.3850E-08  7.2640E-01   1.691E+04     252- 376     3882
Rovibration_vJ|6[11]        -Rovibration_vJ|10[10]           3.0588E-10  1.3380E-02   1.292E+04     252- 415     3883
Rovibration_vJ|6[11]        -Rovibration_vJ|10[12]           5.6198E-10  2.1080E-02   1.279E+04     252- 417     3884
Rovibration_vJ|6[12]        -Rovibration_vJ|6[13]            2.4803E-08  3.4130E-05   2.119E+06     253- 255     3885
Rovibration_vJ|6[12]        -Rovibration_vJ|7[11]            3.5133E-05  9.5820E+01   5.156E+04     253- 293     3886
Rovibration_vJ|6[12]        -Rovibration_vJ|7[13]            3.9706E-05  1.0100E+02   4.927E+04     253- 296     3887
Rovibration_vJ|6[12]        -Rovibration_vJ|8[11]            1.1482E-06  1.2640E+01   2.566E+04     253- 334     3888
Rovibration_vJ|6[12]        -Rovibration_vJ|8[13]            1.4270E-06  1.4000E+01   2.509E+04     253- 337     3889
Rovibration_vJ|6[12]        -Rovibration_vJ|9[11]            2.4095E-08  5.9330E-01   1.716E+04     253- 375     3890
Rovibration_vJ|6[12]        -Rovibration_vJ|9[13]            3.4116E-08  7.3740E-01   1.690E+04     253- 378     3891
Rovibration_vJ|6[12]        -Rovibration_vJ|10[11]           3.0009E-10  1.3010E-02   1.293E+04     253- 416     3892
Rovibration_vJ|6[12]        -Rovibration_vJ|10[13]           5.7295E-10  2.1640E-02   1.279E+04     253- 419     3893
Rovibration_vJ|5[35]        -Rovibration_vJ|5[36]            3.6460E-08  4.0580E-04   7.635E+05     254- 257     3894
Rovibration_vJ|5[35]        -Rovibration_vJ|6[34]            2.9803E-05  7.1020E+01   5.367E+04     254- 291     3895
Rovibration_vJ|5[35]        -Rovibration_vJ|6[36]            3.4631E-05  1.0090E+02   4.719E+04     254- 298     3896
Rovibration_vJ|5[35]        -Rovibration_vJ|7[34]            7.8203E-07  7.8650E+00   2.612E+04     254- 332     3897
Rovibration_vJ|5[35]        -Rovibration_vJ|7[36]            1.1900E-06  1.2860E+01   2.450E+04     254- 339     3898
Rovibration_vJ|5[35]        -Rovibration_vJ|8[34]            1.2632E-08  2.8830E-01   1.734E+04     254- 373     3899
Rovibration_vJ|5[35]        -Rovibration_vJ|8[36]            2.8058E-08  6.5910E-01   1.662E+04     254- 381     3900
Rovibration_vJ|5[35]        -Rovibration_vJ|9[34]            9.3149E-11  3.7700E-03   1.302E+04     254- 414     3901
Rovibration_vJ|5[35]        -Rovibration_vJ|9[36]            5.1753E-10  2.1100E-02   1.261E+04     254- 422     3902
Rovibration_vJ|5[35]        -Rovibration_vJ|10[34]           8.0060E-13  5.0280E-05   1.045E+04     254- 445     3903
Rovibration_vJ|5[35]        -Rovibration_vJ|10[36]           4.7267E-12  2.9520E-04   1.019E+04     254- 447     3904
Rovibration_vJ|6[13]        -Rovibration_vJ|6[14]            2.7012E-08  4.3330E-05   1.968E+06     255- 256     3905
Rovibration_vJ|6[13]        -Rovibration_vJ|7[12]            3.5177E-05  9.4930E+01   5.167E+04     255- 294     3906
Rovibration_vJ|6[13]        -Rovibration_vJ|7[14]            3.9639E-05  1.0170E+02   4.920E+04     255- 297     3907
Rovibration_vJ|6[13]        -Rovibration_vJ|8[12]            1.1464E-06  1.2510E+01   2.569E+04     255- 335     3908
Rovibration_vJ|6[13]        -Rovibration_vJ|8[14]            1.4304E-06  1.4130E+01   2.507E+04     255- 338     3909
Rovibration_vJ|6[13]        -Rovibration_vJ|9[12]            2.3927E-08  5.8440E-01   1.717E+04     255- 376     3910
Rovibration_vJ|6[13]        -Rovibration_vJ|9[14]            3.4405E-08  7.4830E-01   1.690E+04     255- 379     3911
Rovibration_vJ|6[13]        -Rovibration_vJ|10[12]           2.9430E-10  1.2660E-02   1.294E+04     255- 417     3912
Rovibration_vJ|6[13]        -Rovibration_vJ|10[14]           5.8430E-10  2.2200E-02   1.278E+04     255- 420     3913
Rovibration_vJ|6[14]        -Rovibration_vJ|6[15]            2.9299E-08  5.4190E-05   1.837E+06     256- 258     3914
Rovibration_vJ|6[14]        -Rovibration_vJ|7[13]            3.5206E-05  9.4090E+01   5.178E+04     256- 296     3915
Rovibration_vJ|6[14]        -Rovibration_vJ|7[15]            3.9602E-05  1.0240E+02   4.912E+04     256- 299     3916
Rovibration_vJ|6[14]        -Rovibration_vJ|8[13]            1.1434E-06  1.2380E+01   2.572E+04     256- 337     3917
Rovibration_vJ|6[14]        -Rovibration_vJ|8[15]            1.4359E-06  1.4270E+01   2.506E+04     256- 340     3918
Rovibration_vJ|6[14]        -Rovibration_vJ|9[13]            2.3754E-08  5.7600E-01   1.719E+04     256- 378     3919
Rovibration_vJ|6[14]        -Rovibration_vJ|9[15]            3.4712E-08  7.5910E-01   1.689E+04     256- 380     3920
Rovibration_vJ|6[14]        -Rovibration_vJ|10[13]           2.8838E-10  1.2320E-02   1.295E+04     256- 419     3921
Rovibration_vJ|6[14]        -Rovibration_vJ|10[15]           5.9596E-10  2.2760E-02   1.278E+04     256- 421     3922
Rovibration_vJ|5[36]        -Rovibration_vJ|5[37]            3.9407E-08  4.6320E-04   7.432E+05     257- 261     3923
Rovibration_vJ|5[36]        -Rovibration_vJ|6[35]            2.9753E-05  7.0480E+01   5.381E+04     257- 295     3924
Rovibration_vJ|5[36]        -Rovibration_vJ|6[37]            3.4667E-05  1.0130E+02   4.714E+04     257- 302     3925
Rovibration_vJ|5[36]        -Rovibration_vJ|7[35]            7.7873E-07  7.8010E+00   2.617E+04     257- 336     3926
Rovibration_vJ|5[36]        -Rovibration_vJ|7[37]            1.1969E-06  1.2950E+01   2.450E+04     257- 343     3927
Rovibration_vJ|5[36]        -Rovibration_vJ|8[35]            1.2525E-08  2.8490E-01   1.736E+04     257- 377     3928
Rovibration_vJ|5[36]        -Rovibration_vJ|8[37]            2.8393E-08  6.6740E-01   1.662E+04     257- 384     3929
Rovibration_vJ|5[36]        -Rovibration_vJ|9[35]            9.0926E-11  3.6690E-03   1.304E+04     257- 418     3930
Rovibration_vJ|5[36]        -Rovibration_vJ|9[37]            5.2912E-10  2.1580E-02   1.262E+04     257- 425     3931
Rovibration_vJ|5[36]        -Rovibration_vJ|10[35]           8.5284E-13  5.3410E-05   1.046E+04     257- 446     3932
Rovibration_vJ|5[36]        -Rovibration_vJ|10[37]           4.9981E-12  3.1220E-04   1.020E+04     257- 448     3933
Rovibration_vJ|6[15]        -Rovibration_vJ|6[16]            3.1686E-08  6.6930E-05   1.722E+06     258- 259     3934
Rovibration_vJ|6[15]        -Rovibration_vJ|7[14]            3.5223E-05  9.3290E+01   5.189E+04     258- 297     3935
Rovibration_vJ|6[15]        -Rovibration_vJ|7[16]            3.9587E-05  1.0310E+02   4.905E+04     258- 300     3936
Rovibration_vJ|6[15]        -Rovibration_vJ|8[14]            1.1404E-06  1.2260E+01   2.575E+04     258- 338     3937
Rovibration_vJ|6[15]        -Rovibration_vJ|8[16]            1.4411E-06  1.4400E+01   2.504E+04     258- 341     3938
Rovibration_vJ|6[15]        -Rovibration_vJ|9[14]            2.3573E-08  5.6790E-01   1.720E+04     258- 379     3939
Rovibration_vJ|6[15]        -Rovibration_vJ|9[16]            3.5032E-08  7.6980E-01   1.689E+04     258- 382     3940
Rovibration_vJ|6[15]        -Rovibration_vJ|10[14]           2.8241E-10  1.1990E-02   1.296E+04     258- 420     3941
Rovibration_vJ|6[15]        -Rovibration_vJ|10[16]           6.0813E-10  2.3330E-02   1.278E+04     258- 423     3942
Rovibration_vJ|6[16]        -Rovibration_vJ|6[17]            3.4168E-08  8.1740E-05   1.621E+06     259- 260     3943
Rovibration_vJ|6[16]        -Rovibration_vJ|7[15]            3.5230E-05  9.2520E+01   5.200E+04     259- 299     3944
Rovibration_vJ|6[16]        -Rovibration_vJ|7[17]            3.9592E-05  1.0380E+02   4.898E+04     259- 301     3945
Rovibration_vJ|6[16]        -Rovibration_vJ|8[15]            1.1367E-06  1.2140E+01   2.578E+04     259- 340     3946
Rovibration_vJ|6[16]        -Rovibration_vJ|8[17]            1.4471E-06  1.4530E+01   2.503E+04     259- 342     3947
Rovibration_vJ|6[16]        -Rovibration_vJ|9[15]            2.3388E-08  5.6010E-01   1.722E+04     259- 380     3948
Rovibration_vJ|6[16]        -Rovibration_vJ|9[17]            3.5366E-08  7.8050E-01   1.688E+04     259- 383     3949
Rovibration_vJ|6[16]        -Rovibration_vJ|10[15]           2.7667E-10  1.1680E-02   1.297E+04     259- 421     3950
Rovibration_vJ|6[16]        -Rovibration_vJ|10[17]           6.2076E-10  2.3910E-02   1.278E+04     259- 424     3951
Rovibration_vJ|6[17]        -Rovibration_vJ|6[18]            3.6753E-08  9.8850E-05   1.532E+06     260- 262     3952
Rovibration_vJ|6[17]        -Rovibration_vJ|7[16]            3.5226E-05  9.1770E+01   5.211E+04     260- 300     3953
Rovibration_vJ|6[17]        -Rovibration_vJ|7[18]            3.9575E-05  1.0440E+02   4.891E+04     260- 303     3954
Rovibration_vJ|6[17]        -Rovibration_vJ|8[16]            1.1324E-06  1.2020E+01   2.582E+04     260- 341     3955
Rovibration_vJ|6[17]        -Rovibration_vJ|8[18]            1.4525E-06  1.4650E+01   2.501E+04     260- 344     3956
Rovibration_vJ|6[17]        -Rovibration_vJ|9[16]            2.3198E-08  5.5250E-01   1.723E+04     260- 382     3957
Rovibration_vJ|6[17]        -Rovibration_vJ|9[18]            3.5713E-08  7.9120E-01   1.688E+04     260- 385     3958
Rovibration_vJ|6[17]        -Rovibration_vJ|10[16]           2.7096E-10  1.1380E-02   1.298E+04     260- 423     3959
Rovibration_vJ|6[17]        -Rovibration_vJ|10[18]           6.3357E-10  2.4490E-02   1.278E+04     260- 426     3960
Rovibration_vJ|5[37]        -Rovibration_vJ|5[38]            4.2575E-08  5.2770E-04   7.240E+05     261- 264     3961
Rovibration_vJ|5[37]        -Rovibration_vJ|6[36]            2.9705E-05  6.9950E+01   5.395E+04     261- 298     3962
Rovibration_vJ|5[37]        -Rovibration_vJ|6[38]            3.4706E-05  1.0170E+02   4.709E+04     261- 305     3963
Rovibration_vJ|5[37]        -Rovibration_vJ|7[36]            7.7559E-07  7.7390E+00   2.621E+04     261- 339     3964
Rovibration_vJ|5[37]        -Rovibration_vJ|7[38]            1.2038E-06  1.3040E+01   2.449E+04     261- 346     3965
Rovibration_vJ|5[37]        -Rovibration_vJ|8[36]            1.2420E-08  2.8160E-01   1.739E+04     261- 381     3966
Rovibration_vJ|5[37]        -Rovibration_vJ|8[38]            2.8734E-08  6.7580E-01   1.662E+04     261- 387     3967
Rovibration_vJ|5[37]        -Rovibration_vJ|9[36]            8.8763E-11  3.5710E-03   1.305E+04     261- 422     3968
Rovibration_vJ|5[37]        -Rovibration_vJ|9[38]            5.4099E-10  2.2070E-02   1.262E+04     261- 428     3969
Rovibration_vJ|5[37]        -Rovibration_vJ|10[36]           9.0617E-13  5.6590E-05   1.048E+04     261- 447     3970
Rovibration_vJ|5[37]        -Rovibration_vJ|10[38]           5.2794E-12  3.2980E-04   1.020E+04     261- 449     3971
Rovibration_vJ|6[18]        -Rovibration_vJ|6[19]            3.9448E-08  1.1850E-04   1.451E+06     262- 263     3972
Rovibration_vJ|6[18]        -Rovibration_vJ|7[17]            3.5218E-05  9.1050E+01   5.223E+04     262- 301     3973
Rovibration_vJ|6[18]        -Rovibration_vJ|7[19]            3.9572E-05  1.0500E+02   4.884E+04     262- 304     3974
Rovibration_vJ|6[18]        -Rovibration_vJ|8[17]            1.1294E-06  1.1920E+01   2.585E+04     262- 342     3975
Rovibration_vJ|6[18]        -Rovibration_vJ|8[19]            1.4595E-06  1.4780E+01   2.500E+04     262- 345     3976
Rovibration_vJ|6[18]        -Rovibration_vJ|9[17]            2.3009E-08  5.4520E-01   1.725E+04     262- 383     3977
Rovibration_vJ|6[18]        -Rovibration_vJ|9[19]            3.6071E-08  8.0190E-01   1.687E+04     262- 386     3978
Rovibration_vJ|6[18]        -Rovibration_vJ|10[17]           2.6510E-10  1.1080E-02   1.299E+04     262- 424     3979
Rovibration_vJ|6[18]        -Rovibration_vJ|10[19]           6.4704E-10  2.5090E-02   1.277E+04     262- 427     3980
Rovibration_vJ|6[19]        -Rovibration_vJ|6[20]            4.2272E-08  1.4100E-04   1.379E+06     263- 265     3981
Rovibration_vJ|6[19]        -Rovibration_vJ|7[18]            3.5202E-05  9.0340E+01   5.234E+04     263- 303     3982
Rovibration_vJ|6[19]        -Rovibration_vJ|7[20]            3.9581E-05  1.0560E+02   4.877E+04     263- 306     3983
Rovibration_vJ|6[19]        -Rovibration_vJ|8[18]            1.1251E-06  1.1810E+01   2.588E+04     263- 344     3984
Rovibration_vJ|6[19]        -Rovibration_vJ|8[20]            1.4658E-06  1.4900E+01   2.498E+04     263- 347     3985
Rovibration_vJ|6[19]        -Rovibration_vJ|9[18]            2.2820E-08  5.3810E-01   1.727E+04     263- 385     3986
Rovibration_vJ|6[19]        -Rovibration_vJ|9[20]            3.6438E-08  8.1260E-01   1.687E+04     263- 388     3987
Rovibration_vJ|6[19]        -Rovibration_vJ|10[18]           2.5957E-10  1.0800E-02   1.300E+04     263- 426     3988
Rovibration_vJ|6[19]        -Rovibration_vJ|10[20]           6.6063E-10  2.5690E-02   1.277E+04     263- 429     3989
Rovibration_vJ|5[38]        -Rovibration_vJ|5[39]            4.5967E-08  5.9990E-04   7.058E+05     264- 266     3990
Rovibration_vJ|5[38]        -Rovibration_vJ|6[37]            2.9652E-05  6.9410E+01   5.409E+04     264- 302     3991
Rovibration_vJ|5[38]        -Rovibration_vJ|6[39]            3.4713E-05  1.0200E+02   4.704E+04     264- 308     3992
Rovibration_vJ|5[38]        -Rovibration_vJ|7[37]            7.7242E-07  7.6770E+00   2.625E+04     264- 343     3993
Rovibration_vJ|5[38]        -Rovibration_vJ|7[39]            1.2117E-06  1.3140E+01   2.449E+04     264- 349     3994
Rovibration_vJ|5[38]        -Rovibration_vJ|8[37]            1.2320E-08  2.7840E-01   1.741E+04     264- 384     3995
Rovibration_vJ|5[38]        -Rovibration_vJ|8[39]            2.9081E-08  6.8430E-01   1.662E+04     264- 390     3996
Rovibration_vJ|5[38]        -Rovibration_vJ|9[37]            8.6661E-11  3.4760E-03   1.307E+04     264- 425     3997
Rovibration_vJ|5[38]        -Rovibration_vJ|9[39]            5.5314E-10  2.2570E-02   1.262E+04     264- 431     3998
Rovibration_vJ|5[38]        -Rovibration_vJ|10[37]           9.6059E-13  5.9820E-05   1.049E+04     264- 448     3999
Rovibration_vJ|5[38]        -Rovibration_vJ|10[39]           5.5739E-12  3.4820E-04   1.020E+04     264- 450     4000
Rovibration_vJ|6[20]        -Rovibration_vJ|6[21]            4.5248E-08  1.6670E-04   1.314E+06     265- 267     4001
Rovibration_vJ|6[20]        -Rovibration_vJ|7[19]            3.5182E-05  8.9650E+01   5.246E+04     265- 304     4002
Rovibration_vJ|6[20]        -Rovibration_vJ|7[21]            3.9563E-05  1.0610E+02   4.870E+04     265- 307     4003
Rovibration_vJ|6[20]        -Rovibration_vJ|8[19]            1.1204E-06  1.1700E+01   2.591E+04     265- 345     4004
Rovibration_vJ|6[20]        -Rovibration_vJ|8[21]            1.4725E-06  1.5020E+01   2.497E+04     265- 348     4005
Rovibration_vJ|6[20]        -Rovibration_vJ|9[19]            2.2630E-08  5.3120E-01   1.728E+04     265- 386     4006
Rovibration_vJ|6[20]        -Rovibration_vJ|9[21]            3.6817E-08  8.2340E-01   1.686E+04     265- 389     4007
Rovibration_vJ|6[20]        -Rovibration_vJ|10[19]           2.5392E-10  1.0520E-02   1.301E+04     265- 427     4008
Rovibration_vJ|6[20]        -Rovibration_vJ|10[21]           6.7459E-10  2.6300E-02   1.277E+04     265- 430     4009
Rovibration_vJ|5[39]        -Rovibration_vJ|5[40]            4.9596E-08  6.8060E-04   6.885E+05     266- 269     4010
Rovibration_vJ|5[39]        -Rovibration_vJ|6[38]            2.9602E-05  6.8880E+01   5.423E+04     266- 305     4011
Rovibration_vJ|5[39]        -Rovibration_vJ|6[40]            3.4757E-05  1.0240E+02   4.699E+04     266- 310     4012
Rovibration_vJ|5[39]        -Rovibration_vJ|7[38]            7.6921E-07  7.6150E+00   2.629E+04     266- 346     4013
Rovibration_vJ|5[39]        -Rovibration_vJ|7[40]            1.2188E-06  1.3230E+01   2.448E+04     266- 351     4014
Rovibration_vJ|5[39]        -Rovibration_vJ|8[38]            1.2219E-08  2.7520E-01   1.743E+04     266- 387     4015
Rovibration_vJ|5[39]        -Rovibration_vJ|8[40]            2.9434E-08  6.9290E-01   1.662E+04     266- 393     4016
Rovibration_vJ|5[39]        -Rovibration_vJ|9[38]            8.4596E-11  3.3830E-03   1.308E+04     266- 428     4017
Rovibration_vJ|5[39]        -Rovibration_vJ|9[40]            5.6557E-10  2.3080E-02   1.263E+04     266- 434     4018
Rovibration_vJ|5[39]        -Rovibration_vJ|10[38]           1.0158E-12  6.3080E-05   1.050E+04     266- 449     4019
Rovibration_vJ|5[39]        -Rovibration_vJ|10[40]           5.8784E-12  3.6720E-04   1.021E+04     266- 451     4020
Rovibration_vJ|6[21]        -Rovibration_vJ|6[22]            4.8324E-08  1.9570E-04   1.255E+06     267- 268     4021
Rovibration_vJ|6[21]        -Rovibration_vJ|7[20]            3.5157E-05  8.8970E+01   5.258E+04     267- 306     4022
Rovibration_vJ|6[21]        -Rovibration_vJ|7[22]            3.9592E-05  1.0670E+02   4.863E+04     267- 309     4023
Rovibration_vJ|6[21]        -Rovibration_vJ|8[20]            1.1164E-06  1.1600E+01   2.595E+04     267- 347     4024
Rovibration_vJ|6[21]        -Rovibration_vJ|8[22]            1.4796E-06  1.5140E+01   2.496E+04     267- 350     4025
Rovibration_vJ|6[21]        -Rovibration_vJ|9[20]            2.2442E-08  5.2450E-01   1.730E+04     267- 388     4026
Rovibration_vJ|6[21]        -Rovibration_vJ|9[22]            3.7203E-08  8.3420E-01   1.686E+04     267- 391     4027
Rovibration_vJ|6[21]        -Rovibration_vJ|10[20]           2.4865E-10  1.0260E-02   1.302E+04     267- 429     4028
Rovibration_vJ|6[21]        -Rovibration_vJ|10[22]           6.8891E-10  2.6920E-02   1.277E+04     267- 432     4029
Rovibration_vJ|6[22]        -Rovibration_vJ|6[23]            5.1575E-08  2.2860E-04   1.200E+06     268- 270     4030
Rovibration_vJ|6[22]        -Rovibration_vJ|7[21]            3.5128E-05  8.8300E+01   5.270E+04     268- 307     4031
Rovibration_vJ|6[22]        -Rovibration_vJ|7[23]            3.9628E-05  1.0730E+02   4.857E+04     268- 311     4032
Rovibration_vJ|6[22]        -Rovibration_vJ|8[21]            1.1121E-06  1.1500E+01   2.598E+04     268- 348     4033
Rovibration_vJ|6[22]        -Rovibration_vJ|8[23]            1.4869E-06  1.5260E+01   2.495E+04     268- 352     4034
Rovibration_vJ|6[22]        -Rovibration_vJ|9[21]            2.2252E-08  5.1790E-01   1.732E+04     268- 389     4035
Rovibration_vJ|6[22]        -Rovibration_vJ|9[23]            3.7599E-08  8.4510E-01   1.686E+04     268- 392     4036
Rovibration_vJ|6[22]        -Rovibration_vJ|10[21]           2.4324E-10  9.9980E-03   1.303E+04     268- 430     4037
Rovibration_vJ|6[22]        -Rovibration_vJ|10[23]           7.0383E-10  2.7560E-02   1.277E+04     268- 433     4038
Rovibration_vJ|5[40]        -Rovibration_vJ|6[39]            2.9551E-05  6.8350E+01   5.438E+04     269- 308     4039
Rovibration_vJ|5[40]        -Rovibration_vJ|7[39]            7.6606E-07  7.5540E+00   2.634E+04     269- 349     4040
Rovibration_vJ|5[40]        -Rovibration_vJ|8[39]            1.2117E-08  2.7200E-01   1.745E+04     269- 390     4041
Rovibration_vJ|5[40]        -Rovibration_vJ|9[39]            8.2593E-11  3.2930E-03   1.310E+04     269- 431     4042
Rovibration_vJ|5[40]        -Rovibration_vJ|10[39]           1.0721E-12  6.6390E-05   1.051E+04     269- 450     4043
Rovibration_vJ|6[23]        -Rovibration_vJ|6[24]            5.4968E-08  2.6560E-04   1.151E+06     270- 271     4044
Rovibration_vJ|6[23]        -Rovibration_vJ|7[22]            3.5096E-05  8.7640E+01   5.282E+04     270- 309     4045
Rovibration_vJ|6[23]        -Rovibration_vJ|7[24]            3.9635E-05  1.0780E+02   4.850E+04     270- 312     4046
Rovibration_vJ|6[23]        -Rovibration_vJ|8[22]            1.1076E-06  1.1400E+01   2.602E+04     270- 350     4047
Rovibration_vJ|6[23]        -Rovibration_vJ|8[24]            1.4944E-06  1.5380E+01   2.493E+04     270- 353     4048
Rovibration_vJ|6[23]        -Rovibration_vJ|9[22]            2.2062E-08  5.1140E-01   1.734E+04     270- 391     4049
Rovibration_vJ|6[23]        -Rovibration_vJ|9[24]            3.8006E-08  8.5610E-01   1.685E+04     270- 394     4050
Rovibration_vJ|6[23]        -Rovibration_vJ|10[22]           2.3799E-10  9.7460E-03   1.304E+04     270- 432     4051
Rovibration_vJ|6[23]        -Rovibration_vJ|10[24]           7.1883E-10  2.8200E-02   1.277E+04     270- 435     4052
Rovibration_vJ|6[24]        -Rovibration_vJ|6[25]            5.8535E-08  3.0720E-04   1.105E+06     271- 272     4053
Rovibration_vJ|6[24]        -Rovibration_vJ|7[23]            3.5058E-05  8.6980E+01   5.294E+04     271- 311     4054
Rovibration_vJ|6[24]        -Rovibration_vJ|7[25]            3.9647E-05  1.0830E+02   4.844E+04     271- 313     4055
Rovibration_vJ|6[24]        -Rovibration_vJ|8[23]            1.1038E-06  1.1310E+01   2.605E+04     271- 352     4056
Rovibration_vJ|6[24]        -Rovibration_vJ|8[25]            1.5022E-06  1.5500E+01   2.492E+04     271- 354     4057
Rovibration_vJ|6[24]        -Rovibration_vJ|9[23]            2.1875E-08  5.0510E-01   1.735E+04     271- 392     4058
Rovibration_vJ|6[24]        -Rovibration_vJ|9[25]            3.8418E-08  8.6710E-01   1.685E+04     271- 395     4059
Rovibration_vJ|6[24]        -Rovibration_vJ|10[23]           2.3282E-10  9.5000E-03   1.305E+04     271- 433     4060
Rovibration_vJ|6[24]        -Rovibration_vJ|10[25]           7.3441E-10  2.8860E-02   1.277E+04     271- 436     4061
Rovibration_vJ|6[25]        -Rovibration_vJ|6[26]            6.2275E-08  3.5380E-04   1.063E+06     272- 273     4062
Rovibration_vJ|6[25]        -Rovibration_vJ|7[24]            3.5022E-05  8.6340E+01   5.307E+04     272- 312     4063
Rovibration_vJ|6[25]        -Rovibration_vJ|7[26]            3.9666E-05  1.0880E+02   4.837E+04     272- 314     4064
Rovibration_vJ|6[25]        -Rovibration_vJ|8[24]            1.0989E-06  1.1210E+01   2.609E+04     272- 353     4065
Rovibration_vJ|6[25]        -Rovibration_vJ|8[26]            1.5102E-06  1.5620E+01   2.491E+04     272- 355     4066
Rovibration_vJ|6[25]        -Rovibration_vJ|9[24]            2.1693E-08  4.9900E-01   1.737E+04     272- 394     4067
Rovibration_vJ|6[25]        -Rovibration_vJ|9[26]            3.8843E-08  8.7830E-01   1.685E+04     272- 396     4068
Rovibration_vJ|6[25]        -Rovibration_vJ|10[24]           2.2778E-10  9.2620E-03   1.307E+04     272- 435     4069
Rovibration_vJ|6[25]        -Rovibration_vJ|10[26]           7.5031E-10  2.9530E-02   1.277E+04     272- 437     4070
Rovibration_vJ|6[26]        -Rovibration_vJ|6[27]            6.6204E-08  4.0590E-04   1.024E+06     273- 274     4071
Rovibration_vJ|6[26]        -Rovibration_vJ|7[25]            3.4981E-05  8.5700E+01   5.319E+04     273- 313     4072
Rovibration_vJ|6[26]        -Rovibration_vJ|7[27]            3.9690E-05  1.0930E+02   4.831E+04     273- 315     4073
Rovibration_vJ|6[26]        -Rovibration_vJ|8[25]            1.0948E-06  1.1120E+01   2.612E+04     273- 354     4074
Rovibration_vJ|6[26]        -Rovibration_vJ|8[27]            1.5183E-06  1.5740E+01   2.490E+04     273- 356     4075
Rovibration_vJ|6[26]        -Rovibration_vJ|9[25]            2.1507E-08  4.9290E-01   1.739E+04     273- 395     4076
Rovibration_vJ|6[26]        -Rovibration_vJ|9[27]            3.9272E-08  8.8950E-01   1.685E+04     273- 397     4077
Rovibration_vJ|6[26]        -Rovibration_vJ|10[25]           2.2280E-10  9.0290E-03   1.308E+04     273- 436     4078
Rovibration_vJ|6[26]        -Rovibration_vJ|10[27]           7.6653E-10  3.0210E-02   1.277E+04     273- 438     4079
Rovibration_vJ|6[27]        -Rovibration_vJ|6[28]            7.0346E-08  4.6410E-04   9.877E+05     274- 275     4080
Rovibration_vJ|6[27]        -Rovibration_vJ|7[26]            3.4936E-05  8.5060E+01   5.332E+04     274- 314     4081
Rovibration_vJ|6[27]        -Rovibration_vJ|7[28]            3.9719E-05  1.0980E+02   4.825E+04     274- 316     4082
Rovibration_vJ|6[27]        -Rovibration_vJ|8[26]            1.0905E-06  1.1030E+01   2.616E+04     274- 355     4083
Rovibration_vJ|6[27]        -Rovibration_vJ|8[28]            1.5257E-06  1.5850E+01   2.489E+04     274- 357     4084
Rovibration_vJ|6[27]        -Rovibration_vJ|9[26]            2.1327E-08  4.8700E-01   1.741E+04     274- 396     4085
Rovibration_vJ|6[27]        -Rovibration_vJ|9[28]            3.9710E-08  9.0080E-01   1.684E+04     274- 398     4086
Rovibration_vJ|6[27]        -Rovibration_vJ|10[26]           2.1795E-10  8.8030E-03   1.309E+04     274- 437     4087
Rovibration_vJ|6[27]        -Rovibration_vJ|10[28]           7.8307E-10  3.0900E-02   1.277E+04     274- 439     4088
Rovibration_vJ|6[28]        -Rovibration_vJ|6[29]            7.4672E-08  5.2870E-04   9.540E+05     275- 276     4089
Rovibration_vJ|6[28]        -Rovibration_vJ|7[27]            3.4892E-05  8.4430E+01   5.345E+04     275- 315     4090
Rovibration_vJ|6[28]        -Rovibration_vJ|7[29]            3.9753E-05  1.1030E+02   4.819E+04     275- 317     4091
Rovibration_vJ|6[28]        -Rovibration_vJ|8[27]            1.0862E-06  1.0940E+01   2.620E+04     275- 356     4092
Rovibration_vJ|6[28]        -Rovibration_vJ|8[29]            1.5342E-06  1.5970E+01   2.488E+04     275- 358     4093
Rovibration_vJ|6[28]        -Rovibration_vJ|9[27]            2.1148E-08  4.8120E-01   1.743E+04     275- 397     4094
Rovibration_vJ|6[28]        -Rovibration_vJ|9[29]            4.0156E-08  9.1220E-01   1.684E+04     275- 399     4095
Rovibration_vJ|6[28]        -Rovibration_vJ|10[27]           2.1319E-10  8.5830E-03   1.310E+04     275- 438     4096
Rovibration_vJ|6[28]        -Rovibration_vJ|10[29]           7.9992E-10  3.1600E-02   1.277E+04     275- 440     4097
Rovibration_vJ|6[29]        -Rovibration_vJ|6[30]            7.9238E-08  6.0060E-04   9.226E+05     276- 277     4098
Rovibration_vJ|6[29]        -Rovibration_vJ|7[28]            3.4848E-05  8.3810E+01   5.358E+04     276- 316     4099
Rovibration_vJ|6[29]        -Rovibration_vJ|7[30]            3.9790E-05  1.1080E+02   4.813E+04     276- 318     4100
Rovibration_vJ|6[29]        -Rovibration_vJ|8[28]            1.0817E-06  1.0850E+01   2.624E+04     276- 357     4101
Rovibration_vJ|6[29]        -Rovibration_vJ|8[30]            1.5428E-06  1.6090E+01   2.487E+04     276- 359     4102
Rovibration_vJ|6[29]        -Rovibration_vJ|9[28]            2.0971E-08  4.7550E-01   1.745E+04     276- 398     4103
Rovibration_vJ|6[29]        -Rovibration_vJ|9[30]            4.0609E-08  9.2370E-01   1.684E+04     276- 400     4104
Rovibration_vJ|6[29]        -Rovibration_vJ|10[28]           2.0854E-10  8.3690E-03   1.312E+04     276- 439     4105
Rovibration_vJ|6[29]        -Rovibration_vJ|10[30]           8.1734E-10  3.2320E-02   1.277E+04     276- 441     4106
Rovibration_vJ|6[30]        -Rovibration_vJ|6[31]            8.4022E-08  6.8020E-04   8.932E+05     277- 278     4107
Rovibration_vJ|6[30]        -Rovibration_vJ|7[29]            3.4800E-05  8.3190E+01   5.371E+04     277- 317     4108
Rovibration_vJ|6[30]        -Rovibration_vJ|7[31]            3.9832E-05  1.1130E+02   4.808E+04     277- 319     4109
Rovibration_vJ|6[30]        -Rovibration_vJ|8[29]            1.0771E-06  1.0760E+01   2.627E+04     277- 358     4110
Rovibration_vJ|6[30]        -Rovibration_vJ|8[31]            1.5515E-06  1.6210E+01   2.486E+04     277- 360     4111
Rovibration_vJ|6[30]        -Rovibration_vJ|9[29]            2.0791E-08  4.6980E-01   1.747E+04     277- 399     4112
Rovibration_vJ|6[30]        -Rovibration_vJ|9[31]            4.1071E-08  9.3530E-01   1.684E+04     277- 401     4113
Rovibration_vJ|6[30]        -Rovibration_vJ|10[29]           2.0398E-10  8.1600E-03   1.313E+04     277- 440     4114
Rovibration_vJ|6[30]        -Rovibration_vJ|10[31]           8.3507E-10  3.3050E-02   1.277E+04     277- 442     4115
Rovibration_vJ|6[31]        -Rovibration_vJ|6[32]            8.9052E-08  7.6830E-04   8.656E+05     278- 279     4116
Rovibration_vJ|6[31]        -Rovibration_vJ|7[30]            3.4750E-05  8.2570E+01   5.384E+04     278- 318     4117
Rovibration_vJ|6[31]        -Rovibration_vJ|7[32]            3.9841E-05  1.1170E+02   4.802E+04     278- 320     4118
Rovibration_vJ|6[31]        -Rovibration_vJ|8[30]            1.0725E-06  1.0670E+01   2.631E+04     278- 359     4119
Rovibration_vJ|6[31]        -Rovibration_vJ|8[32]            1.5595E-06  1.6320E+01   2.485E+04     278- 361     4120
Rovibration_vJ|6[31]        -Rovibration_vJ|9[30]            2.0618E-08  4.6430E-01   1.749E+04     278- 400     4121
Rovibration_vJ|6[31]        -Rovibration_vJ|9[32]            4.1540E-08  9.4700E-01   1.684E+04     278- 402     4122
Rovibration_vJ|6[31]        -Rovibration_vJ|10[30]           1.9952E-10  7.9570E-03   1.314E+04     278- 441     4123
Rovibration_vJ|6[31]        -Rovibration_vJ|10[32]           8.5310E-10  3.3790E-02   1.278E+04     278- 443     4124
Rovibration_vJ|6[32]        -Rovibration_vJ|6[33]            9.4346E-08  8.6570E-04   8.398E+05     279- 285     4125
Rovibration_vJ|6[32]        -Rovibration_vJ|7[31]            3.4698E-05  8.1950E+01   5.398E+04     279- 319     4126
Rovibration_vJ|6[32]        -Rovibration_vJ|7[33]            3.9889E-05  1.1220E+02   4.796E+04     279- 326     4127
Rovibration_vJ|6[32]        -Rovibration_vJ|8[31]            1.0687E-06  1.0590E+01   2.635E+04     279- 360     4128
Rovibration_vJ|6[32]        -Rovibration_vJ|8[33]            1.5685E-06  1.6440E+01   2.485E+04     279- 368     4129
Rovibration_vJ|6[32]        -Rovibration_vJ|9[31]            2.0448E-08  4.5890E-01   1.751E+04     279- 401     4130
Rovibration_vJ|6[32]        -Rovibration_vJ|9[33]            4.2016E-08  9.5880E-01   1.684E+04     279- 409     4131
Rovibration_vJ|6[32]        -Rovibration_vJ|10[31]           1.9516E-10  7.7590E-03   1.316E+04     279- 442     4132
Rovibration_vJ|6[32]        -Rovibration_vJ|10[33]           8.7170E-10  3.4550E-02   1.278E+04     279- 444     4133
Rovibration_vJ|7[0]         -Rovibration_vJ|7[1]             8.8006E-09  2.5360E-08   2.778E+07     280- 281     4134
Rovibration_vJ|7[0]         -Rovibration_vJ|8[1]             8.4067E-05  7.2020E+01   5.094E+04     280- 322     4135
Rovibration_vJ|7[0]         -Rovibration_vJ|9[1]             3.3241E-06  1.1220E+01   2.567E+04     280- 363     4136
Rovibration_vJ|7[0]         -Rovibration_vJ|10[1]            8.5511E-08  6.4040E-01   1.723E+04     280- 404     4137
Rovibration_vJ|7[1]         -Rovibration_vJ|7[2]             1.1746E-08  2.4370E-07   1.389E+07     281- 282     4138
Rovibration_vJ|7[1]         -Rovibration_vJ|8[0]             2.7933E-05  2.1380E+02   5.113E+04     281- 321     4139
Rovibration_vJ|7[1]         -Rovibration_vJ|8[2]             5.6139E-05  8.6880E+01   5.085E+04     281- 323     4140
Rovibration_vJ|7[1]         -Rovibration_vJ|9[0]             1.0962E-06  3.3180E+01   2.571E+04     281- 362     4141
Rovibration_vJ|7[1]         -Rovibration_vJ|9[2]             2.2279E-06  1.3560E+01   2.564E+04     281- 364     4142
Rovibration_vJ|7[1]         -Rovibration_vJ|10[0]            2.7916E-08  1.8770E+00   1.725E+04     281- 403     4143
Rovibration_vJ|7[1]         -Rovibration_vJ|10[2]            5.7609E-08  7.7750E-01   1.722E+04     281- 405     4144
Rovibration_vJ|7[2]         -Rovibration_vJ|7[3]             1.5887E-08  8.8280E-07   9.260E+06     282- 283     4145
Rovibration_vJ|7[2]         -Rovibration_vJ|8[1]             3.3471E-05  1.4180E+02   5.123E+04     282- 322     4146
Rovibration_vJ|7[2]         -Rovibration_vJ|8[3]             5.0608E-05  9.3570E+01   5.076E+04     282- 324     4147
Rovibration_vJ|7[2]         -Rovibration_vJ|9[1]             1.3085E-06  2.1960E+01   2.574E+04     282- 363     4148
Rovibration_vJ|7[2]         -Rovibration_vJ|9[3]             2.0170E-06  1.4640E+01   2.562E+04     282- 365     4149
Rovibration_vJ|7[2]         -Rovibration_vJ|10[1]            3.3158E-08  1.2370E+00   1.726E+04     282- 404     4150
Rovibration_vJ|7[2]         -Rovibration_vJ|10[3]            5.2397E-08  8.4280E-01   1.721E+04     282- 406     4151
Rovibration_vJ|7[3]         -Rovibration_vJ|7[4]             2.0221E-08  2.1750E-06   6.945E+06     283- 284     4152
Rovibration_vJ|7[3]         -Rovibration_vJ|8[2]             3.5794E-05  1.2690E+02   5.132E+04     283- 323     4153
Rovibration_vJ|7[3]         -Rovibration_vJ|8[4]             4.8274E-05  9.7530E+01   5.067E+04     283- 325     4154
Rovibration_vJ|7[3]         -Rovibration_vJ|9[2]             1.3944E-06  1.9620E+01   2.576E+04     283- 364     4155
Rovibration_vJ|7[3]         -Rovibration_vJ|9[4]             1.9313E-06  1.5290E+01   2.560E+04     283- 366     4156
Rovibration_vJ|7[3]         -Rovibration_vJ|10[2]            3.5148E-08  1.1000E+00   1.727E+04     283- 405     4157
Rovibration_vJ|7[3]         -Rovibration_vJ|10[4]            5.0434E-08  8.8430E-01   1.720E+04     283- 407     4158
Rovibration_vJ|7[4]         -Rovibration_vJ|7[5]             2.4648E-08  4.3570E-06   5.556E+06     284- 286     4159
Rovibration_vJ|7[4]         -Rovibration_vJ|8[3]             3.7059E-05  1.2020E+02   5.142E+04     284- 324     4160
Rovibration_vJ|7[4]         -Rovibration_vJ|8[5]             4.7030E-05  1.0030E+02   5.059E+04     284- 327     4161
Rovibration_vJ|7[4]         -Rovibration_vJ|9[3]             1.4383E-06  1.8550E+01   2.579E+04     284- 365     4162
Rovibration_vJ|7[4]         -Rovibration_vJ|9[5]             1.8880E-06  1.5750E+01   2.558E+04     284- 367     4163
Rovibration_vJ|7[4]         -Rovibration_vJ|10[3]            3.6095E-08  1.0360E+00   1.729E+04     284- 406     4164
Rovibration_vJ|7[4]         -Rovibration_vJ|10[5]            4.9561E-08  9.1510E-01   1.719E+04     284- 408     4165
Rovibration_vJ|6[33]        -Rovibration_vJ|6[34]            9.9906E-08  9.7310E-04   8.155E+05     285- 291     4166
Rovibration_vJ|6[33]        -Rovibration_vJ|7[32]            3.4647E-05  8.1340E+01   5.412E+04     285- 320     4167
Rovibration_vJ|6[33]        -Rovibration_vJ|7[34]            3.9941E-05  1.1270E+02   4.791E+04     285- 332     4168
Rovibration_vJ|6[33]        -Rovibration_vJ|8[32]            1.0639E-06  1.0500E+01   2.639E+04     285- 361     4169
Rovibration_vJ|6[33]        -Rovibration_vJ|8[34]            1.5776E-06  1.6560E+01   2.484E+04     285- 373     4170
Rovibration_vJ|6[33]        -Rovibration_vJ|9[32]            2.0280E-08  4.5360E-01   1.753E+04     285- 402     4171
Rovibration_vJ|6[33]        -Rovibration_vJ|9[34]            4.2505E-08  9.7080E-01   1.684E+04     285- 414     4172
Rovibration_vJ|6[33]        -Rovibration_vJ|10[32]           1.9089E-10  7.5660E-03   1.317E+04     285- 443     4173
Rovibration_vJ|6[33]        -Rovibration_vJ|10[34]           8.9061E-10  3.5320E-02   1.278E+04     285- 445     4174
Rovibration_vJ|7[5]         -Rovibration_vJ|7[6]             2.9148E-08  7.6720E-06   4.631E+06     286- 287     4175
Rovibration_vJ|7[5]         -Rovibration_vJ|8[4]             3.7832E-05  1.1620E+02   5.152E+04     286- 325     4176
Rovibration_vJ|7[5]         -Rovibration_vJ|8[6]             4.6223E-05  1.0230E+02   5.050E+04     286- 328     4177
Rovibration_vJ|7[5]         -Rovibration_vJ|9[4]             1.4638E-06  1.7910E+01   2.581E+04     286- 366     4178
Rovibration_vJ|7[5]         -Rovibration_vJ|9[6]             1.8632E-06  1.6100E+01   2.556E+04     286- 369     4179
Rovibration_vJ|7[5]         -Rovibration_vJ|10[4]            3.6525E-08  9.9520E-01   1.730E+04     286- 407     4180
Rovibration_vJ|7[5]         -Rovibration_vJ|10[6]            4.9181E-08  9.4010E-01   1.718E+04     286- 410     4181
Rovibration_vJ|7[6]         -Rovibration_vJ|7[7]             3.3717E-08  1.2370E-05   3.969E+06     287- 288     4182
Rovibration_vJ|7[6]         -Rovibration_vJ|8[5]             3.8365E-05  1.1350E+02   5.162E+04     287- 327     4183
Rovibration_vJ|7[6]         -Rovibration_vJ|8[7]             4.5724E-05  1.0400E+02   5.041E+04     287- 329     4184
Rovibration_vJ|7[6]         -Rovibration_vJ|9[5]             1.4780E-06  1.7450E+01   2.584E+04     287- 367     4185
Rovibration_vJ|7[6]         -Rovibration_vJ|9[7]             1.8500E-06  1.6400E+01   2.554E+04     287- 370     4186
Rovibration_vJ|7[6]         -Rovibration_vJ|10[5]            3.6710E-08  9.6580E-01   1.731E+04     287- 408     4187
Rovibration_vJ|7[6]         -Rovibration_vJ|10[7]            4.9077E-08  9.6180E-01   1.717E+04     287- 411     4188
Rovibration_vJ|7[7]         -Rovibration_vJ|7[8]             3.8359E-08  1.8710E-05   3.474E+06     288- 289     4189
Rovibration_vJ|7[7]         -Rovibration_vJ|8[6]             3.8720E-05  1.1140E+02   5.172E+04     288- 328     4190
Rovibration_vJ|7[7]         -Rovibration_vJ|8[8]             4.5364E-05  1.0540E+02   5.033E+04     288- 330     4191
Rovibration_vJ|7[7]         -Rovibration_vJ|9[6]             1.4865E-06  1.7100E+01   2.587E+04     288- 369     4192
Rovibration_vJ|7[7]         -Rovibration_vJ|9[8]             1.8431E-06  1.6660E+01   2.552E+04     288- 371     4193
Rovibration_vJ|7[7]         -Rovibration_vJ|10[6]            3.6747E-08  9.4250E-01   1.732E+04     288- 410     4194
Rovibration_vJ|7[7]         -Rovibration_vJ|10[8]            4.9136E-08  9.8130E-01   1.717E+04     288- 412     4195
Rovibration_vJ|7[8]         -Rovibration_vJ|7[9]             4.3078E-08  2.6960E-05   3.088E+06     289- 290     4196
Rovibration_vJ|7[8]         -Rovibration_vJ|8[7]             3.8974E-05  1.0970E+02   5.182E+04     289- 329     4197
Rovibration_vJ|7[8]         -Rovibration_vJ|8[9]             4.5097E-05  1.0660E+02   5.025E+04     289- 331     4198
Rovibration_vJ|7[8]         -Rovibration_vJ|9[7]             1.4918E-06  1.6820E+01   2.589E+04     289- 370     4199
Rovibration_vJ|7[8]         -Rovibration_vJ|9[9]             1.8388E-06  1.6880E+01   2.550E+04     289- 372     4200
Rovibration_vJ|7[8]         -Rovibration_vJ|10[7]            3.6681E-08  9.2270E-01   1.734E+04     289- 411     4201
Rovibration_vJ|7[8]         -Rovibration_vJ|10[9]            4.9304E-08  9.9940E-01   1.716E+04     289- 413     4202
Rovibration_vJ|7[9]         -Rovibration_vJ|7[10]            4.7881E-08  3.7400E-05   2.780E+06     290- 292     4203
Rovibration_vJ|7[9]         -Rovibration_vJ|8[8]             3.9174E-05  1.0830E+02   5.193E+04     290- 330     4204
Rovibration_vJ|7[9]         -Rovibration_vJ|8[10]            4.4869E-05  1.0760E+02   5.017E+04     290- 333     4205
Rovibration_vJ|7[9]         -Rovibration_vJ|9[8]             1.4935E-06  1.6570E+01   2.592E+04     290- 371     4206
Rovibration_vJ|7[9]         -Rovibration_vJ|9[10]            1.8383E-06  1.7090E+01   2.548E+04     290- 374     4207
Rovibration_vJ|7[9]         -Rovibration_vJ|10[8]            3.6555E-08  9.0540E-01   1.735E+04     290- 412     4208
Rovibration_vJ|7[9]         -Rovibration_vJ|10[10]           4.9573E-08  1.0170E+00   1.715E+04     290- 415     4209
Rovibration_vJ|6[34]        -Rovibration_vJ|6[35]            1.0571E-07  1.0910E-03   7.925E+05     291- 295     4210
Rovibration_vJ|6[34]        -Rovibration_vJ|7[33]            3.4594E-05  8.0730E+01   5.425E+04     291- 326     4211
Rovibration_vJ|6[34]        -Rovibration_vJ|7[35]            3.9960E-05  1.1310E+02   4.786E+04     291- 336     4212
Rovibration_vJ|6[34]        -Rovibration_vJ|8[33]            1.0600E-06  1.0420E+01   2.643E+04     291- 368     4213
Rovibration_vJ|6[34]        -Rovibration_vJ|8[35]            1.5868E-06  1.6680E+01   2.483E+04     291- 377     4214
Rovibration_vJ|6[34]        -Rovibration_vJ|9[33]            2.0115E-08  4.4840E-01   1.755E+04     291- 409     4215
Rovibration_vJ|6[34]        -Rovibration_vJ|9[35]            4.2996E-08  9.8280E-01   1.684E+04     291- 418     4216
Rovibration_vJ|6[34]        -Rovibration_vJ|10[33]           1.8674E-10  7.3790E-03   1.318E+04     291- 444     4217
Rovibration_vJ|6[34]        -Rovibration_vJ|10[35]           9.0983E-10  3.6100E-02   1.278E+04     291- 446     4218
Rovibration_vJ|7[10]        -Rovibration_vJ|7[11]            5.2784E-08  5.0330E-05   2.527E+06     292- 293     4219
Rovibration_vJ|7[10]        -Rovibration_vJ|8[9]             3.9297E-05  1.0700E+02   5.203E+04     292- 331     4220
Rovibration_vJ|7[10]        -Rovibration_vJ|8[11]            4.4731E-05  1.0860E+02   5.008E+04     292- 334     4221
Rovibration_vJ|7[10]        -Rovibration_vJ|9[9]             1.4943E-06  1.6360E+01   2.595E+04     292- 372     4222
Rovibration_vJ|7[10]        -Rovibration_vJ|9[11]            1.8403E-06  1.7290E+01   2.546E+04     292- 375     4223
Rovibration_vJ|7[10]        -Rovibration_vJ|10[9]            3.6385E-08  8.8980E-01   1.736E+04     292- 413     4224
Rovibration_vJ|7[10]        -Rovibration_vJ|10[11]           4.9855E-08  1.0330E+00   1.714E+04     292- 416     4225
Rovibration_vJ|7[11]        -Rovibration_vJ|7[12]            5.7793E-08  6.6060E-05   2.317E+06     293- 294     4226
Rovibration_vJ|7[11]        -Rovibration_vJ|8[10]            3.9410E-05  1.0590E+02   5.214E+04     293- 333     4227
Rovibration_vJ|7[11]        -Rovibration_vJ|8[12]            4.4619E-05  1.0950E+02   5.001E+04     293- 335     4228
Rovibration_vJ|7[11]        -Rovibration_vJ|9[10]            1.4929E-06  1.6160E+01   2.598E+04     293- 374     4229
Rovibration_vJ|7[11]        -Rovibration_vJ|9[12]            1.8428E-06  1.7470E+01   2.544E+04     293- 376     4230
Rovibration_vJ|7[11]        -Rovibration_vJ|10[10]           3.6182E-08  8.7540E-01   1.738E+04     293- 415     4231
Rovibration_vJ|7[11]        -Rovibration_vJ|10[12]           5.0204E-08  1.0490E+00   1.714E+04     293- 417     4232
Rovibration_vJ|7[12]        -Rovibration_vJ|7[13]            6.2911E-08  8.4910E-05   2.139E+06     294- 296     4233
Rovibration_vJ|7[12]        -Rovibration_vJ|8[11]            3.9462E-05  1.0480E+02   5.225E+04     294- 334     4234
Rovibration_vJ|7[12]        -Rovibration_vJ|8[13]            4.4558E-05  1.1040E+02   4.993E+04     294- 337     4235
Rovibration_vJ|7[12]        -Rovibration_vJ|9[11]            1.4909E-06  1.5980E+01   2.601E+04     294- 375     4236
Rovibration_vJ|7[12]        -Rovibration_vJ|9[13]            1.8474E-06  1.7650E+01   2.543E+04     294- 378     4237
Rovibration_vJ|7[12]        -Rovibration_vJ|10[11]           3.5959E-08  8.6200E-01   1.739E+04     294- 416     4238
Rovibration_vJ|7[12]        -Rovibration_vJ|10[13]           5.0605E-08  1.0650E+00   1.713E+04     294- 419     4239
Rovibration_vJ|6[35]        -Rovibration_vJ|6[36]            1.1194E-07  1.2220E-03   7.709E+05     295- 298     4240
Rovibration_vJ|6[35]        -Rovibration_vJ|7[34]            3.4538E-05  8.0120E+01   5.439E+04     295- 332     4241
Rovibration_vJ|6[35]        -Rovibration_vJ|7[36]            3.9982E-05  1.1350E+02   4.781E+04     295- 339     4242
Rovibration_vJ|6[35]        -Rovibration_vJ|8[34]            1.0550E-06  1.0330E+01   2.648E+04     295- 373     4243
Rovibration_vJ|6[35]        -Rovibration_vJ|8[36]            1.5952E-06  1.6790E+01   2.483E+04     295- 381     4244
Rovibration_vJ|6[35]        -Rovibration_vJ|9[34]            1.9948E-08  4.4320E-01   1.758E+04     295- 414     4245
Rovibration_vJ|6[35]        -Rovibration_vJ|9[36]            4.3498E-08  9.9500E-01   1.684E+04     295- 422     4246
Rovibration_vJ|6[35]        -Rovibration_vJ|10[34]           1.8266E-10  7.1960E-03   1.320E+04     295- 445     4247
Rovibration_vJ|6[35]        -Rovibration_vJ|10[36]           9.2961E-10  3.6900E-02   1.278E+04     295- 447     4248
Rovibration_vJ|7[13]        -Rovibration_vJ|7[14]            6.8134E-08  1.0720E-04   1.987E+06     296- 297     4249
Rovibration_vJ|7[13]        -Rovibration_vJ|8[12]            3.9540E-05  1.0390E+02   5.236E+04     296- 335     4250
Rovibration_vJ|7[13]        -Rovibration_vJ|8[14]            4.4497E-05  1.1120E+02   4.985E+04     296- 338     4251
Rovibration_vJ|7[13]        -Rovibration_vJ|9[12]            1.4879E-06  1.5810E+01   2.604E+04     296- 376     4252
Rovibration_vJ|7[13]        -Rovibration_vJ|9[14]            1.8525E-06  1.7820E+01   2.541E+04     296- 379     4253
Rovibration_vJ|7[13]        -Rovibration_vJ|10[12]           3.5717E-08  8.4930E-01   1.741E+04     296- 417     4254
Rovibration_vJ|7[13]        -Rovibration_vJ|10[14]           5.0999E-08  1.0800E+00   1.712E+04     296- 420     4255
Rovibration_vJ|7[14]        -Rovibration_vJ|7[15]            7.3536E-08  1.3340E-04   1.855E+06     297- 299     4256
Rovibration_vJ|7[14]        -Rovibration_vJ|8[13]            3.9543E-05  1.0290E+02   5.247E+04     297- 337     4257
Rovibration_vJ|7[14]        -Rovibration_vJ|8[15]            4.4428E-05  1.1190E+02   4.977E+04     297- 340     4258
Rovibration_vJ|7[14]        -Rovibration_vJ|9[13]            1.4835E-06  1.5640E+01   2.607E+04     297- 378     4259
Rovibration_vJ|7[14]        -Rovibration_vJ|9[15]            1.8589E-06  1.7990E+01   2.539E+04     297- 380     4260
Rovibration_vJ|7[14]        -Rovibration_vJ|10[13]           3.5464E-08  8.3720E-01   1.742E+04     297- 419     4261
Rovibration_vJ|7[14]        -Rovibration_vJ|10[15]           5.1473E-08  1.0960E+00   1.712E+04     297- 421     4262
Rovibration_vJ|6[36]        -Rovibration_vJ|6[37]            1.1840E-07  1.3650E-03   7.504E+05     298- 302     4263
Rovibration_vJ|6[36]        -Rovibration_vJ|7[35]            3.4486E-05  7.9520E+01   5.454E+04     298- 336     4264
Rovibration_vJ|6[36]        -Rovibration_vJ|7[37]            4.0042E-05  1.1400E+02   4.775E+04     298- 343     4265
Rovibration_vJ|6[36]        -Rovibration_vJ|8[35]            1.0510E-06  1.0250E+01   2.652E+04     298- 377     4266
Rovibration_vJ|6[36]        -Rovibration_vJ|8[37]            1.6047E-06  1.6910E+01   2.482E+04     298- 384     4267
Rovibration_vJ|6[36]        -Rovibration_vJ|9[35]            1.9789E-08  4.3820E-01   1.760E+04     298- 418     4268
Rovibration_vJ|6[36]        -Rovibration_vJ|9[37]            4.3995E-08  1.0070E+00   1.684E+04     298- 425     4269
Rovibration_vJ|6[36]        -Rovibration_vJ|10[35]           1.7868E-10  7.0180E-03   1.321E+04     298- 446     4270
Rovibration_vJ|6[36]        -Rovibration_vJ|10[37]           9.4995E-10  3.7720E-02   1.279E+04     298- 448     4271
Rovibration_vJ|7[15]        -Rovibration_vJ|7[16]            7.9063E-08  1.6380E-04   1.739E+06     299- 300     4272
Rovibration_vJ|7[15]        -Rovibration_vJ|8[14]            3.9592E-05  1.0210E+02   5.258E+04     299- 338     4273
Rovibration_vJ|7[15]        -Rovibration_vJ|8[16]            4.4426E-05  1.1270E+02   4.970E+04     299- 341     4274
Rovibration_vJ|7[15]        -Rovibration_vJ|9[14]            1.4798E-06  1.5490E+01   2.610E+04     299- 379     4275
Rovibration_vJ|7[15]        -Rovibration_vJ|9[16]            1.8653E-06  1.8150E+01   2.538E+04     299- 382     4276
Rovibration_vJ|7[15]        -Rovibration_vJ|10[14]           3.5206E-08  8.2570E-01   1.744E+04     299- 420     4277
Rovibration_vJ|7[15]        -Rovibration_vJ|10[16]           5.1927E-08  1.1110E+00   1.711E+04     299- 423     4278
Rovibration_vJ|7[16]        -Rovibration_vJ|7[17]            8.4726E-08  1.9880E-04   1.637E+06     300- 301     4279
Rovibration_vJ|7[16]        -Rovibration_vJ|8[15]            3.9578E-05  1.0120E+02   5.270E+04     300- 340     4280
Rovibration_vJ|7[16]        -Rovibration_vJ|8[17]            4.4406E-05  1.1340E+02   4.963E+04     300- 342     4281
Rovibration_vJ|7[16]        -Rovibration_vJ|9[15]            1.4752E-06  1.5340E+01   2.613E+04     300- 380     4282
Rovibration_vJ|7[16]        -Rovibration_vJ|9[17]            1.8725E-06  1.8310E+01   2.536E+04     300- 383     4283
Rovibration_vJ|7[16]        -Rovibration_vJ|10[15]           3.4936E-08  8.1450E-01   1.745E+04     300- 421     4284
Rovibration_vJ|7[16]        -Rovibration_vJ|10[17]           5.2402E-08  1.1260E+00   1.711E+04     300- 424     4285
Rovibration_vJ|7[17]        -Rovibration_vJ|7[18]            9.0564E-08  2.3890E-04   1.547E+06     301- 303     4286
Rovibration_vJ|7[17]        -Rovibration_vJ|8[16]            3.9582E-05  1.0040E+02   5.281E+04     301- 341     4287
Rovibration_vJ|7[17]        -Rovibration_vJ|8[18]            4.4404E-05  1.1410E+02   4.955E+04     301- 344     4288
Rovibration_vJ|7[17]        -Rovibration_vJ|9[16]            1.4707E-06  1.5200E+01   2.616E+04     301- 382     4289
Rovibration_vJ|7[17]        -Rovibration_vJ|9[18]            1.8805E-06  1.8470E+01   2.535E+04     301- 385     4290
Rovibration_vJ|7[17]        -Rovibration_vJ|10[16]           3.4668E-08  8.0380E-01   1.747E+04     301- 423     4291
Rovibration_vJ|7[17]        -Rovibration_vJ|10[18]           5.2896E-08  1.1410E+00   1.710E+04     301- 426     4292
Rovibration_vJ|6[37]        -Rovibration_vJ|6[38]            1.2511E-07  1.5210E-03   7.310E+05     302- 305     4293
Rovibration_vJ|6[37]        -Rovibration_vJ|7[36]            3.4431E-05  7.8920E+01   5.468E+04     302- 339     4294
Rovibration_vJ|6[37]        -Rovibration_vJ|7[38]            4.0070E-05  1.1440E+02   4.770E+04     302- 346     4295
Rovibration_vJ|6[37]        -Rovibration_vJ|8[36]            1.0470E-06  1.0170E+01   2.656E+04     302- 381     4296
Rovibration_vJ|6[37]        -Rovibration_vJ|8[38]            1.6142E-06  1.7030E+01   2.482E+04     302- 387     4297
Rovibration_vJ|6[37]        -Rovibration_vJ|9[36]            1.9628E-08  4.3320E-01   1.762E+04     302- 422     4298
Rovibration_vJ|6[37]        -Rovibration_vJ|9[38]            4.4538E-08  1.0200E+00   1.684E+04     302- 428     4299
Rovibration_vJ|6[37]        -Rovibration_vJ|10[36]           1.7478E-10  6.8440E-03   1.323E+04     302- 447     4300
Rovibration_vJ|6[37]        -Rovibration_vJ|10[38]           9.7035E-10  3.8540E-02   1.279E+04     302- 449     4301
Rovibration_vJ|7[18]        -Rovibration_vJ|7[19]            9.6596E-08  2.8460E-04   1.466E+06     303- 304     4302
Rovibration_vJ|7[18]        -Rovibration_vJ|8[17]            3.9578E-05  9.9620E+01   5.293E+04     303- 342     4303
Rovibration_vJ|7[18]        -Rovibration_vJ|8[19]            4.4379E-05  1.1470E+02   4.948E+04     303- 345     4304
Rovibration_vJ|7[18]        -Rovibration_vJ|9[17]            1.4656E-06  1.5060E+01   2.620E+04     303- 383     4305
Rovibration_vJ|7[18]        -Rovibration_vJ|9[19]            1.8881E-06  1.8620E+01   2.533E+04     303- 386     4306
Rovibration_vJ|7[18]        -Rovibration_vJ|10[17]           3.4391E-08  7.9330E-01   1.748E+04     303- 424     4307
Rovibration_vJ|7[18]        -Rovibration_vJ|10[19]           5.3406E-08  1.1560E+00   1.710E+04     303- 427     4308
Rovibration_vJ|7[19]        -Rovibration_vJ|7[20]            1.0280E-07  3.3630E-04   1.393E+06     304- 306     4309
Rovibration_vJ|7[19]        -Rovibration_vJ|8[18]            3.9559E-05  9.8840E+01   5.305E+04     304- 344     4310
Rovibration_vJ|7[19]        -Rovibration_vJ|8[20]            4.4368E-05  1.1530E+02   4.941E+04     304- 347     4311
Rovibration_vJ|7[19]        -Rovibration_vJ|9[18]            1.4609E-06  1.4930E+01   2.623E+04     304- 385     4312
Rovibration_vJ|7[19]        -Rovibration_vJ|9[20]            1.8962E-06  1.8770E+01   2.532E+04     304- 388     4313
Rovibration_vJ|7[19]        -Rovibration_vJ|10[18]           3.4118E-08  7.8320E-01   1.750E+04     304- 426     4314
Rovibration_vJ|7[19]        -Rovibration_vJ|10[20]           5.3930E-08  1.1710E+00   1.709E+04     304- 429     4315
Rovibration_vJ|6[38]        -Rovibration_vJ|6[39]            1.3226E-07  1.6930E-03   7.127E+05     305- 308     4316
Rovibration_vJ|6[38]        -Rovibration_vJ|7[37]            3.4375E-05  7.8320E+01   5.482E+04     305- 343     4317
Rovibration_vJ|6[38]        -Rovibration_vJ|7[39]            4.0100E-05  1.1480E+02   4.765E+04     305- 349     4318
Rovibration_vJ|6[38]        -Rovibration_vJ|8[37]            1.0429E-06  1.0090E+01   2.660E+04     305- 384     4319
Rovibration_vJ|6[38]        -Rovibration_vJ|8[39]            1.6238E-06  1.7150E+01   2.481E+04     305- 390     4320
Rovibration_vJ|6[38]        -Rovibration_vJ|9[37]            1.9471E-08  4.2830E-01   1.764E+04     305- 425     4321
Rovibration_vJ|6[38]        -Rovibration_vJ|9[39]            4.5040E-08  1.0320E+00   1.684E+04     305- 431     4322
Rovibration_vJ|6[38]        -Rovibration_vJ|10[37]           1.7098E-10  6.6750E-03   1.324E+04     305- 448     4323
Rovibration_vJ|6[38]        -Rovibration_vJ|10[39]           9.9158E-10  3.9390E-02   1.279E+04     305- 450     4324
Rovibration_vJ|7[20]        -Rovibration_vJ|7[21]            1.0921E-07  3.9460E-04   1.327E+06     306- 307     4325
Rovibration_vJ|7[20]        -Rovibration_vJ|8[19]            3.9540E-05  9.8090E+01   5.317E+04     306- 345     4326
Rovibration_vJ|7[20]        -Rovibration_vJ|8[21]            4.4406E-05  1.1600E+02   4.934E+04     306- 348     4327
Rovibration_vJ|7[20]        -Rovibration_vJ|9[19]            1.4558E-06  1.4800E+01   2.626E+04     306- 386     4328
Rovibration_vJ|7[20]        -Rovibration_vJ|9[21]            1.9048E-06  1.8920E+01   2.530E+04     306- 389     4329
Rovibration_vJ|7[20]        -Rovibration_vJ|10[19]           3.3842E-08  7.7330E-01   1.752E+04     306- 427     4330
Rovibration_vJ|7[20]        -Rovibration_vJ|10[21]           5.4511E-08  1.1870E+00   1.709E+04     306- 430     4331
Rovibration_vJ|7[21]        -Rovibration_vJ|7[22]            1.1581E-07  4.6000E-04   1.267E+06     307- 309     4332
Rovibration_vJ|7[21]        -Rovibration_vJ|8[20]            3.9510E-05  9.7340E+01   5.329E+04     307- 347     4333
Rovibration_vJ|7[21]        -Rovibration_vJ|8[22]            4.4417E-05  1.1660E+02   4.927E+04     307- 350     4334
Rovibration_vJ|7[21]        -Rovibration_vJ|9[20]            1.4502E-06  1.4670E+01   2.630E+04     307- 388     4335
Rovibration_vJ|7[21]        -Rovibration_vJ|9[22]            1.9138E-06  1.9070E+01   2.529E+04     307- 391     4336
Rovibration_vJ|7[21]        -Rovibration_vJ|10[20]           3.3568E-08  7.6370E-01   1.754E+04     307- 429     4337
Rovibration_vJ|7[21]        -Rovibration_vJ|10[22]           5.5057E-08  1.2020E+00   1.709E+04     307- 432     4338
Rovibration_vJ|6[39]        -Rovibration_vJ|6[40]            1.3975E-07  1.8810E-03   6.952E+05     308- 310     4339
Rovibration_vJ|6[39]        -Rovibration_vJ|7[38]            3.4317E-05  7.7720E+01   5.497E+04     308- 346     4340
Rovibration_vJ|6[39]        -Rovibration_vJ|7[40]            4.0133E-05  1.1520E+02   4.761E+04     308- 351     4341
Rovibration_vJ|6[39]        -Rovibration_vJ|8[38]            1.0387E-06  1.0010E+01   2.665E+04     308- 387     4342
Rovibration_vJ|6[39]        -Rovibration_vJ|8[40]            1.6336E-06  1.7270E+01   2.481E+04     308- 393     4343
Rovibration_vJ|6[39]        -Rovibration_vJ|9[38]            1.9317E-08  4.2350E-01   1.767E+04     308- 428     4344
Rovibration_vJ|6[39]        -Rovibration_vJ|9[40]            4.5589E-08  1.0450E+00   1.685E+04     308- 434     4345
Rovibration_vJ|6[39]        -Rovibration_vJ|10[38]           1.6728E-10  6.5110E-03   1.326E+04     308- 449     4346
Rovibration_vJ|6[39]        -Rovibration_vJ|10[40]           1.0131E-09  4.0250E-02   1.280E+04     308- 451     4347
Rovibration_vJ|7[22]        -Rovibration_vJ|7[23]            1.2265E-07  5.3320E-04   1.212E+06     309- 311     4348
Rovibration_vJ|7[22]        -Rovibration_vJ|8[21]            3.9479E-05  9.6610E+01   5.341E+04     309- 348     4349
Rovibration_vJ|7[22]        -Rovibration_vJ|8[23]            4.4436E-05  1.1720E+02   4.921E+04     309- 352     4350
Rovibration_vJ|7[22]        -Rovibration_vJ|9[21]            1.4453E-06  1.4550E+01   2.633E+04     309- 389     4351
Rovibration_vJ|7[22]        -Rovibration_vJ|9[23]            1.9231E-06  1.9220E+01   2.528E+04     309- 392     4352
Rovibration_vJ|7[22]        -Rovibration_vJ|10[21]           3.3294E-08  7.5430E-01   1.755E+04     309- 430     4353
Rovibration_vJ|7[22]        -Rovibration_vJ|10[23]           5.5612E-08  1.2170E+00   1.708E+04     309- 433     4354
Rovibration_vJ|6[40]        -Rovibration_vJ|7[39]            3.4258E-05  7.7120E+01   5.512E+04     310- 349     4355
Rovibration_vJ|6[40]        -Rovibration_vJ|8[39]            1.0342E-06  9.9270E+00   2.669E+04     310- 390     4356
Rovibration_vJ|6[40]        -Rovibration_vJ|9[39]            1.9166E-08  4.1880E-01   1.769E+04     310- 431     4357
Rovibration_vJ|6[40]        -Rovibration_vJ|10[39]           1.6364E-10  6.3500E-03   1.328E+04     310- 450     4358
Rovibration_vJ|7[23]        -Rovibration_vJ|7[24]            1.2973E-07  6.1480E-04   1.162E+06     311- 312     4359
Rovibration_vJ|7[23]        -Rovibration_vJ|8[22]            3.9445E-05  9.5890E+01   5.353E+04     311- 350     4360
Rovibration_vJ|7[23]        -Rovibration_vJ|8[24]            4.4426E-05  1.1770E+02   4.914E+04     311- 353     4361
Rovibration_vJ|7[23]        -Rovibration_vJ|9[22]            1.4391E-06  1.4420E+01   2.637E+04     311- 391     4362
Rovibration_vJ|7[23]        -Rovibration_vJ|9[24]            1.9328E-06  1.9370E+01   2.527E+04     311- 394     4363
Rovibration_vJ|7[23]        -Rovibration_vJ|10[22]           3.3021E-08  7.4510E-01   1.757E+04     311- 432     4364
Rovibration_vJ|7[23]        -Rovibration_vJ|10[24]           5.6221E-08  1.2330E+00   1.708E+04     311- 435     4365
Rovibration_vJ|7[24]        -Rovibration_vJ|7[25]            1.3706E-07  7.0550E-04   1.116E+06     312- 313     4366
Rovibration_vJ|7[24]        -Rovibration_vJ|8[23]            3.9408E-05  9.5180E+01   5.366E+04     312- 352     4367
Rovibration_vJ|7[24]        -Rovibration_vJ|8[25]            4.4461E-05  1.1830E+02   4.908E+04     312- 354     4368
Rovibration_vJ|7[24]        -Rovibration_vJ|9[23]            1.4336E-06  1.4300E+01   2.640E+04     312- 392     4369
Rovibration_vJ|7[24]        -Rovibration_vJ|9[25]            1.9427E-06  1.9520E+01   2.526E+04     312- 395     4370
Rovibration_vJ|7[24]        -Rovibration_vJ|10[23]           3.2750E-08  7.3610E-01   1.759E+04     312- 433     4371
Rovibration_vJ|7[24]        -Rovibration_vJ|10[25]           5.6792E-08  1.2480E+00   1.708E+04     312- 436     4372
Rovibration_vJ|7[25]        -Rovibration_vJ|7[26]            1.4465E-07  8.0600E-04   1.073E+06     313- 314     4373
Rovibration_vJ|7[25]        -Rovibration_vJ|8[24]            3.9365E-05  9.4470E+01   5.379E+04     313- 353     4374
Rovibration_vJ|7[25]        -Rovibration_vJ|8[26]            4.4502E-05  1.1890E+02   4.901E+04     313- 355     4375
Rovibration_vJ|7[25]        -Rovibration_vJ|9[24]            1.4279E-06  1.4180E+01   2.644E+04     313- 394     4376
Rovibration_vJ|7[25]        -Rovibration_vJ|9[26]            1.9529E-06  1.9670E+01   2.524E+04     313- 396     4377
Rovibration_vJ|7[25]        -Rovibration_vJ|10[24]           3.2482E-08  7.2730E-01   1.761E+04     313- 435     4378
Rovibration_vJ|7[25]        -Rovibration_vJ|10[26]           5.7416E-08  1.2640E+00   1.707E+04     313- 437     4379
Rovibration_vJ|7[26]        -Rovibration_vJ|7[27]            1.5252E-07  9.1710E-04   1.034E+06     314- 315     4380
Rovibration_vJ|7[26]        -Rovibration_vJ|8[25]            3.9320E-05  9.3770E+01   5.391E+04     314- 354     4381
Rovibration_vJ|7[26]        -Rovibration_vJ|8[27]            4.4512E-05  1.1940E+02   4.895E+04     314- 356     4382
Rovibration_vJ|7[26]        -Rovibration_vJ|9[25]            1.4230E-06  1.4070E+01   2.648E+04     314- 395     4383
Rovibration_vJ|7[26]        -Rovibration_vJ|9[27]            1.9624E-06  1.9810E+01   2.523E+04     314- 397     4384
Rovibration_vJ|7[26]        -Rovibration_vJ|10[25]           3.2217E-08  7.1870E-01   1.763E+04     314- 436     4385
Rovibration_vJ|7[26]        -Rovibration_vJ|10[27]           5.8045E-08  1.2800E+00   1.707E+04     314- 438     4386
Rovibration_vJ|7[27]        -Rovibration_vJ|7[28]            1.6073E-07  1.0400E-03   9.974E+05     315- 316     4387
Rovibration_vJ|7[27]        -Rovibration_vJ|8[26]            3.9275E-05  9.3080E+01   5.404E+04     315- 355     4388
Rovibration_vJ|7[27]        -Rovibration_vJ|8[28]            4.4527E-05  1.1990E+02   4.889E+04     315- 357     4389
Rovibration_vJ|7[27]        -Rovibration_vJ|9[26]            1.4169E-06  1.3950E+01   2.652E+04     315- 396     4390
Rovibration_vJ|7[27]        -Rovibration_vJ|9[28]            1.9730E-06  1.9960E+01   2.522E+04     315- 398     4391
Rovibration_vJ|7[27]        -Rovibration_vJ|10[26]           3.1952E-08  7.1020E-01   1.765E+04     315- 437     4392
Rovibration_vJ|7[27]        -Rovibration_vJ|10[28]           5.8681E-08  1.2960E+00   1.707E+04     315- 439     4393
Rovibration_vJ|7[28]        -Rovibration_vJ|7[29]            1.6907E-07  1.1740E-03   9.633E+05     316- 317     4394
Rovibration_vJ|7[28]        -Rovibration_vJ|8[27]            3.9226E-05  9.2390E+01   5.418E+04     316- 356     4395
Rovibration_vJ|7[28]        -Rovibration_vJ|8[29]            4.4585E-05  1.2050E+02   4.883E+04     316- 358     4396
Rovibration_vJ|7[28]        -Rovibration_vJ|9[27]            1.4116E-06  1.3840E+01   2.655E+04     316- 397     4397
Rovibration_vJ|7[28]        -Rovibration_vJ|9[29]            1.9839E-06  2.0110E+01   2.521E+04     316- 399     4398
Rovibration_vJ|7[28]        -Rovibration_vJ|10[27]           3.1692E-08  7.0190E-01   1.767E+04     316- 438     4399
Rovibration_vJ|7[28]        -Rovibration_vJ|10[29]           5.9322E-08  1.3120E+00   1.707E+04     316- 440     4400
Rovibration_vJ|7[29]        -Rovibration_vJ|7[30]            1.7798E-07  1.3230E-03   9.316E+05     317- 318     4401
Rovibration_vJ|7[29]        -Rovibration_vJ|8[28]            3.9172E-05  9.1700E+01   5.431E+04     317- 357     4402
Rovibration_vJ|7[29]        -Rovibration_vJ|8[30]            4.4610E-05  1.2100E+02   4.877E+04     317- 359     4403
Rovibration_vJ|7[29]        -Rovibration_vJ|9[28]            1.4052E-06  1.3720E+01   2.659E+04     317- 398     4404
Rovibration_vJ|7[29]        -Rovibration_vJ|9[30]            1.9940E-06  2.0250E+01   2.520E+04     317- 400     4405
Rovibration_vJ|7[29]        -Rovibration_vJ|10[28]           3.1432E-08  6.9370E-01   1.769E+04     317- 439     4406
Rovibration_vJ|7[29]        -Rovibration_vJ|10[30]           5.9969E-08  1.3280E+00   1.707E+04     317- 441     4407
Rovibration_vJ|7[30]        -Rovibration_vJ|7[31]            1.8704E-07  1.4850E-03   9.019E+05     318- 319     4408
Rovibration_vJ|7[30]        -Rovibration_vJ|8[29]            3.9120E-05  9.1020E+01   5.444E+04     318- 358     4409
Rovibration_vJ|7[30]        -Rovibration_vJ|8[31]            4.4640E-05  1.2150E+02   4.871E+04     318- 360     4410
Rovibration_vJ|7[30]        -Rovibration_vJ|9[29]            1.3997E-06  1.3610E+01   2.663E+04     318- 399     4411
Rovibration_vJ|7[30]        -Rovibration_vJ|9[31]            2.0052E-06  2.0400E+01   2.520E+04     318- 401     4412
Rovibration_vJ|7[30]        -Rovibration_vJ|10[29]           3.1178E-08  6.8570E-01   1.771E+04     318- 440     4413
Rovibration_vJ|7[30]        -Rovibration_vJ|10[31]           6.0666E-08  1.3450E+00   1.707E+04     318- 442     4414
Rovibration_vJ|7[31]        -Rovibration_vJ|7[32]            1.9655E-07  1.6630E-03   8.741E+05     319- 320     4415
Rovibration_vJ|7[31]        -Rovibration_vJ|8[30]            3.9068E-05  9.0350E+01   5.458E+04     319- 359     4416
Rovibration_vJ|7[31]        -Rovibration_vJ|8[32]            4.4673E-05  1.2200E+02   4.866E+04     319- 361     4417
Rovibration_vJ|7[31]        -Rovibration_vJ|9[30]            1.3940E-06  1.3500E+01   2.667E+04     319- 400     4418
Rovibration_vJ|7[31]        -Rovibration_vJ|9[32]            2.0156E-06  2.0540E+01   2.519E+04     319- 402     4419
Rovibration_vJ|7[31]        -Rovibration_vJ|10[30]           3.0930E-08  6.7790E-01   1.773E+04     319- 441     4420
Rovibration_vJ|7[31]        -Rovibration_vJ|10[32]           6.1322E-08  1.3610E+00   1.707E+04     319- 443     4421
Rovibration_vJ|7[32]        -Rovibration_vJ|7[33]            2.0636E-07  1.8570E-03   8.480E+05     320- 326     4422
Rovibration_vJ|7[32]        -Rovibration_vJ|8[31]            3.9009E-05  8.9670E+01   5.472E+04     320- 360     4423
Rovibration_vJ|7[32]        -Rovibration_vJ|8[33]            4.4711E-05  1.2250E+02   4.860E+04     320- 368     4424
Rovibration_vJ|7[32]        -Rovibration_vJ|9[31]            1.3883E-06  1.3390E+01   2.671E+04     320- 401     4425
Rovibration_vJ|7[32]        -Rovibration_vJ|9[33]            2.0272E-06  2.0690E+01   2.518E+04     320- 409     4426
Rovibration_vJ|7[32]        -Rovibration_vJ|10[31]           3.0678E-08  6.7010E-01   1.775E+04     320- 442     4427
Rovibration_vJ|7[32]        -Rovibration_vJ|10[33]           6.2028E-08  1.3780E+00   1.707E+04     320- 444     4428
Rovibration_vJ|8[0]         -Rovibration_vJ|8[1]             1.6179E-08  4.5720E-08   2.805E+07     321- 322     4429
Rovibration_vJ|8[0]         -Rovibration_vJ|9[1]             9.2863E-05  7.7460E+01   5.163E+04     321- 363     4430
Rovibration_vJ|8[0]         -Rovibration_vJ|10[1]            4.1875E-06  1.3760E+01   2.601E+04     321- 404     4431
Rovibration_vJ|8[1]         -Rovibration_vJ|8[2]             2.1587E-08  4.3920E-07   1.403E+07     322- 323     4432
Rovibration_vJ|8[1]         -Rovibration_vJ|9[0]             3.0863E-05  2.3000E+02   5.182E+04     322- 362     4433
Rovibration_vJ|8[1]         -Rovibration_vJ|9[2]             6.2010E-05  9.3440E+01   5.154E+04     322- 364     4434
Rovibration_vJ|8[1]         -Rovibration_vJ|10[0]            1.3810E-06  4.0690E+01   2.606E+04     322- 403     4435
Rovibration_vJ|8[1]         -Rovibration_vJ|10[2]            2.8066E-06  1.6630E+01   2.599E+04     322- 405     4436
Rovibration_vJ|8[2]         -Rovibration_vJ|8[3]             2.9178E-08  1.5900E-06   9.351E+06     323- 324     4437
Rovibration_vJ|8[2]         -Rovibration_vJ|9[1]             3.6972E-05  1.5250E+02   5.192E+04     323- 363     4438
Rovibration_vJ|8[2]         -Rovibration_vJ|9[3]             5.5880E-05  1.0060E+02   5.144E+04     323- 365     4439
Rovibration_vJ|8[2]         -Rovibration_vJ|10[1]            1.6489E-06  2.6940E+01   2.608E+04     323- 404     4440
Rovibration_vJ|8[2]         -Rovibration_vJ|10[3]            2.5388E-06  1.7940E+01   2.597E+04     323- 406     4441
Rovibration_vJ|8[3]         -Rovibration_vJ|8[4]             3.7117E-08  3.9150E-06   7.013E+06     324- 325     4442
Rovibration_vJ|8[3]         -Rovibration_vJ|9[2]             3.9546E-05  1.3650E+02   5.201E+04     324- 364     4443
Rovibration_vJ|8[3]         -Rovibration_vJ|9[4]             5.3324E-05  1.0490E+02   5.135E+04     324- 366     4444
Rovibration_vJ|8[3]         -Rovibration_vJ|10[2]            1.7572E-06  2.4070E+01   2.611E+04     324- 405     4445
Rovibration_vJ|8[3]         -Rovibration_vJ|10[4]            2.4314E-06  1.8740E+01   2.594E+04     324- 407     4446
Rovibration_vJ|8[4]         -Rovibration_vJ|8[5]             4.5209E-08  7.8370E-06   5.611E+06     325- 327     4447
Rovibration_vJ|8[4]         -Rovibration_vJ|9[3]             4.0946E-05  1.2930E+02   5.211E+04     325- 365     4448
Rovibration_vJ|8[4]         -Rovibration_vJ|9[5]             5.1911E-05  1.0780E+02   5.126E+04     325- 367     4449
Rovibration_vJ|8[4]         -Rovibration_vJ|10[3]            1.8128E-06  2.2760E+01   2.614E+04     325- 406     4450
Rovibration_vJ|8[4]         -Rovibration_vJ|10[5]            2.3765E-06  1.9300E+01   2.592E+04     325- 408     4451
Rovibration_vJ|7[33]        -Rovibration_vJ|7[34]            2.1650E-07  2.0680E-03   8.234E+05     326- 332     4452
Rovibration_vJ|7[33]        -Rovibration_vJ|8[32]            3.8952E-05  8.9000E+01   5.486E+04     326- 361     4453
Rovibration_vJ|7[33]        -Rovibration_vJ|8[34]            4.4752E-05  1.2300E+02   4.854E+04     326- 373     4454
Rovibration_vJ|7[33]        -Rovibration_vJ|9[32]            1.3835E-06  1.3290E+01   2.675E+04     326- 402     4455
Rovibration_vJ|7[33]        -Rovibration_vJ|9[34]            2.0389E-06  2.0840E+01   2.517E+04     326- 414     4456
Rovibration_vJ|7[33]        -Rovibration_vJ|10[32]           3.0433E-08  6.6250E-01   1.777E+04     326- 443     4457
Rovibration_vJ|7[33]        -Rovibration_vJ|10[34]           6.2738E-08  1.3950E+00   1.707E+04     326- 445     4458
Rovibration_vJ|8[5]         -Rovibration_vJ|8[6]             5.3425E-08  1.3790E-05   4.676E+06     327- 328     4459
Rovibration_vJ|8[5]         -Rovibration_vJ|9[4]             4.1801E-05  1.2500E+02   5.221E+04     327- 366     4460
Rovibration_vJ|8[5]         -Rovibration_vJ|9[6]             5.1044E-05  1.1000E+02   5.118E+04     327- 369     4461
Rovibration_vJ|8[5]         -Rovibration_vJ|10[4]            1.8445E-06  2.1970E+01   2.616E+04     327- 407     4462
Rovibration_vJ|8[5]         -Rovibration_vJ|10[6]            2.3465E-06  1.9740E+01   2.590E+04     327- 410     4463
Rovibration_vJ|8[6]         -Rovibration_vJ|8[7]             6.1704E-08  2.2200E-05   4.008E+06     328- 329     4464
Rovibration_vJ|8[6]         -Rovibration_vJ|9[5]             4.2393E-05  1.2210E+02   5.232E+04     328- 367     4465
Rovibration_vJ|8[6]         -Rovibration_vJ|9[7]             5.0480E-05  1.1180E+02   5.109E+04     328- 370     4466
Rovibration_vJ|8[6]         -Rovibration_vJ|10[5]            1.8628E-06  2.1410E+01   2.619E+04     328- 408     4467
Rovibration_vJ|8[6]         -Rovibration_vJ|10[7]            2.3290E-06  2.0100E+01   2.588E+04     328- 411     4468
Rovibration_vJ|8[7]         -Rovibration_vJ|8[8]             7.0120E-08  3.3540E-05   3.508E+06     329- 330     4469
Rovibration_vJ|8[7]         -Rovibration_vJ|9[6]             4.2771E-05  1.1980E+02   5.242E+04     329- 369     4470
Rovibration_vJ|8[7]         -Rovibration_vJ|9[8]             5.0079E-05  1.1330E+02   5.100E+04     329- 371     4471
Rovibration_vJ|8[7]         -Rovibration_vJ|10[6]            1.8744E-06  2.0990E+01   2.622E+04     329- 410     4472
Rovibration_vJ|8[7]         -Rovibration_vJ|10[8]            2.3193E-06  2.0410E+01   2.586E+04     329- 412     4473
Rovibration_vJ|8[8]         -Rovibration_vJ|8[9]             7.8617E-08  4.8250E-05   3.118E+06     330- 331     4474
Rovibration_vJ|8[8]         -Rovibration_vJ|9[7]             4.3063E-05  1.1800E+02   5.252E+04     330- 370     4475
Rovibration_vJ|8[8]         -Rovibration_vJ|9[9]             4.9788E-05  1.1460E+02   5.092E+04     330- 372     4476
Rovibration_vJ|8[8]         -Rovibration_vJ|10[7]            1.8805E-06  2.0640E+01   2.624E+04     330- 411     4477
Rovibration_vJ|8[8]         -Rovibration_vJ|10[9]            2.3150E-06  2.0690E+01   2.584E+04     330- 413     4478
Rovibration_vJ|8[9]         -Rovibration_vJ|8[10]            8.7247E-08  6.6830E-05   2.807E+06     331- 333     4479
Rovibration_vJ|8[9]         -Rovibration_vJ|9[8]             4.3286E-05  1.1650E+02   5.263E+04     331- 371     4480
Rovibration_vJ|8[9]         -Rovibration_vJ|9[10]            4.9547E-05  1.1570E+02   5.084E+04     331- 374     4481
Rovibration_vJ|8[9]         -Rovibration_vJ|10[8]            1.8833E-06  2.0340E+01   2.627E+04     331- 412     4482
Rovibration_vJ|8[9]         -Rovibration_vJ|10[10]           2.3136E-06  2.0940E+01   2.582E+04     331- 415     4483
Rovibration_vJ|7[34]        -Rovibration_vJ|7[35]            2.2715E-07  2.2990E-03   8.003E+05     332- 336     4484
Rovibration_vJ|7[34]        -Rovibration_vJ|8[33]            3.8893E-05  8.8330E+01   5.500E+04     332- 368     4485
Rovibration_vJ|7[34]        -Rovibration_vJ|8[35]            4.4760E-05  1.2340E+02   4.849E+04     332- 377     4486
Rovibration_vJ|7[34]        -Rovibration_vJ|9[33]            1.3776E-06  1.3180E+01   2.680E+04     332- 409     4487
Rovibration_vJ|7[34]        -Rovibration_vJ|9[35]            2.0498E-06  2.0980E+01   2.517E+04     332- 418     4488
Rovibration_vJ|7[34]        -Rovibration_vJ|10[33]           3.0191E-08  6.5500E-01   1.779E+04     332- 444     4489
Rovibration_vJ|7[34]        -Rovibration_vJ|10[35]           6.3453E-08  1.4120E+00   1.707E+04     332- 446     4490
Rovibration_vJ|8[10]        -Rovibration_vJ|8[11]            9.6016E-08  8.9780E-05   2.552E+06     333- 334     4491
Rovibration_vJ|8[10]        -Rovibration_vJ|9[9]             4.3422E-05  1.1510E+02   5.274E+04     333- 372     4492
Rovibration_vJ|8[10]        -Rovibration_vJ|9[11]            4.9405E-05  1.1680E+02   5.076E+04     333- 375     4493
Rovibration_vJ|8[10]        -Rovibration_vJ|10[9]            1.8832E-06  2.0070E+01   2.630E+04     333- 413     4494
Rovibration_vJ|8[10]        -Rovibration_vJ|10[11]           2.3156E-06  2.1180E+01   2.580E+04     333- 416     4495
Rovibration_vJ|8[11]        -Rovibration_vJ|8[12]            1.0491E-07  1.1760E-04   2.340E+06     334- 335     4496
Rovibration_vJ|8[11]        -Rovibration_vJ|9[10]            4.3542E-05  1.1390E+02   5.285E+04     334- 374     4497
Rovibration_vJ|8[11]        -Rovibration_vJ|9[12]            4.9252E-05  1.1770E+02   5.067E+04     334- 376     4498
Rovibration_vJ|8[11]        -Rovibration_vJ|10[10]           1.8819E-06  1.9830E+01   2.633E+04     334- 415     4499
Rovibration_vJ|8[11]        -Rovibration_vJ|10[12]           2.3187E-06  2.1400E+01   2.579E+04     334- 417     4500
Rovibration_vJ|8[12]        -Rovibration_vJ|8[13]            1.1394E-07  1.5080E-04   2.160E+06     335- 337     4501
Rovibration_vJ|8[12]        -Rovibration_vJ|9[11]            4.3632E-05  1.1280E+02   5.296E+04     335- 375     4502
Rovibration_vJ|8[12]        -Rovibration_vJ|9[13]            4.9198E-05  1.1870E+02   5.060E+04     335- 378     4503
Rovibration_vJ|8[12]        -Rovibration_vJ|10[11]           1.8795E-06  1.9610E+01   2.636E+04     335- 416     4504
Rovibration_vJ|8[12]        -Rovibration_vJ|10[13]           2.3244E-06  2.1620E+01   2.577E+04     335- 419     4505
Rovibration_vJ|7[35]        -Rovibration_vJ|7[36]            2.3819E-07  2.5500E-03   7.784E+05     336- 339     4506
Rovibration_vJ|7[35]        -Rovibration_vJ|8[34]            3.8835E-05  8.7670E+01   5.514E+04     336- 373     4507
Rovibration_vJ|7[35]        -Rovibration_vJ|8[36]            4.4808E-05  1.2390E+02   4.844E+04     336- 381     4508
Rovibration_vJ|7[35]        -Rovibration_vJ|9[34]            1.3726E-06  1.3080E+01   2.684E+04     336- 414     4509
Rovibration_vJ|7[35]        -Rovibration_vJ|9[36]            2.0618E-06  2.1130E+01   2.516E+04     336- 422     4510
Rovibration_vJ|7[35]        -Rovibration_vJ|10[34]           2.9955E-08  6.4770E-01   1.782E+04     336- 445     4511
Rovibration_vJ|7[35]        -Rovibration_vJ|10[36]           6.4172E-08  1.4290E+00   1.707E+04     336- 447     4512
Rovibration_vJ|8[13]        -Rovibration_vJ|8[14]            1.2321E-07  1.9010E-04   2.006E+06     337- 338     4513
Rovibration_vJ|8[13]        -Rovibration_vJ|9[12]            4.3668E-05  1.1170E+02   5.307E+04     337- 376     4514
Rovibration_vJ|8[13]        -Rovibration_vJ|9[14]            4.9106E-05  1.1950E+02   5.052E+04     337- 379     4515
Rovibration_vJ|8[13]        -Rovibration_vJ|10[12]           1.8757E-06  1.9400E+01   2.639E+04     337- 417     4516
Rovibration_vJ|8[13]        -Rovibration_vJ|10[14]           2.3310E-06  2.1830E+01   2.575E+04     337- 420     4517
Rovibration_vJ|8[14]        -Rovibration_vJ|8[15]            1.3255E-07  2.3580E-04   1.873E+06     338- 340     4518
Rovibration_vJ|8[14]        -Rovibration_vJ|9[13]            4.3741E-05  1.1080E+02   5.318E+04     338- 378     4519
Rovibration_vJ|8[14]        -Rovibration_vJ|9[15]            4.9049E-05  1.2030E+02   5.044E+04     338- 380     4520
Rovibration_vJ|8[14]        -Rovibration_vJ|10[13]           1.8710E-06  1.9200E+01   2.642E+04     338- 419     4521
Rovibration_vJ|8[14]        -Rovibration_vJ|10[15]           2.3381E-06  2.2030E+01   2.573E+04     338- 421     4522
Rovibration_vJ|7[36]        -Rovibration_vJ|7[37]            2.4969E-07  2.8230E-03   7.578E+05     339- 343     4523
Rovibration_vJ|7[36]        -Rovibration_vJ|8[35]            3.8775E-05  8.7010E+01   5.528E+04     339- 377     4524
Rovibration_vJ|7[36]        -Rovibration_vJ|8[37]            4.4823E-05  1.2430E+02   4.839E+04     339- 384     4525
Rovibration_vJ|7[36]        -Rovibration_vJ|9[35]            1.3665E-06  1.2970E+01   2.688E+04     339- 418     4526
Rovibration_vJ|7[36]        -Rovibration_vJ|9[37]            2.0729E-06  2.1270E+01   2.515E+04     339- 425     4527
Rovibration_vJ|7[36]        -Rovibration_vJ|10[35]           2.9721E-08  6.4050E-01   1.784E+04     339- 446     4528
Rovibration_vJ|7[36]        -Rovibration_vJ|10[37]           6.4895E-08  1.4460E+00   1.707E+04     339- 448     4529
Rovibration_vJ|8[15]        -Rovibration_vJ|8[16]            1.4215E-07  2.8880E-04   1.756E+06     340- 341     4530
Rovibration_vJ|8[15]        -Rovibration_vJ|9[14]            4.3741E-05  1.0980E+02   5.330E+04     340- 379     4531
Rovibration_vJ|8[15]        -Rovibration_vJ|9[16]            4.9022E-05  1.2110E+02   5.036E+04     340- 382     4532
Rovibration_vJ|8[15]        -Rovibration_vJ|10[14]           1.8668E-06  1.9020E+01   2.645E+04     340- 420     4533
Rovibration_vJ|8[15]        -Rovibration_vJ|10[16]           2.3466E-06  2.2230E+01   2.572E+04     340- 423     4534
Rovibration_vJ|8[16]        -Rovibration_vJ|8[17]            1.5194E-07  3.4960E-04   1.653E+06     341- 342     4535
Rovibration_vJ|8[16]        -Rovibration_vJ|9[15]            4.3754E-05  1.0890E+02   5.341E+04     341- 380     4536
Rovibration_vJ|8[16]        -Rovibration_vJ|9[17]            4.8979E-05  1.2180E+02   5.029E+04     341- 383     4537
Rovibration_vJ|8[16]        -Rovibration_vJ|10[15]           1.8614E-06  1.8840E+01   2.649E+04     341- 421     4538
Rovibration_vJ|8[16]        -Rovibration_vJ|10[17]           2.3551E-06  2.2420E+01   2.570E+04     341- 424     4539
Rovibration_vJ|8[17]        -Rovibration_vJ|8[18]            1.6198E-07  4.1900E-04   1.562E+06     342- 344     4540
Rovibration_vJ|8[17]        -Rovibration_vJ|9[16]            4.3744E-05  1.0800E+02   5.353E+04     342- 382     4541
Rovibration_vJ|8[17]        -Rovibration_vJ|9[18]            4.8996E-05  1.2260E+02   5.022E+04     342- 385     4542
Rovibration_vJ|8[17]        -Rovibration_vJ|10[16]           1.8550E-06  1.8660E+01   2.652E+04     342- 423     4543
Rovibration_vJ|8[17]        -Rovibration_vJ|10[18]           2.3645E-06  2.2610E+01   2.569E+04     342- 426     4544
Rovibration_vJ|7[37]        -Rovibration_vJ|7[38]            2.6162E-07  3.1190E-03   7.382E+05     343- 346     4545
Rovibration_vJ|7[37]        -Rovibration_vJ|8[36]            3.8714E-05  8.6350E+01   5.543E+04     343- 381     4546
Rovibration_vJ|7[37]        -Rovibration_vJ|8[38]            4.4877E-05  1.2480E+02   4.834E+04     343- 387     4547
Rovibration_vJ|7[37]        -Rovibration_vJ|9[36]            1.3614E-06  1.2870E+01   2.692E+04     343- 422     4548
Rovibration_vJ|7[37]        -Rovibration_vJ|9[38]            2.0852E-06  2.1420E+01   2.515E+04     343- 428     4549
Rovibration_vJ|7[37]        -Rovibration_vJ|10[36]           2.9490E-08  6.3340E-01   1.786E+04     343- 447     4550
Rovibration_vJ|7[37]        -Rovibration_vJ|10[38]           6.5667E-08  1.4640E+00   1.707E+04     343- 449     4551
Rovibration_vJ|8[18]        -Rovibration_vJ|8[19]            1.7223E-07  4.9760E-04   1.480E+06     344- 345     4552
Rovibration_vJ|8[18]        -Rovibration_vJ|9[17]            4.3755E-05  1.0720E+02   5.365E+04     344- 383     4553
Rovibration_vJ|8[18]        -Rovibration_vJ|9[19]            4.8990E-05  1.2330E+02   5.014E+04     344- 386     4554
Rovibration_vJ|8[18]        -Rovibration_vJ|10[17]           1.8497E-06  1.8500E+01   2.655E+04     344- 424     4555
Rovibration_vJ|8[18]        -Rovibration_vJ|10[19]           2.3737E-06  2.2790E+01   2.567E+04     344- 427     4556
Rovibration_vJ|8[19]        -Rovibration_vJ|8[20]            1.8270E-07  5.8610E-04   1.406E+06     345- 347     4557
Rovibration_vJ|8[19]        -Rovibration_vJ|9[18]            4.3752E-05  1.0640E+02   5.377E+04     345- 385     4558
Rovibration_vJ|8[19]        -Rovibration_vJ|9[20]            4.8959E-05  1.2390E+02   5.007E+04     345- 388     4559
Rovibration_vJ|8[19]        -Rovibration_vJ|10[18]           1.8428E-06  1.8330E+01   2.659E+04     345- 426     4560
Rovibration_vJ|8[19]        -Rovibration_vJ|10[20]           2.3846E-06  2.2980E+01   2.566E+04     345- 429     4561
Rovibration_vJ|7[38]        -Rovibration_vJ|7[39]            2.7404E-07  3.4400E-03   7.197E+05     346- 349     4562
Rovibration_vJ|7[38]        -Rovibration_vJ|8[37]            3.8650E-05  8.5690E+01   5.558E+04     346- 384     4563
Rovibration_vJ|7[38]        -Rovibration_vJ|8[39]            4.4899E-05  1.2520E+02   4.829E+04     346- 390     4564
Rovibration_vJ|7[38]        -Rovibration_vJ|9[37]            1.3562E-06  1.2770E+01   2.697E+04     346- 425     4565
Rovibration_vJ|7[38]        -Rovibration_vJ|9[39]            2.0966E-06  2.1560E+01   2.514E+04     346- 431     4566
Rovibration_vJ|7[38]        -Rovibration_vJ|10[37]           2.9262E-08  6.2640E-01   1.789E+04     346- 448     4567
Rovibration_vJ|7[38]        -Rovibration_vJ|10[39]           6.6398E-08  1.4810E+00   1.707E+04     346- 450     4568
Rovibration_vJ|8[20]        -Rovibration_vJ|8[21]            1.9347E-07  6.8550E-04   1.340E+06     347- 348     4569
Rovibration_vJ|8[20]        -Rovibration_vJ|9[19]            4.3693E-05  1.0550E+02   5.389E+04     347- 386     4570
Rovibration_vJ|8[20]        -Rovibration_vJ|9[21]            4.8981E-05  1.2460E+02   5.000E+04     347- 389     4571
Rovibration_vJ|8[20]        -Rovibration_vJ|10[19]           1.8363E-06  1.8170E+01   2.662E+04     347- 427     4572
Rovibration_vJ|8[20]        -Rovibration_vJ|10[21]           2.3950E-06  2.3160E+01   2.565E+04     347- 430     4573
Rovibration_vJ|8[21]        -Rovibration_vJ|8[22]            2.0450E-07  7.9650E-04   1.279E+06     348- 350     4574
Rovibration_vJ|8[21]        -Rovibration_vJ|9[20]            4.3706E-05  1.0480E+02   5.401E+04     348- 388     4575
Rovibration_vJ|8[21]        -Rovibration_vJ|9[22]            4.8975E-05  1.2520E+02   4.993E+04     348- 391     4576
Rovibration_vJ|8[21]        -Rovibration_vJ|10[20]           1.8303E-06  1.8020E+01   2.666E+04     348- 429     4577
Rovibration_vJ|8[21]        -Rovibration_vJ|10[22]           2.4059E-06  2.3340E+01   2.563E+04     348- 432     4578
Rovibration_vJ|7[39]        -Rovibration_vJ|7[40]            2.8692E-07  3.7870E-03   7.021E+05     349- 351     4579
Rovibration_vJ|7[39]        -Rovibration_vJ|8[38]            3.8585E-05  8.5030E+01   5.573E+04     349- 387     4580
Rovibration_vJ|7[39]        -Rovibration_vJ|8[40]            4.4958E-05  1.2570E+02   4.824E+04     349- 393     4581
Rovibration_vJ|7[39]        -Rovibration_vJ|9[38]            1.3510E-06  1.2670E+01   2.701E+04     349- 428     4582
Rovibration_vJ|7[39]        -Rovibration_vJ|9[40]            2.1091E-06  2.1710E+01   2.514E+04     349- 434     4583
Rovibration_vJ|7[39]        -Rovibration_vJ|10[38]           2.9037E-08  6.1950E-01   1.791E+04     349- 449     4584
Rovibration_vJ|7[39]        -Rovibration_vJ|10[40]           6.7179E-08  1.4990E+00   1.707E+04     349- 451     4585
Rovibration_vJ|8[22]        -Rovibration_vJ|8[23]            2.1582E-07  9.2000E-04   1.224E+06     350- 352     4586
Rovibration_vJ|8[22]        -Rovibration_vJ|9[21]            4.3667E-05  1.0400E+02   5.414E+04     350- 389     4587
Rovibration_vJ|8[22]        -Rovibration_vJ|9[23]            4.9019E-05  1.2590E+02   4.986E+04     350- 392     4588
Rovibration_vJ|8[22]        -Rovibration_vJ|10[21]           1.8228E-06  1.7860E+01   2.669E+04     350- 430     4589
Rovibration_vJ|8[22]        -Rovibration_vJ|10[23]           2.4173E-06  2.3520E+01   2.562E+04     350- 433     4590
Rovibration_vJ|7[40]        -Rovibration_vJ|8[39]            3.8523E-05  8.4380E+01   5.588E+04     351- 390     4591
Rovibration_vJ|7[40]        -Rovibration_vJ|9[39]            1.3457E-06  1.2570E+01   2.706E+04     351- 431     4592
Rovibration_vJ|7[40]        -Rovibration_vJ|10[39]           2.8815E-08  6.1270E-01   1.793E+04     351- 450     4593
Rovibration_vJ|8[23]        -Rovibration_vJ|8[24]            2.2746E-07  1.0570E-03   1.173E+06     352- 353     4594
Rovibration_vJ|8[23]        -Rovibration_vJ|9[22]            4.3620E-05  1.0320E+02   5.426E+04     352- 391     4595
Rovibration_vJ|8[23]        -Rovibration_vJ|9[24]            4.9032E-05  1.2650E+02   4.980E+04     352- 394     4596
Rovibration_vJ|8[23]        -Rovibration_vJ|10[22]           1.8160E-06  1.7710E+01   2.673E+04     352- 432     4597
Rovibration_vJ|8[23]        -Rovibration_vJ|10[24]           2.4291E-06  2.3700E+01   2.561E+04     352- 435     4598
Rovibration_vJ|8[24]        -Rovibration_vJ|8[25]            2.3934E-07  1.2080E-03   1.127E+06     353- 354     4599
Rovibration_vJ|8[24]        -Rovibration_vJ|9[23]            4.3565E-05  1.0240E+02   5.439E+04     353- 392     4600
Rovibration_vJ|8[24]        -Rovibration_vJ|9[25]            4.9053E-05  1.2710E+02   4.973E+04     353- 395     4601
Rovibration_vJ|8[24]        -Rovibration_vJ|10[23]           1.8099E-06  1.7570E+01   2.676E+04     353- 433     4602
Rovibration_vJ|8[24]        -Rovibration_vJ|10[25]           2.4413E-06  2.3880E+01   2.560E+04     353- 436     4603
Rovibration_vJ|8[25]        -Rovibration_vJ|8[26]            2.5166E-07  1.3750E-03   1.084E+06     354- 355     4604
Rovibration_vJ|8[25]        -Rovibration_vJ|9[24]            4.3546E-05  1.0170E+02   5.452E+04     354- 394     4605
Rovibration_vJ|8[25]        -Rovibration_vJ|9[26]            4.9081E-05  1.2770E+02   4.967E+04     354- 396     4606
Rovibration_vJ|8[25]        -Rovibration_vJ|10[24]           1.8024E-06  1.7420E+01   2.680E+04     354- 435     4607
Rovibration_vJ|8[25]        -Rovibration_vJ|10[26]           2.4537E-06  2.4060E+01   2.558E+04     354- 437     4608
Rovibration_vJ|8[26]        -Rovibration_vJ|8[27]            2.6441E-07  1.5590E-03   1.044E+06     355- 356     4609
Rovibration_vJ|8[26]        -Rovibration_vJ|9[25]            4.3478E-05  1.0090E+02   5.465E+04     355- 395     4610
Rovibration_vJ|8[26]        -Rovibration_vJ|9[27]            4.9078E-05  1.2820E+02   4.961E+04     355- 397     4611
Rovibration_vJ|8[26]        -Rovibration_vJ|10[25]           1.7958E-06  1.7280E+01   2.684E+04     355- 436     4612
Rovibration_vJ|8[26]        -Rovibration_vJ|10[27]           2.4655E-06  2.4230E+01   2.557E+04     355- 438     4613
Rovibration_vJ|8[27]        -Rovibration_vJ|8[28]            2.7740E-07  1.7600E-03   1.007E+06     356- 357     4614
Rovibration_vJ|8[27]        -Rovibration_vJ|9[26]            4.3447E-05  1.0020E+02   5.479E+04     356- 396     4615
Rovibration_vJ|8[27]        -Rovibration_vJ|9[28]            4.9119E-05  1.2880E+02   4.954E+04     356- 398     4616
Rovibration_vJ|8[27]        -Rovibration_vJ|10[26]           1.7889E-06  1.7140E+01   2.688E+04     356- 437     4617
Rovibration_vJ|8[27]        -Rovibration_vJ|10[28]           2.4786E-06  2.4410E+01   2.556E+04     356- 439     4618
Rovibration_vJ|8[28]        -Rovibration_vJ|8[29]            2.9080E-07  1.9800E-03   9.729E+05     357- 358     4619
Rovibration_vJ|8[28]        -Rovibration_vJ|9[27]            4.3378E-05  9.9420E+01   5.492E+04     357- 397     4620
Rovibration_vJ|8[28]        -Rovibration_vJ|9[29]            4.9166E-05  1.2940E+02   4.948E+04     357- 399     4621
Rovibration_vJ|8[28]        -Rovibration_vJ|10[27]           1.7818E-06  1.7000E+01   2.692E+04     357- 438     4622
Rovibration_vJ|8[28]        -Rovibration_vJ|10[29]           2.4919E-06  2.4590E+01   2.555E+04     357- 440     4623
Rovibration_vJ|8[29]        -Rovibration_vJ|8[30]            3.0471E-07  2.2210E-03   9.408E+05     358- 359     4624
Rovibration_vJ|8[29]        -Rovibration_vJ|9[28]            4.3321E-05  9.8680E+01   5.505E+04     358- 398     4625
Rovibration_vJ|8[29]        -Rovibration_vJ|9[30]            4.9179E-05  1.2990E+02   4.942E+04     358- 400     4626
Rovibration_vJ|8[29]        -Rovibration_vJ|10[28]           1.7745E-06  1.6860E+01   2.696E+04     358- 439     4627
Rovibration_vJ|8[29]        -Rovibration_vJ|10[30]           2.5045E-06  2.4760E+01   2.555E+04     358- 441     4628
Rovibration_vJ|8[30]        -Rovibration_vJ|8[31]            3.1896E-07  2.4830E-03   9.108E+05     359- 360     4629
Rovibration_vJ|8[30]        -Rovibration_vJ|9[29]            4.3265E-05  9.7950E+01   5.519E+04     359- 399     4630
Rovibration_vJ|8[30]        -Rovibration_vJ|9[31]            4.9198E-05  1.3040E+02   4.936E+04     359- 401     4631
Rovibration_vJ|8[30]        -Rovibration_vJ|10[29]           1.7681E-06  1.6730E+01   2.700E+04     359- 440     4632
Rovibration_vJ|8[30]        -Rovibration_vJ|10[31]           2.5182E-06  2.4940E+01   2.554E+04     359- 442     4633
Rovibration_vJ|8[31]        -Rovibration_vJ|8[32]            3.3364E-07  2.7680E-03   8.828E+05     360- 361     4634
Rovibration_vJ|8[31]        -Rovibration_vJ|9[30]            4.3205E-05  9.7220E+01   5.533E+04     360- 400     4635
Rovibration_vJ|8[31]        -Rovibration_vJ|9[32]            4.9259E-05  1.3100E+02   4.931E+04     360- 402     4636
Rovibration_vJ|8[31]        -Rovibration_vJ|10[30]           1.7605E-06  1.6590E+01   2.704E+04     360- 441     4637
Rovibration_vJ|8[31]        -Rovibration_vJ|10[32]           2.5312E-06  2.5110E+01   2.553E+04     360- 443     4638
Rovibration_vJ|8[32]        -Rovibration_vJ|8[33]            3.4885E-07  3.0780E-03   8.564E+05     361- 368     4639
Rovibration_vJ|8[32]        -Rovibration_vJ|9[31]            4.3147E-05  9.6500E+01   5.547E+04     361- 401     4640
Rovibration_vJ|8[32]        -Rovibration_vJ|9[33]            4.9287E-05  1.3150E+02   4.925E+04     361- 409     4641
Rovibration_vJ|8[32]        -Rovibration_vJ|10[31]           1.7538E-06  1.6460E+01   2.708E+04     361- 442     4642
Rovibration_vJ|8[32]        -Rovibration_vJ|10[33]           2.5454E-06  2.5290E+01   2.552E+04     361- 444     4643
Rovibration_vJ|9[0]         -Rovibration_vJ|9[1]             2.5690E-08  7.1180E-08   2.833E+07     362- 363     4644
Rovibration_vJ|9[0]         -Rovibration_vJ|10[1]            1.0125E-04  8.2210E+01   5.233E+04     362- 404     4645
Rovibration_vJ|9[1]         -Rovibration_vJ|9[2]             3.4273E-08  6.8370E-07   1.416E+07     363- 364     4646
Rovibration_vJ|9[1]         -Rovibration_vJ|10[0]            3.3651E-05  2.4410E+02   5.252E+04     363- 403     4647
Rovibration_vJ|9[1]         -Rovibration_vJ|10[2]            6.7603E-05  9.9160E+01   5.224E+04     363- 405     4648
Rovibration_vJ|9[2]         -Rovibration_vJ|9[3]             4.6304E-08  2.4740E-06   9.443E+06     364- 365     4649
Rovibration_vJ|9[2]         -Rovibration_vJ|10[1]            4.0301E-05  1.6180E+02   5.262E+04     364- 404     4650
Rovibration_vJ|9[2]         -Rovibration_vJ|10[3]            6.0944E-05  1.0680E+02   5.214E+04     364- 406     4651
Rovibration_vJ|9[3]         -Rovibration_vJ|9[4]             5.8887E-08  6.0900E-06   7.083E+06     365- 366     4652
Rovibration_vJ|9[3]         -Rovibration_vJ|10[2]            4.3129E-05  1.4490E+02   5.272E+04     365- 405     4653
Rovibration_vJ|9[3]         -Rovibration_vJ|10[4]            5.8122E-05  1.1130E+02   5.205E+04     365- 407     4654
Rovibration_vJ|9[4]         -Rovibration_vJ|9[5]             7.1721E-08  1.2190E-05   5.667E+06     366- 367     4655
Rovibration_vJ|9[4]         -Rovibration_vJ|10[3]            4.4638E-05  1.3720E+02   5.282E+04     366- 406     4656
Rovibration_vJ|9[4]         -Rovibration_vJ|10[5]            5.6593E-05  1.1440E+02   5.196E+04     366- 408     4657
Rovibration_vJ|9[5]         -Rovibration_vJ|9[6]             8.4638E-08  2.1420E-05   4.722E+06     367- 369     4658
Rovibration_vJ|9[5]         -Rovibration_vJ|10[4]            4.5593E-05  1.3270E+02   5.292E+04     367- 407     4659
Rovibration_vJ|9[5]         -Rovibration_vJ|10[6]            5.5630E-05  1.1670E+02   5.187E+04     367- 410     4660
Rovibration_vJ|8[33]        -Rovibration_vJ|8[34]            3.6452E-07  3.4140E-03   8.316E+05     368- 373     4661
Rovibration_vJ|8[33]        -Rovibration_vJ|9[32]            4.3081E-05  9.5770E+01   5.561E+04     368- 402     4662
Rovibration_vJ|8[33]        -Rovibration_vJ|9[34]            4.9319E-05  1.3200E+02   4.919E+04     368- 414     4663
Rovibration_vJ|8[33]        -Rovibration_vJ|10[32]           1.7471E-06  1.6330E+01   2.712E+04     368- 443     4664
Rovibration_vJ|8[33]        -Rovibration_vJ|10[34]           2.5588E-06  2.5460E+01   2.551E+04     368- 445     4665
Rovibration_vJ|9[6]         -Rovibration_vJ|9[7]             9.7745E-08  3.4480E-05   4.048E+06     369- 370     4666
Rovibration_vJ|9[6]         -Rovibration_vJ|10[5]            4.6231E-05  1.2960E+02   5.303E+04     369- 408     4667
Rovibration_vJ|9[6]         -Rovibration_vJ|10[7]            5.5010E-05  1.1860E+02   5.178E+04     369- 411     4668
Rovibration_vJ|9[7]         -Rovibration_vJ|9[8]             1.1096E-07  5.2040E-05   3.543E+06     370- 371     4669
Rovibration_vJ|9[7]         -Rovibration_vJ|10[6]            4.6660E-05  1.2720E+02   5.313E+04     370- 410     4670
Rovibration_vJ|9[7]         -Rovibration_vJ|10[8]            5.4577E-05  1.2020E+02   5.169E+04     370- 412     4671
Rovibration_vJ|9[8]         -Rovibration_vJ|9[9]             1.2432E-07  7.4810E-05   3.149E+06     371- 372     4672
Rovibration_vJ|9[8]         -Rovibration_vJ|10[7]            4.6983E-05  1.2530E+02   5.324E+04     371- 411     4673
Rovibration_vJ|9[8]         -Rovibration_vJ|10[9]            5.4224E-05  1.2150E+02   5.161E+04     371- 413     4674
Rovibration_vJ|9[9]         -Rovibration_vJ|9[10]            1.3781E-07  1.0350E-04   2.835E+06     372- 374     4675
Rovibration_vJ|9[9]         -Rovibration_vJ|10[8]            4.7187E-05  1.2360E+02   5.335E+04     372- 412     4676
Rovibration_vJ|9[9]         -Rovibration_vJ|10[10]           5.4020E-05  1.2280E+02   5.152E+04     372- 415     4677
Rovibration_vJ|8[34]        -Rovibration_vJ|8[35]            3.8070E-07  3.7780E-03   8.082E+05     373- 377     4678
Rovibration_vJ|8[34]        -Rovibration_vJ|9[33]            4.3017E-05  9.5050E+01   5.576E+04     373- 409     4679
Rovibration_vJ|8[34]        -Rovibration_vJ|9[35]            4.9355E-05  1.3250E+02   4.914E+04     373- 418     4680
Rovibration_vJ|8[34]        -Rovibration_vJ|10[33]           1.7402E-06  1.6200E+01   2.716E+04     373- 444     4681
Rovibration_vJ|8[34]        -Rovibration_vJ|10[35]           2.5734E-06  2.5640E+01   2.551E+04     373- 446     4682
Rovibration_vJ|9[10]        -Rovibration_vJ|9[11]            1.5151E-07  1.3890E-04   2.577E+06     374- 375     4683
Rovibration_vJ|9[10]        -Rovibration_vJ|10[9]            4.7369E-05  1.2220E+02   5.346E+04     374- 413     4684
Rovibration_vJ|9[10]        -Rovibration_vJ|10[11]           5.3835E-05  1.2390E+02   5.144E+04     374- 416     4685
Rovibration_vJ|9[11]        -Rovibration_vJ|9[12]            1.6533E-07  1.8170E-04   2.363E+06     375- 376     4686
Rovibration_vJ|9[11]        -Rovibration_vJ|10[10]           4.7491E-05  1.2090E+02   5.357E+04     375- 415     4687
Rovibration_vJ|9[11]        -Rovibration_vJ|10[12]           5.3688E-05  1.2490E+02   5.136E+04     375- 417     4688
Rovibration_vJ|9[12]        -Rovibration_vJ|9[13]            1.7940E-07  2.3280E-04   2.182E+06     376- 378     4689
Rovibration_vJ|9[12]        -Rovibration_vJ|10[11]           4.7576E-05  1.1970E+02   5.368E+04     376- 416     4690
Rovibration_vJ|9[12]        -Rovibration_vJ|10[13]           5.3560E-05  1.2580E+02   5.128E+04     376- 419     4691
Rovibration_vJ|8[35]        -Rovibration_vJ|8[36]            3.9735E-07  4.1710E-03   7.862E+05     377- 381     4692
Rovibration_vJ|8[35]        -Rovibration_vJ|9[34]            4.2954E-05  9.4340E+01   5.590E+04     377- 414     4693
Rovibration_vJ|8[35]        -Rovibration_vJ|9[36]            4.9394E-05  1.3300E+02   4.909E+04     377- 422     4694
Rovibration_vJ|8[35]        -Rovibration_vJ|10[34]           1.7332E-06  1.6070E+01   2.721E+04     377- 445     4695
Rovibration_vJ|8[35]        -Rovibration_vJ|10[36]           2.5871E-06  2.5810E+01   2.550E+04     377- 447     4696
Rovibration_vJ|9[13]        -Rovibration_vJ|9[14]            1.9369E-07  2.9300E-04   2.026E+06     378- 379     4697
Rovibration_vJ|9[13]        -Rovibration_vJ|10[12]           4.7644E-05  1.1860E+02   5.380E+04     378- 417     4698
Rovibration_vJ|9[13]        -Rovibration_vJ|10[14]           5.3481E-05  1.2670E+02   5.120E+04     378- 420     4699
Rovibration_vJ|9[14]        -Rovibration_vJ|9[15]            2.0813E-07  3.6300E-04   1.891E+06     379- 380     4700
Rovibration_vJ|9[14]        -Rovibration_vJ|10[13]           4.7706E-05  1.1760E+02   5.391E+04     379- 419     4701
Rovibration_vJ|9[14]        -Rovibration_vJ|10[15]           5.3441E-05  1.2760E+02   5.112E+04     379- 421     4702
Rovibration_vJ|9[15]        -Rovibration_vJ|9[16]            2.2285E-07  4.4390E-04   1.774E+06     380- 382     4703
Rovibration_vJ|9[15]        -Rovibration_vJ|10[14]           4.7733E-05  1.1660E+02   5.403E+04     380- 420     4704
Rovibration_vJ|9[15]        -Rovibration_vJ|10[16]           5.3391E-05  1.2840E+02   5.104E+04     380- 423     4705
Rovibration_vJ|8[36]        -Rovibration_vJ|8[37]            4.1460E-07  4.5960E-03   7.653E+05     381- 384     4706
Rovibration_vJ|8[36]        -Rovibration_vJ|9[35]            4.2885E-05  9.3620E+01   5.605E+04     381- 418     4707
Rovibration_vJ|8[36]        -Rovibration_vJ|9[37]            4.9400E-05  1.3340E+02   4.903E+04     381- 425     4708
Rovibration_vJ|8[36]        -Rovibration_vJ|10[35]           1.7261E-06  1.5940E+01   2.725E+04     381- 446     4709
Rovibration_vJ|8[36]        -Rovibration_vJ|10[37]           2.6021E-06  2.5990E+01   2.550E+04     381- 448     4710
Rovibration_vJ|9[16]        -Rovibration_vJ|9[17]            2.3782E-07  5.3650E-04   1.670E+06     382- 383     4711
Rovibration_vJ|9[16]        -Rovibration_vJ|10[15]           4.7729E-05  1.1560E+02   5.415E+04     382- 421     4712
Rovibration_vJ|9[16]        -Rovibration_vJ|10[17]           5.3367E-05  1.2920E+02   5.097E+04     382- 424     4713
Rovibration_vJ|9[17]        -Rovibration_vJ|9[18]            2.5306E-07  6.4180E-04   1.577E+06     383- 385     4714
Rovibration_vJ|9[17]        -Rovibration_vJ|10[16]           4.7742E-05  1.1470E+02   5.426E+04     383- 423     4715
Rovibration_vJ|9[17]        -Rovibration_vJ|10[18]           5.3366E-05  1.3000E+02   5.089E+04     383- 426     4716
Rovibration_vJ|8[37]        -Rovibration_vJ|8[38]            4.3246E-07  5.0550E-03   7.455E+05     384- 387     4717
Rovibration_vJ|8[37]        -Rovibration_vJ|9[36]            4.2819E-05  9.2910E+01   5.620E+04     384- 422     4718
Rovibration_vJ|8[37]        -Rovibration_vJ|9[38]            4.9447E-05  1.3390E+02   4.898E+04     384- 428     4719
Rovibration_vJ|8[37]        -Rovibration_vJ|10[36]           1.7200E-06  1.5820E+01   2.730E+04     384- 447     4720
Rovibration_vJ|8[37]        -Rovibration_vJ|10[38]           2.6161E-06  2.6160E+01   2.549E+04     384- 449     4721
Rovibration_vJ|9[18]        -Rovibration_vJ|9[19]            2.6859E-07  7.6080E-04   1.495E+06     385- 386     4722
Rovibration_vJ|9[18]        -Rovibration_vJ|10[17]           4.7735E-05  1.1380E+02   5.439E+04     385- 424     4723
Rovibration_vJ|9[18]        -Rovibration_vJ|10[19]           5.3342E-05  1.3070E+02   5.082E+04     385- 427     4724
Rovibration_vJ|9[19]        -Rovibration_vJ|9[20]            2.8443E-07  8.9460E-04   1.420E+06     386- 388     4725
Rovibration_vJ|9[19]        -Rovibration_vJ|10[18]           4.7711E-05  1.1290E+02   5.451E+04     386- 426     4726
Rovibration_vJ|9[19]        -Rovibration_vJ|10[20]           5.3334E-05  1.3140E+02   5.075E+04     386- 429     4727
Rovibration_vJ|8[38]        -Rovibration_vJ|8[39]            4.5087E-07  5.5490E-03   7.268E+05     387- 390     4728
Rovibration_vJ|8[38]        -Rovibration_vJ|9[37]            4.2750E-05  9.2200E+01   5.635E+04     387- 425     4729
Rovibration_vJ|8[38]        -Rovibration_vJ|9[39]            4.9496E-05  1.3440E+02   4.893E+04     387- 431     4730
Rovibration_vJ|8[38]        -Rovibration_vJ|10[37]           1.7127E-06  1.5690E+01   2.734E+04     387- 448     4731
Rovibration_vJ|8[38]        -Rovibration_vJ|10[39]           2.6314E-06  2.6340E+01   2.549E+04     387- 450     4732
Rovibration_vJ|9[20]        -Rovibration_vJ|9[21]            3.0053E-07  1.0440E-03   1.353E+06     388- 389     4733
Rovibration_vJ|9[20]        -Rovibration_vJ|10[19]           4.7714E-05  1.1210E+02   5.463E+04     388- 427     4734
Rovibration_vJ|9[20]        -Rovibration_vJ|10[21]           5.3341E-05  1.3210E+02   5.068E+04     388- 430     4735
Rovibration_vJ|9[21]        -Rovibration_vJ|9[22]            3.1714E-07  1.2110E-03   1.292E+06     389- 391     4736
Rovibration_vJ|9[21]        -Rovibration_vJ|10[20]           4.7662E-05  1.1120E+02   5.476E+04     389- 429     4737
Rovibration_vJ|9[21]        -Rovibration_vJ|10[22]           5.3360E-05  1.3280E+02   5.061E+04     389- 432     4738
Rovibration_vJ|8[39]        -Rovibration_vJ|8[40]            4.6991E-07  6.0810E-03   7.090E+05     390- 393     4739
Rovibration_vJ|8[39]        -Rovibration_vJ|9[38]            4.2679E-05  9.1490E+01   5.650E+04     390- 428     4740
Rovibration_vJ|8[39]        -Rovibration_vJ|9[40]            4.9512E-05  1.3480E+02   4.888E+04     390- 434     4741
Rovibration_vJ|8[39]        -Rovibration_vJ|10[38]           1.7064E-06  1.5570E+01   2.739E+04     390- 449     4742
Rovibration_vJ|8[39]        -Rovibration_vJ|10[40]           2.6458E-06  2.6510E+01   2.548E+04     390- 451     4743
Rovibration_vJ|9[22]        -Rovibration_vJ|9[23]            3.3403E-07  1.3960E-03   1.236E+06     391- 392     4744
Rovibration_vJ|9[22]        -Rovibration_vJ|10[21]           4.7642E-05  1.1040E+02   5.489E+04     391- 430     4745
Rovibration_vJ|9[22]        -Rovibration_vJ|10[23]           5.3350E-05  1.3340E+02   5.054E+04     391- 433     4746
Rovibration_vJ|9[23]        -Rovibration_vJ|9[24]            3.5120E-07  1.6000E-03   1.185E+06     392- 394     4747
Rovibration_vJ|9[23]        -Rovibration_vJ|10[22]           4.7613E-05  1.0960E+02   5.501E+04     392- 432     4748
Rovibration_vJ|9[23]        -Rovibration_vJ|10[24]           5.3390E-05  1.3410E+02   5.047E+04     392- 435     4749
Rovibration_vJ|8[40]        -Rovibration_vJ|9[39]            4.2611E-05  9.0790E+01   5.666E+04     393- 431     4750
Rovibration_vJ|8[40]        -Rovibration_vJ|10[39]           1.7001E-06  1.5450E+01   2.743E+04     393- 450     4751
Rovibration_vJ|9[24]        -Rovibration_vJ|9[25]            3.6882E-07  1.8250E-03   1.138E+06     394- 395     4752
Rovibration_vJ|9[24]        -Rovibration_vJ|10[23]           4.7576E-05  1.0880E+02   5.514E+04     394- 433     4753
Rovibration_vJ|9[24]        -Rovibration_vJ|10[25]           5.3399E-05  1.3470E+02   5.040E+04     394- 436     4754
Rovibration_vJ|9[25]        -Rovibration_vJ|9[26]            3.8682E-07  2.0720E-03   1.095E+06     395- 396     4755
Rovibration_vJ|9[25]        -Rovibration_vJ|10[24]           4.7487E-05  1.0790E+02   5.528E+04     395- 435     4756
Rovibration_vJ|9[25]        -Rovibration_vJ|10[26]           5.3415E-05  1.3530E+02   5.034E+04     395- 437     4757
Rovibration_vJ|9[26]        -Rovibration_vJ|9[27]            4.0534E-07  2.3430E-03   1.055E+06     396- 397     4758
Rovibration_vJ|9[26]        -Rovibration_vJ|10[25]           4.7436E-05  1.0710E+02   5.541E+04     396- 436     4759
Rovibration_vJ|9[26]        -Rovibration_vJ|10[27]           5.3439E-05  1.3590E+02   5.027E+04     396- 438     4760
Rovibration_vJ|9[27]        -Rovibration_vJ|9[28]            4.2428E-07  2.6390E-03   1.017E+06     397- 398     4761
Rovibration_vJ|9[27]        -Rovibration_vJ|10[26]           4.7424E-05  1.0640E+02   5.554E+04     397- 437     4762
Rovibration_vJ|9[27]        -Rovibration_vJ|10[28]           5.3470E-05  1.3650E+02   5.021E+04     397- 439     4763
Rovibration_vJ|9[28]        -Rovibration_vJ|9[29]            4.4374E-07  2.9620E-03   9.825E+05     398- 399     4764
Rovibration_vJ|9[28]        -Rovibration_vJ|10[27]           4.7362E-05  1.0560E+02   5.568E+04     398- 438     4765
Rovibration_vJ|9[28]        -Rovibration_vJ|10[29]           5.3507E-05  1.3710E+02   5.015E+04     398- 440     4766
Rovibration_vJ|9[29]        -Rovibration_vJ|9[30]            4.6377E-07  3.3140E-03   9.502E+05     399- 400     4767
Rovibration_vJ|9[29]        -Rovibration_vJ|10[28]           4.7295E-05  1.0480E+02   5.582E+04     399- 439     4768
Rovibration_vJ|9[29]        -Rovibration_vJ|10[30]           5.3511E-05  1.3760E+02   5.009E+04     399- 441     4769
Rovibration_vJ|9[30]        -Rovibration_vJ|9[31]            4.8416E-07  3.6950E-03   9.199E+05     400- 401     4770
Rovibration_vJ|9[30]        -Rovibration_vJ|10[29]           4.7224E-05  1.0400E+02   5.596E+04     400- 440     4771
Rovibration_vJ|9[30]        -Rovibration_vJ|10[31]           5.3559E-05  1.3820E+02   5.003E+04     400- 442     4772
Rovibration_vJ|9[31]        -Rovibration_vJ|9[32]            5.0510E-07  4.1080E-03   8.916E+05     401- 402     4773
Rovibration_vJ|9[31]        -Rovibration_vJ|10[30]           4.7149E-05  1.0320E+02   5.610E+04     401- 441     4774
Rovibration_vJ|9[31]        -Rovibration_vJ|10[32]           5.3573E-05  1.3870E+02   4.997E+04     401- 443     4775
Rovibration_vJ|9[32]        -Rovibration_vJ|9[33]            5.2672E-07  4.5560E-03   8.649E+05     402- 409     4776
Rovibration_vJ|9[32]        -Rovibration_vJ|10[31]           4.7116E-05  1.0250E+02   5.624E+04     402- 442     4777
Rovibration_vJ|9[32]        -Rovibration_vJ|10[33]           5.3592E-05  1.3920E+02   4.991E+04     402- 444     4778
Rovibration_vJ|10[0]        -Rovibration_vJ|10[1]            3.7259E-08  1.0120E-07   2.861E+07     403- 404     4779
Rovibration_vJ|10[1]        -Rovibration_vJ|10[2]            4.9716E-08  9.7220E-07   1.431E+07     404- 405     4780
Rovibration_vJ|10[2]        -Rovibration_vJ|10[3]            6.7168E-08  3.5180E-06   9.538E+06     405- 406     4781
Rovibration_vJ|10[3]        -Rovibration_vJ|10[4]            8.5392E-08  8.6570E-06   7.154E+06     406- 407     4782
Rovibration_vJ|10[4]        -Rovibration_vJ|10[5]            1.0395E-07  1.7320E-05   5.723E+06     407- 408     4783
Rovibration_vJ|10[5]        -Rovibration_vJ|10[6]            1.2266E-07  3.0430E-05   4.770E+06     408- 410     4784
Rovibration_vJ|9[33]        -Rovibration_vJ|9[34]            5.4882E-07  5.0390E-03   8.399E+05     409- 414     4785
Rovibration_vJ|9[33]        -Rovibration_vJ|10[32]           4.7034E-05  1.0170E+02   5.639E+04     409- 443     4786
Rovibration_vJ|9[33]        -Rovibration_vJ|10[34]           5.3654E-05  1.3980E+02   4.986E+04     409- 445     4787
Rovibration_vJ|10[6]        -Rovibration_vJ|10[7]            1.4156E-07  4.8950E-05   4.089E+06     410- 411     4788
Rovibration_vJ|10[7]        -Rovibration_vJ|10[8]            1.6064E-07  7.3850E-05   3.578E+06     411- 412     4789
Rovibration_vJ|10[8]        -Rovibration_vJ|10[9]            1.7987E-07  1.0610E-04   3.181E+06     412- 413     4790
Rovibration_vJ|10[9]        -Rovibration_vJ|10[10]           1.9927E-07  1.4670E-04   2.863E+06     413- 415     4791
Rovibration_vJ|9[34]        -Rovibration_vJ|9[35]            5.7163E-07  5.5610E-03   8.163E+05     414- 418     4792
Rovibration_vJ|9[34]        -Rovibration_vJ|10[33]           4.6949E-05  1.0090E+02   5.654E+04     414- 444     4793
Rovibration_vJ|9[34]        -Rovibration_vJ|10[35]           5.3682E-05  1.4030E+02   4.980E+04     414- 446     4794
Rovibration_vJ|10[10]       -Rovibration_vJ|10[11]           2.1887E-07  1.9670E-04   2.603E+06     415- 416     4795
Rovibration_vJ|10[11]       -Rovibration_vJ|10[12]           2.3874E-07  2.5720E-04   2.387E+06     416- 417     4796
Rovibration_vJ|10[12]       -Rovibration_vJ|10[13]           2.5879E-07  3.2920E-04   2.203E+06     417- 419     4797
Rovibration_vJ|9[35]        -Rovibration_vJ|9[36]            5.9504E-07  6.1230E-03   7.940E+05     418- 422     4798
Rovibration_vJ|9[35]        -Rovibration_vJ|10[34]           4.6908E-05  1.0020E+02   5.668E+04     418- 445     4799
Rovibration_vJ|9[35]        -Rovibration_vJ|10[36]           5.3714E-05  1.4080E+02   4.975E+04     418- 447     4800
Rovibration_vJ|10[13]       -Rovibration_vJ|10[14]           2.7912E-07  4.1390E-04   2.046E+06     419- 420     4801
Rovibration_vJ|10[14]       -Rovibration_vJ|10[15]           2.9970E-07  5.1240E-04   1.910E+06     420- 421     4802
Rovibration_vJ|10[15]       -Rovibration_vJ|10[16]           3.2056E-07  6.2590E-04   1.791E+06     421- 423     4803
Rovibration_vJ|9[36]        -Rovibration_vJ|9[37]            6.1904E-07  6.7270E-03   7.729E+05     422- 425     4804
Rovibration_vJ|9[36]        -Rovibration_vJ|10[35]           4.6822E-05  9.9410E+01   5.683E+04     422- 446     4805
Rovibration_vJ|9[36]        -Rovibration_vJ|10[37]           5.3750E-05  1.4130E+02   4.970E+04     422- 448     4806
Rovibration_vJ|10[16]       -Rovibration_vJ|10[17]           3.4174E-07  7.5570E-04   1.686E+06     423- 424     4807
Rovibration_vJ|10[17]       -Rovibration_vJ|10[18]           3.6323E-07  9.0300E-04   1.593E+06     424- 426     4808
Rovibration_vJ|9[37]        -Rovibration_vJ|9[38]            6.4381E-07  7.3770E-03   7.530E+05     425- 428     4809
Rovibration_vJ|9[37]        -Rovibration_vJ|10[36]           4.6748E-05  9.8650E+01   5.699E+04     425- 447     4810
Rovibration_vJ|9[37]        -Rovibration_vJ|10[38]           5.3789E-05  1.4180E+02   4.964E+04     425- 449     4811
Rovibration_vJ|10[18]       -Rovibration_vJ|10[19]           3.8500E-07  1.0690E-03   1.510E+06     426- 427     4812
Rovibration_vJ|10[19]       -Rovibration_vJ|10[20]           4.0740E-07  1.2560E-03   1.435E+06     427- 429     4813
Rovibration_vJ|9[38]        -Rovibration_vJ|9[39]            6.6924E-07  8.0740E-03   7.341E+05     428- 431     4814
Rovibration_vJ|9[38]        -Rovibration_vJ|10[37]           4.6672E-05  9.7890E+01   5.714E+04     428- 448     4815
Rovibration_vJ|9[38]        -Rovibration_vJ|10[39]           5.3795E-05  1.4220E+02   4.959E+04     428- 450     4816
Rovibration_vJ|10[20]       -Rovibration_vJ|10[21]           4.2994E-07  1.4640E-03   1.367E+06     429- 430     4817
Rovibration_vJ|10[21]       -Rovibration_vJ|10[22]           4.5284E-07  1.6950E-03   1.305E+06     430- 432     4818
Rovibration_vJ|9[39]        -Rovibration_vJ|9[40]            6.9538E-07  8.8210E-03   7.161E+05     431- 434     4819
Rovibration_vJ|9[39]        -Rovibration_vJ|10[38]           4.6598E-05  9.7140E+01   5.730E+04     431- 449     4820
Rovibration_vJ|9[39]        -Rovibration_vJ|10[40]           5.3841E-05  1.4270E+02   4.954E+04     431- 451     4821
Rovibration_vJ|10[22]       -Rovibration_vJ|10[23]           4.7626E-07  1.9510E-03   1.249E+06     432- 433     4822
Rovibration_vJ|10[23]       -Rovibration_vJ|10[24]           5.0004E-07  2.2330E-03   1.197E+06     433- 435     4823
Rovibration_vJ|9[40]        -Rovibration_vJ|10[39]           4.6523E-05  9.6390E+01   5.745E+04     434- 450     4824
Rovibration_vJ|10[24]       -Rovibration_vJ|10[25]           5.2451E-07  2.5440E-03   1.149E+06     435- 436     4825
Rovibration_vJ|10[25]       -Rovibration_vJ|10[26]           5.4930E-07  2.8840E-03   1.106E+06     436- 437     4826
Rovibration_vJ|10[26]       -Rovibration_vJ|10[27]           5.7467E-07  3.2560E-03   1.065E+06     437- 438     4827
Rovibration_vJ|10[27]       -Rovibration_vJ|10[28]           6.0050E-07  3.6610E-03   1.027E+06     438- 439     4828
Rovibration_vJ|10[28]       -Rovibration_vJ|10[29]           6.2696E-07  4.1020E-03   9.924E+05     439- 440     4829
Rovibration_vJ|10[29]       -Rovibration_vJ|10[30]           6.5406E-07  4.5810E-03   9.598E+05     440- 441     4830
Rovibration_vJ|10[30]       -Rovibration_vJ|10[31]           6.8166E-07  5.0990E-03   9.292E+05     441- 442     4831
Rovibration_vJ|10[31]       -Rovibration_vJ|10[32]           7.0990E-07  5.6590E-03   9.006E+05     442- 443     4832
Rovibration_vJ|10[32]       -Rovibration_vJ|10[33]           7.3887E-07  6.2640E-03   8.737E+05     443- 444     4833
Rovibration_vJ|10[33]       -Rovibration_vJ|10[34]           7.6853E-07  6.9160E-03   8.484E+05     444- 445     4834
Rovibration_vJ|10[34]       -Rovibration_vJ|10[35]           7.9886E-07  7.6170E-03   8.245E+05     445- 446     4835
Rovibration_vJ|10[35]       -Rovibration_vJ|10[36]           8.2992E-07  8.3700E-03   8.020E+05     446- 447     4836
Rovibration_vJ|10[36]       -Rovibration_vJ|10[37]           8.6175E-07  9.1780E-03   7.808E+05     447- 448     4837
Rovibration_vJ|10[37]       -Rovibration_vJ|10[38]           8.9403E-07  1.0040E-02   7.606E+05     448- 449     4838
Rovibration_vJ|10[38]       -Rovibration_vJ|10[39]           9.2778E-07  1.0970E-02   7.415E+05     449- 450     4839
Rovibration_vJ|10[39]       -Rovibration_vJ|10[40]           9.6202E-07  1.1960E-02   7.234E+05     450- 451     4840
